zone_id,node_id,lon,lat,bc,tier,degree,is_master,is_art_pt
Zone_DH435,9575383040,90.3722629,23.7747521,0.0176803,4,3,0,0
Zone_DH435,11416870913,90.3671615,23.7731549,0.00911134,4,3,0,0
Zone_DH435,11416870915,90.366961,23.7734323,0.01574344,4,3,0,0
Zone_DH435,4402528267,90.3681513,23.7909377,0.0,4,1,0,0
Zone_DH435,3717103631,90.3714992,23.7945993,0.0,4,1,0,0
Zone_DH435,4402528272,90.3683801,23.7909955,0.02107334,4,3,0,1
Zone_DH435,3015655442,90.3668884,23.774739,0.00318696,4,3,0,1
Zone_DH435,3015655443,90.367694,23.7752076,0.0,4,1,0,0
Zone_DH435,4402528281,90.3690883,23.7911388,0.02078799,4,3,0,0
Zone_DH435,3009478682,90.3650262,23.7754804,0.02081743,4,3,0,0
Zone_DH435,2274705443,90.3759528,23.7758067,0.00767101,4,4,0,0
Zone_DH435,2274705444,90.3797571,23.7793586,0.00071054,4,3,0,0
Zone_DH435,2274705446,90.3714662,23.7766661,0.03716044,3,3,0,0
Zone_DH435,2274705447,90.3790651,23.7818268,0.01151133,4,5,0,0
Zone_DH435,2274705448,90.3752579,23.7781927,0.00338569,4,4,0,0
Zone_DH435,382017584,90.3631545,23.7796597,0.00341569,4,3,0,0
Zone_DH435,1813536828,90.3628795,23.7729274,0.00308052,4,3,0,0
Zone_DH435,3731849282,90.3572398,23.7830151,0.00208293,4,3,0,0
Zone_DH435,3713294413,90.3634347,23.7844835,0.10659048,2,3,0,0
Zone_DH435,3713294414,90.3635482,23.7841668,0.10269921,2,3,0,0
Zone_DH435,3713294417,90.3642784,23.7840779,0.04526287,3,3,0,1
Zone_DH435,3713294418,90.3646472,23.7840017,0.04401391,3,3,0,1
Zone_DH435,3713294419,90.3649271,23.7839452,0.04337527,3,3,0,1
Zone_DH435,1554792536,90.3794755,23.7804374,0.01047071,4,4,0,0
Zone_DH435,382025821,90.3556785,23.7911053,0.0038607,4,3,0,1
Zone_DH435,382025822,90.3558184,23.7901331,0.00649848,4,3,0,0
Zone_DH435,1554792543,90.3774265,23.7862151,0.01134771,4,3,0,0
Zone_DH435,382025825,90.3558947,23.7896167,0.00875636,4,3,0,0
Zone_DH435,4402528354,90.3678681,23.7919336,0.0,4,1,0,0
Zone_DH435,1554792547,90.3767334,23.7878981,0.01155945,4,3,0,0
Zone_DH435,1554792555,90.3756364,23.790445,0.00660492,4,3,0,0
Zone_DH435,6556663916,90.3747938,23.7927947,0.01724491,4,3,0,0
Zone_DH435,1554792556,90.37415,23.7938678,0.00576416,4,4,0,0
Zone_DH435,6556663915,90.3746369,23.7927434,0.02007575,4,3,0,0
Zone_DH435,382025838,90.35778,23.7886943,0.01524294,4,3,0,0
Zone_DH435,2984706160,90.3672967,23.7731995,0.00419644,4,2,0,0
Zone_DH435,2984706161,90.3742804,23.7751265,0.00980943,4,3,0,0
Zone_DH435,5762998385,90.3636934,23.7720224,0.00076886,4,2,0,0
Zone_DH435,4505911411,90.36204,23.7794217,0.00394336,4,3,0,1
Zone_DH435,5763121271,90.362595,23.772634,0.00540747,4,3,0,0
Zone_DH435,11993227408,90.3612495,23.7786056,0.07967372,3,3,0,1
Zone_DH435,11993227410,90.3618841,23.7786692,0.0,4,1,0,0
Zone_DH435,11993227411,90.3616372,23.778981,0.00212709,4,3,0,1
Zone_DH435,11993227412,90.3618352,23.7790598,0.0,4,1,0,0
Zone_DH435,3717120152,90.3720208,23.792014,0.00145335,4,3,0,0
Zone_DH435,11993227417,90.3614729,23.7799868,0.04223019,3,3,0,1
Zone_DH435,12778217626,90.3640997,23.7792659,0.02874294,3,3,0,0
Zone_DH435,3717120156,90.3725159,23.7921904,0.00179079,4,3,0,1
Zone_DH435,11993227422,90.3612503,23.7808882,0.0,4,1,0,0
Zone_DH435,11993227423,90.3623294,23.7807405,0.0,4,1,0,0
Zone_DH435,11993227425,90.3627114,23.7805323,0.03982794,3,3,0,1
Zone_DH435,11993227427,90.3640207,23.7813899,0.00097777,4,3,0,0
Zone_DH435,11993227431,90.363314,23.7798735,0.0,4,1,0,0
Zone_DH435,11993227433,90.3633797,23.7803828,0.0,4,1,0,0
Zone_DH435,11993227435,90.3633671,23.7816084,0.00298201,4,3,0,1
Zone_DH435,11993227436,90.3633654,23.7818945,0.0,4,1,0,0
Zone_DH435,11993227437,90.3617136,23.7813096,0.00862387,4,3,0,0
Zone_DH435,11993227438,90.3638962,23.7823122,0.01074813,4,3,0,1
Zone_DH435,11993227439,90.363845,23.7819855,0.0,4,1,0,0
Zone_DH435,11684626618,90.3652545,23.7731344,0.0,4,2,0,0
Zone_DH435,11684626619,90.3652084,23.7731184,0.00211351,4,3,0,0
Zone_DH435,5762752707,90.3650201,23.7735962,0.00297295,4,3,0,0
Zone_DH435,5769576650,90.3656078,23.7721842,0.00346042,4,3,0,1
Zone_DH435,5769576651,90.3662247,23.7723853,0.0,4,1,0,0
Zone_DH435,3731914980,90.3545268,23.7844474,0.0,4,1,0,0
Zone_DH435,3731914981,90.3568556,23.7845446,0.0,4,1,0,0
Zone_DH435,4597282875,90.3651535,23.7845523,0.0,4,1,0,0
Zone_DH435,3735404789,90.3644884,23.7934377,0.02853657,3,3,0,1
Zone_DH435,4611334417,90.3670519,23.7888343,0.10768913,2,3,0,0
Zone_DH435,4611334419,90.3677533,23.7878486,0.03717007,3,3,0,1
Zone_DH435,7281598740,90.3569108,23.7840789,0.0,4,1,0,0
Zone_DH435,4611334421,90.3672121,23.7877697,0.0,4,1,0,0
Zone_DH435,4507533592,90.3678601,23.789116,0.06835121,3,3,0,0
Zone_DH435,4611334427,90.3687668,23.7879494,0.01887661,4,3,0,1
Zone_DH435,4611334428,90.3693867,23.7879025,0.0,4,1,0,0
Zone_DH435,10658062620,90.3663376,23.7897001,0.10649451,2,3,0,0
Zone_DH435,10658062622,90.3666941,23.7882909,0.09322665,2,3,0,0
Zone_DH435,10658062621,90.3664168,23.7897103,0.04503924,3,3,0,0
Zone_DH435,10658062623,90.3667785,23.7883189,0.01370693,4,3,0,0
Zone_DH435,4611334433,90.3686578,23.7874858,0.02120356,4,3,0,0
Zone_DH435,7281598757,90.3564047,23.7838318,0.01136696,4,3,0,0
Zone_DH435,3735036198,90.3622662,23.7842511,0.00106383,4,3,0,1
Zone_DH435,7281598758,90.3563607,23.783844,0.01032804,4,3,0,1
Zone_DH435,7281598759,90.356567,23.7838386,0.01441124,4,3,0,0
Zone_DH435,7281598765,90.3569873,23.7832825,0.00153318,4,3,0,0
Zone_DH435,7281598766,90.3570665,23.7832324,0.0025002,4,3,0,0
Zone_DH435,6349144366,90.3649867,23.7809029,0.00988699,4,3,0,0
Zone_DH435,6349144368,90.3657802,23.7790653,0.08475309,2,3,0,1
Zone_DH435,7281598768,90.3570117,23.7833204,0.00010757,4,3,0,0
Zone_DH435,11672273202,90.3646427,23.7857714,0.0,4,1,0,0
Zone_DH435,10092462386,90.363298,23.7907665,0.00212709,4,3,0,1
Zone_DH435,9993314612,90.369998,23.7808118,0.04497299,3,3,0,0
Zone_DH435,3720741173,90.3669267,23.7911924,0.0,4,1,0,0
Zone_DH435,7281598772,90.3568519,23.7833488,0.0015094,4,3,0,0
Zone_DH435,9993314615,90.3705102,23.7824374,0.02343426,3,3,0,1
Zone_DH435,6349144372,90.3644889,23.7790207,0.0,4,1,0,0
Zone_DH435,7281598770,90.3569236,23.7833684,0.00012456,4,3,0,0
Zone_DH435,7281598769,90.3569412,23.7834032,0.00118782,4,3,0,0
Zone_DH435,7281598777,90.3570174,23.7834347,0.00106383,4,3,0,1
Zone_DH435,7281598773,90.3571573,23.7833788,0.0,4,1,0,0
Zone_DH435,3734765885,90.3591598,23.7916762,0.02410234,3,3,0,1
Zone_DH435,4611334462,90.3692229,23.788127,0.0,4,1,0,0
Zone_DH435,3713302847,90.369373,23.7807155,0.06602142,3,3,0,0
Zone_DH435,7281598781,90.3570208,23.7835924,0.0,4,1,0,0
Zone_DH435,7281598782,90.3569891,23.7835171,0.00212709,4,3,0,1
Zone_DH435,7281598786,90.3569388,23.7835349,0.00630994,4,3,0,1
Zone_DH435,4611334467,90.3690218,23.7890989,0.06973718,3,3,0,1
Zone_DH435,7281598783,90.357114,23.7835083,0.0,4,1,0,0
Zone_DH435,7281598787,90.3570262,23.7838808,0.0,4,1,0,0
Zone_DH435,9742598470,90.3637979,23.7888085,0.09310181,2,3,0,1
Zone_DH435,7281598790,90.3567905,23.7839364,0.03396555,3,3,0,1
Zone_DH435,7281598791,90.3567167,23.784107,0.0,4,1,0,0
Zone_DH435,9742598473,90.3643447,23.788873,0.09378574,2,3,0,1
Zone_DH435,7281598792,90.356814,23.7840986,0.03881252,3,3,0,1
Zone_DH435,7281598794,90.3568186,23.7841328,0.04077259,3,3,0,1
Zone_DH435,7281598793,90.3567217,23.7841428,0.0,4,1,0,0
Zone_DH435,9742598477,90.3658273,23.7899273,0.03675393,3,3,0,1
Zone_DH435,7281598797,90.356593,23.7842336,0.02445563,3,3,0,0
Zone_DH435,7281598798,90.3564147,23.7840185,0.00109554,4,3,0,1
Zone_DH435,9742598472,90.3639084,23.7883616,0.0,4,1,0,0
Zone_DH435,7281598801,90.3564131,23.784226,0.00612594,4,3,0,0
Zone_DH435,7281598802,90.3563563,23.784025,0.0,4,1,0,0
Zone_DH435,9742598474,90.3643344,23.789468,0.0,4,1,0,0
Zone_DH435,9742598476,90.3663184,23.789861,0.12052756,1,3,0,0
Zone_DH435,7281598805,90.3565906,23.7839907,0.01550225,4,3,0,0
Zone_DH435,5769519446,90.3654203,23.7725135,0.00568659,4,3,0,0
Zone_DH435,5769519447,90.3655158,23.7725389,0.00808375,4,3,0,0
Zone_DH435,7281598806,90.3565926,23.7839983,0.01651852,4,3,0,0
Zone_DH435,9742598489,90.3657646,23.7912754,0.05357252,3,3,0,0
Zone_DH435,7281598810,90.3563871,23.7839157,0.0,4,1,0,0
Zone_DH435,7281598809,90.3567947,23.7839635,0.03500787,3,3,0,0
Zone_DH435,9742598493,90.3614093,23.7891805,0.05238357,3,3,0,0
Zone_DH435,7281598813,90.3563344,23.7836648,0.00833116,4,3,0,0
Zone_DH435,7281598822,90.3558972,23.7836504,0.00205745,4,3,0,0
Zone_DH435,7281598823,90.3559405,23.783722,0.00309864,4,3,0,0
Zone_DH435,7281598826,90.3561798,23.7836053,0.00622049,4,3,0,0
Zone_DH435,7281598827,90.3559989,23.7835598,0.0,4,1,0,0
Zone_DH435,7281598828,90.3561802,23.7835505,0.00524158,4,3,0,1
Zone_DH435,7281598829,90.3563998,23.7834822,0.0,4,1,0,0
Zone_DH435,386040174,90.3730565,23.7851999,0.08073047,3,4,0,1
Zone_DH435,7281598832,90.3561755,23.7834703,0.00122519,4,3,0,1
Zone_DH435,7281598834,90.3565515,23.783504,0.00235639,4,3,0,0
Zone_DH435,3808575859,90.3618888,23.7800264,0.04210847,3,3,0,0
Zone_DH435,7281598835,90.3565453,23.7834029,0.0014811,4,3,0,0
Zone_DH435,7281598837,90.3568023,23.7840119,0.03685245,3,3,0,1
Zone_DH435,7281598838,90.3567216,23.7832391,3.793e-05,4,3,0,0
Zone_DH435,386040183,90.3744165,23.784014,0.02926523,3,3,0,0
Zone_DH435,3808575865,90.3633196,23.7807315,0.0,4,1,0,0
Zone_DH435,3808575866,90.3628843,23.780818,0.04079269,3,3,0,1
Zone_DH435,7281598842,90.356863,23.7833428,0.00044897,4,3,0,0
Zone_DH435,4948296060,90.3571968,23.7829353,0.00103779,4,3,0,0
Zone_DH435,3808575871,90.3629251,23.7811234,0.04325949,3,4,0,0
Zone_DH435,386040192,90.3729882,23.7839942,0.00293049,4,3,0,1
Zone_DH435,382026114,90.3598435,23.7893533,0.09737411,2,3,0,0
Zone_DH435,7281598850,90.3569336,23.783105,2.887e-05,4,3,0,0
Zone_DH435,382026118,90.3595693,23.7901641,0.08240859,3,3,0,0
Zone_DH435,386040198,90.3725496,23.7844656,0.05943972,3,3,0,0
Zone_DH435,382026120,90.3592235,23.7908002,0.07608166,3,3,0,1
Zone_DH435,382026122,90.3590654,23.7913603,0.07152231,3,3,0,0
Zone_DH435,6441460106,90.375056,23.7931434,0.0,4,1,0,0
Zone_DH435,7281598860,90.3565809,23.7832635,0.00214861,4,3,0,1
Zone_DH435,7281598858,90.3564508,23.7832675,0.0,4,1,0,0
Zone_DH435,7281598863,90.3565923,23.7833328,0.00319998,4,3,0,0
Zone_DH435,7281598864,90.3566002,23.7833997,0.00458596,4,3,0,0
Zone_DH435,7281598865,90.3563181,23.7835243,0.0,4,1,0,0
Zone_DH435,7281598866,90.3561788,23.7835314,0.00323395,4,3,0,1
Zone_DH435,7281598871,90.3567456,23.7836629,0.02171651,3,3,0,0
Zone_DH435,7281598872,90.3568608,23.7836503,0.00821623,4,3,0,0
Zone_DH435,7281598873,90.3567549,23.7837229,0.03193131,3,3,0,0
Zone_DH435,7281598879,90.3569502,23.78355,0.00724016,4,3,0,0
Zone_DH435,7281598880,90.3569068,23.783477,0.0021956,4,3,0,0
Zone_DH435,7281598881,90.3568847,23.7834271,0.00229128,4,3,0,0
Zone_DH435,7281598884,90.3568609,23.7834331,0.0032583,4,3,0,0
Zone_DH435,386040231,90.3696529,23.7866723,0.10739642,2,3,0,0
Zone_DH435,7281598888,90.3567387,23.7833876,0.0036716,4,3,0,0
Zone_DH435,7281598889,90.3567745,23.7835283,0.00523536,4,3,0,0
Zone_DH435,386040234,90.3689282,23.7866317,0.08195962,3,3,0,0
Zone_DH435,7281598887,90.3567586,23.7834465,0.00429269,4,3,0,0
Zone_DH435,4595581357,90.3597518,23.7917957,0.02208508,3,3,0,0
Zone_DH435,7281598893,90.3565566,23.7837019,0.00115838,4,3,0,0
Zone_DH435,386040239,90.3687934,23.7875091,0.00377238,4,3,0,1
Zone_DH435,4595581359,90.3592895,23.7925158,0.00143977,4,3,0,1
Zone_DH435,4595581360,90.3590753,23.7923236,0.0,4,1,0,0
Zone_DH435,7281598896,90.3561726,23.7833967,0.00027063,4,3,0,0
Zone_DH435,7281598894,90.3565512,23.7836635,0.00025704,4,3,0,0
Zone_DH435,7281598900,90.3574726,23.7829323,4.869e-05,4,3,0,0
Zone_DH435,386040245,90.3679293,23.7873309,0.06316964,3,3,0,0
Zone_DH435,7281598895,90.3561826,23.7836709,0.00729055,4,3,0,0
Zone_DH435,7281598897,90.3574788,23.782968,0.00110176,4,3,0,0
Zone_DH435,382026173,90.361218,23.7912762,0.01285032,4,3,0,0
Zone_DH435,7281598909,90.3575774,23.7829113,0.0,4,3,0,0
Zone_DH435,382026175,90.3616688,23.7910973,0.01440332,4,3,0,1
Zone_DH435,7281598912,90.3575026,23.7830449,0.0030607,4,3,0,0
Zone_DH435,7281598914,90.3572992,23.7831484,0.0124138,4,3,0,0
Zone_DH435,7281598915,90.3568041,23.7842422,0.06717358,3,3,0,0
Zone_DH435,7281598917,90.356715,23.7833892,0.00980094,4,3,0,0
Zone_DH435,3713311194,90.3657224,23.783965,0.04034061,3,3,0,1
Zone_DH435,4948296179,90.3568263,23.7833604,0.00254266,4,3,0,0
Zone_DH435,348365344,90.358645,23.7923908,0.02340652,3,3,0,1
Zone_DH435,386040360,90.3646966,23.7868572,0.07726864,3,3,0,0
Zone_DH435,386040361,90.3649795,23.7869888,0.06890237,3,3,0,0
Zone_DH435,386040365,90.3647491,23.7879166,0.05883307,3,3,0,1
Zone_DH435,6784328246,90.3711976,23.7771435,0.02652497,3,4,0,0
Zone_DH435,4512285243,90.3616566,23.7823922,0.02140115,4,4,0,1
Zone_DH435,2894094920,90.3764986,23.7888525,0.00188307,4,3,0,0
Zone_DH435,382018136,90.3625679,23.7795744,0.00377747,4,3,0,0
Zone_DH435,382018139,90.3631776,23.7782923,0.02864556,3,3,0,0
Zone_DH435,10658046557,90.3677491,23.7734845,0.03555139,3,3,0,0
Zone_DH435,10658046559,90.3757868,23.7758507,0.00410415,4,3,0,0
Zone_DH435,10658046560,90.3759295,23.7758868,0.00110629,4,3,0,0
Zone_DH435,9288204905,90.3600828,23.7942834,0.0,4,1,0,0
Zone_DH435,10658046570,90.3744411,23.7743088,0.00168039,4,3,0,0
Zone_DH435,10658046571,90.3745117,23.774326,0.00362008,4,3,0,0
Zone_DH435,10658046576,90.3764206,23.778494,0.00772027,4,3,0,0
Zone_DH435,10658046577,90.3764662,23.7783633,0.00623125,4,3,0,0
Zone_DH435,11409244797,90.367764,23.7897917,0.00953823,4,3,0,1
Zone_DH435,11409244800,90.3669792,23.7896131,0.0,4,1,0,0
Zone_DH435,11409244802,90.3672773,23.7903558,0.0,4,1,0,0
Zone_DH435,10727604875,90.3636192,23.7783516,0.06174742,3,3,0,1
Zone_DH435,11409244813,90.3697381,23.7921242,0.0,4,1,0,0
Zone_DH435,10727604878,90.3641248,23.7772636,0.0,4,1,0,0
Zone_DH435,11409244818,90.3662371,23.7937366,0.0,4,1,0,0
Zone_DH435,11409244820,90.3651615,23.790016,0.0,4,1,0,0
Zone_DH435,11409244821,90.3637306,23.7895693,0.0,4,1,0,0
Zone_DH435,11409244822,90.3641274,23.7904811,0.03075651,3,3,0,0
Zone_DH435,11409244824,90.3639372,23.7909265,0.00656698,4,3,0,1
Zone_DH435,11409244825,90.3639435,23.7914235,0.01132053,4,3,0,1
Zone_DH435,11409244828,90.3636023,23.7919403,0.0,4,1,0,0
Zone_DH435,11409244829,90.3630842,23.7917554,0.00690329,4,3,0,1
Zone_DH435,11409244830,90.3635937,23.7918402,0.0,4,1,0,0
Zone_DH435,11409244831,90.362671,23.7914769,0.0,4,1,0,0
Zone_DH435,11409244832,90.3630752,23.7915408,0.0082168,4,3,0,1
Zone_DH435,11409244833,90.3630423,23.7920826,0.00453218,4,3,0,1
Zone_DH435,11409244834,90.3633174,23.7921371,0.0,4,1,0,0
Zone_DH435,11409244839,90.3618261,23.7913744,0.0,4,1,0,0
Zone_DH435,11409244840,90.3635923,23.7908965,0.0,4,1,0,0
Zone_DH435,11409244841,90.363597,23.7911781,0.0,4,1,0,0
Zone_DH435,11409244842,90.3639348,23.7911835,0.01320474,4,3,0,1
Zone_DH435,11409244843,90.3639264,23.7911027,0.0144203,4,3,0,0
Zone_DH435,6559294124,90.3668176,23.7905271,0.0,4,1,0,0
Zone_DH435,6559294126,90.3667506,23.7909902,0.05728941,3,3,0,1
Zone_DH435,11409244847,90.3646419,23.7909264,0.03465968,3,3,0,0
Zone_DH435,11205354160,90.3550339,23.7884213,0.0,4,1,0,0
Zone_DH435,10635510452,90.3688842,23.7765824,0.00970355,4,4,0,0
Zone_DH435,11337769657,90.3741949,23.7845823,0.03409747,3,3,0,1
Zone_DH435,11409294036,90.361117,23.7875709,0.05741171,3,3,0,0
Zone_DH435,5344289492,90.3656368,23.7810956,0.0,4,1,0,0
Zone_DH435,7048569575,90.3657329,23.7734788,0.00203311,4,3,0,0
Zone_DH435,5770207981,90.3647506,23.7723291,0.00714844,4,3,0,0
Zone_DH435,3713336051,90.3647107,23.7805701,0.03524028,3,3,0,0
Zone_DH435,3713336052,90.3647649,23.7807347,0.03557602,3,3,0,0
Zone_DH435,3713336057,90.3638653,23.7810027,0.00048974,4,3,0,0
Zone_DH435,3732390656,90.3592038,23.7803585,0.02676843,3,3,0,0
Zone_DH435,3732390659,90.360519,23.7804052,0.05993682,3,3,0,0
Zone_DH435,6556943110,90.3764508,23.7889479,0.01384168,4,3,0,0
Zone_DH435,6556943111,90.3763104,23.7888973,0.02353844,3,3,0,0
Zone_DH435,4395606833,90.3575467,23.7771695,0.0,4,1,0,0
Zone_DH435,154346306,90.3779336,23.7763632,0.00259248,4,3,0,0
Zone_DH435,123044675,90.3612755,23.7779991,0.10449905,2,3,0,0
Zone_DH435,12015518532,90.3577245,23.7931758,0.0,4,1,0,0
Zone_DH435,11610792775,90.371476,23.789745,0.0699042,3,3,0,1
Zone_DH435,11610792778,90.3713566,23.7901761,0.0,4,1,0,0
Zone_DH435,11610792779,90.3718768,23.7900183,0.0584025,3,3,0,1
Zone_DH435,4611400545,90.3702094,23.7885523,0.0,4,1,0,0
Zone_DH435,4611400546,90.3697505,23.788515,0.03100166,3,3,0,1
Zone_DH435,4611400547,90.3694377,23.788558,0.0,4,1,0,0
Zone_DH435,2320081764,90.3779958,23.7761843,0.00117763,4,4,0,0
Zone_DH435,4611400553,90.3697638,23.788067,0.03133797,3,3,0,1
Zone_DH435,4611400554,90.3701987,23.7877878,0.0,4,1,0,0
Zone_DH435,4595598216,90.3632921,23.7900866,0.0,4,1,0,0
Zone_DH435,4595598217,90.3646719,23.7907109,0.04254357,3,3,0,0
Zone_DH435,4595598220,90.3636537,23.7903122,0.03000861,3,3,0,1
Zone_DH435,4595598223,90.3636267,23.7904257,0.03065517,3,3,0,1
Zone_DH435,4595598231,90.3620946,23.7906789,0.02345408,3,3,0,1
Zone_DH435,4595598233,90.3626644,23.7903143,0.0,4,1,0,0
Zone_DH435,4595598239,90.3622795,23.79068,0.00425022,4,3,0,1
Zone_DH435,4595598242,90.3624555,23.7913212,0.0,4,1,0,0
Zone_DH435,4599120812,90.3758845,23.7850104,0.01126958,4,3,0,0
Zone_DH435,3717096364,90.3693453,23.7934829,0.02112826,4,3,0,1
Zone_DH435,4595598253,90.3600838,23.7889218,0.0,4,1,0,0
Zone_DH435,4595598256,90.3600445,23.7893553,0.04967389,3,3,0,1
Zone_DH435,4595598265,90.3607318,23.7890673,0.0,4,1,0,0
Zone_DH435,4595598266,90.3603992,23.7890514,0.00425022,4,3,0,1
Zone_DH435,4595598267,90.36042,23.7887054,0.0,4,1,0,0
Zone_DH435,4595598273,90.3603722,23.7893605,0.05283197,3,3,0,1
Zone_DH435,6782616517,90.3623195,23.7785116,0.0,4,1,0,0
Zone_DH435,6782616519,90.3617321,23.7777049,0.10277196,2,3,0,1
Zone_DH435,3713295325,90.3660308,23.7840265,0.0,4,1,0,0
Zone_DH435,3713295330,90.3671851,23.7822768,0.01240474,4,3,0,1
Zone_DH435,3713295333,90.3671853,23.7826573,0.07872369,3,3,0,0
Zone_DH435,4611400722,90.3681903,23.786657,0.08423901,2,3,0,0
Zone_DH435,9742582806,90.36678,23.7891094,0.0,4,1,0,0
Zone_DH435,9742582807,90.3672923,23.7856592,0.01395038,4,3,0,0
Zone_DH435,9742582808,90.3672211,23.7856432,0.10596939,2,3,0,0
Zone_DH435,4611400733,90.3709037,23.7852261,0.00913682,4,3,0,0
Zone_DH435,4611400734,90.3702889,23.7853806,0.0,4,1,0,0
Zone_DH435,4611400735,90.3705233,23.785326,0.00815169,4,3,0,1
Zone_DH435,154346528,90.3757745,23.7904839,0.01107425,4,3,0,0
Zone_DH435,4611400736,90.3704492,23.7849795,0.00784313,4,3,0,0
Zone_DH435,4611400738,90.3695885,23.7848471,0.01422327,4,3,0,0
Zone_DH435,4611400743,90.3694605,23.7855371,0.02793077,3,3,0,0
Zone_DH435,386040872,90.360938,23.7894281,0.05476147,3,3,0,1
Zone_DH435,3720725544,90.3640444,23.794683,0.0,4,1,0,0
Zone_DH435,4611400746,90.369577,23.7849156,0.03877628,3,3,0,0
Zone_DH435,386040877,90.3620839,23.788994,0.08075595,3,3,0,1
Zone_DH435,3720717360,90.3630586,23.7932453,0.0,4,1,0,0
Zone_DH435,8950416433,90.3615211,23.778963,0.0,4,1,0,0
Zone_DH435,3720717362,90.3631558,23.7936933,0.00212709,4,3,0,1
Zone_DH435,386040882,90.3633229,23.7888567,0.09296366,2,3,0,1
Zone_DH435,386040883,90.363503,23.7888329,0.09301575,2,3,0,1
Zone_DH435,8950416436,90.3589748,23.7817736,0.0,4,1,0,0
Zone_DH435,8950416439,90.3597326,23.781673,0.0,4,1,0,0
Zone_DH435,4599137336,90.3750905,23.7855061,0.0,4,1,0,0
Zone_DH435,8950416440,90.3597432,23.7814493,0.00424116,4,3,0,1
Zone_DH435,4599137338,90.3752944,23.7846953,0.0078386,4,3,0,1
Zone_DH435,386040891,90.3653613,23.7889904,0.08057817,3,3,0,1
Zone_DH435,386040893,90.3656512,23.7885196,0.13167399,1,3,0,0
Zone_DH435,386040896,90.366085,23.788545,0.12334622,1,3,0,1
Zone_DH435,386040897,90.3658395,23.78945,0.0,4,1,0,0
Zone_DH435,4611400770,90.3694066,23.7833763,0.00215087,4,3,0,0
Zone_DH435,5895627845,90.3630194,23.7726028,0.0,4,2,0,0
Zone_DH435,4611400775,90.3690239,23.7845984,0.03967536,3,3,0,0
Zone_DH435,386049099,90.3689981,23.7926854,0.01191897,4,3,0,1
Zone_DH435,386049100,90.3684185,23.7925671,0.01162683,4,3,0,1
Zone_DH435,386049103,90.368371,23.7927519,0.01268896,4,3,0,1
Zone_DH435,5895627858,90.3627421,23.772302,0.00106383,4,2,0,1
Zone_DH435,4493714516,90.3579722,23.7927815,0.0,4,1,0,0
Zone_DH435,386049109,90.3672807,23.792787,0.01699297,4,3,0,0
Zone_DH435,4493714517,90.3583482,23.7929093,0.00743775,4,4,0,1
Zone_DH435,11174470743,90.3744396,23.7919831,0.01401266,4,3,0,1
Zone_DH435,386049111,90.3670248,23.792723,0.0219107,3,3,0,0
Zone_DH435,4611400788,90.3680139,23.7854579,0.0260443,3,3,0,0
Zone_DH435,13408461912,90.3708077,23.7901955,0.0,4,1,0,0
Zone_DH435,11174470744,90.3743619,23.7922666,0.0,4,1,0,0
Zone_DH435,386049116,90.3666621,23.7932706,0.00799543,4,3,0,1
Zone_DH435,13408461917,90.3701,23.7898468,0.0,4,1,0,0
Zone_DH435,4603421792,90.3702478,23.7902543,0.0,4,1,0,0
Zone_DH435,4603421795,90.3699267,23.790351,0.00106383,4,3,0,1
Zone_DH435,4603421796,90.369599,23.7912048,0.00319375,4,3,0,0
Zone_DH435,9832268904,90.3771042,23.7738397,5.7e-07,4,2,0,0
Zone_DH435,386049128,90.3654286,23.7941269,0.00834645,4,3,0,1
Zone_DH435,386049137,90.3646894,23.795344,0.0,4,1,0,0
Zone_DH435,4611400823,90.3667035,23.7875129,0.0,4,1,0,0
Zone_DH435,4611400825,90.3667028,23.7871129,0.01199993,4,3,0,1
Zone_DH435,3713279099,90.3630644,23.7847921,0.05528688,3,3,0,0
Zone_DH435,9938871425,90.3626392,23.7730573,0.0,4,1,0,0
Zone_DH435,9938871426,90.3628903,23.7732882,0.00583719,4,3,0,1
Zone_DH435,4611318915,90.3687098,23.7857706,0.0,4,1,0,0
Zone_DH435,3713279108,90.3643675,23.7846964,0.03322954,3,3,0,1
Zone_DH435,9938871427,90.3632031,23.773376,0.0,4,1,0,0
Zone_DH435,3713279111,90.3648517,23.7847481,0.03311404,3,3,0,1
Zone_DH435,3416433801,90.3751402,23.7915489,0.00514307,4,3,0,0
Zone_DH435,3416433802,90.374849,23.7914909,0.00743945,4,3,0,0
Zone_DH435,4611318922,90.3699941,23.7858187,0.02768732,3,3,0,0
Zone_DH435,4611318926,90.3696836,23.7862145,0.02907952,3,4,0,1
Zone_DH435,3713279120,90.3663372,23.7853504,0.03367341,3,3,0,1
Zone_DH435,4603421847,90.3716243,23.7869135,0.0,4,1,0,0
Zone_DH435,4603421848,90.3723244,23.7884633,0.01083136,4,3,0,0
Zone_DH435,348357787,90.3590635,23.7929305,0.01607634,4,3,0,0
Zone_DH435,4603421853,90.3731046,23.7891687,0.00498624,4,3,0,0
Zone_DH435,4603421854,90.3734296,23.7884443,0.01615504,4,4,0,0
Zone_DH435,348357791,90.3598505,23.7932504,0.00684384,4,3,0,0
Zone_DH435,4611318943,90.3685093,23.7847452,0.0,4,1,0,0
Zone_DH435,2320057505,90.3568562,23.7789696,0.01126901,4,2,0,0
Zone_DH435,4611318944,90.3681458,23.7847368,0.01599991,4,3,0,1
Zone_DH435,4603421859,90.3732579,23.7887217,0.00405773,4,3,0,0
Zone_DH435,4611318945,90.3690487,23.7831029,0.02948377,3,3,0,0
Zone_DH435,4611318949,90.3687736,23.7845051,0.04037628,3,3,0,0
Zone_DH435,4611318952,90.3686237,23.7851684,0.01760217,4,3,0,0
Zone_DH435,4603421866,90.3751688,23.7889349,0.00117876,4,3,0,1
Zone_DH435,4603421869,90.3746554,23.7888751,0.01469206,4,3,0,0
Zone_DH435,4611318972,90.3680889,23.7851426,0.02920974,3,3,0,0
Zone_DH435,4603421886,90.37515,23.7890598,0.0,4,1,0,0
Zone_DH435,4603421887,90.3752732,23.7885772,0.01099102,4,3,0,0
Zone_DH435,4603421890,90.3745464,23.7883787,0.02512994,3,3,0,0
Zone_DH435,4611318979,90.3682778,23.7856974,0.01158267,4,3,0,1
Zone_DH435,2320057546,90.3566946,23.7777619,0.0084829,4,3,0,1
Zone_DH435,2320057548,90.3658082,23.7746393,0.01779806,4,4,0,1
Zone_DH435,2320057555,90.3564294,23.7790792,0.02100031,4,3,0,0
Zone_DH435,6784312546,90.37237,23.7860238,0.0,4,1,0,0
Zone_DH435,6784312547,90.3714626,23.7860469,0.0,4,1,0,0
Zone_DH435,6784312548,90.3719082,23.7860701,0.00531179,4,4,0,1
Zone_DH435,6784312549,90.3718526,23.7854258,0.06378676,3,3,0,1
Zone_DH435,3556812006,90.3658033,23.7745334,0.0,4,1,0,0
Zone_DH435,3556812007,90.3657443,23.7745819,0.00212709,4,3,0,1
Zone_DH435,3556812008,90.3657044,23.7746178,0.0,4,1,0,0
Zone_DH435,3556812009,90.3660279,23.774741,0.0,4,1,0,0
Zone_DH435,3556812010,90.3659712,23.7747826,0.00212709,4,3,0,1
Zone_DH435,3556812011,90.3659201,23.774831,0.0,4,1,0,0
Zone_DH435,6784312556,90.371366,23.785453,0.06354557,3,3,0,1
Zone_DH435,6784312553,90.3722369,23.7860462,0.00212709,4,3,0,1
Zone_DH435,6784312551,90.3719008,23.7862896,0.0,4,1,0,0
Zone_DH435,6784312555,90.3724906,23.7862629,0.0,4,1,0,0
Zone_DH435,4603421962,90.3742294,23.7891277,0.0,4,1,0,0
Zone_DH435,8974099735,90.3566238,23.7790295,0.04528269,3,4,0,0
Zone_DH435,3718079771,90.3649871,23.7945625,0.00636826,4,3,0,0
Zone_DH435,379938095,90.3655785,23.7782299,0.02194467,3,3,0,0
Zone_DH435,1158350137,90.3577718,23.788922,0.00939443,4,3,0,0
Zone_DH435,5763065147,90.3647373,23.7719685,1.132e-05,4,2,0,0
Zone_DH435,11992278410,90.3671629,23.7862835,0.04666697,3,3,0,0
Zone_DH435,3734996376,90.3570001,23.7743145,0.00743775,4,3,0,1
Zone_DH435,9992684952,90.3672853,23.7743132,0.0,4,1,0,0
Zone_DH435,9992684955,90.3660754,23.7766053,0.01671781,4,3,0,1
Zone_DH435,9992684957,90.3658651,23.7775617,0.01908213,4,4,0,1
Zone_DH435,9992684961,90.3647007,23.7777791,0.00121443,4,3,0,0
Zone_DH435,9992684964,90.3656675,23.7808104,0.00941424,4,3,0,1
Zone_DH435,9992684969,90.3658097,23.7794553,0.08631232,2,4,0,0
Zone_DH435,9992684973,90.3668332,23.779661,0.08100223,3,3,0,0
Zone_DH435,9992684981,90.3677163,23.7826497,0.06782325,3,4,0,1
Zone_DH435,3732407804,90.359549,23.7752727,0.01155153,4,3,0,1
Zone_DH435,5767218687,90.3650403,23.7742066,0.00409396,4,3,0,0
Zone_DH435,3732407807,90.3603157,23.775221,0.0,4,1,0,0
Zone_DH435,3732407816,90.3570339,23.7762755,0.0,4,1,0,0
Zone_DH435,6349112841,90.3664484,23.7888071,0.17812723,1,3,0,0
Zone_DH435,6349112846,90.3670165,23.7871188,0.11990109,1,4,0,0
Zone_DH435,6784771601,90.3560257,23.7806323,0.0,4,1,0,0
Zone_DH435,6784771604,90.3556742,23.7795795,0.00106383,4,2,0,1
Zone_DH435,6349112852,90.3672727,23.7854842,0.11656749,2,4,0,0
Zone_DH435,6349112855,90.3676534,23.784477,0.08538579,2,3,0,0
Zone_DH435,3720709681,90.3630745,23.7918848,0.00571094,4,3,0,1
Zone_DH435,4595779122,90.3649512,23.7823032,0.01456071,4,3,0,0
Zone_DH435,4976682549,90.3604152,23.772319,0.0,4,1,0,0
Zone_DH435,4595779126,90.364937,23.7832959,0.0057936,4,3,0,0
Zone_DH435,11411588669,90.3711019,23.7772006,0.00040538,4,3,0,0
Zone_DH435,11411588682,90.3656791,23.7806854,0.00895451,4,3,0,0
Zone_DH435,386049613,90.368107,23.793914,0.00191478,4,3,0,1
Zone_DH435,11411588690,90.3657488,23.7779261,0.02004971,4,4,0,0
Zone_DH435,11411588691,90.3662758,23.7774634,0.0,4,1,0,0
Zone_DH435,11411588696,90.3655758,23.7771173,0.0,4,1,0,0
Zone_DH435,11411613275,90.3697217,23.7796488,0.02178332,3,3,0,0
Zone_DH435,11411588700,90.3662262,23.7784354,0.00106383,4,3,0,1
Zone_DH435,11411588701,90.3657022,23.7784951,0.02467643,3,3,0,0
Zone_DH435,11411613277,90.3681765,23.7799509,0.05732735,3,3,0,0
Zone_DH435,11411613276,90.369296,23.779546,0.0,4,1,0,0
Zone_DH435,3556787808,90.3594402,23.7786097,0.006657,4,3,0,0
Zone_DH435,11411588705,90.3665803,23.7787262,0.0,4,1,0,0
Zone_DH435,11411613282,90.3689004,23.7798786,0.00337266,4,3,0,1
Zone_DH435,11411613286,90.3693548,23.7795602,0.00226411,4,3,0,1
Zone_DH435,11411613287,90.369001,23.7795804,0.0,4,1,0,0
Zone_DH435,3556787816,90.3571397,23.7790835,0.05067657,3,3,0,1
Zone_DH435,11411613288,90.369949,23.7808044,0.04611495,3,3,0,1
Zone_DH435,6350939752,90.3634684,23.7725298,0.0,4,1,0,0
Zone_DH435,11411613289,90.3699987,23.780497,0.00212709,4,3,0,1
Zone_DH435,11411613292,90.3698404,23.7801902,0.0,4,1,0,0
Zone_DH435,11411613293,90.3697546,23.7804504,0.0,4,1,0,0
Zone_DH435,379856494,90.3652595,23.7739561,0.0065081,4,3,0,0
Zone_DH435,11411613295,90.3712448,23.7825106,0.0,4,1,0,0
Zone_DH435,4485613173,90.3640873,23.7939269,0.02683127,3,3,0,1
Zone_DH435,11411613305,90.3693079,23.7822698,0.02760296,3,3,0,1
Zone_DH435,4590569082,90.3564078,23.7764101,0.0,4,1,0,0
Zone_DH435,11411613308,90.3689491,23.7815175,0.0,4,1,0,0
Zone_DH435,11411613309,90.3676732,23.7844323,0.08497475,2,3,0,0
Zone_DH435,11411613310,90.367745,23.7844359,0.04552274,3,3,0,0
Zone_DH435,4595779199,90.3613133,23.7820098,0.0,4,1,0,0
Zone_DH435,4485613184,90.3626801,23.7948458,0.00212709,4,3,0,1
Zone_DH435,11411613311,90.3681618,23.7844582,0.01610805,4,3,0,0
Zone_DH435,9909520016,90.3564862,23.7790623,0.02202337,3,3,0,0
Zone_DH435,4506601131,90.3613189,23.7896994,0.0,4,1,0,0
Zone_DH435,382019244,90.3608459,23.7828134,0.00427457,4,3,0,1
Zone_DH435,4506601132,90.3613122,23.789528,0.0,4,1,0,0
Zone_DH435,4506601135,90.3609115,23.7895473,0.00425022,4,3,0,1
Zone_DH435,382019248,90.3596342,23.782718,0.09215518,2,3,0,0
Zone_DH435,382019250,90.35983,23.7821563,0.08870212,2,3,0,0
Zone_DH435,8986379963,90.3782611,23.7747638,0.0,4,1,0,0
Zone_DH435,382019259,90.3613044,23.7823842,0.02430616,3,4,0,1
Zone_DH435,386041540,90.368242,23.7860877,0.01204806,4,3,0,1
Zone_DH435,382019269,90.3636653,23.7823405,0.06164806,3,3,0,0
Zone_DH435,386041543,90.3682125,23.7863036,0.04356946,3,3,0,0
Zone_DH435,386041556,90.3670529,23.789115,0.07175501,3,3,0,1
Zone_DH435,386041557,90.3674166,23.789105,0.06839876,3,3,0,1
Zone_DH435,6643074776,90.3582679,23.7789292,0.05163906,3,3,0,0
Zone_DH435,386041562,90.3685411,23.7891225,0.07287659,3,3,0,0
Zone_DH435,6643074780,90.3585812,23.780313,0.00742303,4,3,0,1
Zone_DH435,386041565,90.3693229,23.7891034,0.06919933,3,3,0,1
Zone_DH435,386041566,90.3696373,23.7890996,0.09633519,2,3,0,0
Zone_DH435,9909528286,90.3567126,23.7791607,0.04866158,3,3,0,0
Zone_DH435,6643074781,90.3584805,23.778902,0.05339531,3,3,0,1
Zone_DH435,6643074784,90.3584782,23.7791858,0.0,4,1,0,0
Zone_DH435,11409254115,90.3646873,23.7902524,0.02501387,3,3,0,1
Zone_DH435,11409254116,90.3642166,23.7902885,0.0,4,1,0,0
Zone_DH435,11409254117,90.3633817,23.7884974,0.0,4,1,0,0
Zone_DH435,11409254118,90.3643694,23.7900533,0.00636882,4,3,0,1
Zone_DH435,11409254120,90.3643956,23.7895749,0.0,4,1,0,0
Zone_DH435,11409254122,90.3617256,23.7895562,0.04835132,3,3,0,1
Zone_DH435,11409254124,90.3621058,23.789651,0.0,4,1,0,0
Zone_DH435,11409254125,90.3620914,23.7893494,0.0,4,1,0,0
Zone_DH435,11409254128,90.3621943,23.7889906,0.08102884,3,3,0,1
Zone_DH435,11409254130,90.3621607,23.7887711,0.0,4,1,0,0
Zone_DH435,386041587,90.3740256,23.7885934,0.01424196,4,3,0,1
Zone_DH435,386041588,90.3737609,23.7887126,0.01534712,4,3,0,0
Zone_DH435,11409254132,90.3597213,23.7897227,0.07978157,3,3,0,1
Zone_DH435,9742698230,90.3589622,23.7814565,0.00327528,4,3,0,1
Zone_DH435,11409254135,90.3599789,23.7897577,0.0,4,1,0,0
Zone_DH435,11409254136,90.3606321,23.7900533,0.00873824,4,3,0,1
Zone_DH435,11409254137,90.3606957,23.7896172,0.0,4,1,0,0
Zone_DH435,11409254138,90.3610357,23.7900848,0.00929648,4,3,0,1
Zone_DH435,11414120187,90.3669907,23.7797482,0.08273074,3,3,0,0
Zone_DH435,11409254139,90.3609009,23.7896343,0.0,4,1,0,0
Zone_DH435,11409254141,90.3612032,23.7895917,0.00212709,4,3,0,1
Zone_DH435,11409254142,90.3614919,23.7886974,0.03152311,3,3,0,1
Zone_DH435,11414120188,90.3672176,23.7791886,0.00106383,4,3,0,1
Zone_DH435,11409254140,90.3611936,23.7896957,0.0,4,1,0,0
Zone_DH435,11409254144,90.3614919,23.7883287,0.0,4,1,0,0
Zone_DH435,382019353,90.3660998,23.7827145,0.08649944,2,3,0,0
Zone_DH435,386041632,90.3730005,23.7882171,0.01328457,4,3,0,0
Zone_DH435,386041635,90.3725183,23.788088,0.0248327,3,4,0,0
Zone_DH435,4900874023,90.3728147,23.7770131,0.0,4,3,0,0
Zone_DH435,5778990894,90.3635093,23.7723779,0.0018525,4,3,0,1
Zone_DH435,11993212763,90.3642919,23.783394,0.00574661,4,3,0,1
Zone_DH435,11993212765,90.3642622,23.7824956,0.0,4,1,0,0
Zone_DH435,11993212766,90.3597562,23.7822985,0.08932434,2,3,0,1
Zone_DH435,4609337204,90.3747207,23.7946678,0.0,4,1,0,0
Zone_DH435,4609337207,90.3740497,23.7945749,0.00106383,4,2,0,1
Zone_DH435,382019462,90.3694495,23.7781905,0.04769287,3,3,0,0
Zone_DH435,382019472,90.3680761,23.7797326,0.01063603,4,3,0,0
Zone_DH435,7281600402,90.3572626,23.7830598,0.00324358,4,3,0,0
Zone_DH435,382019476,90.3671871,23.7798528,0.09152899,2,3,0,0
Zone_DH435,382019489,90.3661554,23.7821424,0.0,4,1,0,0
Zone_DH435,9991227319,90.3707151,23.7752951,0.0,4,1,0,0
Zone_DH435,9991227320,90.3697453,23.7760058,0.00716486,4,4,0,0
Zone_DH435,9991227322,90.3676818,23.7783668,0.0,4,2,0,0
Zone_DH435,9991227325,90.3691598,23.7759413,0.00819415,4,4,0,0
Zone_DH435,11412121537,90.3589336,23.7931817,0.01088741,4,3,0,0
Zone_DH435,11991476161,90.3757734,23.7885973,0.01046845,4,3,0,0
Zone_DH435,11991476163,90.3772869,23.7907775,0.00212709,4,3,0,1
Zone_DH435,9991227333,90.3686272,23.7774123,0.01736381,4,3,0,0
Zone_DH435,11991476168,90.3771464,23.7898754,0.0,4,1,0,0
Zone_DH435,4611278795,90.3627358,23.7934782,0.0,4,1,0,0
Zone_DH435,4611278801,90.3627884,23.7937472,0.00968147,4,3,0,1
Zone_DH435,4611278802,90.3627395,23.793999,0.0,4,1,0,0
Zone_DH435,11412121557,90.3622093,23.7952386,0.0,4,1,0,0
Zone_DH435,11412121558,90.3628699,23.7951414,0.00636882,4,3,0,1
Zone_DH435,4603348958,90.370831,23.7877116,0.0,4,1,0,0
Zone_DH435,4603348974,90.369682,23.7865856,0.10820944,2,3,0,0
Zone_DH435,382019599,90.3676953,23.7831083,0.0,4,1,0,0
Zone_DH435,382019606,90.3669363,23.7810331,0.01136752,4,3,0,1
Zone_DH435,382019611,90.366531,23.7820727,0.0,4,1,0,0
Zone_DH435,8942356552,90.3634845,23.7866934,0.0,4,1,0,0
Zone_DH435,8942356553,90.360354,23.7872939,0.0,4,1,0,0
Zone_DH435,8942356556,90.3611268,23.7873226,0.03484255,3,3,0,1
Zone_DH435,8942356561,90.3635639,23.7891823,0.0,4,1,0,0
Zone_DH435,9742598468,90.3639243,23.7888117,0.0943553,2,3,0,1
Zone_DH435,4404594786,90.3661246,23.7946889,0.0,4,2,0,0
Zone_DH435,9742598469,90.3639318,23.7895631,0.0,4,1,0,0
Zone_DH435,4493731955,90.3569219,23.7886563,0.00384202,4,3,0,0
Zone_DH435,4493731958,90.3569224,23.7889461,0.00842118,4,3,0,0
Zone_DH435,4590569590,90.3559338,23.7773179,0.0,4,1,0,0
Zone_DH435,4590569592,90.355706,23.7777527,0.00318922,4,3,0,1
Zone_DH435,4590569593,90.3549386,23.7791399,9.62e-06,4,2,0,0
Zone_DH435,4485613692,90.3636178,23.7953042,0.00847893,4,2,0,1
Zone_DH435,4590569596,90.3555381,23.7781754,0.00108761,4,3,0,1
Zone_DH435,4590569597,90.3553812,23.7781206,0.0,4,1,0,0
Zone_DH435,4821420162,90.3670994,23.77349,0.02215019,3,3,0,0
Zone_DH435,4597745796,90.3738878,23.7876601,0.02571535,3,3,0,0
Zone_DH435,3739289737,90.3566356,23.7927834,0.00106383,4,2,0,1
Zone_DH435,4590569613,90.3553542,23.7777316,0.0,4,1,0,0
Zone_DH435,4597745810,90.3726203,23.7862597,0.0,4,1,0,0
Zone_DH435,4590569619,90.3557548,23.7777978,0.00848346,4,3,0,1
Zone_DH435,4590569618,90.3556752,23.7779038,0.00320168,4,3,0,1
Zone_DH435,4609009818,90.3713309,23.7926794,0.00956541,4,3,0,0
Zone_DH435,4597745820,90.372427,23.784083,0.05717278,3,3,0,0
Zone_DH435,4597745821,90.3717746,23.7842524,0.00106383,4,3,0,1
Zone_DH435,4597745823,90.3717068,23.7840513,0.00133163,4,3,0,0
Zone_DH435,4609009824,90.3736521,23.7950955,0.0,4,2,0,0
Zone_DH435,4609009825,90.3708559,23.7940601,0.00709295,4,3,0,0
Zone_DH435,4597745826,90.3714649,23.7834475,0.00572,4,4,0,1
Zone_DH435,4597745825,90.3715632,23.7837519,0.00511137,4,4,0,1
Zone_DH435,4597745827,90.3713643,23.7831365,0.00212709,4,3,0,1
Zone_DH435,4597745828,90.3709284,23.7839159,0.0,4,1,0,0
Zone_DH435,4597745829,90.3712715,23.7841576,0.0,4,1,0,0
Zone_DH435,4609009831,90.3710207,23.7945881,0.00318809,4,3,0,1
Zone_DH435,4609009833,90.3685998,23.7943594,0.00425022,4,3,0,1
Zone_DH435,4609009835,90.3695559,23.7942939,0.01747704,4,3,0,1
Zone_DH435,4597745835,90.372366,23.78389,0.05589098,3,3,0,0
Zone_DH435,4597745837,90.3722114,23.7835835,0.05377521,3,3,0,0
Zone_DH435,7146154158,90.3710087,23.7845199,0.00184514,4,3,0,1
Zone_DH435,7146154159,90.3712424,23.7850235,0.0,4,1,0,0
Zone_DH435,13203491006,90.3710984,23.7798944,0.02016011,4,3,0,0
Zone_DH435,13203491007,90.3712988,23.779833,0.00750343,4,3,0,0
Zone_DH435,4609009877,90.3735175,23.7943584,0.00399432,4,3,0,1
Zone_DH435,3714918653,90.3693217,23.7784025,0.04243033,3,3,0,0
Zone_DH435,3714918655,90.3697847,23.7794611,0.02136775,4,3,0,0
Zone_DH435,386042120,90.3732336,23.7867469,0.00302673,4,3,0,1
Zone_DH435,386042121,90.3726925,23.786733,0.0115453,4,3,0,0
Zone_DH435,386042125,90.3725572,23.7876012,0.01285598,4,4,0,0
Zone_DH435,3718646029,90.3622207,23.7901076,0.05435327,3,4,0,0
Zone_DH435,12102732062,90.3743915,23.7912395,0.0,4,1,0,0
Zone_DH435,12102732075,90.3746241,23.7910107,0.00909945,4,3,0,1
Zone_DH435,3732392237,90.3600663,23.7853845,0.11194728,2,3,0,1
Zone_DH435,3732392241,90.3604772,23.7846055,0.0,4,1,0,0
Zone_DH435,3732392246,90.3616065,23.7842093,0.0,4,1,0,0
Zone_DH435,4595951926,90.3669299,23.7871142,0.03435111,3,3,0,0
Zone_DH435,4595951930,90.3667215,23.7855372,0.03544099,3,3,0,0
Zone_DH435,4595951931,90.3668732,23.7862984,0.07495669,3,4,0,0
Zone_DH435,11133217093,90.3686053,23.7733582,0.0,4,1,0,0
Zone_DH435,11133217094,90.3699374,23.775229,0.00532255,4,4,0,1
Zone_DH435,11133217095,90.3686602,23.7749218,0.0,4,1,0,0
Zone_DH435,7301294409,90.3595245,23.7730694,0.04165185,3,3,0,0
Zone_DH435,7301294410,90.3591548,23.7732109,0.02715625,3,3,0,0
Zone_DH435,7301294412,90.3593316,23.772577,0.0,4,2,0,0
Zone_DH435,11416193357,90.3714093,23.785714,0.0,4,1,0,0
Zone_DH435,11416193359,90.371531,23.786721,0.00212709,4,3,0,1
Zone_DH435,11133217103,90.3689982,23.7734347,0.00318979,4,4,0,1
Zone_DH435,11416193362,90.3719626,23.7864137,0.0,4,1,0,0
Zone_DH435,11416193367,90.3722902,23.7869611,0.0,4,1,0,0
Zone_DH435,4595976554,90.3645445,23.7801476,0.03508232,3,3,0,0
Zone_DH435,10142640494,90.3650686,23.7815562,0.03693086,3,3,0,0
Zone_DH435,11502717295,90.3658284,23.7875424,0.0,4,1,0,0
Zone_DH435,11502717297,90.3655994,23.7867762,0.0,4,1,0,0
Zone_DH435,4595976564,90.3627388,23.7808457,0.04118052,3,3,0,0
Zone_DH435,4595976565,90.3626991,23.7801093,0.03917119,3,3,0,0
Zone_DH435,4595976566,90.3632502,23.7801496,0.00280593,4,4,0,1
Zone_DH435,7432325504,90.3575594,23.7788625,0.01040164,4,2,0,0
Zone_DH435,4611320206,90.3667654,23.7857573,0.02710699,3,3,0,1
Zone_DH435,4611320207,90.3662618,23.786036,0.0,4,1,0,0
Zone_DH435,4611320208,90.3656843,23.7878628,0.0,4,1,0,0
Zone_DH435,3717007766,90.368223,23.7944351,0.0,4,1,0,0
Zone_DH435,4611320214,90.3664165,23.7873898,0.0,4,1,0,0
Zone_DH435,3717007771,90.3685639,23.7942906,0.00212709,4,3,0,1
Zone_DH435,4611320221,90.3664651,23.7878921,0.00212709,4,3,0,1
Zone_DH435,3717007774,90.3689815,23.794334,0.0,4,1,0,0
Zone_DH435,4611320223,90.3655256,23.7882119,0.0,4,1,0,0
Zone_DH435,4611320229,90.3653401,23.7882498,0.0595623,3,3,0,1
Zone_DH435,4611320230,90.3651718,23.7881258,0.0588727,3,3,0,1
Zone_DH435,4611320234,90.366241,23.786706,0.0,4,1,0,0
Zone_DH435,6464793007,90.358278,23.781426,0.00212709,4,3,0,1
Zone_DH435,4611320239,90.3658405,23.7872749,0.01114842,4,3,0,1
Zone_DH435,4611320241,90.3655914,23.7871027,0.01117219,4,3,0,1
Zone_DH435,4611623343,90.3654037,23.7946622,0.00105987,4,3,0,0
Zone_DH435,4611320243,90.3661462,23.7865166,0.0,4,1,0,0
Zone_DH435,4493879735,90.3578259,23.7874302,0.01057602,4,3,0,0
Zone_DH435,4611320249,90.3647761,23.786432,0.06658901,3,3,0,1
Zone_DH435,4611320250,90.3673447,23.7854826,0.05566111,3,4,0,0
Zone_DH435,6464793020,90.3664552,23.7823029,0.0,4,1,0,0
Zone_DH435,4493879740,90.3560275,23.7875048,0.0136673,4,3,0,0
Zone_DH435,4611320257,90.3677211,23.7844907,0.04715953,3,3,0,0
Zone_DH435,4611623362,90.3649066,23.793533,0.01751158,4,3,0,1
Zone_DH435,4611623375,90.3647706,23.7951142,0.00530896,4,3,0,1
Zone_DH435,9822652880,90.3726595,23.7801512,0.00467825,4,4,0,0
Zone_DH435,4611623380,90.3639699,23.7949971,0.00106383,4,2,0,1
Zone_DH435,4611623381,90.3637267,23.7949563,0.01165004,4,3,0,1
Zone_DH435,5780826588,90.3623982,23.773365,0.00830908,4,3,0,0
Zone_DH435,5780826589,90.3628218,23.7734803,0.00661001,4,3,0,0
Zone_DH435,9822652892,90.3742133,23.775111,0.01150284,4,3,0,0
Zone_DH435,5780826591,90.3629379,23.7731545,0.00425532,4,3,0,1
Zone_DH435,4597320180,90.3730026,23.7856822,0.04630972,3,3,0,1
Zone_DH435,4597320181,90.3724477,23.7858461,0.0,4,1,0,0
Zone_DH435,386042369,90.3736879,23.7867419,0.03203436,3,3,0,0
Zone_DH435,6556666369,90.3780774,23.7915322,0.0,4,1,0,0
Zone_DH435,6556666372,90.3777413,23.7926437,0.00425022,4,3,0,1
Zone_DH435,3717024285,90.371225,23.7935463,0.00880448,4,3,0,0
Zone_DH435,3717024289,90.371839,23.7936357,0.0,4,1,0,0
Zone_DH435,379947560,90.3721104,23.7747113,0.03478253,3,3,0,0
Zone_DH435,11409394222,90.3604261,23.7877895,0.0,4,1,0,0
Zone_DH435,11409394223,90.3604232,23.7876348,0.00353855,4,3,0,1
Zone_DH435,11409394224,90.3607171,23.7877466,0.0,4,1,0,0
Zone_DH435,379947569,90.3708569,23.7794469,0.03351772,3,3,0,0
Zone_DH435,11409394225,90.3607184,23.7876303,0.00421908,4,3,0,1
Zone_DH435,11409394226,90.3602007,23.7881636,0.02511974,3,3,0,1
Zone_DH435,11409394227,90.3601994,23.7879417,0.0,4,1,0,0
Zone_DH435,11409394229,90.3619275,23.7877742,0.0,4,1,0,0
Zone_DH435,11409394230,90.3627002,23.7874158,0.01083646,4,3,0,1
Zone_DH435,11409394231,90.3628233,23.7874711,0.0,4,1,0,0
Zone_DH435,11409394232,90.363911,23.7881092,0.0,4,1,0,0
Zone_DH435,11409394233,90.364132,23.7888367,0.09354002,2,3,0,1
Zone_DH435,11409394236,90.3642229,23.7885301,0.0,4,1,0,0
Zone_DH435,11409394239,90.3654801,23.7891116,0.0,4,1,0,0
Zone_DH435,11409394240,90.3667162,23.7899446,0.0,4,1,0,0
Zone_DH435,11409394241,90.3663639,23.7901872,0.01945976,4,3,0,1
Zone_DH435,11409394245,90.3671732,23.7902189,0.0,4,1,0,0
Zone_DH435,379931207,90.3624772,23.7772126,0.14452799,1,3,0,0
Zone_DH435,379947592,90.3773557,23.7836279,0.00972507,4,3,0,0
Zone_DH435,11409394248,90.3677392,23.7899441,0.00742643,4,3,0,1
Zone_DH435,11409394250,90.3677043,23.790508,0.0,4,1,0,0
Zone_DH435,11409394247,90.36731,23.7898146,0.0,4,1,0,0
Zone_DH435,11409394253,90.3681549,23.7905656,0.0,4,1,0,0
Zone_DH435,379947599,90.3766343,23.7854483,0.00571377,4,3,0,1
Zone_DH435,11409394258,90.3695184,23.7911728,0.01106349,4,3,0,0
Zone_DH435,11409394259,90.3707629,23.7888687,0.00425022,4,3,0,1
Zone_DH435,11409394262,90.3706285,23.7895256,0.08902993,2,3,0,1
Zone_DH435,11409394263,90.3698086,23.7903093,0.01001268,4,3,0,0
Zone_DH435,12045388379,90.3747997,23.7758007,0.00212709,4,3,0,1
Zone_DH435,11409394268,90.3669895,23.7891137,0.00212709,4,3,0,1
Zone_DH435,11332635228,90.373924,23.7911115,0.02603524,3,3,0,0
Zone_DH435,12045388382,90.3704245,23.7762566,0.0,4,1,0,0
Zone_DH435,11409394267,90.3669411,23.7894174,0.0,4,1,0,0
Zone_DH435,12045388381,90.375451,23.7762235,0.0,4,1,0,0
Zone_DH435,5767809639,90.3652822,23.7739368,0.00600251,4,3,0,0
Zone_DH435,379931241,90.3657255,23.7785692,0.08528869,2,3,0,0
Zone_DH435,386042478,90.3752536,23.783354,0.03675167,3,3,0,0
Zone_DH435,12045388401,90.3681761,23.7824008,0.0,4,1,0,0
Zone_DH435,12045388404,90.3692267,23.7839609,0.00167076,4,3,0,1
Zone_DH435,5762755189,90.3651424,23.7732749,0.0023479,4,3,0,0
Zone_DH435,12045388406,90.3695427,23.7839458,0.0,4,1,0,0
Zone_DH435,3416443530,90.3737449,23.7924722,0.01102273,4,3,0,0
Zone_DH435,4427336340,90.3553697,23.7774455,0.00106383,4,2,0,1
Zone_DH435,4597279390,90.3594185,23.7855095,0.0,4,1,0,0
Zone_DH435,11411630751,90.3716561,23.7830566,0.0,4,1,0,0
Zone_DH435,11411630750,90.3711411,23.7831977,0.0,4,1,0,0
Zone_DH435,4597279393,90.3606141,23.7842516,0.0,4,1,0,0
Zone_DH435,4597279394,90.3608456,23.7844793,0.00577378,4,3,0,1
Zone_DH435,4597279397,90.3604534,23.7848911,0.00586493,4,3,0,0
Zone_DH435,11411630758,90.3760022,23.785778,0.0,4,1,0,0
Zone_DH435,4597279400,90.3602528,23.7854112,0.1143852,2,4,0,0
Zone_DH435,11411630760,90.3796915,23.7791965,0.00588249,4,4,0,0
Zone_DH435,11411630766,90.3799651,23.7782712,0.0,4,2,0,0
Zone_DH435,11411630769,90.3797053,23.7795571,0.00876372,4,3,0,0
Zone_DH435,11411630770,90.3796702,23.7793361,0.00728488,4,4,0,0
Zone_DH435,4597279411,90.3581119,23.7905875,7.134e-05,4,3,0,0
Zone_DH435,11411630774,90.3756918,23.775736,0.00973413,4,3,0,0
Zone_DH435,11411630775,90.375759,23.7755313,0.0027278,4,3,0,0
Zone_DH435,4597279418,90.3579549,23.7914403,0.03134589,3,3,0,0
Zone_DH435,4597279419,90.3574215,23.7908238,0.0,4,1,0,0
Zone_DH435,4597279420,90.3573839,23.7913755,0.02738668,3,3,0,1
Zone_DH435,4597279421,90.3571107,23.7907343,0.0,4,1,0,0
Zone_DH435,4597279423,90.3570004,23.7913286,0.02137737,4,3,0,1
Zone_DH435,4597279424,90.3568295,23.7898721,0.00018061,4,3,0,0
Zone_DH435,4597279430,90.3567589,23.7896147,0.00908303,4,3,0,0
Zone_DH435,386042567,90.3796305,23.7804722,0.00092738,4,2,0,0
Zone_DH435,4597279433,90.3571566,23.7902352,0.0036314,4,3,0,0
Zone_DH435,3732384466,90.3604177,23.7810705,0.08712874,2,3,0,0
Zone_DH435,4597279444,90.3553782,23.7898794,0.0,4,1,0,0
Zone_DH435,4597279445,90.3558482,23.7899414,0.00812508,4,3,0,1
Zone_DH435,4491029254,90.3604236,23.7836362,0.0,4,1,0,0
Zone_DH435,4491029255,90.3596159,23.7838783,0.09404788,2,3,0,1
Zone_DH435,4491029256,90.3602086,23.7840771,0.00212709,4,3,0,1
Zone_DH435,4491029258,90.360055,23.7844277,0.0,4,1,0,0
Zone_DH435,4613696275,90.3720022,23.781527,0.08434149,2,4,0,1
Zone_DH435,4978576154,90.3596889,23.7730514,0.04366175,3,3,0,1
Zone_DH435,4978576155,90.3597969,23.7738553,0.0,4,1,0,0
Zone_DH435,3739937576,90.3765478,23.7835402,0.01963754,4,3,0,0
Zone_DH435,5763107626,90.3612208,23.7730113,0.00303296,4,3,0,0
Zone_DH435,5763107627,90.3624195,23.7733065,0.00732112,4,3,0,0
Zone_DH435,4497845052,90.3645627,23.7920978,0.01404493,4,3,0,1
Zone_DH435,4497845091,90.3616968,23.7897402,0.04683286,3,3,0,1
Zone_DH435,382012285,90.3571521,23.7739188,0.00836117,4,2,0,0
Zone_DH435,12609162126,90.3723597,23.7933612,0.0,4,1,0,0
Zone_DH435,12609162127,90.372487,23.7933874,0.00550372,4,3,0,1
Zone_DH435,3919375252,90.3566761,23.7791687,0.04774269,3,3,0,1
Zone_DH435,12049173397,90.3648495,23.7909732,0.0,4,1,0,0
Zone_DH435,12049173398,90.3648744,23.7907893,0.0,4,1,0,0
Zone_DH435,12049173400,90.3643433,23.791626,0.0,4,1,0,0
Zone_DH435,12049173401,90.3630228,23.7912906,0.0,4,1,0,0
Zone_DH435,12049173402,90.3644502,23.7940969,0.0,4,1,0,0
Zone_DH435,12049173403,90.3642983,23.7942473,0.0,4,1,0,0
Zone_DH435,12049173404,90.364006,23.7941214,0.02379095,3,3,0,1
Zone_DH435,12049173405,90.3637561,23.7947354,0.01374826,4,3,0,1
Zone_DH435,12049173408,90.3631823,23.7946692,0.0,4,1,0,0
Zone_DH435,12049173420,90.3651341,23.7942198,0.01054035,4,3,0,1
Zone_DH435,12049173423,90.3646376,23.7941647,0.0,4,1,0,0
Zone_DH435,3734989745,90.3587658,23.774023,0.01365824,4,3,0,1
Zone_DH435,12049173426,90.3644422,23.7950742,0.00212709,4,3,0,1
Zone_DH435,12049173425,90.3642655,23.7947866,0.0,4,1,0,0
Zone_DH435,12049173427,90.3644919,23.7949079,0.0,4,1,0,0
Zone_DH435,3734989751,90.3575881,23.7744022,0.00853159,4,3,0,0
Zone_DH435,4613336002,90.3670693,23.7932223,0.0,4,1,0,0
Zone_DH435,4062931924,90.373754,23.7816043,0.0421229,3,3,0,0
Zone_DH435,12778064856,90.3604253,23.7768645,0.0,4,1,0,0
Zone_DH435,4062931933,90.3721271,23.7817373,0.09093905,2,3,0,0
Zone_DH435,5763050476,90.3662789,23.7722305,0.00106383,4,2,0,1
Zone_DH435,9958566914,90.36314,23.7889,0.09291837,2,3,0,1
Zone_DH435,9958566915,90.3631228,23.7886947,0.0,4,1,0,0
Zone_DH435,6349106200,90.3653305,23.7946447,0.00176305,4,4,0,0
Zone_DH435,6349106202,90.365345,23.7941025,0.0154779,4,3,0,0
Zone_DH435,6349106203,90.3653247,23.7934417,0.02650686,3,3,0,0
Zone_DH435,6349106204,90.3653266,23.7930598,0.0215342,4,3,0,0
Zone_DH435,6349106206,90.3653844,23.7923464,0.00937518,4,3,0,0
Zone_DH435,6349106210,90.36597,23.7908387,0.05444951,3,4,0,1
Zone_DH435,4388891712,90.3618131,23.7809465,0.00694292,4,3,0,0
Zone_DH435,379858003,90.3652845,23.7729062,0.00088266,4,3,0,0
Zone_DH435,3738578034,90.3697309,23.7844217,0.00651886,4,3,0,0
Zone_DH435,7127452800,90.3705952,23.7756918,0.00212709,4,3,0,1
Zone_DH435,7127452801,90.3715634,23.7759615,0.02208282,3,3,0,0
Zone_DH435,7127452802,90.3713883,23.7759127,0.00318809,4,3,0,1
Zone_DH435,7127452804,90.3713983,23.7764742,0.02577423,3,3,0,0
Zone_DH435,13386214535,90.3611419,23.7845558,0.01065642,4,3,0,1
Zone_DH435,13386214536,90.3612841,23.7845739,0.0,4,1,0,0
Zone_DH435,3716140185,90.3660448,23.7908636,0.08648727,2,4,0,0
Zone_DH435,10243820698,90.3686207,23.7879918,0.01946089,4,3,0,1
Zone_DH435,3717885101,90.3691548,23.7920524,0.02480835,3,3,0,1
Zone_DH435,3717885102,90.3692675,23.7917946,0.0,4,1,0,0
Zone_DH435,3718606001,90.3633244,23.7871502,0.03450002,3,3,0,0
Zone_DH435,3718606003,90.3630207,23.7869319,0.03037378,3,3,0,0
Zone_DH435,4489669855,90.3712009,23.7937585,0.00623804,4,3,0,1
Zone_DH435,3416444137,90.3746941,23.7926067,0.02109769,4,3,0,0
Zone_DH435,7436750061,90.3711641,23.7772565,0.05891262,3,5,0,0
Zone_DH435,7301336304,90.3587665,23.7777197,0.0,4,1,0,0
Zone_DH435,7301336311,90.358915,23.7786873,0.00595835,4,3,0,1
Zone_DH435,2320076026,90.3620165,23.7723385,0.00120424,4,3,0,1
Zone_DH435,4597337339,90.3721813,23.7833177,0.04920057,3,3,0,0
Zone_DH435,877497597,90.3752351,23.7868514,0.01173044,4,3,0,0
Zone_DH435,3716140291,90.3663628,23.7941865,0.00411378,4,3,0,0
Zone_DH435,3716140293,90.367535,23.7942535,0.00273459,4,3,0,0
Zone_DH435,2320076041,90.3622697,23.7737876,0.0149123,4,3,0,0
Zone_DH435,2320076049,90.3549374,23.7798362,0.00211181,4,2,0,0
Zone_DH435,2320076061,90.36061,23.7726109,0.00235073,4,3,0,1
Zone_DH435,2320076073,90.360569,23.7727249,0.04984317,3,4,0,1
Zone_DH435,5769547049,90.3656493,23.7720519,0.00212653,4,2,0,1
Zone_DH435,379948333,90.3765802,23.7849067,0.01392264,4,3,0,0
Zone_DH435,11309034822,90.3745443,23.7845304,0.01054148,4,3,0,1
Zone_DH435,4412034374,90.378025,23.7927,0.0,4,1,0,0
Zone_DH435,2320076107,90.362677,23.7739537,0.02378868,3,4,0,0
Zone_DH435,11332316522,90.3757993,23.7821326,0.01742892,4,3,0,1
Zone_DH435,11332316523,90.3760772,23.7813854,0.0,4,1,0,0
Zone_DH435,386805112,90.3761395,23.793974,0.00042802,4,2,0,0
Zone_DH435,7438003579,90.3620312,23.7863968,0.0,4,1,0,0
Zone_DH435,7438003580,90.3615573,23.7858064,0.00582417,4,3,0,0
Zone_DH435,7438003581,90.3608188,23.7856738,8.379e-05,4,3,0,0
Zone_DH435,7438003582,90.3710428,23.7776753,0.01478718,4,3,0,0
Zone_DH435,877497736,90.3547751,23.7850814,0.03039134,3,2,0,1
Zone_DH435,877497744,90.3586012,23.7943165,0.00742303,4,2,0,1
Zone_DH435,4401827250,90.3713305,23.792354,0.02389229,3,3,0,0
Zone_DH435,11992272309,90.3663239,23.7898152,0.10684894,2,3,0,0
Zone_DH435,11992272310,90.3664039,23.7898282,0.02155119,4,3,0,0
Zone_DH435,11992272311,90.3647552,23.7897259,0.0,4,1,0,0
Zone_DH435,11992272312,90.3631553,23.7888964,0.09293309,2,3,0,1
Zone_DH435,11992272314,90.3633403,23.7892056,0.0,4,1,0,0
Zone_DH435,4489817531,90.3707508,23.7936744,0.0,4,1,0,0
Zone_DH435,11992272315,90.362948,23.78857,0.01943372,4,3,0,1
Zone_DH435,11992272316,90.3631418,23.7885405,0.0,4,1,0,0
Zone_DH435,11992272319,90.3631207,23.788033,0.00212709,4,3,0,1
Zone_DH435,12030922176,90.3704788,23.7789071,0.00446367,4,3,0,0
Zone_DH435,12030922177,90.3698122,23.7779658,0.0470095,3,3,0,0
Zone_DH435,11992272322,90.3597122,23.7869574,0.06326475,3,3,0,1
Zone_DH435,2320076226,90.3646969,23.7746009,0.00589947,4,3,0,0
Zone_DH435,11992272324,90.3597211,23.7863868,0.06370976,3,3,0,1
Zone_DH435,11992272317,90.3630909,23.7882484,0.0,4,1,0,0
Zone_DH435,11992272323,90.360009,23.7869722,0.0,4,1,0,0
Zone_DH435,2320076231,90.3654928,23.7748878,0.01586629,4,3,0,0
Zone_DH435,11992272326,90.3600734,23.7862727,0.0,4,1,0,0
Zone_DH435,11992272329,90.3604082,23.785982,0.03612492,3,3,0,1
Zone_DH435,11992272330,90.3606219,23.7859904,0.0,4,1,0,0
Zone_DH435,11992272332,90.359042,23.7894034,0.00443027,4,3,0,1
Zone_DH435,11992272333,90.3590454,23.7891713,0.0,4,1,0,0
Zone_DH435,379940305,90.361965,23.7746964,0.0,4,1,0,0
Zone_DH435,11992272337,90.3595202,23.7909689,0.00212709,4,3,0,1
Zone_DH435,11992272338,90.3596869,23.7906664,0.0,4,1,0,0
Zone_DH435,2320076244,90.3639842,23.7744214,0.04707857,3,4,0,0
Zone_DH435,11992272341,90.366928,23.7855034,0.01095818,4,3,0,1
Zone_DH435,11992272342,90.3676178,23.7859705,0.0,4,1,0,0
Zone_DH435,11992272343,90.3676473,23.7854704,0.0176033,4,3,0,1
Zone_DH435,877497820,90.3605204,23.79343,0.00227373,4,3,0,0
Zone_DH435,4601122275,90.366408,23.7911282,0.00212709,4,3,0,1
Zone_DH435,7438003687,90.3738666,23.7752105,0.01254289,4,4,0,0
Zone_DH435,379940332,90.3666062,23.7750609,0.00848346,4,3,0,1
Zone_DH435,6349147644,90.3663853,23.7808228,0.00206312,4,3,0,1
Zone_DH435,4978609664,90.3591822,23.7744292,0.0,4,1,0,0
Zone_DH435,4978609665,90.3587812,23.7744194,0.00318979,4,4,0,1
Zone_DH435,4978609666,90.3582998,23.774436,0.0,4,1,0,0
Zone_DH435,4978609669,90.358772,23.7749983,0.0,4,1,0,0
Zone_DH435,379940359,90.3673874,23.7758326,0.0031847,4,3,0,1
Zone_DH435,5762756105,90.3632316,23.773047,0.0031009,4,3,0,0
Zone_DH435,386805267,90.377185,23.7926694,0.00693499,4,3,0,1
Zone_DH435,386805271,90.3764719,23.792864,0.00745983,4,3,0,0
Zone_DH435,7116213792,90.3651706,23.7952264,3.4e-06,4,3,0,0
Zone_DH435,7116213793,90.3647616,23.7951463,0.00106836,4,3,0,1
Zone_DH435,7116213794,90.3650292,23.794463,0.00843987,4,3,0,1
Zone_DH435,7116213797,90.3646312,23.7944498,0.0,4,1,0,0
Zone_DH435,3720728108,90.3663097,23.7923008,0.02254651,3,3,0,1
Zone_DH435,3720728110,90.3664732,23.7918358,0.0,4,1,0,0
Zone_DH435,3720728111,90.3662552,23.7917834,0.0,4,1,0,0
Zone_DH435,3720728114,90.3665179,23.7916172,0.0,4,1,0,0
Zone_DH435,3720728117,90.3678249,23.7913957,0.05868389,3,3,0,0
Zone_DH435,11991502391,90.369315,23.7943284,0.0,4,1,0,0
Zone_DH435,11991502395,90.368243,23.7942352,0.0,4,1,0,0
Zone_DH435,382012988,90.3610364,23.7768868,0.0,4,1,0,0
Zone_DH435,11991502399,90.3683098,23.7935313,0.0,4,1,0,0
Zone_DH435,11991502400,90.369062,23.792462,0.0,4,1,0,0
Zone_DH435,11991502402,90.3684996,23.7922192,0.0,4,1,0,0
Zone_DH435,11991502404,90.3684469,23.7920729,0.0,4,1,0,0
Zone_DH435,11991502405,90.3672044,23.7917228,0.00425022,4,3,0,1
Zone_DH435,11991502407,90.3667647,23.7916698,0.00212709,4,3,0,1
Zone_DH435,11991502408,90.3667864,23.7914472,0.0,4,1,0,0
Zone_DH435,11991502416,90.3718453,23.7876175,0.0250218,3,3,0,0
Zone_DH435,4484992594,90.3582599,23.7833243,0.01340007,4,3,0,0
Zone_DH435,4484992595,90.3588136,23.7833537,0.01500459,4,3,0,1
Zone_DH435,11991502418,90.3718019,23.7891311,0.0,4,1,0,0
Zone_DH435,3732377173,90.3628277,23.7768406,0.01827477,4,3,0,1
Zone_DH435,4978552406,90.3571393,23.7756708,0.00636882,4,3,0,1
Zone_DH435,11991502423,90.375621,23.7898594,0.00825926,4,3,0,0
Zone_DH435,3732377175,90.3624238,23.7762895,0.00425022,4,3,0,1
Zone_DH435,4978552409,90.3567814,23.7755506,0.00425022,4,3,0,1
Zone_DH435,11502792283,90.3659612,23.7869201,0.01121749,4,3,0,1
Zone_DH435,3737554525,90.3604012,23.7921258,0.02173916,3,3,0,1
Zone_DH435,4978552415,90.3564882,23.7754389,0.0,4,1,0,0
Zone_DH435,3737554529,90.359765,23.7923607,0.0,4,1,0,0
Zone_DH435,3731910241,90.3545438,23.7847899,0.0,4,1,0,0
Zone_DH435,11502792291,90.366005,23.7860274,0.0,4,1,0,0
Zone_DH435,11502792292,90.365966,23.7855267,0.0,4,1,0,0
Zone_DH435,3731910242,90.3575116,23.7849424,0.0,4,1,0,0
Zone_DH435,11502792294,90.3661542,23.7850765,0.03328842,3,3,0,1
Zone_DH435,6925069924,90.3592607,23.7731607,0.04067578,3,3,0,0
Zone_DH435,11502792297,90.3667265,23.7848026,0.0,4,1,0,0
Zone_DH435,877497962,90.3753341,23.7863489,0.00751079,4,3,0,0
Zone_DH435,11502792300,90.3643127,23.7844149,0.0,4,1,0,0
Zone_DH435,11502792302,90.3646681,23.7843081,0.0,4,1,0,0
Zone_DH435,11502792303,90.3649672,23.7843081,0.0,4,1,0,0
Zone_DH435,877497976,90.3727137,23.7901603,0.05261853,3,4,0,1
Zone_DH435,4427337347,90.3548632,23.7784858,2.208e-05,4,2,0,0
Zone_DH435,3648204435,90.370253,23.7928654,0.01512688,4,3,0,1
Zone_DH435,11302031006,90.3768546,23.7824098,0.00696953,4,3,0,0
Zone_DH435,11302031013,90.3769279,23.7821694,0.0,4,2,0,0
Zone_DH435,11302031014,90.377799,23.7823786,0.0,4,2,0,0
Zone_DH435,11302031015,90.3769564,23.7815988,0.0,4,1,0,0
Zone_DH435,11302031016,90.3763637,23.7819596,0.0,4,1,0,0
Zone_DH435,11302031017,90.3767926,23.7820657,0.00636882,4,3,0,1
Zone_DH435,11302031018,90.3764121,23.7817657,0.0,4,1,0,0
Zone_DH435,5609934507,90.370154,23.7795151,0.02083272,4,3,0,0
Zone_DH435,11302031019,90.3768567,23.7818831,0.00425022,4,3,0,1
Zone_DH435,11302031021,90.3769103,23.7817303,0.00212709,4,3,0,1
Zone_DH435,11302031020,90.3764588,23.7816022,0.0,4,1,0,0
Zone_DH435,5609934513,90.3707559,23.7787899,0.02315118,3,4,0,0
Zone_DH435,11302031031,90.3761781,23.782439,0.0,4,1,0,0
Zone_DH435,11302031032,90.3762392,23.7822509,0.01551414,4,3,0,1
Zone_DH435,4493717189,90.3577077,23.7921233,0.0,4,1,0,0
Zone_DH435,11302031049,90.3756519,23.7818689,0.0,4,1,0,0
Zone_DH435,9131314911,90.3760404,23.7922438,0.0013571,4,3,0,1
Zone_DH435,5343645419,90.3680893,23.779227,0.0139283,4,3,0,0
Zone_DH435,552832779,90.3730052,23.7749602,0.01708978,4,3,0,0
Zone_DH435,552832780,90.372885,23.7753282,0.00318922,4,3,0,1
Zone_DH435,11409772307,90.3649466,23.7939006,0.0,4,1,0,0
Zone_DH435,6548893460,90.3630095,23.7814998,0.04311172,3,3,0,1
Zone_DH435,11409772308,90.3649862,23.793511,0.01698731,4,3,0,1
Zone_DH435,11409772309,90.3650985,23.7938202,0.0,4,1,0,0
Zone_DH435,11409772312,90.3653579,23.7942906,0.00377238,4,3,0,0
Zone_DH435,11409772313,90.3654379,23.7942892,0.00299673,4,3,0,0
Zone_DH435,6548893465,90.3620368,23.7818761,0.0,4,1,0,0
Zone_DH435,11409772316,90.3659256,23.7937723,0.0,4,1,0,0
Zone_DH435,11409772317,90.3661597,23.7938209,0.00212709,4,3,0,1
Zone_DH435,11409772319,90.3665586,23.7937214,0.00599798,4,3,0,1
Zone_DH435,11409772320,90.3680467,23.7936894,0.0,4,1,0,0
Zone_DH435,4878815011,90.3777277,23.7794788,0.0033721,4,3,0,0
Zone_DH435,11409772327,90.3678664,23.7943291,0.0,4,1,0,0
Zone_DH435,3731337013,90.3603669,23.7724169,0.00207557,4,2,0,0
Zone_DH435,3731337018,90.3596738,23.7726381,0.0010644,4,3,0,0
Zone_DH435,4068101981,90.3567628,23.7768004,0.00212709,4,3,0,1
Zone_DH435,4068101982,90.3577109,23.7768521,0.0,4,1,0,0
Zone_DH435,4218982239,90.377945,23.7787453,0.0069701,4,4,0,0
Zone_DH435,4068101984,90.3567221,23.7774622,0.00636882,4,3,0,1
Zone_DH435,7406325601,90.3710286,23.7793826,0.03344411,3,4,0,0
Zone_DH435,4068101983,90.3567468,23.7771461,0.00425022,4,3,0,1
Zone_DH435,4068101985,90.3574376,23.7774985,0.0,4,1,0,0
Zone_DH435,4068101988,90.3575029,23.7778172,0.0,4,1,0,0
Zone_DH435,9993252723,90.3683249,23.783146,0.08414984,2,3,0,0
Zone_DH435,4493791093,90.3584715,23.7902724,0.00226637,4,4,0,0
Zone_DH435,7030574966,90.3692075,23.7740171,0.001814,4,3,0,0
Zone_DH435,7030574967,90.3689955,23.7747966,0.0,4,1,0,0
Zone_DH435,7030574968,90.3691404,23.7742714,0.00106383,4,3,0,1
Zone_DH435,9993252730,90.3712639,23.7827357,0.0,4,1,0,0
Zone_DH435,379891579,90.3589315,23.7733169,0.01045995,4,3,0,1
Zone_DH435,9993252734,90.3718443,23.784473,0.0,4,1,0,0
Zone_DH435,9993252735,90.37165,23.7840652,0.00107572,4,3,0,1
Zone_DH435,7030574976,90.3701438,23.7742368,0.03241482,3,3,0,0
Zone_DH435,9993252737,90.3725219,23.7843727,0.05971771,3,3,0,0
Zone_DH435,9993252742,90.3749234,23.7826323,0.00425022,4,3,0,1
Zone_DH435,9993252745,90.3740502,23.7826428,0.0,4,1,0,0
Zone_DH435,9993252746,90.3748628,23.7828577,0.00212709,4,3,0,1
Zone_DH435,9993252750,90.3777282,23.7826114,0.00421286,4,4,0,1
Zone_DH435,9993252752,90.3740096,23.7805964,0.01102329,4,3,0,0
Zone_DH435,3012472721,90.3630113,23.7729735,0.00483168,4,3,0,0
Zone_DH435,9993252753,90.3727976,23.7821744,0.00318809,4,3,0,1
Zone_DH435,9993252755,90.3728114,23.7819937,0.00106383,4,3,0,1
Zone_DH435,9993252756,90.3722931,23.7819545,0.0,4,1,0,0
Zone_DH435,9993252757,90.375362,23.782978,0.02089047,4,3,0,1
Zone_DH435,9993252763,90.3790923,23.7817177,0.01154417,4,5,0,0
Zone_DH435,9993252765,90.3744136,23.7805573,0.01023462,4,5,0,0
Zone_DH435,9993252766,90.3745592,23.780592,0.01595065,4,5,0,0
Zone_DH435,9993252767,90.3743779,23.7806798,0.00926364,4,4,0,0
Zone_DH435,6349139881,90.364764,23.7799338,0.0,4,1,0,0
Zone_DH435,6349139882,90.3647445,23.7793802,0.00106383,4,3,0,1
Zone_DH435,3717877728,90.3699594,23.7950883,0.0,4,1,0,0
Zone_DH435,4603432943,90.3710957,23.7940977,0.00701482,4,3,0,0
Zone_DH435,4603432952,90.3733483,23.7905156,0.0,4,1,0,0
Zone_DH435,4603432953,90.3723882,23.7928608,0.01033993,4,3,0,0
Zone_DH435,4603432955,90.3724813,23.7938797,0.00630655,4,3,0,0
Zone_DH435,4603432960,90.3718583,23.7927533,0.01061961,4,3,0,0
Zone_DH435,4603432961,90.3685187,23.793384,0.0,4,1,0,0
Zone_DH435,9941446664,90.3671059,23.7790418,0.0,4,1,0,0
Zone_DH435,11991519270,90.3777772,23.7907308,0.0,4,1,0,0
Zone_DH435,11991519271,90.3765215,23.7917929,0.0,4,1,0,0
Zone_DH435,10779095082,90.3680131,23.7927324,0.01394245,4,3,0,1
Zone_DH435,10105860140,90.3792209,23.7818618,0.00290161,4,3,0,0
Zone_DH435,11991519277,90.3773089,23.7914296,0.00259928,4,3,0,1
Zone_DH435,10105860141,90.3792522,23.7817559,0.00230657,4,3,0,0
Zone_DH435,10779095087,90.3680858,23.7921897,0.0,4,1,0,0
Zone_DH435,11991519282,90.376358,23.791325,0.0,4,1,0,0
Zone_DH435,4603424819,90.3726976,23.7917056,0.0,4,1,0,0
Zone_DH435,11991519283,90.375627,23.79251,0.0,4,1,0,0
Zone_DH435,9929084982,90.3622189,23.7721567,0.0,4,1,0,0
Zone_DH435,4615655489,90.3678077,23.793222,0.0,4,1,0,0
Zone_DH435,2257055843,90.3660739,23.7746328,0.03120832,3,3,0,1
Zone_DH435,2257055844,90.3660317,23.774669,0.03193358,3,3,0,0
Zone_DH435,5343645821,90.3674814,23.7795314,0.01754725,4,3,0,0
Zone_DH435,348401790,90.3568862,23.7913125,0.01959961,4,3,0,1
Zone_DH435,5343645824,90.3673947,23.7797871,0.01739325,4,3,0,0
Zone_DH435,5343645825,90.3681332,23.7758411,0.00106383,4,3,0,1
Zone_DH435,348401797,90.3568984,23.7920739,0.00847893,4,3,0,1
Zone_DH435,5343645831,90.3671369,23.7744846,0.00106609,4,3,0,1
Zone_DH435,5343645833,90.3683397,23.775846,0.0,4,1,0,0
Zone_DH435,5343645837,90.3659086,23.7745486,0.01619467,4,3,0,0
Zone_DH435,5343645843,90.364139,23.7739265,0.01660288,4,3,0,0
Zone_DH435,4611240095,90.357646,23.7937886,0.00106326,4,2,0,0
Zone_DH435,4611240102,90.3552701,23.7910868,0.0,4,1,0,0
Zone_DH435,7030460583,90.3764337,23.7886141,0.0210439,4,3,0,0
Zone_DH435,379859128,90.3646205,23.7727134,0.0088526,4,4,0,0
Zone_DH435,6556913875,90.3717273,23.7893507,0.01028841,4,3,0,1
Zone_DH435,11993207004,90.366506,23.7877721,0.0,4,1,0,0
Zone_DH435,11993207005,90.368447,23.7880189,0.0,4,1,0,0
Zone_DH435,11993207014,90.3714578,23.7877334,0.0,4,1,0,0
Zone_DH435,11993207018,90.3610213,23.7849312,0.01132789,4,3,0,1
Zone_DH435,3732361451,90.3604281,23.7881505,0.02573007,3,3,0,1
Zone_DH435,4609249516,90.3745562,23.7933824,0.00259984,4,3,0,1
Zone_DH435,11993207021,90.3624658,23.784645,0.02568082,3,3,0,1
Zone_DH435,11993207019,90.3611704,23.7849754,0.0,4,1,0,0
Zone_DH435,11993207022,90.3626334,23.7840911,0.0,4,1,0,0
Zone_DH435,4603334914,90.3729005,23.7901632,0.03026338,3,3,0,0
Zone_DH435,4603334916,90.3730405,23.7893069,0.00479601,4,3,0,0
Zone_DH435,4609249548,90.3764795,23.7914833,0.0,4,1,0,0
Zone_DH435,4603334926,90.3717342,23.7882544,0.00978225,4,3,0,1
Zone_DH435,4609249551,90.3765201,23.7910657,0.00647526,4,3,0,1
Zone_DH435,4609249558,90.3755705,23.7921925,0.00344853,4,3,0,1
Zone_DH435,4609249562,90.3753056,23.7916019,0.00613273,4,3,0,0
Zone_DH435,3720728861,90.366786,23.7929109,0.01005628,4,3,0,1
Zone_DH435,3720728864,90.366115,23.7935231,0.0,4,1,0,0
Zone_DH435,3720728866,90.3654709,23.7923753,0.03621041,3,3,0,0
Zone_DH435,3720728868,90.3649189,23.7929944,0.05094324,3,3,0,0
Zone_DH435,3720728869,90.3645236,23.7929906,0.05516232,3,3,0,0
Zone_DH435,4501852460,90.362134,23.793155,0.03132381,3,4,0,1
Zone_DH435,4501852464,90.361675,23.7917624,0.0,4,1,0,0
Zone_DH435,4501852467,90.3610737,23.7927983,0.03043153,3,3,0,1
Zone_DH435,4613329209,90.3662495,23.792663,0.0,4,1,0,0
Zone_DH435,4613329210,90.3659882,23.7926507,0.00212709,4,3,0,1
Zone_DH435,13387075904,90.3617643,23.7854251,0.0,4,1,0,0
Zone_DH435,13387075905,90.3617143,23.7856223,0.06852389,3,3,0,1
Zone_DH435,5620576583,90.3677593,23.7818018,0.00127897,4,3,0,0
Zone_DH435,5620576584,90.3684909,23.7819162,0.08398027,2,3,0,0
Zone_DH435,3734876502,90.356895,23.7764246,0.0,4,1,0,0
Zone_DH435,4613329238,90.3673324,23.7917408,0.0,4,1,0,0
Zone_DH435,4878823770,90.377576,23.7799507,0.0,4,2,0,0
Zone_DH435,4878823771,90.3776568,23.7796994,0.00018514,4,3,0,0
Zone_DH435,4878823773,90.376598,23.7791897,0.00106383,4,3,0,1
Zone_DH435,4878823774,90.3766661,23.7789921,0.0,4,1,0,0
Zone_DH435,4493889888,90.3595218,23.7883597,0.00318809,4,3,0,1
Zone_DH435,4493807972,90.3618126,23.7890238,0.10719203,2,4,0,0
Zone_DH435,4493889894,90.3586837,23.7885204,0.00106383,4,3,0,1
Zone_DH435,4493889897,90.3570595,23.7884622,0.0,4,1,0,0
Zone_DH435,4613329259,90.3680575,23.7891468,0.05771178,3,3,0,0
Zone_DH435,4613329272,90.367737,23.7899588,0.00531122,4,3,0,1
Zone_DH435,4613329275,90.3679476,23.790214,0.00106383,4,3,0,1
Zone_DH435,3096940931,90.3710407,23.7728922,0.0,4,1,0,0
Zone_DH435,4613329287,90.3691882,23.7898193,0.0,4,1,0,0
Zone_DH435,3096940937,90.3707543,23.7738649,0.00106383,4,3,0,1
Zone_DH435,3096940939,90.3706608,23.7741824,0.0058638,4,3,0,0
Zone_DH435,4590539162,90.3572815,23.7831178,0.00757023,4,3,0,0
Zone_DH435,3016282526,90.3590416,23.7809379,0.02712341,3,3,0,0
Zone_DH435,3016282529,90.3595845,23.7787486,0.0659382,3,3,0,0
Zone_DH435,4611404204,90.3690959,23.7876515,0.0,4,1,0,0
Zone_DH435,4611404206,90.3679362,23.788541,0.0,4,1,0,0
Zone_DH435,4611404208,90.3679979,23.7888114,0.00212709,4,3,0,1
Zone_DH435,4611404210,90.3679899,23.789142,0.06060603,3,3,0,1
Zone_DH435,4611404211,90.3705507,23.7874716,0.02551776,3,3,0,1
Zone_DH435,5344293300,90.3745235,23.7807144,0.01474188,4,4,0,0
Zone_DH435,12104118709,90.3623457,23.7927501,0.0,4,1,0,0
Zone_DH435,12104118711,90.3622831,23.7928611,0.00212709,4,3,0,1
Zone_DH435,348369338,90.3585875,23.7925588,0.02213944,3,3,0,0
Zone_DH435,4611248581,90.3593639,23.7936531,0.0,4,1,0,0
Zone_DH435,4611248582,90.3595669,23.7931326,0.00757703,4,3,0,1
Zone_DH435,4611248587,90.3606405,23.7929648,0.0113579,4,3,0,0
Zone_DH435,4595765713,90.3616333,23.7817074,0.00646564,4,3,0,1
Zone_DH435,4493890003,90.3581589,23.7877235,0.00742529,4,3,0,0
Zone_DH435,4493890004,90.3581387,23.7877057,0.00952917,4,3,0,1
Zone_DH435,4595765715,90.3611003,23.7817744,0.0,4,1,0,0
Zone_DH435,4493890006,90.357349,23.7877313,0.0,4,1,0,0
Zone_DH435,4493890007,90.3586929,23.788319,0.00636599,4,4,0,1
Zone_DH435,4493890013,90.3570996,23.7867171,0.00633938,4,3,0,0
Zone_DH435,4595765740,90.3616966,23.7813656,0.00874503,4,3,0,0
Zone_DH435,3013841393,90.3664863,23.7725911,0.00756174,4,2,0,0
Zone_DH435,3013841394,90.3672943,23.7729586,0.00809054,4,2,0,0
Zone_DH435,4595765745,90.3603407,23.7814927,0.09636124,2,3,0,0
Zone_DH435,4914074104,90.3563164,23.7755251,0.0,4,1,0,0
Zone_DH435,4914074105,90.3582591,23.77665,0.0,4,1,0,0
Zone_DH435,4595765754,90.3603037,23.7818164,0.09679266,2,3,0,0
Zone_DH435,4914074107,90.3579234,23.7764406,0.0,4,1,0,0
Zone_DH435,4595765758,90.3639536,23.7860118,0.09596237,2,3,0,1
Zone_DH435,4595765760,90.3638811,23.7863645,0.0,4,1,0,0
Zone_DH435,4395708929,90.3615174,23.7792406,0.00711956,4,3,0,1
Zone_DH435,4595765762,90.3639818,23.7860408,0.0960439,2,3,0,1
Zone_DH435,4494365186,90.3782903,23.7916544,0.0,4,1,0,0
Zone_DH435,4595765764,90.3638564,23.7855019,0.02719956,3,3,0,1
Zone_DH435,4595765761,90.3641254,23.7857959,0.0,4,1,0,0
Zone_DH435,4595765763,90.3633917,23.7852403,0.0,4,1,0,0
Zone_DH435,4595765766,90.3635924,23.7854519,0.0,4,1,0,0
Zone_DH435,4914074117,90.3576657,23.7753594,0.00117706,4,3,0,1
Zone_DH435,4595765771,90.362183,23.7857161,0.06988835,3,4,0,1
Zone_DH435,4595765772,90.3639405,23.7845816,0.05729083,3,3,0,0
Zone_DH435,4595765775,90.3639011,23.7852421,0.02688138,3,3,0,1
Zone_DH435,12104118800,90.3622343,23.7918021,0.0,4,1,0,0
Zone_DH435,8839942675,90.3680303,23.7791986,0.03155198,3,3,0,0
Zone_DH435,11993256470,90.3603194,23.7827771,0.0032181,4,3,0,1
Zone_DH435,11993256471,90.3608762,23.7823848,0.01438576,4,3,0,0
Zone_DH435,11993256473,90.3609513,23.7831813,0.0,4,1,0,0
Zone_DH435,11993256476,90.3602258,23.7835519,0.0,4,1,0,0
Zone_DH435,11993256477,90.3606183,23.7831588,0.0,4,1,0,0
Zone_DH435,11993256478,90.3606408,23.7827993,0.00331888,4,3,0,1
Zone_DH435,11993256481,90.3616268,23.7795679,0.0,4,1,0,0
Zone_DH435,11993256483,90.3622067,23.7792974,0.0038958,4,3,0,1
Zone_DH435,11993256484,90.362414,23.7789849,0.0,4,1,0,0
Zone_DH435,4595782185,90.3611301,23.784395,0.01511895,4,3,0,0
Zone_DH435,11993256490,90.3589729,23.7817539,0.00212709,4,3,0,1
Zone_DH435,3713266219,90.3549355,23.7796217,0.00105873,4,2,0,0
Zone_DH435,11993256489,90.3586882,23.781768,0.0,4,1,0,0
Zone_DH435,11993256493,90.3599067,23.7786702,0.02580084,3,3,0,1
Zone_DH435,3720696365,90.3680576,23.791655,0.04879576,3,4,0,1
Zone_DH435,3720696368,90.3671604,23.7910329,0.05589664,3,3,0,1
Zone_DH435,3720696371,90.3652465,23.7905023,0.0,4,1,0,0
Zone_DH435,3720696372,90.3646785,23.7905224,0.02410121,3,3,0,1
Zone_DH435,11993256499,90.3601698,23.7794968,0.0,4,1,0,0
Zone_DH435,4903178814,90.3686909,23.7774699,0.0,4,3,0,0
Zone_DH435,3720704583,90.3645857,23.7912642,0.02555569,3,3,0,0
Zone_DH435,4421628489,90.3656063,23.7853615,0.0,4,1,0,0
Zone_DH435,4421628519,90.3652059,23.7859031,0.04862478,3,3,0,1
Zone_DH435,5895541354,90.3621311,23.7719905,0.0,4,1,0,0
Zone_DH435,4421628541,90.3659122,23.7861828,0.04862931,3,3,0,1
Zone_DH435,5758415493,90.3639386,23.7762583,0.02109939,4,3,0,0
Zone_DH435,5758415494,90.3638431,23.7761263,0.11508725,2,3,0,0
Zone_DH435,4493824649,90.3587329,23.7893231,0.00266722,4,3,0,1
Zone_DH435,4493824655,90.3598486,23.7891956,0.06713677,3,3,0,0
Zone_DH435,13230576317,90.3588508,23.7786957,0.00552354,4,2,0,0
Zone_DH435,13230576322,90.3584986,23.7787419,0.00570697,4,2,0,0
Zone_DH435,4914074323,90.3574066,23.7763404,0.0,4,1,0,0
Zone_DH435,4914074327,90.3584439,23.7752851,0.00531575,4,3,0,1
Zone_DH435,4914074334,90.3580393,23.7752398,0.00324697,4,3,0,1
Zone_DH435,4914074335,90.3572346,23.7753952,0.00751135,4,3,0,1
Zone_DH435,4914074341,90.3565505,23.7747285,0.00636882,4,3,0,1
Zone_DH435,4914074345,90.3561117,23.7750347,0.00424853,4,2,0,1
Zone_DH435,4914074348,90.3560581,23.775225,0.00318809,4,2,0,1
Zone_DH435,4516729584,90.3628108,23.788968,0.08266167,3,3,0,1
Zone_DH435,4516729587,90.3614002,23.7886969,0.0314512,3,3,0,0
Zone_DH435,4516729588,90.3610215,23.7892095,0.05367839,3,3,0,0
Zone_DH435,4595782390,90.3610109,23.7849542,0.01172761,4,3,0,0
Zone_DH435,4595782392,90.3608683,23.7854724,0.08570595,2,4,0,0
Zone_DH435,4611248889,90.3599382,23.7928079,0.00608517,4,3,0,0
Zone_DH435,4595782396,90.3643205,23.7840661,0.04409204,3,3,0,0
Zone_DH435,4595782397,90.365054,23.7839201,0.04254979,3,3,0,0
Zone_DH435,4611248894,90.3582062,23.7939251,0.0,4,2,0,0
Zone_DH435,4595782398,90.3650399,23.7835378,0.00270345,4,3,0,0
Zone_DH435,4595782399,90.3650597,23.7836374,0.00183835,4,3,0,0
Zone_DH435,4611248896,90.3576426,23.7938082,5.7e-07,4,2,0,0
Zone_DH435,4611248899,90.3582176,23.793275,0.00530896,4,3,0,1
Zone_DH435,4611248901,90.3578563,23.7931966,0.00318809,4,3,0,1
Zone_DH435,4611248903,90.3574271,23.7931624,0.0,4,1,0,0
Zone_DH435,3739988770,90.3770767,23.7844726,0.00224939,4,3,0,0
Zone_DH435,3739988771,90.3782215,23.7843726,0.00858028,4,3,0,0
Zone_DH435,11991642916,90.3731219,23.7947137,0.0,4,1,0,0
Zone_DH435,11991642919,90.3735153,23.7946473,0.00187119,4,3,0,1
Zone_DH435,4493243187,90.3574486,23.7929559,0.00106383,4,3,0,1
Zone_DH435,4595782459,90.3658094,23.7836151,0.04116948,3,3,0,0
Zone_DH435,7466406724,90.3561813,23.7810152,0.0,4,1,0,0
Zone_DH435,8537379652,90.3746741,23.7737453,0.00150657,4,3,0,0
Zone_DH435,3739956046,90.3768858,23.7849553,0.00923194,4,3,0,0
Zone_DH435,4595766094,90.3634105,23.7836618,0.0,4,1,0,0
Zone_DH435,4595766096,90.3635016,23.7842927,0.10376021,2,3,0,0
Zone_DH435,4595766098,90.3632376,23.7842124,0.00106383,4,3,0,1
Zone_DH435,4595766100,90.3627973,23.7847259,0.02598711,3,3,0,0
Zone_DH435,4595766108,90.362165,23.7845644,0.00406792,4,3,0,0
Zone_DH435,7466406756,90.3734547,23.7820424,0.0,4,2,0,0
Zone_DH435,7466406758,90.3725105,23.7823602,0.0,4,1,0,0
Zone_DH435,7466406771,90.3723891,23.7821666,0.0,4,1,0,0
Zone_DH435,7466406772,90.3727908,23.7823639,0.00530896,4,3,0,1
Zone_DH435,7466406773,90.3729236,23.7823774,0.00742529,4,3,0,1
Zone_DH435,7466406776,90.3725593,23.7825661,0.01863089,4,3,0,1
Zone_DH435,7466406777,90.3743113,23.7817461,0.01564945,4,3,0,1
Zone_DH435,4613329790,90.3694376,23.7890998,0.06907703,3,3,0,1
Zone_DH435,4613329791,90.3678538,23.7875016,0.06098876,3,3,0,0
Zone_DH435,4613329793,90.3671085,23.7871248,0.03906843,3,4,0,0
Zone_DH435,3713299330,90.364868,23.7809901,0.03625712,3,3,0,0
Zone_DH435,7466406790,90.3740367,23.7818276,0.0,4,1,0,0
Zone_DH435,3713299336,90.3638724,23.7814551,0.00195271,4,3,0,0
Zone_DH435,7466406795,90.3741914,23.7829975,0.0,4,1,0,0
Zone_DH435,7466406798,90.3754305,23.782751,0.02125508,4,3,0,1
Zone_DH435,7466406799,90.3740984,23.7824388,0.0,4,1,0,0
Zone_DH435,7466406800,90.3624767,23.7760896,0.00212709,4,3,0,1
Zone_DH435,4603376529,90.3705718,23.7888338,0.0,4,1,0,0
Zone_DH435,3713299346,90.3630821,23.7816686,0.04674482,3,3,0,0
Zone_DH435,7466406802,90.3625113,23.7759589,0.0,4,1,0,0
Zone_DH435,7466406804,90.3556985,23.7764793,0.0,4,1,0,0
Zone_DH435,7466406801,90.3620754,23.7760313,0.0,4,1,0,0
Zone_DH435,3713299350,90.3631482,23.7823566,0.06165598,3,3,0,0
Zone_DH435,4603376534,90.370973,23.7882727,0.00212709,4,3,0,1
Zone_DH435,4494365590,90.3779977,23.7926946,0.00212709,4,3,0,1
Zone_DH435,4603376539,90.3709268,23.7878319,0.0,4,1,0,0
Zone_DH435,11332522910,90.3680779,23.7870057,0.04752132,3,3,0,1
Zone_DH435,5774308255,90.3636057,23.7720593,0.00049596,4,2,0,0
Zone_DH435,4506588062,90.3629517,23.7889477,0.10226184,2,3,0,0
Zone_DH435,11332522913,90.3678052,23.7865619,0.0,4,1,0,0
Zone_DH435,5763036072,90.3646168,23.772291,0.00261626,4,3,0,0
Zone_DH435,7466406825,90.3558051,23.7759417,0.00106383,4,2,0,1
Zone_DH435,3096941486,90.369993,23.7740246,0.00525517,4,3,0,0
Zone_DH435,4603376560,90.3715366,23.7887439,0.00911417,4,3,0,0
Zone_DH435,3718108084,90.3619177,23.7939828,0.00474902,4,3,0,0
Zone_DH435,4603376565,90.373247,23.7897569,0.0,4,1,0,0
Zone_DH435,4603376566,90.3731856,23.7901441,0.02508917,3,3,0,1
Zone_DH435,3731919802,90.3551342,23.785099,0.03872646,3,3,0,1
Zone_DH435,3731919803,90.3551707,23.784468,0.00318979,4,4,0,1
Zone_DH435,3731919804,90.3551831,23.7841507,0.0,4,1,0,0
Zone_DH435,3739980730,90.376497,23.7832453,0.0,4,1,0,0
Zone_DH435,4595676122,90.3621083,23.7845674,0.00237564,4,3,0,0
Zone_DH435,4595676123,90.362034,23.7850001,0.02027844,4,3,0,0
Zone_DH435,4595676125,90.3624457,23.7846396,0.02552399,3,3,0,0
Zone_DH435,4595676127,90.3623123,23.78507,0.0240293,3,4,0,0
Zone_DH435,4595676128,90.3617977,23.7841915,0.00106383,4,3,0,1
Zone_DH435,4595676129,90.3617928,23.7845624,0.00334719,4,3,0,0
Zone_DH435,4595676131,90.3617618,23.7849289,0.02194184,3,3,0,0
Zone_DH435,4595676134,90.3615059,23.78558,0.08733029,2,3,0,0
Zone_DH435,4595676135,90.3628942,23.7859175,0.10194818,2,3,0,0
Zone_DH435,379950069,90.3753905,23.7859934,0.00923647,4,3,0,0
Zone_DH435,10140152824,90.3713071,23.777185,0.03772774,3,3,0,0
Zone_DH435,10140152825,90.371281,23.7772737,0.00848686,4,3,0,0
Zone_DH435,10140152826,90.3712441,23.777216,0.03754543,3,4,0,0
Zone_DH435,10140152827,90.3711612,23.7777029,0.00854178,4,3,0,0
Zone_DH435,10140152828,90.3708966,23.7781879,0.01514047,4,3,0,0
Zone_DH435,10140152829,90.37101,23.7782151,0.00924722,4,3,0,0
Zone_DH435,10140152830,90.3708619,23.7787552,0.00994587,4,3,0,0
Zone_DH435,4427265031,90.3632974,23.7781026,0.06103065,3,3,0,0
Zone_DH435,379950088,90.3745489,23.788429,0.03642669,3,3,0,0
Zone_DH435,4595676172,90.3647357,23.785248,0.0,4,1,0,0
Zone_DH435,379950094,90.3746529,23.7901466,0.02514352,3,4,0,0
Zone_DH435,4595676177,90.364701,23.786818,0.06616551,3,3,0,1
Zone_DH435,4595676178,90.3641952,23.7866029,0.0,4,1,0,0
Zone_DH435,4595676179,90.3640107,23.7871598,0.0,4,1,0,0
Zone_DH435,4595676180,90.3643327,23.7873226,0.02066627,4,3,0,1
Zone_DH435,4595676181,90.3632793,23.7880577,0.0,4,1,0,0
Zone_DH435,4595676182,90.3629172,23.7880012,0.02095671,4,3,0,1
Zone_DH435,4595676183,90.3636495,23.7879878,0.00207954,4,3,0,1
Zone_DH435,4595676184,90.3634598,23.7882998,0.0,4,1,0,0
Zone_DH435,9768850473,90.363679,23.7762398,0.13075312,1,3,0,0
Zone_DH435,9768850474,90.3637684,23.776367,0.14653052,1,3,0,0
Zone_DH435,6556709961,90.3793686,23.781363,0.0014409,4,2,0,0
Zone_DH435,4427265109,90.3634408,23.7784783,0.02813148,3,3,0,0
Zone_DH435,11350488172,90.3742349,23.7879476,0.0,4,3,0,0
Zone_DH435,11350488173,90.3746949,23.7880794,0.01297261,4,3,0,0
Zone_DH435,8909976684,90.3676595,23.7902587,0.00212709,4,3,0,1
Zone_DH435,8909976685,90.3670428,23.7900354,0.0,4,1,0,0
Zone_DH435,8909976686,90.3663976,23.7899151,0.02091708,4,3,0,1
Zone_DH435,4595676291,90.3641144,23.7874545,0.01970208,4,3,0,0
Zone_DH435,4427265158,90.3636904,23.7786841,0.02817281,3,3,0,0
Zone_DH435,4595676295,90.3638072,23.7880564,0.00208406,4,3,0,1
Zone_DH435,4595676298,90.3637894,23.7873283,0.01969359,4,3,0,0
Zone_DH435,3717076111,90.3721517,23.7913195,0.00327868,4,3,0,0
Zone_DH435,4595676315,90.3617833,23.7874498,0.0,4,1,0,0
Zone_DH435,4595676317,90.3617921,23.7871,0.00165264,4,3,0,1
Zone_DH435,4595676320,90.3620832,23.7875524,0.0,4,1,0,0
Zone_DH435,4595676323,90.3624279,23.7872052,0.00152129,4,3,0,1
Zone_DH435,4595676326,90.3626453,23.7866843,0.02170235,3,3,0,0
Zone_DH435,4595676327,90.3615969,23.7868722,0.02758258,3,3,0,0
Zone_DH435,4595676331,90.3614375,23.7862798,0.00645545,4,3,0,0
Zone_DH435,3713283243,90.3704732,23.7882577,0.0,4,1,0,0
Zone_DH435,4595676333,90.3615216,23.7862682,0.00594816,4,3,0,1
Zone_DH435,4595676334,90.3615739,23.7855968,0.07089613,3,3,0,0
Zone_DH435,4595676335,90.3625598,23.7866045,0.04231767,3,3,0,0
Zone_DH435,3713283250,90.3700911,23.7865045,0.08568897,2,3,0,0
Zone_DH435,4595676342,90.3617759,23.78681,0.02438826,3,3,0,0
Zone_DH435,4595676343,90.361453,23.7868743,0.02529016,3,3,0,0
Zone_DH435,4595676351,90.3626912,23.7881794,0.01124806,4,3,0,1
Zone_DH435,4595676353,90.3623021,23.788052,0.02012444,4,3,0,0
Zone_DH435,4595676355,90.3619088,23.7879801,0.01903797,4,3,0,1
Zone_DH435,11174376644,90.3776263,23.7825879,0.00543408,4,3,0,1
Zone_DH435,4595676358,90.3611083,23.7880578,0.06621052,3,3,0,0
Zone_DH435,11174376649,90.3769423,23.7825706,0.0,4,1,0,0
Zone_DH435,4861269201,90.3567875,23.7752182,0.0,4,1,0,0
Zone_DH435,4861269203,90.3567859,23.7755321,0.00212709,4,3,0,1
Zone_DH435,4599092436,90.3650535,23.7922963,0.03608076,3,3,0,0
Zone_DH435,4861269206,90.3566217,23.7762378,0.0,4,1,0,0
Zone_DH435,4114617590,90.3654077,23.7930606,0.02191693,3,3,0,0
Zone_DH435,12047152398,90.3673854,23.7888843,0.0,4,1,0,0
Zone_DH435,12047152400,90.3660151,23.790759,0.09804955,2,3,0,0
Zone_DH435,12047152401,90.3660799,23.790794,0.07395174,3,3,0,0
Zone_DH435,12047152402,90.3659249,23.7909332,0.05292256,3,3,0,0
Zone_DH435,12047152403,90.3657218,23.7915451,0.02561854,3,3,0,0
Zone_DH435,12047152404,90.3656501,23.7915148,0.00978735,4,3,0,0
Zone_DH435,12047152406,90.3652489,23.7952424,0.0,4,2,0,0
Zone_DH435,4493751576,90.3591715,23.7910382,0.07248876,3,3,0,1
Zone_DH435,4493751579,90.3584576,23.7907864,0.0,4,1,0,0
Zone_DH435,4493751583,90.3587656,23.7889006,0.0,4,1,0,0
Zone_DH435,10936349996,90.3606166,23.7945681,0.0,4,1,0,0
Zone_DH435,4493825334,90.3577168,23.7914099,0.02835087,3,3,0,0
Zone_DH435,11414107448,90.3618774,23.7776045,0.10310119,2,3,0,1
Zone_DH435,11414107450,90.3624316,23.7781033,0.0,4,1,0,0
Zone_DH435,4493825339,90.3580895,23.7902039,0.00010984,4,3,0,0
Zone_DH435,11414107455,90.3659494,23.7760153,0.01394925,4,3,0,1
Zone_DH435,11414107457,90.3666962,23.7763495,0.0,4,1,0,0
Zone_DH435,4493825349,90.3580667,23.7891068,0.01518689,4,3,0,0
Zone_DH435,11414107463,90.368399,23.7765506,0.0,4,2,0,0
Zone_DH435,4493825352,90.3581148,23.7887091,0.03244596,3,3,0,0
Zone_DH435,11414107464,90.3684244,23.7764764,0.0,4,2,0,0
Zone_DH435,11414107467,90.3674633,23.7764747,0.0,4,1,0,0
Zone_DH435,13483095379,90.3788819,23.7765632,0.0008351,4,2,0,0
Zone_DH435,13483095380,90.3789222,23.7763981,0.00020156,4,2,0,0
Zone_DH435,5762733397,90.3642927,23.7736055,0.01797301,4,3,0,0
Zone_DH435,4417893730,90.3630624,23.7914563,0.00966732,4,3,0,1
Zone_DH435,12102727014,90.3749259,23.7909959,0.0,4,1,0,0
Zone_DH435,12102727017,90.3753444,23.7910945,0.00596798,4,3,0,1
Zone_DH435,3720705402,90.3659961,23.7909634,0.02508974,3,3,0,0
Zone_DH435,11350373760,90.376789,23.7800088,0.0,4,1,0,0
Zone_DH435,11350373762,90.3768595,23.7811632,0.0015128,4,3,0,0
Zone_DH435,6643111319,90.359583,23.7776967,0.00192101,4,3,0,1
Zone_DH435,6643111320,90.3589358,23.7775936,0.0,4,1,0,0
Zone_DH435,6643111321,90.3596358,23.7773393,0.00106383,4,3,0,1
Zone_DH435,6643111322,90.358998,23.7772537,0.0,4,1,0,0
Zone_DH435,6643111325,90.3577311,23.7775577,0.00212709,4,3,0,1
Zone_DH435,6643111326,90.3582304,23.7775689,0.0,4,1,0,0
Zone_DH435,6643111329,90.3581833,23.7779637,0.0,4,1,0,0
Zone_DH435,4588803490,90.371873,23.7871182,0.00425022,4,3,0,1
Zone_DH435,6643111332,90.357725,23.7779449,0.00425022,4,3,0,1
Zone_DH435,6643111343,90.3634996,23.779033,0.00040085,4,3,0,0
Zone_DH435,10973959631,90.3713658,23.7799006,0.00656076,4,3,0,0
Zone_DH435,9819944402,90.3682727,23.7789712,0.00066808,4,3,0,0
Zone_DH435,9819944404,90.3677775,23.7783839,0.0218071,3,4,0,0
Zone_DH435,2894091739,90.3764856,23.7906263,0.00751248,4,3,0,0
Zone_DH435,9819944412,90.3686701,23.7775387,0.0,4,3,0,0
Zone_DH435,9819944413,90.3681925,23.7790335,0.02464983,3,3,0,0
Zone_DH435,4588803552,90.3726659,23.7870141,0.01249476,4,3,0,1
Zone_DH435,2894091744,90.3772816,23.7910595,0.00520592,4,3,0,1
Zone_DH435,4452644365,90.3709502,23.7811273,0.06519199,3,3,0,0
Zone_DH435,4452644368,90.3715473,23.7813809,0.06508215,3,3,0,1
Zone_DH435,4948145691,90.3622766,23.7838973,0.0,4,1,0,0
Zone_DH435,386045471,90.3756121,23.7820841,0.02582293,3,4,0,1
Zone_DH435,10591802941,90.3739284,23.7750251,0.01236341,4,3,0,0
Zone_DH435,4611405374,90.3704907,23.7856741,0.0,4,1,0,0
Zone_DH435,10591802942,90.3687985,23.7739115,0.00170756,4,2,0,0
Zone_DH435,10591802946,90.3676973,23.7736388,0.01725907,4,3,0,0
Zone_DH435,10591802950,90.3735926,23.7759936,0.0,4,1,0,0
Zone_DH435,11993290311,90.3621083,23.7884472,0.00212709,4,3,0,1
Zone_DH435,10591802951,90.3737616,23.7755107,0.00106383,4,3,0,1
Zone_DH435,10591802953,90.3748903,23.7755088,0.01030313,4,3,0,1
Zone_DH435,10591802954,90.3747513,23.7759568,0.0,4,1,0,0
Zone_DH435,11993290312,90.3618642,23.7883822,0.0,4,1,0,0
Zone_DH435,3732452946,90.3560776,23.7781576,0.01267141,4,3,0,1
Zone_DH435,3732452947,90.3564732,23.7780376,0.0,4,1,0,0
Zone_DH435,11993290325,90.366278,23.793329,0.0,4,1,0,0
Zone_DH435,11993290326,90.3658668,23.7924319,0.02580424,3,3,0,1
Zone_DH435,11993290330,90.3673633,23.7924527,0.0080277,4,3,0,1
Zone_DH435,11993290331,90.3678575,23.7924882,0.0,4,1,0,0
Zone_DH435,11993290332,90.3667401,23.7925652,0.02129528,4,3,0,1
Zone_DH435,11993290333,90.3668905,23.7922931,0.0,4,1,0,0
Zone_DH435,348354146,90.3587731,23.7915853,0.0756961,3,3,0,0
Zone_DH435,348354147,90.3587716,23.7916319,0.04996037,3,3,0,0
Zone_DH435,6190544505,90.3644843,23.7730711,0.00968714,4,4,0,0
Zone_DH435,6190544506,90.3643689,23.7734019,0.01626997,4,4,0,0
Zone_DH435,12045391483,90.3677435,23.7854671,0.01689672,4,3,0,1
Zone_DH435,11409372797,90.363715,23.7893713,0.0,4,1,0,0
Zone_DH435,11409372798,90.3639156,23.7893501,0.00212709,4,3,0,1
Zone_DH435,11409372799,90.3632926,23.789843,0.00212709,4,3,0,1
Zone_DH435,11409372800,90.3633502,23.7893443,0.0,4,1,0,0
Zone_DH435,11409372801,90.3627649,23.7895207,0.0,4,1,0,0
Zone_DH435,11409372802,90.3625053,23.7889777,0.08273754,2,3,0,1
Zone_DH435,4452636291,90.3742458,23.7853602,0.0,4,1,0,0
Zone_DH435,12045391490,90.3668464,23.7851987,0.0,4,1,0,0
Zone_DH435,12045391487,90.367624,23.7849997,0.0,4,1,0,0
Zone_DH435,11409372806,90.3625061,23.7894155,0.00212709,4,3,0,1
Zone_DH435,12045391495,90.3645255,23.7878173,0.0,4,1,0,0
Zone_DH435,379950728,90.3741868,23.7901247,0.02338784,3,3,0,0
Zone_DH435,11409372807,90.3626435,23.7894609,0.0,4,1,0,0
Zone_DH435,379950730,90.3737645,23.7901096,0.0297159,3,3,0,0
Zone_DH435,11409372808,90.362449,23.7895928,0.0,4,1,0,0
Zone_DH435,11409372815,90.3617299,23.7905922,0.0,4,1,0,0
Zone_DH435,11409372816,90.3614878,23.7903455,0.0,4,1,0,0
Zone_DH435,11409372817,90.3615262,23.7900189,0.01000645,4,3,0,1
Zone_DH435,11409372818,90.360444,23.7901141,0.0093916,4,3,0,1
Zone_DH435,11409372821,90.3605001,23.7906246,0.00212709,4,3,0,1
Zone_DH435,11409372822,90.3602895,23.7906695,0.0,4,1,0,0
Zone_DH435,11409372825,90.3607978,23.7903695,0.0,4,1,0,0
Zone_DH435,10694760091,90.3697247,23.7760821,0.00055598,4,4,0,0
Zone_DH435,10694760092,90.369825,23.776025,0.00268194,4,3,0,0
Zone_DH435,10694760093,90.3701806,23.7744102,0.00482772,4,3,0,0
Zone_DH435,11409372830,90.3605848,23.7881464,0.02642193,3,3,0,1
Zone_DH435,10694760094,90.3702735,23.7744362,0.00247076,4,3,0,0
Zone_DH435,10694760096,90.3691807,23.7758783,0.00724639,4,3,0,0
Zone_DH435,10694760097,90.3689563,23.7765988,0.00260381,4,4,0,0
Zone_DH435,10694760098,90.3688605,23.7766542,0.01592065,4,4,0,0
Zone_DH435,10694760095,90.3690994,23.7759234,0.00820378,4,3,0,0
Zone_DH435,10694760100,90.369523,23.7768083,0.0,4,3,0,0
Zone_DH435,11332531877,90.3682574,23.7917713,0.02645817,3,3,0,1
Zone_DH435,10694760101,90.3695457,23.7767286,0.00190402,4,4,0,0
Zone_DH435,10694760099,90.3696181,23.7767415,0.00081019,4,3,0,0
Zone_DH435,11409372840,90.3597395,23.7896764,0.08127512,3,3,0,1
Zone_DH435,11409372833,90.3607726,23.7884602,0.0,4,1,0,0
Zone_DH435,11409372834,90.3590453,23.7899561,0.0,4,1,0,0
Zone_DH435,4493244092,90.3571814,23.7928906,5.66e-06,4,2,0,0
Zone_DH435,2320086724,90.3701184,23.7778217,0.04588679,3,3,0,0
Zone_DH435,1813542599,90.3625051,23.7729601,0.00731433,4,3,0,0
Zone_DH435,1813542600,90.3613257,23.7726568,0.00192893,4,3,0,0
Zone_DH435,1813542602,90.3614653,23.7721871,7.247e-05,4,2,0,0
Zone_DH435,2320086734,90.3711541,23.779326,0.01209618,4,3,0,0
Zone_DH435,2320086738,90.371977,23.7746794,0.03133853,3,3,0,0
Zone_DH435,348403414,90.3587099,23.79383,0.00847893,4,3,0,1
Zone_DH435,379893488,90.3586347,23.7732953,0.0,4,1,0,0
Zone_DH435,11416278771,90.3730536,23.7847318,0.0,4,1,0,0
Zone_DH435,11416278774,90.3729359,23.7836408,0.0,4,1,0,0
Zone_DH435,4613338872,90.3674593,23.7947729,0.00106383,4,3,0,1
Zone_DH435,4613314298,90.3664851,23.7866522,0.0,4,1,0,0
Zone_DH435,4613314301,90.3669314,23.7867596,0.02248536,3,3,0,1
Zone_DH435,5764912911,90.3639705,23.7745122,0.11198691,2,4,0,0
Zone_DH435,5764912912,90.3589852,23.7732782,0.02613262,3,3,0,0
Zone_DH435,12778051368,90.3600155,23.7744376,0.0,4,1,0,0
Zone_DH435,12778051370,90.3597605,23.7740403,0.0,4,1,0,0
Zone_DH435,12778051372,90.3601877,23.7746823,0.00212709,4,3,0,1
Zone_DH435,12778051373,90.3599384,23.7747076,0.0,4,1,0,0
Zone_DH435,12778051376,90.3597753,23.7748992,0.0,4,1,0,0
Zone_DH435,3415709491,90.3747136,23.7920846,0.01866996,4,3,0,0
Zone_DH435,3415709492,90.3748827,23.7921768,0.01963358,4,3,0,0
Zone_DH435,4505556819,90.3629157,23.7796497,0.00335171,4,3,0,0
Zone_DH435,4505556824,90.3643306,23.7796321,0.03295919,3,3,0,0
Zone_DH435,11372492649,90.369653,23.7798279,0.0216831,3,3,0,1
Zone_DH435,11372492661,90.3704809,23.7804374,0.0,4,1,0,0
Zone_DH435,6784325498,90.3711002,23.7844765,0.00505531,4,3,0,0
Zone_DH435,6784325502,90.3704079,23.7840858,0.00525008,4,3,0,1
Zone_DH435,6784325503,90.370483,23.7837543,0.0,4,1,0,0
Zone_DH435,4489672587,90.3696611,23.7935762,0.0,4,1,0,0
Zone_DH435,11991447435,90.3664113,23.7889416,0.08252466,3,3,0,0
Zone_DH435,6949640077,90.3577336,23.7788423,0.01060772,4,3,0,1
Zone_DH435,11991447438,90.36659,23.7886945,0.08669675,2,3,0,0
Zone_DH435,386045838,90.3739521,23.786721,0.03082106,3,3,0,0
Zone_DH435,11991447440,90.3682754,23.788804,0.0,4,1,0,0
Zone_DH435,6949640080,90.3582103,23.7769484,0.0,4,1,0,0
Zone_DH435,11991447436,90.3665043,23.7889563,0.04560371,3,3,0,0
Zone_DH435,11991447437,90.3665188,23.788667,0.15778509,1,3,0,0
Zone_DH435,11991447444,90.3700415,23.7931473,0.0,4,1,0,0
Zone_DH435,11991447445,90.3692938,23.7932019,0.02310192,3,3,0,1
Zone_DH435,386045847,90.3740325,23.7883517,0.0364833,3,3,0,0
Zone_DH435,4505556887,90.3635368,23.7809385,0.0012886,4,3,0,0
Zone_DH435,11991447448,90.3698623,23.7932196,0.0,4,1,0,0
Zone_DH435,386045850,90.3741692,23.7885328,0.04077656,3,3,0,0
Zone_DH435,11991447451,90.3706093,23.7940182,0.00773782,4,3,0,1
Zone_DH435,11991447450,90.3698131,23.7937953,0.0,4,1,0,0
Zone_DH435,11991447453,90.370646,23.7945205,0.0,4,1,0,0
Zone_DH435,11991447456,90.3684122,23.7948046,0.00212709,4,3,0,1
Zone_DH435,11991447457,90.3685504,23.7949041,0.0,4,1,0,0
Zone_DH435,8064481189,90.3555696,23.7795039,0.00527838,4,3,0,0
Zone_DH435,8064481193,90.3549128,23.7787543,0.00107119,4,3,0,0
Zone_DH435,386045869,90.3718751,23.7874324,0.00945954,4,3,0,1
Zone_DH435,7241848762,90.3587787,23.7840778,0.01690125,4,3,0,0
Zone_DH435,7241848765,90.3582114,23.7840369,0.00036744,4,3,0,0
Zone_DH435,7241848766,90.3587697,23.7843138,0.01793167,4,3,0,0
Zone_DH435,7241848772,90.3557593,23.7834224,0.00106383,4,3,0,1
Zone_DH435,7241955296,90.3552887,23.7834352,0.0,4,1,0,0
Zone_DH435,348395490,90.3606666,23.7926624,0.0339146,3,3,0,0
Zone_DH435,4609038309,90.3763616,23.7930539,0.00892168,4,3,0,0
Zone_DH435,348395494,90.3604581,23.7921551,0.02832652,3,3,0,0
Zone_DH435,3718109157,90.3629423,23.7952867,0.00742303,4,2,0,1
Zone_DH435,3718109159,90.36276,23.7948488,0.00425022,4,3,0,1
Zone_DH435,3718109160,90.3627045,23.7943526,0.0,4,1,0,0
Zone_DH435,7030626283,90.3734322,23.7759297,0.0,4,1,0,0
Zone_DH435,7030626284,90.3733809,23.7754631,0.0,4,1,0,0
Zone_DH435,4497872877,90.361299,23.7903994,0.0,4,1,0,0
Zone_DH435,4609038317,90.3749034,23.7925461,0.01384564,4,3,0,0
Zone_DH435,4497872880,90.3617116,23.7908149,0.00212709,4,3,0,1
Zone_DH435,4497872881,90.3617064,23.7909295,0.01805283,4,3,0,1
Zone_DH435,4599109637,90.3770149,23.7872314,0.01082683,4,3,0,0
Zone_DH435,4599109658,90.3762891,23.7859775,0.0,4,1,0,0
Zone_DH435,4611266590,90.3652949,23.7912196,0.01136809,4,3,0,1
Zone_DH435,4599109663,90.3769055,23.7862655,0.00106383,4,3,0,1
Zone_DH435,4599109665,90.3773278,23.7864553,0.01202767,4,3,0,0
Zone_DH435,11492136994,90.3571863,23.7917293,0.0,4,1,0,0
Zone_DH435,11492136995,90.357553,23.7917679,0.0,4,1,0,0
Zone_DH435,4611266596,90.3652639,23.7919152,0.04590094,3,3,0,0
Zone_DH435,386037797,90.363035,23.7921979,0.02022579,4,3,0,0
Zone_DH435,11492136997,90.3590655,23.7921185,0.0,4,1,0,0
Zone_DH435,6349183010,90.3702258,23.7742578,0.03293569,3,3,0,0
Zone_DH435,7297931305,90.3551465,23.7848136,0.00637109,4,4,0,1
Zone_DH435,11492137002,90.3618241,23.7942949,0.00212653,4,3,0,1
Zone_DH435,4597282858,90.362343,23.7772932,0.12759616,1,3,0,0
Zone_DH435,386037804,90.3621748,23.7928421,0.02000498,4,3,0,1
Zone_DH435,386037805,90.3620985,23.7934178,0.01383941,4,3,0,0
Zone_DH435,4611266604,90.3636252,23.7933166,0.0,4,1,0,0
Zone_DH435,4597282863,90.3606113,23.7799807,0.07712002,3,3,0,0
Zone_DH435,4597282861,90.3603513,23.7783667,0.00645318,4,3,0,0
Zone_DH435,4611266605,90.3637421,23.7933552,0.0,4,1,0,0
Zone_DH435,11492137010,90.3642752,23.7944716,0.0,4,1,0,0
Zone_DH435,11492137007,90.3613654,23.7937457,0.0,4,1,0,0
Zone_DH435,4597282868,90.3593316,23.7800563,0.04359154,3,3,0,0
Zone_DH435,4597282869,90.3655428,23.7828231,0.0,4,1,0,0
Zone_DH435,4599109686,90.375721,23.7878559,0.00376162,4,3,0,1
Zone_DH435,4599109685,90.3758293,23.7874133,0.0,4,1,0,0
Zone_DH435,4599109688,90.3762262,23.7878697,0.00208237,4,3,0,1
Zone_DH435,4597282873,90.3654451,23.7823874,0.04843539,3,3,0,0
Zone_DH435,4597282874,90.3620799,23.7860916,0.0,4,1,0,0
Zone_DH435,4611266619,90.3629605,23.7948458,0.0,4,1,0,0
Zone_DH435,4597282872,90.3655077,23.7824392,0.04507009,3,3,0,1
Zone_DH435,4597282877,90.3650743,23.7848067,0.03310838,3,3,0,1
Zone_DH435,4611266622,90.3625674,23.7948508,0.0,4,1,0,0
Zone_DH435,4599109695,90.3754505,23.7858576,0.00830965,4,3,0,1
Zone_DH435,4599109696,90.3750079,23.7859101,0.00268081,4,3,0,0
Zone_DH435,4599109697,90.3749425,23.7862614,0.00076206,4,3,0,0
Zone_DH435,4599109698,90.3736911,23.7862581,0.04104152,3,3,0,0
Zone_DH435,4611266626,90.3619333,23.7939008,0.00426551,4,3,0,0
Zone_DH435,4611266628,90.3620033,23.7936795,0.00481696,4,3,0,1
Zone_DH435,4599109699,90.3737354,23.7859073,0.04470067,3,3,0,0
Zone_DH435,4599109694,90.3747992,23.7857223,0.0,4,1,0,0
Zone_DH435,4611266625,90.3614267,23.793817,0.00106383,4,3,0,1
Zone_DH435,4611266630,90.3614197,23.793508,0.0,4,1,0,0
Zone_DH435,4611266634,90.3629597,23.7927998,0.0,4,1,0,0
Zone_DH435,4611266637,90.3613796,23.7934226,0.0,4,1,0,0
Zone_DH435,4611266638,90.3606659,23.7932023,0.00363537,4,3,0,1
Zone_DH435,4611274832,90.3585072,23.7926197,0.00813414,4,3,0,1
Zone_DH435,6393419857,90.3670864,23.7862799,0.13904323,1,4,0,0
Zone_DH435,4611274833,90.3581164,23.7924719,0.0,4,1,0,0
Zone_DH435,4611274834,90.3619234,23.7922843,0.0,4,1,0,0
Zone_DH435,4611266644,90.3629955,23.7911796,0.0,4,1,0,0
Zone_DH435,4611274837,90.3616934,23.793044,0.03049494,3,3,0,1
Zone_DH435,4611274839,90.3640441,23.794008,0.02516787,3,3,0,1
Zone_DH435,4599109720,90.3732654,23.7875043,0.0,4,1,0,0
Zone_DH435,4611274840,90.3635575,23.7938529,0.0,4,1,0,0
Zone_DH435,4611266652,90.3592565,23.7919697,0.0,4,1,0,0
Zone_DH435,4611266653,90.3591117,23.791945,0.00212709,4,3,0,1
Zone_DH435,4611266654,90.3565112,23.7923246,0.0,4,1,0,0
Zone_DH435,4611266656,90.3568529,23.7922345,0.00530556,4,3,0,1
Zone_DH435,4611266657,90.3586817,23.7920644,0.02514239,3,3,0,1
Zone_DH435,4611266660,90.3579734,23.7917695,0.0,4,1,0,0
Zone_DH435,4611266661,90.3578829,23.7915692,0.0,4,1,0,0
Zone_DH435,4611266662,90.3573563,23.7917281,0.00212709,4,3,0,1
Zone_DH435,4611266663,90.3573556,23.7913724,0.02544812,3,3,0,1
Zone_DH435,4611266664,90.3569088,23.7917536,0.01059244,4,3,0,1
Zone_DH435,4611266665,90.3566111,23.7917444,0.0,4,1,0,0
Zone_DH435,4611266666,90.3558922,23.7914986,0.0,4,1,0,0
Zone_DH435,4611266669,90.3562375,23.7914944,0.0,4,1,0,0
Zone_DH435,4611266670,90.3562792,23.7911799,0.00907058,4,3,0,1
Zone_DH435,4611266671,90.3563337,23.7909145,0.0,4,1,0,0
Zone_DH435,4611266672,90.356249,23.7911711,0.00700633,4,3,0,1
Zone_DH435,4611266673,90.3554462,23.7901503,0.0,4,1,0,0
Zone_DH435,4611266674,90.3553771,23.7906698,0.0,4,1,0,0
Zone_DH435,4611266675,90.3557764,23.7904285,0.00629862,4,3,0,1
Zone_DH435,4611266676,90.3554152,23.7903829,0.00212709,4,3,0,1
Zone_DH435,4599109752,90.3729234,23.7852347,0.09723823,2,3,0,0
Zone_DH435,4611266683,90.3561455,23.7926541,0.0,4,1,0,0
Zone_DH435,4611422342,90.3671623,23.7863989,0.04736958,3,3,0,0
Zone_DH435,4599109768,90.374707,23.7832967,0.0358107,3,3,0,0
Zone_DH435,4599109769,90.3746791,23.7834316,0.02919559,3,3,0,0
Zone_DH435,386029711,90.3639689,23.7943528,0.02623226,3,4,0,1
Zone_DH435,4611422351,90.3701569,23.7858715,0.00106383,4,3,0,1
Zone_DH435,386029726,90.3644971,23.7925185,0.0310345,3,3,0,0
Zone_DH435,3731847327,90.358203,23.7842929,0.06856125,3,4,0,0
Zone_DH435,3731847329,90.3581567,23.785239,0.107196,2,3,0,1
Zone_DH435,3450255531,90.3785954,23.7765049,0.00253757,4,3,0,0
Zone_DH435,3450255532,90.3779048,23.7788786,0.00487074,4,4,0,0
Zone_DH435,4609013934,90.3655286,23.7904161,0.0,4,1,0,0
Zone_DH435,4609013935,90.3650037,23.7905331,0.0,4,1,0,0
Zone_DH435,4421695694,90.3627613,23.7859136,0.10330982,2,3,0,0
Zone_DH435,382023891,90.3597378,23.7853245,0.19711537,1,4,1,1
Zone_DH435,4611266793,90.3599447,23.7933136,0.00182306,4,3,0,1
Zone_DH435,4611266795,90.3597372,23.7937254,0.0,4,1,0,0
Zone_DH435,4611266805,90.3621216,23.7946985,0.0,4,1,0,0
Zone_DH435,4611266808,90.361742,23.7946691,0.00106383,4,2,0,1
Zone_DH435,382023930,90.3637388,23.7858774,0.09854523,2,4,0,1
Zone_DH435,382023938,90.3647993,23.7863046,0.10525829,2,3,0,0
Zone_DH435,4114618627,90.3681588,23.7796978,0.05429835,3,3,0,0
Zone_DH435,4114618642,90.3665436,23.7888029,0.11964773,1,3,0,0
Zone_DH435,6087473463,90.3639366,23.7760583,0.11425838,2,3,0,0
Zone_DH435,4595587383,90.3590764,23.7856456,0.00106383,4,3,0,1
Zone_DH435,4601133369,90.3708182,23.7954785,0.00212653,4,2,0,1
Zone_DH435,4493736256,90.3593616,23.7905404,0.07806099,3,3,0,0
Zone_DH435,10940324165,90.3600571,23.7945762,0.00212709,4,3,0,1
Zone_DH435,11337726279,90.3725225,23.7923698,0.0134714,4,3,0,0
Zone_DH435,4415248715,90.3560003,23.7889985,0.00796655,4,3,0,0
Zone_DH435,4493736279,90.3599133,23.7913058,0.00289085,4,4,0,1
Zone_DH435,6687521113,90.3620877,23.7774592,0.12970599,1,3,0,0
Zone_DH435,11492178285,90.3604272,23.7888078,0.00212709,4,3,0,1
Zone_DH435,11492178288,90.3607655,23.7888391,0.0,4,1,0,0
Zone_DH435,11492178290,90.3596512,23.7910126,0.0,4,1,0,0
Zone_DH435,382015869,90.3559716,23.7780043,0.01057319,4,3,0,1
Zone_DH435,4599314820,90.3664589,23.7909613,0.06053695,3,3,0,1
Zone_DH435,3012467078,90.3649391,23.7738178,0.00270572,4,3,0,0
Zone_DH435,3012467079,90.3625418,23.7728144,0.00747002,4,3,0,0
Zone_DH435,386046344,90.3738044,23.7917737,0.02823763,3,3,0,0
Zone_DH435,386046346,90.3735511,23.7922934,0.02009444,4,3,0,0
Zone_DH435,4489673100,90.3711149,23.7933126,0.00795183,4,3,0,1
Zone_DH435,4489673102,90.3712124,23.7928904,0.01145075,4,3,0,0
Zone_DH435,11611027859,90.3713318,23.7905797,0.0,4,1,0,0
Zone_DH435,11611027864,90.3716141,23.7905751,0.00212709,4,3,0,1
Zone_DH435,11611027866,90.3718558,23.790686,0.0,4,1,0,0
Zone_DH435,11611027867,90.3716199,23.7905525,0.00425022,4,3,0,1
Zone_DH435,11611027868,90.3715009,23.7904851,0.0,4,1,0,0
Zone_DH435,4927953311,90.3626451,23.7725082,0.0021622,4,3,0,1
Zone_DH435,3009485216,90.3608751,23.7782363,0.02705208,3,3,0,1
Zone_DH435,11416828321,90.3703439,23.7844522,0.0057868,4,3,0,0
Zone_DH435,11416828323,90.3684627,23.7825876,0.1173137,1,3,0,0
Zone_DH435,11416828324,90.3681967,23.7819423,0.00186835,4,3,0,1
Zone_DH435,2627770804,90.3784496,23.7837321,0.01725624,4,4,0,0
Zone_DH435,2627770805,90.3786088,23.7837586,0.00361838,4,3,0,0
Zone_DH435,2627770810,90.373058,23.7862626,0.0078771,4,3,0,0
Zone_DH435,2627770812,90.373758,23.7862567,0.03225459,3,3,0,0
Zone_DH435,2627770813,90.3727422,23.7862611,0.00824227,4,3,0,1
Zone_DH435,2627770818,90.3731269,23.7867449,0.00303806,4,3,0,0
Zone_DH435,2627770819,90.374589,23.7868932,0.0,4,1,0,0
Zone_DH435,2627770820,90.3751622,23.7870198,0.01119314,4,3,0,1
Zone_DH435,2627770821,90.3743011,23.7871018,0.0,4,1,0,0
Zone_DH435,7129618886,90.37265,23.7806053,0.0,4,1,0,0
Zone_DH435,2627770823,90.3750591,23.7872219,0.01117389,4,3,0,1
Zone_DH435,2627770827,90.3749552,23.7875149,0.01098989,4,3,0,0
Zone_DH435,2627770828,90.3749348,23.7875739,0.01432009,4,3,0,0
Zone_DH435,2627770835,90.3715597,23.7897914,0.06862863,3,3,0,0
Zone_DH435,4588804589,90.3743887,23.7884695,0.03419032,3,3,0,0
Zone_DH435,4497832450,90.3608638,23.7915654,0.01203617,4,3,0,0
Zone_DH435,4380383746,90.3547038,23.7875103,0.02938865,3,3,0,1
Zone_DH435,386046489,90.3707953,23.7913805,0.02425238,3,3,0,0
Zone_DH435,386046495,90.3719752,23.7922702,0.0097981,4,3,0,0
Zone_DH435,386046496,90.3719365,23.7924681,0.01568342,4,3,0,0
Zone_DH435,386046498,90.3716929,23.792756,0.0059391,4,3,0,0
Zone_DH435,386046501,90.3712998,23.7935456,0.00387032,4,3,0,1
Zone_DH435,12015385125,90.3594321,23.7943085,0.0,4,1,0,0
Zone_DH435,386046503,90.3711834,23.7941037,0.00714504,4,3,0,0
Zone_DH435,12015385129,90.359569,23.7945064,0.00636882,4,3,0,1
Zone_DH435,12015385130,90.3597419,23.7942104,0.0,4,1,0,0
Zone_DH435,4415519278,90.356511,23.7912475,0.01052393,4,3,0,0
Zone_DH435,12015385134,90.3597029,23.7945309,0.00425022,4,3,0,1
Zone_DH435,6349150796,90.3667161,23.7831708,0.0,4,1,0,0
Zone_DH435,3713284695,90.3708381,23.7867376,0.0,4,1,0,0
Zone_DH435,4415519319,90.3578988,23.7914426,0.03023564,3,3,0,1
Zone_DH435,12109462108,90.3757212,23.7797708,0.0,4,1,0,0
Zone_DH435,4915886687,90.367215,23.7832783,0.00106383,4,3,0,1
Zone_DH435,12109462113,90.3749275,23.7806834,0.00232638,4,3,0,0
Zone_DH435,12109462114,90.3736974,23.7812827,0.0,4,1,0,0
Zone_DH435,12109462115,90.3736445,23.7814815,0.00212709,4,3,0,1
Zone_DH435,12109462116,90.3731985,23.7811576,0.0,4,1,0,0
Zone_DH435,12109462120,90.3737776,23.7815112,0.03242218,3,3,0,1
Zone_DH435,12778437232,90.3660822,23.7827845,0.08581041,2,3,0,0
Zone_DH435,3734592116,90.3709978,23.7854917,0.06636565,3,3,0,0
Zone_DH435,386038389,90.3607986,23.7940955,0.0,4,2,0,0
Zone_DH435,3450346104,90.3797929,23.7792227,0.0,4,2,0,0
Zone_DH435,3450346105,90.3752962,23.7780611,0.00370614,4,4,0,0
Zone_DH435,6784465545,90.3790437,23.7790292,0.00546918,4,3,0,0
Zone_DH435,4899461770,90.3685624,23.7830789,0.03655068,3,3,0,0
Zone_DH435,4595587724,90.3604486,23.7884558,0.0,4,1,0,0
Zone_DH435,4595587725,90.3591901,23.788204,0.0,4,1,0,0
Zone_DH435,4595587726,90.3595385,23.7882136,0.00212709,4,3,0,1
Zone_DH435,4595587728,90.3595566,23.787706,0.0,4,1,0,0
Zone_DH435,4595587731,90.3594684,23.7890081,0.0,4,1,0,0
Zone_DH435,4595587732,90.3593556,23.7887641,0.03447963,3,3,0,1
Zone_DH435,4595587733,90.3577733,23.7891017,0.00998494,4,3,0,0
Zone_DH435,4595587734,90.3599087,23.7915554,0.0,4,1,0,0
Zone_DH435,4948671128,90.3720733,23.7736098,0.0,4,1,0,0
Zone_DH435,1158322841,90.359687,23.7881876,0.08331956,2,3,0,0
Zone_DH435,4948671130,90.3724312,23.7746093,0.01417515,4,3,0,1
Zone_DH435,4595587749,90.3583915,23.7854031,0.0021152,4,3,0,0
Zone_DH435,4595587753,90.3581115,23.7857396,0.00317507,4,2,0,0
Zone_DH435,4595587758,90.3576027,23.7861313,0.0042355,4,2,0,0
Zone_DH435,4595587762,90.3572963,23.7869128,0.00532481,4,3,0,0
Zone_DH435,4595587763,90.3574764,23.787092,6.001e-05,4,3,0,0
Zone_DH435,4595587764,90.357258,23.7874398,0.01262611,4,3,0,0
Zone_DH435,4595587772,90.3568546,23.7864871,1.019e-05,4,3,0,0
Zone_DH435,11409372827,90.3610446,23.7908351,0.0,4,1,0,0
Zone_DH435,386038462,90.3629611,23.7938246,0.01122824,4,3,0,1
Zone_DH435,386038464,90.36315,23.7939771,0.0137794,4,3,0,0
Zone_DH435,4595587779,90.3559695,23.7862925,0.0,4,3,0,0
Zone_DH435,11409398472,90.3656861,23.7901574,0.0,4,1,0,0
Zone_DH435,4595587787,90.35619,23.7872539,0.01051034,4,3,0,0
Zone_DH435,11409398475,90.3646564,23.7908706,0.03673129,3,3,0,1
Zone_DH435,11409398476,90.3648632,23.790872,0.00212709,4,3,0,1
Zone_DH435,348404465,90.3566584,23.7927507,0.00319036,4,3,0,1
Zone_DH435,11133262610,90.3693013,23.7731643,0.0,4,1,0,0
Zone_DH435,9642646302,90.3680898,23.7793414,0.01109859,4,3,0,0
Zone_DH435,382024496,90.3638791,23.7833993,0.05817462,3,4,0,1
Zone_DH435,4595587892,90.3566793,23.7867725,0.00841269,4,3,0,0
Zone_DH435,4595587893,90.3559341,23.7875057,0.02626567,3,3,0,1
Zone_DH435,11292547899,90.3645122,23.7928805,0.03157066,3,3,0,1
Zone_DH435,11292547900,90.3637447,23.7928908,0.0,4,1,0,0
Zone_DH435,9642580804,90.3752651,23.7776436,0.00638864,4,3,0,0
Zone_DH435,9642580805,90.3758103,23.7757701,0.01213525,4,4,0,0
Zone_DH435,379853638,90.3663603,23.7727923,0.0075272,4,3,0,0
Zone_DH435,9642580807,90.3751527,23.778024,0.00671249,4,3,0,0
Zone_DH435,9642580806,90.3751144,23.7781555,0.00502701,4,3,0,0
Zone_DH435,9642580809,90.3715016,23.7765551,0.03604905,3,3,0,0
Zone_DH435,9642580808,90.3752995,23.7775221,0.00727073,4,3,0,0
Zone_DH435,9642580811,90.3728511,23.7768987,0.00918098,4,3,0,0
Zone_DH435,9642580812,90.3739233,23.7772983,0.0,4,3,0,0
Zone_DH435,4595587917,90.3554598,23.7885915,0.0,4,1,0,0
Zone_DH435,4595587918,90.3554521,23.7888321,0.0,4,1,0,0
Zone_DH435,4595587919,90.3560067,23.7888481,0.00125859,4,3,0,1
Zone_DH435,9642580813,90.3739625,23.7771817,0.0084829,4,3,0,0
Zone_DH435,4595587921,90.3563838,23.7894249,0.0,4,1,0,0
Zone_DH435,4595587922,90.3559506,23.7892868,0.00565828,4,3,0,1
Zone_DH435,4595587923,90.3554453,23.789091,0.0,4,1,0,0
Zone_DH435,4595587924,90.3559723,23.7892107,0.00727639,4,3,0,1
Zone_DH435,4595587925,90.355267,23.7893416,0.0,4,1,0,0
Zone_DH435,4595587926,90.355534,23.7894002,0.00212709,4,3,0,1
Zone_DH435,4595587927,90.3555073,23.7895261,0.0,4,1,0,0
Zone_DH435,4595587929,90.3559228,23.7893832,0.00428816,4,3,0,1
Zone_DH435,3738024797,90.3709248,23.7780892,0.01592461,4,3,0,0
Zone_DH435,382024550,90.3623417,23.7840961,0.0,4,1,0,0
Zone_DH435,3738024823,90.3728868,23.7787752,0.0,4,1,0,0
Zone_DH435,382024569,90.3602291,23.7855855,0.0365303,3,3,0,0
Zone_DH435,382024573,90.3604429,23.7862538,0.03547043,3,3,0,0
Zone_DH435,382024575,90.3604225,23.7867754,0.03496144,3,3,0,1
Zone_DH435,382024576,90.3603793,23.7871367,0.0,4,1,0,0
Zone_DH435,4415478670,90.35597,23.7911121,0.00494208,4,3,0,1
Zone_DH435,4402469781,90.3725637,23.7922207,0.01418194,4,3,0,0
Zone_DH435,382024618,90.3611493,23.7868689,0.03591034,3,3,0,0
Zone_DH435,382024621,90.3611144,23.7876273,0.05978678,3,3,0,0
Zone_DH435,382024623,90.3610927,23.7880996,0.05804808,3,3,0,0
Zone_DH435,2965085103,90.3655507,23.7748378,0.01658929,4,3,0,0
Zone_DH435,382024628,90.361247,23.7886997,0.03352621,3,3,0,0
Zone_DH435,10100849602,90.3626478,23.7740299,0.06348216,3,3,0,0
Zone_DH435,6556662743,90.3709358,23.7902265,0.02502972,3,4,0,1
Zone_DH435,9220504537,90.3656612,23.7734277,0.0,4,2,0,0
Zone_DH435,6556662746,90.3711809,23.7896392,0.08988541,2,3,0,0
Zone_DH435,386046939,90.3678863,23.7953334,0.0,4,1,0,0
Zone_DH435,386046942,90.3687007,23.7945661,0.00848743,4,3,0,1
Zone_DH435,8950397919,90.3619976,23.7840194,0.0,4,1,0,0
Zone_DH435,386046946,90.3699302,23.7941349,0.00833116,4,3,0,1
Zone_DH435,8950397922,90.3603539,23.781342,0.09255376,2,3,0,0
Zone_DH435,386046954,90.3735998,23.7938371,0.01126731,4,3,0,0
Zone_DH435,386046955,90.3736062,23.7938842,0.01067283,4,3,0,0
Zone_DH435,386046958,90.3743348,23.7938842,0.00350684,4,4,0,1
Zone_DH435,4611636211,90.3649553,23.7899715,0.033871,3,3,0,1
Zone_DH435,4611636212,90.3647182,23.7899301,0.03235254,3,3,0,1
Zone_DH435,386038773,90.3673243,23.7801631,0.08322161,2,3,0,0
Zone_DH435,4611636213,90.363083,23.7897963,0.0,4,1,0,0
Zone_DH435,386038775,90.3673839,23.7808672,0.01147793,4,3,0,0
Zone_DH435,4611636215,90.3637945,23.7898981,0.00425022,4,3,0,1
Zone_DH435,11611405303,90.3719689,23.7900787,0.05392977,3,3,0,1
Zone_DH435,4611636220,90.3646963,23.7900097,0.03184978,3,3,0,1
Zone_DH435,11611405309,90.3727751,23.7898599,0.00212709,4,3,0,1
Zone_DH435,4611636222,90.3650747,23.7894991,0.04986242,3,3,0,0
Zone_DH435,10092462385,90.3632884,23.7911485,0.0,4,1,0,0
Zone_DH435,11611405308,90.3720289,23.789659,0.0,4,1,0,0
Zone_DH435,4611636225,90.3648344,23.7890541,0.1008651,2,3,0,0
Zone_DH435,11611405310,90.3723694,23.7898,0.0,4,1,0,0
Zone_DH435,11611405318,90.3708073,23.7918497,0.01939918,4,3,0,1
Zone_DH435,11611405322,90.3714113,23.7920177,0.0,4,1,0,0
Zone_DH435,4506606615,90.3621605,23.7883228,0.0,4,1,0,0
Zone_DH435,382024728,90.3597015,23.7876397,0.06315378,3,3,0,0
Zone_DH435,4506606620,90.361853,23.7887399,0.03314801,3,3,0,1
Zone_DH435,4599192608,90.376573,23.7841235,0.00864312,4,3,0,0
Zone_DH435,4599192611,90.3756879,23.7848185,0.00634335,4,3,0,0
Zone_DH435,4599192612,90.3751772,23.7846643,0.00887865,4,3,0,0
Zone_DH435,4506606638,90.3626893,23.7879862,0.0,4,1,0,0
Zone_DH435,4599192623,90.3765592,23.7837674,0.00893696,4,3,0,0
Zone_DH435,4506606640,90.3629483,23.7886111,0.02936148,3,3,0,0
Zone_DH435,4498455634,90.3643082,23.7882246,0.0,4,1,0,0
Zone_DH435,3376077915,90.3726357,23.7802483,0.003598,4,3,0,0
Zone_DH435,3376077920,90.3766856,23.7823708,0.01438973,4,3,0,1
Zone_DH435,3376077921,90.377598,23.7832559,0.0,4,1,0,0
Zone_DH435,3376077922,90.3787365,23.7828606,0.01327324,4,3,0,0
Zone_DH435,386038885,90.3684128,23.7805947,0.14508283,1,4,0,0
Zone_DH435,386038890,90.3685597,23.7822364,0.07298642,3,3,0,0
Zone_DH435,4498455660,90.3653089,23.7890595,0.07954548,3,3,0,1
Zone_DH435,379952239,90.3724824,23.7824374,0.0668101,3,3,0,0
Zone_DH435,379952241,90.3721181,23.7832717,0.05200763,3,3,0,0
Zone_DH435,379952243,90.3706231,23.7836693,0.0,4,1,0,0
Zone_DH435,382024830,90.359687,23.7887788,0.09096226,2,3,0,0
Zone_DH435,382024832,90.3560167,23.7886162,0.00297748,4,3,0,1
Zone_DH435,11350424705,90.3600268,23.7742038,0.00212709,4,3,0,1
Zone_DH435,11350424707,90.3606959,23.7741606,0.00848743,4,3,0,1
Zone_DH435,9819987120,90.3686053,23.7774843,0.01813606,4,3,0,0
Zone_DH435,9819987122,90.3698044,23.7760995,0.00042463,4,3,0,0
Zone_DH435,9819987123,90.3703224,23.7742803,0.03071179,3,3,0,0
Zone_DH435,9819987129,90.3689327,23.7766703,0.00410472,4,4,0,0
Zone_DH435,9819987134,90.3700203,23.7752496,0.00263325,4,3,0,0
Zone_DH435,370687176,90.3617853,23.7736815,0.06051204,3,3,0,1
Zone_DH435,370687180,90.3623402,23.7739062,0.06249476,3,3,0,1
Zone_DH435,7301340397,90.3617626,23.7762126,0.0,4,1,0,0
Zone_DH435,9991208175,90.3748097,23.7735011,0.00106326,4,3,0,0
Zone_DH435,9991208181,90.3770429,23.774104,0.0,4,2,0,0
Zone_DH435,9991208184,90.376213,23.7748249,0.00152186,4,3,0,0
Zone_DH435,9991208185,90.3745515,23.7741749,0.00256701,4,3,0,0
Zone_DH435,9991208206,90.3745322,23.7754029,0.01009421,4,3,0,0
Zone_DH435,9991208208,90.3727514,23.7757374,0.00106383,4,3,0,1
Zone_DH435,11303763222,90.3629493,23.7852929,0.03177901,3,3,0,0
Zone_DH435,10595450179,90.3621668,23.7770045,0.00212709,4,3,0,1
Zone_DH435,12778044741,90.36011,23.7728927,0.04568976,3,3,0,1
Zone_DH435,382016838,90.3611688,23.7791964,0.08527935,2,3,0,0
Zone_DH435,382016839,90.3611082,23.779829,0.10128945,2,3,0,0
Zone_DH435,10595450182,90.3627837,23.7768706,0.01215167,4,2,0,0
Zone_DH435,10595450181,90.3615135,23.7768241,0.0,4,1,0,0
Zone_DH435,10595450188,90.3625883,23.7770009,0.01115691,4,2,0,0
Zone_DH435,3416440170,90.3736922,23.7920566,0.01673253,4,3,0,0
Zone_DH435,12406930808,90.3743283,23.7804372,0.00583266,4,4,0,0
Zone_DH435,12406930809,90.3747046,23.7805237,0.01073228,4,4,0,0
Zone_DH435,12406930811,90.3714168,23.7797657,0.01117786,4,3,0,0
Zone_DH435,12406930817,90.3744186,23.7808231,0.01553056,4,4,0,0
Zone_DH435,386047364,90.3707239,23.7921318,0.0304689,3,3,0,0
Zone_DH435,12406930820,90.3726954,23.780414,0.00305901,4,4,0,1
Zone_DH435,386047366,90.3698377,23.7918071,0.01075719,4,3,0,1
Zone_DH435,12406930822,90.3726859,23.7800583,0.00594363,4,4,0,1
Zone_DH435,12406930824,90.3744412,23.780463,0.00935083,4,4,0,0
Zone_DH435,12406930821,90.3739786,23.7807187,0.02897478,3,4,0,0
Zone_DH435,12406930825,90.3745869,23.7804966,0.0056379,4,4,0,0
Zone_DH435,12406930827,90.3768896,23.7810608,0.00129483,4,4,0,1
Zone_DH435,12406930828,90.3753983,23.7780875,0.00633542,4,4,0,0
Zone_DH435,12406930829,90.3753607,23.7782194,0.0094635,4,4,0,0
Zone_DH435,12406930830,90.375198,23.7774963,0.00762685,4,4,0,0
Zone_DH435,12406930831,90.3751622,23.7776171,0.00094097,4,4,0,0
Zone_DH435,12406930826,90.3749511,23.7805843,0.0029854,4,4,0,1
Zone_DH435,4929887642,90.3691041,23.7730331,0.0,4,1,0,0
Zone_DH435,4929887644,90.3689762,23.7737767,0.03707552,3,3,0,1
Zone_DH435,9909476773,90.3563399,23.778794,0.01371202,4,3,0,0
Zone_DH435,9909476774,90.356597,23.778693,0.0095337,4,3,0,1
Zone_DH435,4613348801,90.3676778,23.7886345,0.0,4,1,0,0
Zone_DH435,4613348802,90.367616,23.7890903,0.06711922,3,3,0,1
Zone_DH435,10694786508,90.3691182,23.7758605,0.0,4,2,0,0
Zone_DH435,4498709965,90.3662779,23.7886674,0.12493602,1,3,0,1
Zone_DH435,3720732110,90.367624,23.7916484,0.01379582,4,3,0,1
Zone_DH435,10694786510,90.3677368,23.7783342,0.01990364,4,3,0,0
Zone_DH435,10694786511,90.3677254,23.7784209,0.02243498,3,3,0,0
Zone_DH435,3866770909,90.3611003,23.7733315,0.00607838,4,3,0,0
Zone_DH435,9743719906,90.359593,23.7822282,0.0,4,1,0,0
Zone_DH435,10904460806,90.3606874,23.7794271,0.0,4,1,0,0
Zone_DH435,3716152864,90.3654962,23.7947874,0.0,4,1,0,0
Zone_DH435,3716152865,90.3656085,23.7941567,0.00425022,4,3,0,1
Zone_DH435,12102868519,90.3614525,23.7914015,0.0,4,1,0,0
Zone_DH435,12102868524,90.3612018,23.7912857,0.01289844,4,3,0,1
Zone_DH435,382017080,90.3589069,23.7788491,0.06255761,3,3,0,0
Zone_DH435,12102868542,90.3623769,23.7909262,0.00212709,4,3,0,1
Zone_DH435,382017087,90.3584906,23.7814777,0.0,4,1,0,0
Zone_DH435,386039360,90.3697678,23.782315,0.0261898,3,3,0,0
Zone_DH435,12102868551,90.3620935,23.7913358,0.0,4,1,0,0
Zone_DH435,386039369,90.3704681,23.7835059,0.0,4,1,0,0
Zone_DH435,11611037269,90.3721482,23.7901319,0.05277819,3,3,0,1
Zone_DH435,11611037273,90.3720267,23.7905124,0.0,4,1,0,0
Zone_DH435,11611037278,90.3726452,23.7907255,0.01897682,4,3,0,0
Zone_DH435,386047590,90.369299,23.7927294,0.03775718,3,4,0,0
Zone_DH435,386047603,90.3694543,23.7940067,0.02000045,4,3,0,0
Zone_DH435,386047605,90.3696337,23.7945118,0.01700486,4,3,0,1
Zone_DH435,382025365,90.3546832,23.7884149,0.00106383,4,2,0,1
Zone_DH435,3717873318,90.3700448,23.7954394,0.00106383,4,2,0,1
Zone_DH435,4603387558,90.3758537,23.7899508,0.0121092,4,3,0,0
Zone_DH435,4603387562,90.3747743,23.789747,0.02159478,4,3,0,0
Zone_DH435,7129530066,90.3727298,23.7802688,0.00219673,4,3,0,0
Zone_DH435,4914101975,90.361144,23.7734322,0.05878523,3,3,0,1
Zone_DH435,4914101983,90.3606381,23.7745543,0.00425022,4,3,0,1
Zone_DH435,4914101994,90.3596824,23.7752609,0.00212709,4,3,0,1
Zone_DH435,4914102003,90.3599448,23.7768403,0.0,4,1,0,0
Zone_DH435,4914102004,90.3593072,23.775295,0.00738566,4,3,0,1
Zone_DH435,3731865334,90.3587317,23.785272,0.12512541,1,3,0,1
Zone_DH435,4914102008,90.3592265,23.7768407,0.0,4,1,0,0
Zone_DH435,3731865337,90.3588957,23.7821858,0.0,4,1,0,0
Zone_DH435,6349127441,90.368333,23.7806222,0.14399635,1,4,0,0
Zone_DH435,4861026070,90.3557588,23.7761,0.0,4,1,0,0
Zone_DH435,4861026071,90.3559588,23.775584,0.00212653,4,2,0,1
Zone_DH435,6349127448,90.3680048,23.7793005,0.02712002,3,3,0,0
Zone_DH435,6349127447,90.3680101,23.7793507,0.01248344,4,3,0,0
Zone_DH435,6643162904,90.3583009,23.7812443,0.00425022,4,3,0,1
Zone_DH435,6643162906,90.3582181,23.7817428,0.0,4,1,0,0
Zone_DH435,6643162902,90.3584625,23.7806867,0.00636882,4,3,0,1
Zone_DH435,6643162903,90.358666,23.7807339,0.0,4,1,0,0
Zone_DH435,6643162905,90.3585118,23.7812997,0.0,4,1,0,0
Zone_DH435,6208479009,90.3626132,23.7751832,0.0,4,1,0,0
Zone_DH435,11414126373,90.3673023,23.7767299,0.00212709,4,3,0,1
Zone_DH435,6208479015,90.362981,23.7741639,0.06465583,3,3,0,1
Zone_DH435,11414126375,90.3677825,23.7766146,0.0,4,1,0,0
Zone_DH435,11414126380,90.3669349,23.7777682,0.0,4,1,0,0
Zone_DH435,3648192303,90.3743021,23.7844668,0.03624155,3,3,0,0
Zone_DH435,4599209780,90.3768391,23.7896508,0.00089171,4,3,0,0
Zone_DH435,4982398774,90.360201,23.773628,0.0,4,1,0,0
Zone_DH435,3648192311,90.3728142,23.7896172,0.0,4,1,0,0
Zone_DH435,4599209784,90.3761711,23.7896081,0.01119314,4,3,0,0
Zone_DH435,3648192314,90.3708145,23.7915493,0.02212132,3,3,0,0
Zone_DH435,3648192320,90.3704607,23.7920401,0.01821929,4,3,0,0
Zone_DH435,3648192324,90.3703788,23.7923295,0.01418704,4,3,0,0
Zone_DH435,7281598295,90.3567307,23.7835316,0.02081347,4,3,0,0
Zone_DH435,7281598296,90.3567302,23.7835267,0.01362823,4,3,0,0
Zone_DH435,9230384988,90.3734389,23.7843663,0.0,4,1,0,0
Zone_DH435,3450290025,90.3744482,23.774567,0.0071139,4,3,0,0
Zone_DH435,3450290027,90.378195,23.7751178,0.00119688,4,3,0,1
Zone_DH435,6294536057,90.3687219,23.7860124,0.0,4,1,0,0
Zone_DH435,6294536060,90.368557,23.7860909,0.0,4,1,0,0
Zone_DH435,4603387793,90.3737304,23.7914665,0.0253213,3,3,0,0
Zone_DH435,4603387796,90.3740716,23.7907119,0.00864595,4,3,0,1
Zone_DH435,9635159978,90.368531,23.7827717,0.0719894,3,3,0,0
Zone_DH435,4489994176,90.3702111,23.7893235,0.09635727,2,3,0,0
Zone_DH435,4599109687,90.3762949,23.7874232,0.0,4,1,0,0
Zone_DH435,3732373475,90.3623281,23.7771729,0.0102601,4,3,0,1
Zone_DH435,7466385380,90.3608436,23.7823851,0.00999683,4,3,0,0
Zone_DH435,3732373482,90.3614418,23.7766588,0.0,4,1,0,0
Zone_DH435,11416870898,90.3721939,23.7747337,0.03307044,3,3,0,0
Zone_DH435,11416870899,90.3722532,23.7745665,0.01759311,4,3,0,0
Zone_DH435,11416870900,90.3695558,23.7740988,0.03110641,3,3,0,0
Zone_DH435,11416870901,90.3696004,23.7739287,0.0352417,3,3,0,0
Zone_DH435,11416870905,90.3680782,23.7737331,0.00192441,4,2,0,0
Zone_DH435,11416870909,90.3669906,23.773253,0.02406667,3,3,0,0
Zone_DH435,11416870910,90.3676713,23.7734607,0.02482137,3,3,0,0
