zone_id,node_id,lon,lat,bc,tier,degree,is_master,is_art_pt
Zone_DH438,4314791936,90.3642718,23.8026411,0.0293491,3,3,0,0
Zone_DH438,6087081985,90.3549261,23.8061951,0.00566162,4,3,0,1
Zone_DH438,6087081986,90.3544895,23.805901,0.0,4,1,0,0
Zone_DH438,6087081987,90.3550538,23.8060452,0.00752436,4,3,0,1
Zone_DH438,6087081988,90.3554689,23.8063372,0.0,4,1,0,0
Zone_DH438,3713286150,90.3642839,23.808598,0.01459943,4,3,0,0
Zone_DH438,3713286152,90.3643147,23.809086,0.00398584,4,3,0,0
Zone_DH438,3731349533,90.3689482,23.8058788,0.07201278,2,3,0,0
Zone_DH438,1736179754,90.3571424,23.8036821,0.00890257,4,3,0,0
Zone_DH438,5142847530,90.3604263,23.8050981,0.04928371,3,3,0,0
Zone_DH438,4341522475,90.3770813,23.814127,0.00098912,4,3,0,1
Zone_DH438,5142847531,90.3611373,23.8055485,0.00503223,4,3,0,0
Zone_DH438,3779108915,90.3707587,23.8135733,0.0549025,3,3,0,0
Zone_DH438,3779108916,90.3710108,23.8128446,0.00919035,4,3,0,0
Zone_DH438,3713368129,90.3661897,23.8076723,0.01162668,4,3,0,1
Zone_DH438,3713368130,90.3665233,23.8077484,0.0,4,1,0,0
Zone_DH438,3809362003,90.3767544,23.8081763,0.00908659,4,3,0,0
Zone_DH438,386744405,90.378532,23.8031885,0.0094331,4,2,0,0
Zone_DH438,3784515669,90.3762593,23.8148468,0.0,4,1,0,0
Zone_DH438,6559236188,90.374532,23.8097871,0.02000851,4,3,0,0
Zone_DH438,6559236189,90.3744462,23.8101495,0.01635106,4,3,0,0
Zone_DH438,4292722783,90.3670891,23.8211779,0.01102421,4,4,0,0
Zone_DH438,10100506723,90.3715568,23.800509,0.01082305,4,3,0,0
Zone_DH438,3738976355,90.3614474,23.7997278,0.00457804,4,3,0,0
Zone_DH438,3738976359,90.3599931,23.7993795,3.083e-05,4,2,0,0
Zone_DH438,3738976360,90.3599156,23.7997161,0.00113105,4,4,0,0
Zone_DH438,11990630507,90.3609603,23.8220929,0.0,4,1,0,0
Zone_DH438,1554792560,90.3702537,23.8030635,0.04243438,3,4,0,0
Zone_DH438,6121422964,90.354231,23.8055591,0.00098912,4,2,0,1
Zone_DH438,6121422966,90.354103,23.8058031,0.0,4,1,0,0
Zone_DH438,2541469820,90.3687038,23.806972,0.08338007,2,3,0,0
Zone_DH438,11992113276,90.363765,23.8018836,0.02094232,4,3,0,1
Zone_DH438,11992113277,90.3637055,23.8016711,0.00197726,4,2,0,1
Zone_DH438,1554792575,90.3687305,23.806391,0.07041238,2,3,0,0
Zone_DH438,3712295039,90.377214,23.8058778,0.00449533,4,4,0,0
Zone_DH438,3712295040,90.3751304,23.8069521,0.00850565,4,3,0,0
Zone_DH438,1554792578,90.3686326,23.8066667,0.07956993,2,3,0,0
Zone_DH438,11992113280,90.3635841,23.8014536,0.00098912,4,2,0,1
Zone_DH438,11992113279,90.3635097,23.8013042,0.0,4,1,0,0
Zone_DH438,11992113286,90.3629438,23.8023055,0.0,4,1,0,0
Zone_DH438,11992113287,90.3633139,23.8022085,0.0,4,1,0,0
Zone_DH438,11992113289,90.3638429,23.8022838,0.03731981,3,3,0,1
Zone_DH438,11992113294,90.3646349,23.8020196,0.0,4,1,0,0
Zone_DH438,11992113299,90.3713762,23.8005001,0.01075649,4,3,0,0
Zone_DH438,6122954909,90.367972,23.82078,0.00560632,4,3,0,0
Zone_DH438,4584915145,90.364914,23.811112,0.00298498,4,3,0,0
Zone_DH438,3782795466,90.3691606,23.8110102,0.00358207,4,3,0,0
Zone_DH438,4584915147,90.3657963,23.8115669,0.00611483,4,3,0,0
Zone_DH438,4584915148,90.3649608,23.8106032,0.00288073,4,3,0,0
Zone_DH438,4584915146,90.3658477,23.8112778,0.00714506,4,3,0,0
Zone_DH438,3713343694,90.3653415,23.8102218,0.12624466,1,3,0,0
Zone_DH438,3713343695,90.3653475,23.8097664,0.02783484,3,3,0,0
Zone_DH438,4584915152,90.3648581,23.8117323,0.00246326,4,3,0,0
Zone_DH438,5428322513,90.3556219,23.8069644,0.00372547,4,3,0,1
Zone_DH438,4584915151,90.3649141,23.8114092,0.0024657,4,3,0,0
Zone_DH438,5428322514,90.3552563,23.8067094,0.0,4,1,0,0
Zone_DH438,6087188703,90.3651326,23.8133971,0.01083235,4,3,0,0
Zone_DH438,6087188704,90.3637313,23.8131381,0.00511543,4,3,0,0
Zone_DH438,6087188705,90.3651993,23.813162,0.01242933,4,3,0,0
Zone_DH438,6087188706,90.3637776,23.812893,0.00615104,4,3,0,0
Zone_DH438,8856010977,90.3641222,23.8148285,0.00081978,4,3,0,0
Zone_DH438,6087188707,90.3644453,23.8135475,0.0094468,4,3,0,0
Zone_DH438,6087188708,90.3642295,23.8144073,0.00370296,4,4,0,0
Zone_DH438,13105668327,90.3690109,23.8174195,0.03251321,3,3,0,0
Zone_DH438,13105668328,90.3682244,23.8172153,0.00065142,4,3,0,0
Zone_DH438,3639369962,90.3716881,23.818867,0.01815311,4,3,0,0
Zone_DH438,3639369964,90.3727605,23.8176764,0.04864991,3,3,0,0
Zone_DH438,3639369965,90.3734038,23.8191344,0.02487678,3,3,0,0
Zone_DH438,3639369966,90.3724633,23.818907,0.0214381,4,3,0,0
Zone_DH438,4597645551,90.3682292,23.8039809,0.0015128,4,3,0,0
Zone_DH438,3713302769,90.3651519,23.8082209,0.0108764,4,3,0,0
Zone_DH438,3713310965,90.3637288,23.8089998,0.00605609,4,3,0,0
Zone_DH438,3766722818,90.3736505,23.8128052,0.03427317,3,3,0,0
Zone_DH438,3766722819,90.3723779,23.8126453,0.0,4,1,0,0
Zone_DH438,11985035569,90.3690537,23.8208662,0.0,4,1,0,0
Zone_DH438,11985035572,90.3691559,23.8203587,0.00361829,4,4,0,1
Zone_DH438,3712336193,90.3760685,23.8085226,0.01001649,4,3,0,0
Zone_DH438,3853656396,90.3673743,23.8111312,0.09742388,2,3,0,0
Zone_DH438,3853656397,90.3657644,23.8108596,0.0014619,4,3,0,0
Zone_DH438,3853656398,90.3658898,23.8102176,0.12558051,1,3,0,0
Zone_DH438,3712287061,90.3760896,23.8061513,0.0057272,4,3,0,0
Zone_DH438,3712287062,90.3764928,23.806803,0.00450806,4,3,0,0
Zone_DH438,4601094491,90.3706599,23.8043475,0.0,4,1,0,0
Zone_DH438,3712287068,90.376366,23.8065816,0.00141932,4,4,0,1
Zone_DH438,3712287069,90.3752317,23.8071674,0.00840336,4,3,0,0
Zone_DH438,8856011103,90.3640723,23.8112255,0.01240242,4,3,0,0
Zone_DH438,8856011104,90.3649118,23.811365,0.00261938,4,3,0,0
Zone_DH438,8856011105,90.3641144,23.8109479,0.01268285,4,3,0,0
Zone_DH438,8856011106,90.3646286,23.8110213,0.00109826,4,3,0,0
Zone_DH438,8856011107,90.3641546,23.810683,0.01254141,4,3,0,0
Zone_DH438,8856011108,90.3646602,23.8107633,0.00165718,4,3,0,0
Zone_DH438,8856011109,90.3645705,23.8113155,0.00052955,4,3,0,0
Zone_DH438,4601094504,90.3710215,23.803058,0.0,4,1,0,0
Zone_DH438,4601094505,90.3711982,23.8027461,0.00098912,4,3,0,1
Zone_DH438,3713278315,90.3643825,23.8093873,0.00593423,4,3,0,0
Zone_DH438,3713278317,90.3636554,23.8093805,0.02621338,3,3,0,0
Zone_DH438,4601094511,90.370644,23.8025897,0.03395994,3,3,0,0
Zone_DH438,3713278322,90.3634904,23.8103264,0.03474399,3,3,0,0
Zone_DH438,4561240434,90.3785771,23.8153913,0.00098912,4,2,0,1
Zone_DH438,3782795640,90.3690566,23.8112637,0.00416938,4,3,0,0
Zone_DH438,3768664445,90.3734157,23.8136035,0.04219983,3,3,0,0
Zone_DH438,3768664446,90.3744115,23.8137462,0.00865345,4,3,0,0
Zone_DH438,4601094531,90.3701716,23.8036817,0.03010624,3,3,0,0
Zone_DH438,4601094532,90.3703352,23.8044704,0.00125536,4,3,0,1
Zone_DH438,4601094534,90.3697503,23.804883,0.00692922,4,3,0,0
Zone_DH438,4601094535,90.3692685,23.8040825,0.0,4,1,0,0
Zone_DH438,4601094536,90.3697158,23.8042495,0.02294748,3,3,0,1
Zone_DH438,4601094537,90.3700799,23.8034789,0.03784349,3,3,0,0
Zone_DH438,3732390282,90.3603749,23.8051685,0.0503482,3,3,0,0
Zone_DH438,4420641167,90.3758151,23.80152,0.00394375,4,3,0,1
Zone_DH438,4601094545,90.3691091,23.8033886,0.01905071,4,3,0,0
Zone_DH438,4601094555,90.3677106,23.8018345,0.00662089,4,3,0,0
Zone_DH438,4601094557,90.368658,23.800878,0.0,4,1,0,0
Zone_DH438,4601094563,90.3705202,23.8003794,0.00680687,4,3,0,0
Zone_DH438,4601094568,90.3705214,23.8012329,0.00733642,4,3,0,0
Zone_DH438,4601094569,90.3704352,23.8010088,0.0,4,1,0,0
Zone_DH438,3095151018,90.369144,23.8054817,0.07109316,2,3,0,0
Zone_DH438,4601094570,90.371081,23.801156,0.00562491,4,3,0,0
Zone_DH438,4601094572,90.3706065,23.8010837,0.00369219,4,3,0,1
Zone_DH438,4601094573,90.370354,23.8015729,0.01390053,4,3,0,0
Zone_DH438,4601094586,90.3683613,23.8045899,0.0,4,1,0,0
Zone_DH438,4601094587,90.3681614,23.8048354,0.04302096,3,3,0,1
Zone_DH438,8856011195,90.3627378,23.81445,0.00205997,4,3,0,0
Zone_DH438,8856011197,90.3628881,23.8136697,0.00052809,4,3,0,0
Zone_DH438,6121898428,90.3598177,23.8059307,0.02204499,3,3,0,0
Zone_DH438,4601094591,90.3674543,23.8025545,0.00776417,4,3,0,0
Zone_DH438,6121898429,90.3592564,23.80568,0.00948645,4,3,0,0
Zone_DH438,4601094588,90.3673773,23.8047784,0.0,4,1,0,0
Zone_DH438,4601094589,90.3670103,23.8047113,0.00174136,4,3,0,1
Zone_DH438,4601094601,90.366494,23.8039519,0.03575844,3,3,0,0
Zone_DH438,4601094602,90.3664343,23.8048373,0.00098912,4,3,0,1
Zone_DH438,3812352459,90.3730693,23.8058042,0.00904058,4,3,0,0
Zone_DH438,4601094603,90.36646,23.8045581,0.0006475,4,3,0,0
Zone_DH438,11985297867,90.3632083,23.8057822,0.0,4,1,0,0
Zone_DH438,4601094606,90.3668835,23.80539,0.03042143,3,3,0,0
Zone_DH438,4601094607,90.3669936,23.8049216,0.00423153,4,3,0,0
Zone_DH438,4601094609,90.3661396,23.8047989,0.0,4,1,0,0
Zone_DH438,8856011218,90.3628107,23.8140714,0.00281221,4,4,0,0
Zone_DH438,8856011223,90.3626175,23.8136273,0.00130871,4,3,0,0
Zone_DH438,4601094616,90.3653196,23.8047102,0.06316026,3,3,0,0
Zone_DH438,8856011225,90.3627877,23.8128988,0.00825457,4,4,0,0
Zone_DH438,8856011226,90.3628768,23.8125177,0.00760854,4,3,0,0
Zone_DH438,8856011224,90.3626986,23.8132804,0.00462747,4,4,0,0
Zone_DH438,386032107,90.3596829,23.80073,0.00616181,4,3,0,0
Zone_DH438,386032112,90.3584292,23.800051,0.00142324,4,3,0,0
Zone_DH438,4611162625,90.3595876,23.7997566,0.00022171,4,2,0,0
Zone_DH438,386785796,90.3764357,23.8016319,0.00596604,4,4,0,1
Zone_DH438,4611162629,90.359457,23.8001855,0.00105519,4,3,0,0
Zone_DH438,4611162632,90.3585565,23.7998403,0.00026282,4,2,0,0
Zone_DH438,6349070859,90.3621272,23.8022487,0.02044947,4,4,0,1
Zone_DH438,4601102863,90.3743688,23.8014647,0.0,4,1,0,0
Zone_DH438,4601102866,90.3753756,23.8008732,0.00380574,4,3,0,1
Zone_DH438,4601102870,90.3748574,23.8007335,0.00542768,4,3,0,1
Zone_DH438,4601102871,90.3757321,23.8008326,0.0,4,1,0,0
Zone_DH438,4601102872,90.3769616,23.8013667,0.0,4,1,0,0
Zone_DH438,4601102874,90.3764891,23.8013455,0.00098912,4,2,0,1
Zone_DH438,4601102875,90.3773884,23.8017724,0.00377441,4,3,0,1
Zone_DH438,3508724253,90.3687683,23.8070584,0.04820209,3,3,0,0
Zone_DH438,4601102878,90.37708,23.8022456,0.0,4,1,0,0
Zone_DH438,4601102880,90.3761505,23.8031623,0.00917468,4,3,0,0
Zone_DH438,3508724256,90.3685018,23.8069871,0.13566846,1,3,0,0
Zone_DH438,4601102882,90.372397,23.8019729,0.02408636,3,3,0,1
Zone_DH438,3508724259,90.3684788,23.8071718,0.16957554,1,3,0,0
Zone_DH438,4601102885,90.3721219,23.8016526,0.0,4,1,0,0
Zone_DH438,4601102886,90.3732371,23.8014864,0.0,4,1,0,0
Zone_DH438,3508724263,90.3687401,23.8071805,0.05790486,3,3,0,0
Zone_DH438,4601102888,90.3727169,23.8012902,0.01274599,4,3,0,1
Zone_DH438,3508724268,90.365767,23.8063114,0.02046269,4,3,0,0
Zone_DH438,3508724273,90.3650639,23.8060568,0.05862577,3,3,0,0
Zone_DH438,4584907313,90.3554113,23.8179157,0.00098912,4,2,0,1
Zone_DH438,3508724275,90.3642323,23.8054501,0.05500651,3,3,0,0
Zone_DH438,3508724278,90.3613622,23.8036626,0.02871628,3,3,0,0
Zone_DH438,3508724279,90.3607662,23.8034046,0.04248859,3,3,0,0
Zone_DH438,3508724281,90.3578221,23.8013817,0.00143792,4,3,0,1
Zone_DH438,4204184121,90.3772662,23.8196036,0.00092745,4,3,0,0
Zone_DH438,4297359946,90.3693431,23.8213302,0.00426286,4,3,0,0
Zone_DH438,6102393435,90.3550023,23.8085082,0.0,4,1,0,0
Zone_DH438,6102393436,90.354217,23.8077434,0.00197775,4,3,0,1
Zone_DH438,6102393437,90.3551539,23.8080684,0.0,4,1,0,0
Zone_DH438,12617712250,90.3755424,23.8209943,0.00282053,4,3,0,0
Zone_DH438,6279733885,90.3615935,23.8077184,0.04706125,3,4,0,0
Zone_DH438,6279733886,90.3618064,23.8073502,0.04426127,3,3,0,0
Zone_DH438,6279733887,90.3620022,23.8070722,0.0440611,3,3,0,0
Zone_DH438,6279733888,90.3622125,23.8068062,0.05967901,3,4,0,0
Zone_DH438,6279733889,90.3624134,23.8065334,0.03541009,3,3,0,0
Zone_DH438,6279733890,90.3626149,23.8062503,0.03829914,3,3,0,0
Zone_DH438,6279733891,90.362718,23.8060988,0.08008541,2,4,0,0
Zone_DH438,3716915848,90.3712319,23.8091538,0.01805621,4,3,0,0
Zone_DH438,3772121737,90.3708301,23.811304,0.01731669,4,3,0,0
Zone_DH438,3772121738,90.3716442,23.8114978,0.00499111,4,3,0,0
Zone_DH438,12617712267,90.3754797,23.8211888,0.00082467,4,3,0,0
Zone_DH438,4384293515,90.3669259,23.8127274,0.09037867,2,3,0,0
Zone_DH438,5928108683,90.3619695,23.8106321,0.01199522,4,3,0,0
Zone_DH438,5928108684,90.3610337,23.8104763,0.02253588,3,3,0,0
Zone_DH438,10146849421,90.3545079,23.8070476,0.00296442,4,2,0,1
Zone_DH438,12617712275,90.374834,23.8210783,0.00084083,4,3,0,0
Zone_DH438,11301978786,90.3717802,23.8185182,0.03123631,3,3,0,0
Zone_DH438,11301978787,90.3724942,23.8186933,0.02039417,4,3,0,0
Zone_DH438,11301978788,90.3718736,23.8181495,0.03179034,3,3,0,0
Zone_DH438,11301978789,90.3725979,23.8182936,0.02609005,3,3,0,0
Zone_DH438,6489965229,90.3738214,23.8020801,0.00820906,4,3,0,1
Zone_DH438,5201281710,90.3560073,23.8064883,0.01448784,4,3,0,0
Zone_DH438,5201281711,90.3551714,23.8058974,0.013902,4,3,0,0
Zone_DH438,6489965230,90.3737204,23.802244,0.0,4,1,0,0
Zone_DH438,3809370804,90.3781187,23.8073474,0.00425698,4,4,0,1
Zone_DH438,3809370811,90.3779766,23.8071139,0.00745829,4,3,0,0
Zone_DH438,3809370812,90.3776583,23.8079994,0.00423251,4,4,0,0
Zone_DH438,3809370813,90.3778416,23.8083034,0.0040803,4,4,0,0
Zone_DH438,4384293566,90.3650726,23.8136131,0.01063071,4,3,0,0
Zone_DH438,3809370815,90.3780326,23.80862,0.00211185,4,4,0,0
Zone_DH438,3809370816,90.3782278,23.8089298,0.00140268,4,3,0,0
Zone_DH438,3809370817,90.378425,23.8078511,0.00350083,4,3,0,0
Zone_DH438,3809370819,90.3788099,23.8084838,0.00399808,4,2,0,0
Zone_DH438,3809370821,90.3786107,23.8081562,0.00549473,4,3,0,0
Zone_DH438,3809370823,90.3795251,23.8076984,0.00067883,4,2,0,0
Zone_DH438,3809370824,90.3788639,23.8064961,0.00291303,4,3,0,0
Zone_DH438,3809370825,90.3779006,23.806989,0.00866471,4,3,0,0
Zone_DH438,3809370826,90.3793547,23.8062555,0.00105519,4,3,0,0
Zone_DH438,3809370827,90.3795354,23.806566,0.0,4,2,0,0
Zone_DH438,7287104210,90.3693978,23.8210419,0.01043837,4,4,0,0
Zone_DH438,3809370835,90.37772,23.806692,0.00532049,4,3,0,0
Zone_DH438,3809370837,90.3775087,23.8063506,0.00675107,4,3,0,0
Zone_DH438,3809370839,90.3785481,23.8058124,0.00152944,4,3,0,0
Zone_DH438,3809370840,90.3781419,23.8051178,0.00134199,4,2,0,0
Zone_DH438,3809370841,90.3789649,23.805597,5.87e-06,4,2,0,0
Zone_DH438,264880859,90.3574095,23.8079375,0.03942188,3,3,0,0
Zone_DH438,3809370846,90.3783087,23.8059339,0.0025073,4,3,0,0
Zone_DH438,3809370847,90.3786898,23.8065856,0.00353166,4,3,0,0
Zone_DH438,4601103092,90.373484,23.8020042,0.01557729,4,3,0,0
Zone_DH438,4601103093,90.3759081,23.8036511,0.00960929,4,3,0,0
Zone_DH438,4601103096,90.3703811,23.8064806,0.0,4,1,0,0
Zone_DH438,4601103097,90.3693014,23.8065146,0.00787919,4,3,0,1
Zone_DH438,4601103099,90.3733512,23.8033581,0.0,4,1,0,0
Zone_DH438,4383867648,90.3657677,23.8170954,0.02424175,3,3,0,0
Zone_DH438,7124099840,90.3610748,23.8175648,0.0,4,1,0,0
Zone_DH438,4601103106,90.372602,23.8032769,0.01452895,4,3,0,1
Zone_DH438,4601103107,90.3721863,23.802472,0.0,4,1,0,0
Zone_DH438,4601103110,90.3726189,23.8031992,0.01284338,4,3,0,1
Zone_DH438,4601103116,90.3725606,23.8046045,0.02095419,4,3,0,1
Zone_DH438,4597572366,90.3629215,23.8033135,0.02067754,4,3,0,0
Zone_DH438,4601103120,90.3723933,23.8059554,0.00946687,4,3,0,0
Zone_DH438,4601103121,90.3724673,23.8062907,0.01270488,4,3,0,0
Zone_DH438,3732874002,90.3606671,23.804797,0.05263918,3,3,0,0
Zone_DH438,3732874004,90.3595566,23.8064918,0.03789929,3,3,0,0
Zone_DH438,4601103125,90.3717602,23.8060738,0.01960963,4,3,0,1
Zone_DH438,4563288854,90.3735932,23.80814,0.00241872,4,3,0,0
Zone_DH438,4563288855,90.373714,23.8077568,0.03657785,3,3,0,0
Zone_DH438,3732874006,90.3592179,23.8073143,0.04094887,3,3,0,0
Zone_DH438,4563288857,90.3714665,23.8084041,0.01994635,4,3,0,0
Zone_DH438,3732874007,90.3591826,23.8074547,0.04130272,3,3,0,0
Zone_DH438,3732874008,90.3585624,23.8083548,0.06614181,2,3,0,0
Zone_DH438,4563288856,90.3723052,23.8085975,0.00810444,4,3,0,0
Zone_DH438,4601103130,90.3703139,23.8048114,0.00118978,4,3,0,1
Zone_DH438,4601103126,90.3706414,23.8049949,0.0,4,1,0,0
Zone_DH438,7160234787,90.3567661,23.8153855,0.00177758,4,3,0,1
Zone_DH438,7160234788,90.3574665,23.8155861,0.0,4,1,0,0
Zone_DH438,6499124035,90.3744799,23.8039562,0.00330506,4,3,0,1
Zone_DH438,6499124036,90.3745789,23.8037363,0.00197775,4,3,0,1
Zone_DH438,4454490949,90.3641937,23.8104252,0.01326673,4,3,0,0
Zone_DH438,3731743566,90.3633669,23.8036018,0.03400497,3,3,0,0
Zone_DH438,3772097359,90.3719095,23.8137389,0.0669704,2,3,0,0
Zone_DH438,3772785488,90.369566,23.8123538,0.00761588,4,3,0,0
Zone_DH438,3772785486,90.3705363,23.8123447,0.02475834,3,3,0,0
Zone_DH438,6102483796,90.3692926,23.8215965,0.00217548,4,3,0,0
Zone_DH438,6102483797,90.3692501,23.8218199,0.00064848,4,3,0,0
Zone_DH438,6102483798,90.3691579,23.8223058,5.87e-06,4,2,0,0
Zone_DH438,4454490965,90.364713,23.8105369,0.00538559,4,4,0,0
Zone_DH438,5988500317,90.3675997,23.8104151,0.18153552,1,4,0,0
Zone_DH438,5988500318,90.3676986,23.8104358,0.09688626,2,3,0,0
Zone_DH438,11991647072,90.3696724,23.8007482,0.0,4,1,0,0
Zone_DH438,11991647075,90.3702628,23.8009369,0.00226798,4,3,0,1
Zone_DH438,11985306469,90.3630634,23.8057319,0.05997266,3,3,0,1
Zone_DH438,386278279,90.354427,23.8052733,0.00197726,4,3,0,1
Zone_DH438,3810853773,90.3746977,23.80916,0.01761132,4,3,0,0
Zone_DH438,386278290,90.3564806,23.8044868,0.02624079,3,3,0,0
Zone_DH438,386278295,90.3568138,23.8077299,0.01583375,4,3,0,0
Zone_DH438,3732390810,90.369236,23.810767,0.00841266,4,3,0,0
Zone_DH438,3732005792,90.3659825,23.8055476,0.00258561,4,4,0,0
Zone_DH438,386278324,90.3584121,23.8057291,0.04382079,3,4,0,0
Zone_DH438,386278325,90.358904,23.8060359,0.02320932,3,3,0,0
Zone_DH438,386278332,90.3577273,23.8053521,0.02964325,3,3,0,0
Zone_DH438,386278333,90.3569278,23.8063266,0.00460007,4,3,0,0
Zone_DH438,386278334,90.3560808,23.8075757,0.00642169,4,4,0,0
Zone_DH438,386278335,90.355958,23.8078564,0.00987064,4,3,0,0
Zone_DH438,386278336,90.3557601,23.8083181,0.00906359,4,3,0,0
Zone_DH438,386278337,90.3553654,23.8090279,0.00595429,4,2,0,0
Zone_DH438,386278338,90.355209,23.8093831,0.00544138,4,3,0,0
Zone_DH438,12048671688,90.3650424,23.7997586,0.0,4,1,0,0
Zone_DH438,12048671691,90.3651939,23.7995696,0.0,4,1,0,0
Zone_DH438,12048671693,90.3662413,23.7991401,0.0,4,1,0,0
Zone_DH438,12048671696,90.364575,23.8006698,0.00885852,4,3,0,1
Zone_DH438,12048671700,90.364809,23.8009946,0.0,4,1,0,0
Zone_DH438,12048671701,90.3650692,23.8010854,0.0,4,1,0,0
Zone_DH438,12048671703,90.3654184,23.8013156,0.00473564,4,3,0,1
Zone_DH438,12048671704,90.3651818,23.8009541,0.0,4,1,0,0
Zone_DH438,12048671705,90.3655374,23.8011427,0.00120104,4,3,0,1
Zone_DH438,3713328093,90.3667533,23.8086459,0.01681063,4,3,0,0
Zone_DH438,386278377,90.3577664,23.808454,0.02057477,4,3,0,0
Zone_DH438,386278385,90.3576161,23.808975,0.04953723,3,4,0,0
Zone_DH438,4454515705,90.3665669,23.8082137,0.0,4,1,0,0
Zone_DH438,4344562682,90.3630525,23.8160012,0.0038258,4,4,0,0
Zone_DH438,386786301,90.3703606,23.8072397,0.0381068,3,3,0,0
Zone_DH438,386278398,90.3549178,23.8093071,0.00357375,4,3,0,1
Zone_DH438,386278399,90.3573287,23.809936,0.04734805,3,3,0,0
Zone_DH438,386278400,90.3571836,23.8104213,0.04707838,3,4,0,1
Zone_DH438,386786302,90.3696719,23.8086658,0.01442715,4,3,0,0
Zone_DH438,386786303,90.3693902,23.809722,0.04009189,3,3,0,0
Zone_DH438,386278403,90.3560134,23.8101111,0.00235069,4,3,0,0
Zone_DH438,6102459400,90.3587695,23.8194606,0.0,4,1,0,0
Zone_DH438,7314465814,90.3580125,23.8210938,0.0,4,1,0,0
Zone_DH438,386278434,90.3570461,23.810881,0.0441722,3,3,0,0
Zone_DH438,386278436,90.3569112,23.811332,0.06619418,2,3,0,0
Zone_DH438,3770229796,90.373005,23.8150533,0.04454709,3,3,0,0
Zone_DH438,386278438,90.3555002,23.8109604,0.00322528,4,3,0,0
Zone_DH438,386278439,90.3572747,23.8101167,0.04638927,3,3,0,1
Zone_DH438,386278440,90.3592778,23.8106692,0.0,4,1,0,0
Zone_DH438,386278441,90.3570722,23.8107936,0.04480061,3,3,0,1
Zone_DH438,386278442,90.3583791,23.8111378,0.0,4,1,0,0
Zone_DH438,386278443,90.3568767,23.8114474,0.06318571,3,3,0,1
Zone_DH438,386278444,90.3582075,23.8118209,0.0,4,1,0,0
Zone_DH438,386278445,90.3552786,23.8114109,0.00375288,4,3,0,0
Zone_DH438,386278446,90.3567831,23.8117603,0.06174388,3,3,0,0
Zone_DH438,386278447,90.3566397,23.81224,0.05702194,3,3,0,0
Zone_DH438,386278448,90.3550976,23.8118744,0.00314404,4,3,0,0
Zone_DH438,386278449,90.3565586,23.8125111,0.05698328,3,4,0,0
Zone_DH438,4585063472,90.3758754,23.8082153,0.01474234,4,3,0,0
Zone_DH438,3737232446,90.3736199,23.8158611,0.0,4,1,0,0
Zone_DH438,9339978820,90.3734842,23.8005551,0.00733593,4,3,0,0
Zone_DH438,12000232516,90.3578617,23.8069024,0.0,4,1,0,0
Zone_DH438,386278472,90.3563878,23.8132108,0.05429734,3,3,0,0
Zone_DH438,386278474,90.3544883,23.8127622,0.00142617,4,3,0,0
Zone_DH438,9339978828,90.3726687,23.8000499,0.00715876,4,3,0,1
Zone_DH438,4021888078,90.3565011,23.8025498,7.83e-06,4,2,0,0
Zone_DH438,386278496,90.3561132,23.8144045,0.04691736,3,3,0,0
Zone_DH438,386278499,90.3560663,23.8148025,0.04670495,3,3,0,0
Zone_DH438,3822765157,90.3751721,23.8171696,0.0,4,1,0,0
Zone_DH438,386278514,90.3540083,23.8148062,0.00077035,4,2,0,0
Zone_DH438,11991893108,90.3610669,23.8017508,0.01656005,4,3,0,0
Zone_DH438,11991893109,90.361172,23.8036694,0.03345437,3,3,0,0
Zone_DH438,11991893110,90.3612401,23.8035825,0.02803452,3,3,0,0
Zone_DH438,11991893111,90.3613425,23.8037833,0.01407624,4,3,0,0
Zone_DH438,11991893112,90.3614094,23.8036957,0.01080005,4,3,0,0
Zone_DH438,11991893113,90.3626701,23.80462,0.03569543,3,3,0,0
Zone_DH438,11991893114,90.3627295,23.8045398,0.02832573,3,3,0,0
Zone_DH438,3713270920,90.3644506,23.809769,0.02666365,3,3,0,0
Zone_DH438,3732407434,90.3613255,23.8015492,0.01637798,4,3,0,0
Zone_DH438,3732407438,90.3603893,23.8010093,0.00183043,4,3,0,0
Zone_DH438,12617688210,90.374786,23.8212804,0.00100527,4,3,0,0
Zone_DH438,12617688211,90.375427,23.8213896,0.00033966,4,2,0,0
Zone_DH438,6122874013,90.3578658,23.8073557,0.02281974,3,3,0,0
Zone_DH438,4486366381,90.3734011,23.8039455,0.0,4,1,0,0
Zone_DH438,386278580,90.3612442,23.8181271,0.09122219,2,4,0,0
Zone_DH438,9000035509,90.3709695,23.8215943,0.00196845,4,3,0,0
Zone_DH438,386278582,90.3646785,23.8188742,0.00558625,4,3,0,0
Zone_DH438,3732407479,90.3602936,23.8012273,0.01051863,4,3,0,0
Zone_DH438,9000035510,90.3717507,23.8217151,0.00457511,4,3,0,0
Zone_DH438,3732407481,90.3606128,23.7998975,0.00052955,4,3,0,0
Zone_DH438,11461272780,90.3784443,23.8030921,0.00932151,4,2,0,0
Zone_DH438,3755410641,90.3780909,23.8178858,0.00592101,4,3,0,1
Zone_DH438,3755410642,90.3788346,23.8179414,0.0,4,2,0,0
Zone_DH438,386278612,90.369148,23.8168692,0.1060996,2,4,0,0
Zone_DH438,386278613,90.3737934,23.8179093,0.02136616,4,3,0,0
Zone_DH438,386278614,90.3761573,23.818399,0.03182802,3,3,0,0
Zone_DH438,386278615,90.3780153,23.8188149,0.01377475,4,3,0,1
Zone_DH438,4344562927,90.3629266,23.8165468,0.00257191,4,4,0,0
Zone_DH438,3639370998,90.3730166,23.8207275,0.01615921,4,3,0,0
Zone_DH438,3639371000,90.3731716,23.820063,0.02014946,4,3,0,0
Zone_DH438,3639371002,90.3728412,23.8214324,0.0231408,3,4,0,0
Zone_DH438,3639371004,90.3732637,23.8197179,0.02302187,3,3,0,0
Zone_DH438,3639371006,90.3735089,23.8188312,0.01758,4,3,0,0
Zone_DH438,3639371008,90.3742382,23.8216328,0.01450105,4,3,0,0
Zone_DH438,3639371009,90.3758002,23.8183304,0.03491529,3,4,0,0
Zone_DH438,3639371010,90.3752177,23.8195631,0.01918922,4,3,0,0
Zone_DH438,3639371011,90.3758285,23.819729,0.00890599,4,3,0,0
Zone_DH438,3639371012,90.3759151,23.8193741,0.00392809,4,3,0,0
Zone_DH438,4487963909,90.3677155,23.8004881,0.00156566,4,3,0,1
Zone_DH438,3639371014,90.3758311,23.8198038,0.00706773,4,3,0,0
Zone_DH438,3639371015,90.3772535,23.8201114,0.0,4,2,0,0
Zone_DH438,3639371016,90.3757438,23.8201709,0.00607959,4,3,0,0
Zone_DH438,4455990534,90.3551892,23.8051952,0.0,4,1,0,0
Zone_DH438,3639371018,90.3764776,23.8184806,0.02034376,4,3,0,0
Zone_DH438,3639371019,90.3763545,23.8194498,0.00065142,4,3,0,0
Zone_DH438,3639371020,90.375539,23.8210075,0.00155293,4,2,0,0
Zone_DH438,3751707914,90.3695318,23.818423,0.0,4,1,0,0
Zone_DH438,4487963910,90.368077,23.8006686,0.0,4,1,0,0
Zone_DH438,12072084743,90.3746094,23.8070036,0.0,4,1,0,0
Zone_DH438,12072084748,90.3745933,23.8071834,0.00098912,4,3,0,1
Zone_DH438,12072084753,90.3742133,23.8063529,0.01742045,4,3,0,1
Zone_DH438,12072084754,90.3775434,23.8078089,0.00079482,4,3,0,0
Zone_DH438,12072084755,90.3767735,23.8082044,0.00862898,4,3,0,0
Zone_DH438,12072084747,90.3742754,23.8073349,0.0,4,1,0,0
Zone_DH438,12072084749,90.3744773,23.8072331,0.00098912,4,3,0,1
Zone_DH438,12072084750,90.3744592,23.8071367,0.00395061,4,3,0,1
Zone_DH438,12072084752,90.3743049,23.8067245,0.00592248,4,3,0,1
Zone_DH438,3732882715,90.3615213,23.8076737,0.025329,3,3,0,0
Zone_DH438,3732882716,90.3604484,23.8091461,0.11173284,2,3,0,0
Zone_DH438,386278685,90.3733236,23.8139232,0.05345308,3,4,0,0
Zone_DH438,386024738,90.3640683,23.8054735,0.04833521,3,3,0,0
Zone_DH438,386024739,90.3647815,23.8043845,0.03168805,3,3,0,0
Zone_DH438,4486366501,90.3704923,23.8057747,0.02378476,3,3,0,0
Zone_DH438,386024744,90.3636515,23.8041517,0.01394311,4,3,0,0
Zone_DH438,386024745,90.3646027,23.8047314,0.00603456,4,3,0,0
Zone_DH438,3741058356,90.3730304,23.8149586,0.04480355,3,3,0,0
Zone_DH438,386278713,90.3686391,23.818683,0.01959641,4,3,0,0
Zone_DH438,4352107834,90.3675742,23.8206646,0.04111429,3,3,0,0
Zone_DH438,386278720,90.3645892,23.8221106,0.0595246,3,3,0,0
Zone_DH438,3779126592,90.3704724,23.8087061,0.00578398,4,3,0,0
Zone_DH438,4352107843,90.3674967,23.8212329,0.00873225,4,3,0,0
Zone_DH438,4352107844,90.3670213,23.8214764,0.00456972,4,4,0,0
Zone_DH438,4352107845,90.3677869,23.8215944,0.00250877,4,3,0,0
Zone_DH438,4352107846,90.3669531,23.8217796,0.00432403,4,3,0,0
Zone_DH438,4352107847,90.3677137,23.8219129,0.00122502,4,3,0,0
Zone_DH438,4611097941,90.3575658,23.8012142,0.0,4,1,0,0
Zone_DH438,3732874601,90.3581627,23.8069482,0.00670409,4,3,0,0
Zone_DH438,386745708,90.3714668,23.8057959,0.02347887,3,3,0,0
Zone_DH438,6499132780,90.3740951,23.8031663,0.00256261,4,3,0,1
Zone_DH438,6499132782,90.3739458,23.8033369,0.0,4,1,0,0
Zone_DH438,3713271151,90.3668854,23.8096211,0.00420657,4,3,0,0
Zone_DH438,386745712,90.3718328,23.805657,0.03626132,3,3,0,0
Zone_DH438,3713271152,90.3669179,23.8094736,0.0048389,4,3,0,0
Zone_DH438,3713271155,90.3651554,23.8093787,0.00862458,4,3,0,0
Zone_DH438,3713271156,90.3652103,23.8093775,0.00696935,4,3,0,0
Zone_DH438,3713271157,90.3652155,23.8097655,0.0278921,3,3,0,0
Zone_DH438,386786678,90.3719043,23.8069107,0.07810424,2,4,0,0
Zone_DH438,386745720,90.3739637,23.8049731,0.0203374,4,3,0,0
Zone_DH438,3713271163,90.3667744,23.8099403,0.0275544,3,3,0,0
Zone_DH438,3812140411,90.3754771,23.8130264,0.00887614,4,3,0,0
Zone_DH438,3812140412,90.3755303,23.8128462,0.00747101,4,3,0,1
Zone_DH438,386745730,90.3764404,23.8032708,0.01332204,4,4,0,0
Zone_DH438,3879380354,90.3637219,23.8183116,0.01549972,4,3,0,0
Zone_DH438,5833557382,90.3644357,23.8099231,0.08707875,2,3,0,0
Zone_DH438,386794886,90.3774149,23.8017791,0.00430299,4,2,0,0
Zone_DH438,5833557383,90.3635649,23.8097691,0.08506576,2,3,0,0
Zone_DH438,5833557384,90.3637785,23.8085791,0.01828134,4,3,0,0
Zone_DH438,3639272862,90.3632376,23.8151988,0.02734933,3,3,0,0
Zone_DH438,3639272864,90.3624936,23.8184234,0.02137546,4,3,0,0
Zone_DH438,3639272865,90.3617343,23.8171474,0.07969143,2,3,0,0
Zone_DH438,3639272866,90.3627458,23.8173303,0.00224497,4,4,0,0
Zone_DH438,3639272868,90.363893,23.8175342,0.01744272,4,3,0,0
Zone_DH438,3639272869,90.3639472,23.8172881,0.01838265,4,4,0,0
Zone_DH438,4418635175,90.3728769,23.8053505,0.0217435,4,3,0,0
Zone_DH438,3639272872,90.3618967,23.8168997,0.08012701,2,3,0,0
Zone_DH438,386278826,90.3694277,23.8208845,0.03076696,3,3,0,0
Zone_DH438,3639272874,90.3650316,23.8175003,0.00492064,4,3,0,0
Zone_DH438,3639272875,90.3654777,23.8156234,0.05679877,3,3,0,0
Zone_DH438,3639272876,90.3654079,23.8159184,0.00239669,4,3,0,0
Zone_DH438,3639272878,90.3625449,23.8153745,0.08244638,2,3,0,0
Zone_DH438,3639272879,90.3653452,23.8161862,0.00334813,4,3,0,0
Zone_DH438,3639272880,90.3624712,23.8156079,0.08180524,2,3,0,0
Zone_DH438,3639272881,90.3652865,23.8164377,0.00275104,4,3,0,0
Zone_DH438,3639272882,90.3623297,23.81586,0.08143915,2,3,0,0
Zone_DH438,3639272883,90.3652252,23.8166997,0.00171738,4,3,0,0
Zone_DH438,3639272884,90.36216,23.8161113,0.0810809,2,3,0,0
Zone_DH438,1553073589,90.3684575,23.8071267,0.16179277,1,3,0,0
Zone_DH438,3639272886,90.3620442,23.816361,0.08044122,2,3,0,0
Zone_DH438,1553073590,90.3686074,23.8072383,0.09554916,2,3,0,0
Zone_DH438,3639272887,90.3651016,23.8172255,0.00780455,4,3,0,0
Zone_DH438,3639272885,90.3651613,23.816973,0.00929728,4,4,0,0
Zone_DH438,386278847,90.3720402,23.8175203,0.06054479,3,3,0,0
Zone_DH438,7124116927,90.3597813,23.8182543,0.0,4,1,0,0
Zone_DH438,7124116929,90.3604029,23.8181635,0.0,4,1,0,0
Zone_DH438,3731342803,90.3693858,23.8049216,0.02761068,3,3,0,1
Zone_DH438,3731342804,90.3687708,23.804711,0.0,4,1,0,0
Zone_DH438,11900634585,90.3600859,23.8164385,0.0,4,1,0,0
Zone_DH438,11900634592,90.3606367,23.8159692,0.0,4,1,0,0
Zone_DH438,386049508,90.363887,23.7990654,0.0,4,1,0,0
Zone_DH438,3779134951,90.3713072,23.8151639,0.02171022,4,3,0,0
Zone_DH438,11900634602,90.3604711,23.816614,0.00197775,4,3,0,1
Zone_DH438,11900634611,90.3601808,23.8167572,0.00374064,4,3,0,1
Zone_DH438,4456179211,90.3570341,23.8028611,0.00601498,4,3,0,0
Zone_DH438,386278925,90.3781181,23.8175379,0.00098765,4,2,0,0
Zone_DH438,4456179215,90.3566844,23.8032766,0.00529749,4,3,0,0
Zone_DH438,4456179216,90.3571857,23.8036319,0.00841168,4,3,0,0
Zone_DH438,4456179217,90.3563513,23.8036723,0.00342937,4,3,0,0
Zone_DH438,4456179218,90.3568643,23.8040196,0.00930291,4,3,0,0
Zone_DH438,3639412267,90.3562039,23.8139878,0.05175333,3,3,0,0
Zone_DH438,3639412269,90.3563037,23.8135934,0.05225841,3,3,0,0
Zone_DH438,3639412270,90.3540324,23.8130958,0.0,4,2,0,0
Zone_DH438,3797812795,90.3769752,23.8100158,0.00946932,4,3,0,0
Zone_DH438,3768698462,90.3731527,23.8177748,0.02402861,3,3,0,0
Zone_DH438,5928110087,90.3628616,23.8110001,0.02614731,3,3,0,0
Zone_DH438,3768673904,90.3696287,23.8150237,0.02037631,4,3,0,0
Zone_DH438,386279027,90.3774496,23.8187041,0.01474087,4,3,0,1
Zone_DH438,12098381429,90.3544926,23.8090738,0.0,4,1,0,0
Zone_DH438,386025079,90.367073,23.8059976,0.02888807,3,3,0,0
Zone_DH438,386279056,90.3723349,23.8175806,0.05380498,3,3,0,0
Zone_DH438,11985315473,90.3632006,23.8055428,0.06038377,3,3,0,1
Zone_DH438,3797771923,90.3764841,23.8109373,0.02280506,3,3,0,0
Zone_DH438,11985315475,90.3632791,23.8055925,0.0,4,1,0,0
Zone_DH438,11989935765,90.359133,23.8183354,0.00197775,4,3,0,1
Zone_DH438,11989935764,90.3593785,23.8184049,0.0,4,1,0,0
Zone_DH438,386279068,90.36746,23.8167679,0.02669571,3,4,0,0
Zone_DH438,386279069,90.3665252,23.8204958,0.00525638,4,3,0,0
Zone_DH438,3732874924,90.3601392,23.8054908,0.02701946,3,3,0,0
Zone_DH438,476669622,90.372838,23.8224619,0.0,4,1,0,0
Zone_DH438,4017841852,90.3578376,23.8064484,0.02350493,3,3,0,0
Zone_DH438,4017841856,90.3572172,23.8059739,0.01429599,4,3,0,0
Zone_DH438,4525721292,90.3548703,23.8141356,0.00459517,4,3,0,0
Zone_DH438,4525721293,90.3551672,23.8129452,0.00219358,4,3,0,0
Zone_DH438,4525721294,90.3550839,23.8133273,0.00167529,4,3,0,0
Zone_DH438,476669647,90.3665705,23.821887,0.00190189,4,3,0,0
Zone_DH438,4525721296,90.354965,23.8137296,0.00481737,4,3,0,0
Zone_DH438,4525721295,90.3550585,23.8133218,0.00072434,4,3,0,0
Zone_DH438,476669650,90.3678571,23.8212753,0.0088825,4,4,0,0
Zone_DH438,476669652,90.3676895,23.8220416,0.00135814,4,3,0,0
Zone_DH438,6234171107,90.3628054,23.8170719,0.00238593,4,4,0,0
Zone_DH438,6234171108,90.3628646,23.8168153,0.00317732,4,4,0,0
Zone_DH438,6234171109,90.3631134,23.8157371,0.02327148,3,4,0,0
Zone_DH438,6234171110,90.3640053,23.8170244,0.01996666,4,4,0,0
Zone_DH438,6234171111,90.3642962,23.8157025,0.04939089,3,4,0,0
Zone_DH438,6234171112,90.3642388,23.8159636,0.01903162,4,4,0,0
Zone_DH438,6234171113,90.3629903,23.8162707,0.00310538,4,4,0,0
Zone_DH438,6234171114,90.3641233,23.8164881,0.01772046,4,4,0,0
Zone_DH438,6234171115,90.3643419,23.8139714,0.00180694,4,3,0,0
Zone_DH438,7229908729,90.3642494,23.8192921,0.0,4,1,0,0
Zone_DH438,7229908732,90.3640021,23.8195047,0.03727846,3,3,0,0
Zone_DH438,7229908734,90.3639244,23.81975,0.00380721,4,3,0,0
Zone_DH438,3718899458,90.3667789,23.8014086,0.00737606,4,3,0,0
Zone_DH438,3718932246,90.3672737,23.8024786,0.00746807,4,3,0,0
Zone_DH438,386787105,90.3716452,23.8078003,0.01878679,4,3,0,0
Zone_DH438,386787107,90.3732349,23.8081992,0.01896555,4,3,0,0
Zone_DH438,3770255139,90.3743758,23.8162954,0.01936443,4,3,0,0
Zone_DH438,5701691184,90.3571363,23.8027397,0.00788751,4,3,0,0
Zone_DH438,5701691185,90.3566379,23.8023877,0.00064701,4,2,0,0
Zone_DH438,4034258738,90.3545419,23.8107077,0.00220827,4,3,0,1
Zone_DH438,11730970429,90.370637,23.8119962,0.02169114,4,3,0,0
Zone_DH438,476014444,90.3595531,23.822063,0.0,4,1,0,0
Zone_DH438,12850472826,90.3653823,23.8107979,0.00433235,4,3,0,0
Zone_DH438,12850472828,90.363353,23.8149334,0.00094116,4,3,0,0
Zone_DH438,12850472830,90.3627727,23.8149248,0.00154314,4,3,0,0
Zone_DH438,476014463,90.3610311,23.8192273,0.02485084,3,3,0,1
Zone_DH438,12850472832,90.3665839,23.8126588,0.00018549,4,3,0,0
Zone_DH438,476014465,90.3611698,23.8186262,0.03452082,3,3,0,0
Zone_DH438,3828352898,90.3729301,23.821815,0.0034881,4,3,0,1
Zone_DH438,4344506242,90.3641819,23.8162219,0.01758881,4,4,0,0
Zone_DH438,3828352900,90.3728412,23.8224418,0.00100233,4,3,0,1
Zone_DH438,3828352901,90.3717202,23.8222855,0.00146043,4,4,0,1
Zone_DH438,3828352899,90.3721918,23.8216935,0.0,4,1,0,0
Zone_DH438,476669831,90.3617332,23.8218226,0.0,4,1,0,0
Zone_DH438,3828352903,90.3717274,23.8219628,0.00341616,4,3,0,0
Zone_DH438,11898783621,90.3593731,23.813637,0.00198313,4,3,0,0
Zone_DH438,11898783619,90.3594736,23.8131036,0.0,4,3,0,0
Zone_DH438,6122923915,90.3660061,23.8108892,0.00729237,4,3,0,0
Zone_DH438,3732875151,90.3613673,23.8052384,0.03446698,3,4,0,0
Zone_DH438,476014480,90.3619739,23.8166519,0.0804701,2,3,0,0
Zone_DH438,386746257,90.3717939,23.7999188,0.00776858,4,2,0,0
Zone_DH438,476669841,90.3614232,23.8217824,0.00592248,4,3,0,1
Zone_DH438,3732875152,90.3608641,23.8059169,0.01845411,4,3,0,0
Zone_DH438,3732875153,90.3601994,23.8068153,0.00170367,4,3,0,0
Zone_DH438,3732875157,90.3593494,23.8087041,0.06199837,3,4,0,0
Zone_DH438,386746265,90.3732469,23.800247,0.00652888,4,3,0,0
Zone_DH438,264882074,90.3543409,23.806905,0.00632234,4,2,0,0
Zone_DH438,476669850,90.3639218,23.8205239,0.02445392,3,3,0,0
Zone_DH438,11730741147,90.3705912,23.8181891,0.0,4,1,0,0
Zone_DH438,6342518683,90.3771712,23.8041671,0.00279361,4,3,0,0
Zone_DH438,11730741146,90.3746785,23.8203893,0.00042678,4,3,0,0
Zone_DH438,476014495,90.362594,23.8151741,0.03647948,3,3,0,1
Zone_DH438,476014496,90.3626231,23.8149622,0.06335162,3,3,0,0
Zone_DH438,5595277215,90.3616951,23.8223444,0.00098912,4,2,0,1
Zone_DH438,5595277216,90.3614238,23.8223381,0.00395256,4,3,0,1
Zone_DH438,264882086,90.3572168,23.8050025,0.0332909,3,3,0,0
Zone_DH438,264882088,90.3553705,23.8072552,0.01382076,4,4,0,0
Zone_DH438,1148733364,90.3616665,23.8077599,0.04143927,3,3,0,0
Zone_DH438,3713296321,90.367206,23.808453,0.017233,4,3,0,0
Zone_DH438,7124191184,90.3586427,23.8216276,0.0,4,1,0,0
Zone_DH438,6487558097,90.3628798,23.8108991,0.02632057,3,3,0,0
Zone_DH438,6487558098,90.3640977,23.8110578,0.01296819,4,3,0,0
Zone_DH438,476669908,90.3647908,23.8205587,0.06475993,3,3,0,0
Zone_DH438,476669912,90.363127,23.8204607,0.02285204,3,3,0,0
Zone_DH438,12009678808,90.3583793,23.8091772,0.0,4,1,0,0
Zone_DH438,12009678809,90.3581727,23.8091131,0.003169,4,3,0,1
Zone_DH438,4384171996,90.3609027,23.8121196,0.04734952,3,3,0,0
Zone_DH438,12009678814,90.3581177,23.8092614,0.00161166,4,3,0,1
Zone_DH438,6087067614,90.3542834,23.8061906,0.0,4,1,0,0
Zone_DH438,6087067616,90.3565265,23.8058506,0.0081606,4,3,0,0
Zone_DH438,6087067615,90.3556837,23.805276,0.01042222,4,3,0,0
Zone_DH438,12009678818,90.3580431,23.8088229,0.00098912,4,3,0,1
Zone_DH438,12009678816,90.357918,23.8087772,0.0,4,1,0,0
Zone_DH438,12009678827,90.3581622,23.8089785,0.00384146,4,3,0,0
Zone_DH438,4376971256,90.3616851,23.813468,0.00822129,4,3,0,0
Zone_DH438,4429129727,90.3539555,23.815755,0.00055794,4,2,0,0
Zone_DH438,6342518786,90.3746358,23.8060828,0.00652007,4,3,0,0
Zone_DH438,4376971269,90.3652168,23.8136435,0.00292576,4,3,0,0
Zone_DH438,5928110086,90.3619363,23.8112592,0.0071475,4,3,0,0
Zone_DH438,6499092487,90.3745869,23.8045691,0.01915398,4,3,0,0
Zone_DH438,5928110085,90.3627688,23.81138,0.02440351,3,3,0,0
Zone_DH438,5928110089,90.364032,23.8114716,0.01231775,4,3,0,0
Zone_DH438,5928110088,90.3619489,23.8108577,0.00971354,4,3,0,0
Zone_DH438,5928110091,90.3619486,23.8115032,0.00678582,4,3,0,0
Zone_DH438,4424648716,90.3709278,23.7994048,0.00098912,4,2,0,1
Zone_DH438,5928110092,90.3639728,23.8118575,0.01311648,4,3,0,0
Zone_DH438,5928110094,90.3639128,23.8122532,0.0122874,4,3,0,0
Zone_DH438,5928110095,90.3626244,23.8120406,0.02251924,3,4,0,0
Zone_DH438,5928110093,90.3618723,23.8119218,0.00347244,4,3,0,0
Zone_DH438,5928110090,90.362798,23.8112651,0.02563244,3,3,0,0
Zone_DH438,11009476646,90.3608322,23.8185153,0.0,4,1,0,0
Zone_DH438,3772786726,90.3708283,23.8169711,0.00365402,4,3,0,0
Zone_DH438,3772786727,90.3724224,23.8172428,0.0224052,3,3,0,0
Zone_DH438,3711469612,90.3770772,23.8056535,0.00557108,4,4,0,0
Zone_DH438,3711469613,90.3749808,23.8067097,0.01498411,4,3,0,0
Zone_DH438,1747560496,90.3553276,23.8176444,0.00197726,4,2,0,1
Zone_DH438,4424648754,90.3714017,23.8004434,0.01020785,4,3,0,0
Zone_DH438,4487989303,90.3690011,23.7999831,0.01159193,4,3,0,1
Zone_DH438,4208404539,90.3648628,23.8208558,0.05366867,3,3,0,0
Zone_DH438,4525590592,90.3628285,23.8090988,0.03519915,3,3,0,0
Zone_DH438,4487989314,90.3694087,23.8000115,0.01221693,4,3,0,0
Zone_DH438,3772115011,90.3698422,23.8113125,0.00747101,4,3,0,0
Zone_DH438,3772115012,90.370767,23.8115345,0.01697605,4,3,0,0
Zone_DH438,4487989320,90.3692991,23.8009571,0.00608742,4,3,0,0
Zone_DH438,12048959569,90.3625661,23.8025294,0.0,4,1,0,0
Zone_DH438,12048959570,90.3623763,23.8022711,0.0,4,1,0,0
Zone_DH438,4487989332,90.3685418,23.801666,0.00532343,4,3,0,0
Zone_DH438,12048959572,90.3633055,23.8001894,0.00340294,4,3,0,0
Zone_DH438,3833735254,90.3593483,23.8176284,0.04718899,3,4,0,0
Zone_DH438,3833735255,90.3589355,23.8188552,0.0,4,1,0,0
Zone_DH438,3833735256,90.3591905,23.8181663,0.01613376,4,3,0,1
Zone_DH438,12048959577,90.3622224,23.800032,0.00544334,4,3,0,0
Zone_DH438,12048959576,90.3622491,23.7998597,0.00351257,4,3,0,0
Zone_DH438,12048959579,90.3623064,23.7995461,0.00072336,4,3,0,0
Zone_DH438,6121891931,90.3590829,23.8050286,0.03086533,3,3,0,0
Zone_DH438,12048959581,90.3623761,23.800201,0.00615545,4,3,0,1
Zone_DH438,3712084062,90.3794946,23.8092427,0.00098912,4,2,0,1
Zone_DH438,12048959578,90.3622646,23.7997455,0.00246619,4,3,0,1
Zone_DH438,12048959580,90.3620286,23.7996952,0.0,4,1,0,0
Zone_DH438,4487989345,90.3686106,23.8015031,0.00290227,4,3,0,0
Zone_DH438,12048959582,90.3627029,23.8002802,0.0,4,1,0,0
Zone_DH438,11999561827,90.3578393,23.8047454,0.00959999,4,3,0,0
Zone_DH438,12048959584,90.3630702,23.8004513,0.0,4,1,0,0
Zone_DH438,12048959589,90.3632478,23.8003049,0.00528281,4,3,0,1
Zone_DH438,12048959590,90.3637462,23.8009733,0.00568267,4,3,0,1
Zone_DH438,12048959591,90.3637636,23.8007394,0.0,4,1,0,0
Zone_DH438,4487989352,90.3680232,23.8009112,0.00338875,4,3,0,0
Zone_DH438,6247606381,90.3675639,23.8109399,0.18150004,1,3,0,0
Zone_DH438,5701658756,90.3553168,23.8041918,0.0029747,4,3,0,0
Zone_DH438,4524378246,90.3575739,23.8067784,0.02862036,3,3,0,0
Zone_DH438,4524378247,90.3581238,23.8060901,0.00865737,4,3,0,0
Zone_DH438,4524378248,90.3574919,23.8056391,0.0025905,4,3,0,0
Zone_DH438,4524378252,90.3596362,23.806179,0.01989643,4,3,0,0
Zone_DH438,8852301965,90.3710479,23.808589,0.0,4,1,0,0
Zone_DH438,4524378255,90.359351,23.8055513,0.00614713,4,3,0,1
Zone_DH438,4524378256,90.3573068,23.8058647,0.01416678,4,3,0,0
Zone_DH438,4524378257,90.3568031,23.8055108,0.01684293,4,3,0,0
Zone_DH438,386787490,90.3766583,23.8095091,0.01367834,4,3,0,0
Zone_DH438,386787497,90.3788785,23.8085966,0.00424573,4,3,0,0
Zone_DH438,11250919609,90.3569846,23.8175277,0.0,4,1,0,0
Zone_DH438,3779111111,90.37026,23.8130697,0.01219833,4,3,0,0
Zone_DH438,3779111112,90.3694266,23.812862,0.00476574,4,3,0,0
Zone_DH438,12025505999,90.3717247,23.8042965,0.0,4,1,0,0
Zone_DH438,4526082259,90.3565933,23.8179134,0.0,4,1,0,0
Zone_DH438,4526082260,90.3560605,23.817951,0.01732256,4,3,0,1
Zone_DH438,9000044757,90.3709177,23.8218696,0.00098471,4,3,0,0
Zone_DH438,9000044758,90.3717518,23.8220083,0.00243193,4,3,0,0
Zone_DH438,5445404903,90.3643712,23.8220713,0.05959899,3,2,0,0
Zone_DH438,3804563687,90.3743405,23.8164474,0.01833909,4,3,0,0
Zone_DH438,3804563689,90.3757485,23.8167511,0.00068617,4,3,0,0
Zone_DH438,3804563691,90.3764218,23.8168907,0.00607371,4,3,0,0
Zone_DH438,3828345075,90.371658,23.8225852,0.0,4,1,0,0
Zone_DH438,386230520,90.3680085,23.80342,0.01973786,4,3,0,0
Zone_DH438,386230524,90.3689233,23.8038139,0.01707345,4,3,0,0
Zone_DH438,4459292935,90.3570505,23.8074336,0.0275402,3,3,0,0
Zone_DH438,11292313863,90.3719595,23.8178268,0.02614633,3,3,0,0
Zone_DH438,11292313864,90.3726842,23.8179717,0.02781281,3,3,0,0
Zone_DH438,12025506057,90.3730557,23.8044195,0.0,4,1,0,0
Zone_DH438,12025506062,90.3725707,23.8043833,0.0196073,4,3,0,1
Zone_DH438,12025506063,90.3726554,23.8040533,0.0,4,1,0,0
Zone_DH438,3785984271,90.3751691,23.813368,0.03081835,3,3,0,0
Zone_DH438,3785984272,90.3758902,23.8134953,0.01066057,4,4,0,0
Zone_DH438,11301996825,90.3652978,23.8111802,0.00338484,4,3,0,0
Zone_DH438,11301996826,90.3655049,23.8102109,0.12797378,1,3,0,0
Zone_DH438,3713304860,90.363522,23.8100037,0.00483646,4,3,0,0
Zone_DH438,3732007200,90.3659004,23.8058922,0.00224008,4,3,0,0
Zone_DH438,3779119396,90.3727316,23.8100474,0.00668794,4,3,0,0
Zone_DH438,3779119397,90.3736587,23.8102342,0.0208278,4,3,0,0
Zone_DH438,12299831594,90.3590924,23.8118227,0.02808297,3,3,0,1
Zone_DH438,3779111211,90.3701333,23.8103346,0.00388356,4,3,0,0
Zone_DH438,4020971819,90.3563614,23.8134032,0.05210865,3,3,0,0
Zone_DH438,3713296684,90.3671281,23.8087289,0.02015582,4,3,0,0
Zone_DH438,12299831595,90.3591089,23.8117463,0.02936428,3,3,0,1
Zone_DH438,12299831596,90.3591752,23.8116411,0.02985272,3,2,0,0
Zone_DH438,11998865739,90.3549262,23.8033847,0.00098569,4,2,0,0
Zone_DH438,11998865741,90.3546402,23.8037133,0.0,4,2,0,0
Zone_DH438,4476506561,90.3618948,23.8117986,0.00260421,4,3,0,0
Zone_DH438,4206127457,90.3666788,23.8199042,0.00572476,4,4,0,0
Zone_DH438,6344100205,90.3645509,23.8074685,0.0,4,1,0,0
Zone_DH438,1747560815,90.355256,23.8173772,0.00296442,4,2,0,1
Zone_DH438,4266518898,90.3672098,23.8225174,0.0,4,1,0,0
Zone_DH438,4601103124,90.371132,23.8061972,0.0,4,1,0,0
Zone_DH438,3639372167,90.37888,23.8173998,4.9e-07,4,2,0,0
Zone_DH438,3639372173,90.378,23.8190387,0.00197726,4,2,0,1
Zone_DH438,6292228495,90.3580003,23.8081471,0.06548158,2,3,0,0
Zone_DH438,6292228500,90.3612267,23.8095158,0.03152556,3,3,0,0
Zone_DH438,3732375976,90.368992,23.804458,0.0,4,1,0,0
Zone_DH438,3732375977,90.3695261,23.8046326,0.02601027,3,3,0,1
Zone_DH438,3782797752,90.3690078,23.811366,0.00354879,4,3,0,0
Zone_DH438,4463077817,90.3566924,23.8120638,0.05762295,3,3,0,0
Zone_DH438,3782797753,90.3698012,23.8115652,0.0083226,4,3,0,0
Zone_DH438,4563028408,90.3758874,23.8128608,0.00592346,4,3,0,1
Zone_DH438,4463077822,90.3569596,23.8146332,0.0,4,1,0,0
Zone_DH438,4463077823,90.356048,23.8149316,0.04625126,3,3,0,0
Zone_DH438,4463077824,90.3568447,23.815099,0.00340196,4,4,0,1
Zone_DH438,4463077825,90.3575877,23.8152808,0.0,4,1,0,0
Zone_DH438,4463077826,90.356032,23.8155379,0.04313462,3,3,0,0
Zone_DH438,4463077827,90.3566627,23.8157143,0.00232377,4,3,0,1
Zone_DH438,4463077828,90.3572588,23.8158662,0.0,4,1,0,0
Zone_DH438,4463077829,90.3560137,23.8159005,0.04140648,3,3,0,1
Zone_DH438,4463077830,90.3570014,23.8161817,0.0,4,1,0,0
Zone_DH438,4463077831,90.3559981,23.8162505,0.04084854,3,3,0,1
Zone_DH438,4463077832,90.356763,23.8164678,0.0,4,1,0,0
Zone_DH438,4563028435,90.3758029,23.8138697,0.01033804,4,3,0,0
Zone_DH438,4611623388,90.3627411,23.7993069,4.356e-05,4,2,0,0
Zone_DH438,4611508710,90.3618651,23.8006522,0.0,4,1,0,0
Zone_DH438,4611508712,90.3616044,23.8003959,0.00197775,4,3,0,1
Zone_DH438,4611508713,90.3615924,23.8006607,0.0,4,1,0,0
Zone_DH438,3737201142,90.3735231,23.8132396,0.03342745,3,4,0,0
Zone_DH438,6087404025,90.3612729,23.8153967,0.0,4,1,0,0
Zone_DH438,3716917753,90.3711955,23.8092929,0.01543046,4,3,0,0
Zone_DH438,3768699396,90.3742068,23.8169968,0.01986364,4,3,0,0
Zone_DH438,4611508749,90.3614109,23.7999976,0.01006788,4,3,0,0
Zone_DH438,4611508750,90.3616142,23.7999982,0.0045707,4,3,0,1
Zone_DH438,11985021466,90.3692597,23.8199679,0.00398731,4,3,0,0
Zone_DH438,3762727457,90.3731264,23.8145793,0.0462909,3,3,0,0
Zone_DH438,3762727458,90.3725784,23.8144756,0.00127984,4,3,0,0
Zone_DH438,4217080356,90.376558,23.820355,0.00074881,4,2,0,0
Zone_DH438,3781626409,90.3688908,23.811756,0.01039432,4,4,0,0
Zone_DH438,4486375984,90.3696871,23.8047131,0.03238694,3,3,0,0
Zone_DH438,4611508788,90.3613197,23.8013483,0.01465228,4,3,0,0
Zone_DH438,3779119678,90.3730865,23.808799,0.023201,3,3,0,0
Zone_DH438,3779119679,90.3738282,23.8089925,0.0172839,4,3,0,0
Zone_DH438,13049645645,90.3544971,23.8108723,0.0,4,1,0,0
Zone_DH438,12010261074,90.3660779,23.8089892,0.00234237,4,3,0,0
Zone_DH438,4486376030,90.3694782,23.8058155,0.03369504,3,3,0,0
Zone_DH438,4486376031,90.368556,23.8069555,0.1316311,1,3,0,0
Zone_DH438,3712125536,90.3740009,23.8090099,0.00164886,4,3,0,0
Zone_DH438,3712125539,90.3742408,23.8078145,0.03636642,3,4,0,0
Zone_DH438,6349204078,90.3617709,23.8023988,0.0199997,4,3,0,1
Zone_DH438,3712313972,90.3780907,23.8098848,0.00778424,4,3,0,0
Zone_DH438,210324086,90.3746567,23.8061886,0.01716938,4,3,0,0
Zone_DH438,11309132406,90.3746878,23.8002402,0.0,4,1,0,0
Zone_DH438,3768674936,90.3697261,23.814736,0.0274871,3,3,0,0
Zone_DH438,3768674939,90.3713545,23.814981,0.02307815,3,3,0,0
Zone_DH438,12049427070,90.3575784,23.8091011,0.04798527,3,3,0,0
Zone_DH438,5988412031,90.3582478,23.8087596,0.00617453,4,3,0,0
Zone_DH438,7866428058,90.3615282,23.8206182,0.00788898,4,3,0,1
Zone_DH438,7866428060,90.359883,23.8220075,0.0,4,1,0,0
Zone_DH438,386230951,90.3711619,23.7992685,0.0,4,1,0,0
Zone_DH438,3853617833,90.3640151,23.811602,0.01284289,4,3,0,0
Zone_DH438,264882869,90.3610793,23.8102542,0.03121869,3,3,0,0
Zone_DH438,3737209525,90.373739,23.8125049,0.036016,3,3,0,1
Zone_DH438,264882876,90.3644258,23.8102107,0.12757735,1,3,0,0
Zone_DH438,3812125380,90.3744083,23.816175,0.01987587,4,3,0,0
Zone_DH438,3812125383,90.3753158,23.816375,0.00313327,4,3,0,1
Zone_DH438,3812125384,90.3756259,23.816443,0.0,4,1,0,0
Zone_DH438,12609735371,90.3774673,23.8110912,0.0,4,1,0,0
Zone_DH438,12609735374,90.3771277,23.8105181,0.01695354,4,3,0,1
Zone_DH438,386231031,90.3657649,23.7990922,0.00098912,4,2,0,1
Zone_DH438,3779128058,90.3704168,23.8092378,0.00423643,4,3,0,0
Zone_DH438,3779128059,90.3711637,23.8094143,0.0173534,4,3,0,0
Zone_DH438,386231036,90.3654299,23.8013017,0.00294142,4,3,0,1
Zone_DH438,386231040,90.3665036,23.8019221,0.0,4,1,0,0
Zone_DH438,3713329925,90.3717763,23.8073599,0.01742583,4,3,0,0
Zone_DH438,4611623691,90.3628608,23.7996587,0.00102974,4,3,0,0
Zone_DH438,4611623696,90.3616558,23.7990413,0.00022269,4,2,0,0
Zone_DH438,3732876049,90.3588413,23.8079304,0.03550504,3,3,0,0
Zone_DH438,3804564244,90.3753686,23.8192108,0.01927291,4,3,0,0
Zone_DH438,3762727700,90.3721403,23.8147724,0.00185931,4,3,0,0
Zone_DH438,4019735349,90.3554667,23.8109515,0.00260568,4,3,0,0
Zone_DH438,3833744184,90.3566961,23.8186312,0.0,4,1,0,0
Zone_DH438,3833744185,90.3575773,23.8188715,0.01216015,4,4,0,1
Zone_DH438,264883009,90.36722,23.8054804,0.02895121,3,3,0,0
Zone_DH438,4376972100,90.361937,23.8139149,0.00668794,4,3,0,0
Zone_DH438,264883015,90.3651517,23.8046086,0.06321165,3,3,0,0
Zone_DH438,3448359751,90.3669953,23.8062885,0.03051882,3,3,0,0
Zone_DH438,264883017,90.3645878,23.8056611,0.0202077,4,3,0,0
Zone_DH438,4376972111,90.3635331,23.8142011,0.00572035,4,3,0,0
Zone_DH438,4376972112,90.3622038,23.8143588,0.00383461,4,3,0,0
Zone_DH438,4376972113,90.3634479,23.8145712,0.00270307,4,3,0,0
Zone_DH438,12012841824,90.3607505,23.811582,0.04860341,3,3,0,0
Zone_DH438,12012841825,90.3598545,23.8119305,0.0,4,1,0,0
Zone_DH438,4601310050,90.37333,23.7999521,0.00098765,4,2,0,0
Zone_DH438,4601310051,90.3724897,23.8004348,0.0,4,1,0,0
Zone_DH438,4601310052,90.3743843,23.8001201,0.0,4,1,0,0
Zone_DH438,4601310053,90.3741969,23.7999391,0.00098912,4,2,0,1
Zone_DH438,6253177701,90.3579669,23.8045929,0.00632968,4,3,0,1
Zone_DH438,4601310055,90.3739518,23.7998787,0.00197726,4,3,0,1
Zone_DH438,4601310056,90.3735947,23.7995343,1.47e-06,4,2,0,0
Zone_DH438,6489983849,90.3735176,23.80201,0.01544221,4,3,0,0
Zone_DH438,6253177702,90.3582111,23.8047538,0.0,4,1,0,0
Zone_DH438,12012841827,90.3608075,23.811846,0.04832395,3,3,0,1
Zone_DH438,4601310062,90.3741095,23.8013647,0.0,4,1,0,0
Zone_DH438,5202578308,90.3611715,23.8094019,0.14532669,1,4,0,0
Zone_DH438,3781831558,90.3759622,23.8131469,0.00761441,4,3,0,0
Zone_DH438,3781831560,90.3759148,23.8138924,0.00944191,4,3,0,0
Zone_DH438,4242377619,90.3746941,23.8217023,0.00113741,4,2,0,0
Zone_DH438,4203883411,90.3737059,23.8208873,0.00355417,4,4,0,0
Zone_DH438,386231194,90.3672372,23.8033888,0.01405678,4,3,0,0
Zone_DH438,386788251,90.379011,23.8088144,0.00346461,4,2,0,0
Zone_DH438,3448195999,90.3744475,23.8216647,0.00364031,4,3,0,0
Zone_DH438,7160015777,90.3628294,23.8211394,0.00098912,4,2,0,1
Zone_DH438,7160015778,90.3623295,23.8209521,0.0,4,1,0,0
Zone_DH438,7160015779,90.3624918,23.8201616,0.02090561,4,3,0,1
Zone_DH438,7160015780,90.3621497,23.8202053,0.0,4,1,0,0
Zone_DH438,3853601712,90.3639258,23.8121697,0.01292071,4,3,0,0
Zone_DH438,3853601713,90.3653764,23.8124165,0.00515556,4,4,0,0
Zone_DH438,3853601714,90.3655404,23.8118377,0.00663459,4,3,0,0
Zone_DH438,4597582776,90.3666362,23.8032922,0.03266297,3,4,0,0
Zone_DH438,12012727231,90.3632241,23.8026189,0.0,4,1,0,0
Zone_DH438,3772115914,90.369956,23.8109336,0.01206374,4,3,0,0
Zone_DH438,3772115915,90.3708429,23.8111809,0.0177048,4,3,0,0
Zone_DH438,12012727243,90.3629985,23.8033613,0.02197011,3,3,0,1
Zone_DH438,386231272,90.3687093,23.7998479,0.01179553,4,3,0,1
Zone_DH438,7140592624,90.3694801,23.8155686,0.02904664,3,3,0,0
Zone_DH438,4450831363,90.3644067,23.8095263,0.02637489,3,3,0,0
Zone_DH438,3812142083,90.3750607,23.8127129,0.0,4,1,0,0
Zone_DH438,3713297425,90.3670234,23.8090997,0.00531071,4,3,0,0
Zone_DH438,4597705747,90.3674893,23.804099,0.0,4,1,0,0
Zone_DH438,4597705748,90.3673633,23.8043401,0.0356351,3,3,0,1
Zone_DH438,3737234455,90.373418,23.8172052,0.00576048,4,3,0,0
Zone_DH438,4597705755,90.367608,23.8035802,0.02096777,4,3,0,0
Zone_DH438,4597705756,90.3679192,23.803918,0.00518297,4,3,0,0
Zone_DH438,4597705760,90.3676406,23.804468,0.04051757,3,3,0,0
Zone_DH438,6342528040,90.3687392,23.801714,0.00406513,4,3,0,1
Zone_DH438,4597705768,90.3664303,23.8034907,0.04887786,3,3,0,0
Zone_DH438,6342528045,90.3692449,23.8016956,0.00443856,4,3,0,0
Zone_DH438,6342528050,90.3691554,23.8012757,0.00119076,4,3,0,0
Zone_DH438,4597705785,90.3697932,23.8029724,0.0,4,1,0,0
Zone_DH438,4597705787,90.3696367,23.8028021,0.00879942,4,3,0,1
Zone_DH438,4597705797,90.3688747,23.8028814,0.0,4,1,0,0
Zone_DH438,4459277386,90.3582106,23.8059814,0.00883307,4,3,0,0
Zone_DH438,6349098063,90.3618419,23.8024634,0.02089876,4,3,0,0
Zone_DH438,3556592722,90.3621367,23.8041656,0.02461738,3,3,0,0
Zone_DH438,6349098068,90.3625476,23.8015077,0.01154397,4,3,0,0
Zone_DH438,6349098072,90.3634526,23.7998535,0.0028034,4,3,0,0
Zone_DH438,3781831770,90.3760372,23.8161312,0.0147022,4,3,0,1
Zone_DH438,3779112034,90.3686417,23.8129215,0.05951628,3,3,0,0
Zone_DH438,3779112035,90.3693576,23.8130855,0.06247776,3,3,0,0
Zone_DH438,11292740715,90.3615836,23.8173928,0.07945112,2,3,0,0
Zone_DH438,3556592748,90.366897,23.8066497,0.04140599,3,3,0,0
Zone_DH438,11292740717,90.3626844,23.8175965,0.00275887,4,4,0,0
Zone_DH438,11292740716,90.3638326,23.8178089,0.01897069,4,3,0,0
Zone_DH438,4597705840,90.3678968,23.8031567,0.01235262,4,3,0,0
Zone_DH438,4456524922,90.3598884,23.8079356,0.03066222,3,3,0,0
Zone_DH438,7869090943,90.3591555,23.8209836,0.0,4,1,0,0
Zone_DH438,7869090944,90.3590379,23.8216365,0.0,4,1,0,0
Zone_DH438,4456524929,90.3596827,23.8082144,0.0049965,4,3,0,0
Zone_DH438,6499093636,90.3738341,23.8042654,0.00471998,4,3,0,1
Zone_DH438,11301964933,90.3737555,23.81803,0.00409743,4,3,0,0
Zone_DH438,11301964932,90.3727278,23.8177895,0.0290623,3,3,0,0
Zone_DH438,4525804679,90.3629958,23.8188809,0.00197775,4,3,0,1
Zone_DH438,4525804678,90.3629543,23.819203,0.0,4,1,0,0
Zone_DH438,4525804680,90.3625978,23.8192223,0.0,4,1,0,0
Zone_DH438,4525804684,90.362097,23.8187772,0.00395207,4,3,0,1
Zone_DH438,4456524957,90.3608682,23.808575,0.0480303,3,3,0,0
Zone_DH438,4456524963,90.3606666,23.8088492,0.04868221,3,3,0,0
Zone_DH438,3772124324,90.370914,23.8109292,0.01372679,4,3,0,0
Zone_DH438,3772124325,90.3717479,23.8111248,0.00498426,4,3,0,0
Zone_DH438,3779136680,90.3712564,23.8153587,0.0078371,4,3,0,0
Zone_DH438,3779136681,90.3705541,23.8152042,0.01400918,4,3,0,0
Zone_DH438,12049403057,90.3589762,23.8053066,0.0,4,1,0,0
Zone_DH438,12049403058,90.359623,23.8050852,0.03528823,3,3,0,0
Zone_DH438,12049403059,90.3595976,23.8046686,0.0,4,1,0,0
Zone_DH438,12049403060,90.3591792,23.8047968,0.00201348,4,4,0,0
Zone_DH438,4459277493,90.3580104,23.806232,0.00880272,4,3,0,0
Zone_DH438,11311074485,90.3744732,23.8216686,0.00197237,4,2,0,0
Zone_DH438,4459277496,90.3587252,23.8062893,0.00612461,4,3,0,0
Zone_DH438,4459277499,90.3577965,23.8064997,0.02398211,3,3,0,0
Zone_DH438,4459277503,90.3585496,23.8065804,0.00519814,4,3,0,0
Zone_DH438,3822767300,90.3740972,23.8174639,0.01219539,4,3,0,0
Zone_DH438,4459277509,90.3582955,23.8067905,0.00640163,4,3,0,0
Zone_DH438,3822767303,90.3755753,23.8178266,0.0,4,1,0,0
Zone_DH438,4456484050,90.3604436,23.8064838,0.0019337,4,3,0,0
Zone_DH438,6578179282,90.3713771,23.8086802,0.01393822,4,3,0,1
Zone_DH438,3712306398,90.3785107,23.8079919,0.00553584,4,3,0,0
Zone_DH438,3772050661,90.3728276,23.815711,0.03355861,3,3,0,0
Zone_DH438,3772050664,90.3712323,23.8154511,0.00720917,4,3,0,0
Zone_DH438,3718950125,90.3682419,23.800772,0.00264728,4,3,0,1
Zone_DH438,5142998255,90.3612505,23.8053959,0.00426824,4,3,0,0
Zone_DH438,8307723515,90.3743793,23.8010236,0.0,4,1,0,0
Zone_DH438,8307723516,90.3744078,23.8008469,0.00651419,4,3,0,1
Zone_DH438,6574370044,90.3793599,23.8073979,0.00059563,4,3,0,0
Zone_DH438,6574370045,90.3790185,23.806799,0.00048648,4,3,0,0
Zone_DH438,2984684819,90.3574736,23.8051824,0.03077234,3,3,0,0
Zone_DH438,3532590355,90.3611697,23.8126532,0.0884966,2,4,0,1
Zone_DH438,3532590361,90.358815,23.8140227,0.0,4,1,0,0
Zone_DH438,386788640,90.375307,23.8072742,0.01768865,4,3,0,0
Zone_DH438,4562963748,90.3604722,23.8091136,0.07117012,2,3,0,0
Zone_DH438,4562963749,90.359477,23.8084963,0.0262726,3,3,0,0
Zone_DH438,2541423921,90.3703539,23.8032336,0.03150121,3,3,0,0
Zone_DH438,2541423930,90.371561,23.8034341,0.00832077,4,3,0,0
Zone_DH438,2541423933,90.3725041,23.8036664,0.02087099,4,3,0,0
Zone_DH438,3779112256,90.3687523,23.8122488,0.00191608,4,3,0,0
Zone_DH438,3712445764,90.3582245,23.809687,0.0,4,1,0,0
Zone_DH438,6487575889,90.363942,23.8120678,0.01339937,4,3,0,0
Zone_DH438,6487575890,90.3626638,23.8118411,0.02493991,3,3,0,0
Zone_DH438,10294521182,90.3652559,23.8189892,0.01743954,4,3,0,0
Zone_DH438,877497699,90.3557345,23.8100371,0.00087362,4,3,0,0
Zone_DH438,3712314747,90.3764974,23.8108905,0.03054819,3,3,0,0
Zone_DH438,3779112327,90.3713356,23.8088085,0.01423872,4,3,0,0
Zone_DH438,3712298376,90.3774761,23.8062979,0.00689692,4,3,0,0
Zone_DH438,3779112328,90.3721984,23.8089857,0.00344797,4,3,0,0
Zone_DH438,11182493067,90.3681246,23.8084507,0.10986521,2,3,0,1
Zone_DH438,11182493069,90.3675297,23.8080011,0.0,4,1,0,0
Zone_DH438,5701660056,90.3550887,23.8044691,0.00199047,4,2,0,0
Zone_DH438,3804564892,90.3769203,23.8186,0.01866505,4,3,0,0
Zone_DH438,3712306592,90.3790864,23.8089383,0.00485114,4,3,0,0
Zone_DH438,3712339360,90.3763704,23.8075325,0.01479764,4,3,0,0
Zone_DH438,3712339361,90.3765532,23.8078489,0.01374,4,4,0,0
Zone_DH438,9754176936,90.3609494,23.8223223,0.00098912,4,2,0,1
Zone_DH438,3772091819,90.3724589,23.8148393,0.00082957,4,3,0,0
Zone_DH438,4018048428,90.3568475,23.8054563,0.02185118,4,3,0,0
Zone_DH438,4018048427,90.3560086,23.8048818,0.01520141,4,3,0,0
Zone_DH438,4292726205,90.3668826,23.8221198,0.00550941,4,4,0,0
Zone_DH438,4418629067,90.3775004,23.803151,0.00864122,4,3,0,0
Zone_DH438,3771993557,90.3745418,23.8156745,0.02600832,3,3,0,0
Zone_DH438,3833744882,90.357687,23.8185617,0.01197221,4,3,0,0
Zone_DH438,386788861,90.3755887,23.8076886,0.03037982,3,3,0,0
Zone_DH438,4584820226,90.3567954,23.8031447,0.00575853,4,3,0,0
Zone_DH438,4584820227,90.3562907,23.8027999,0.00077133,4,3,0,0
Zone_DH438,3737259528,90.3734381,23.8171327,0.00570665,4,3,0,0
Zone_DH438,3737259529,90.3733172,23.8175659,0.00583145,4,3,0,0
Zone_DH438,3712167434,90.3740988,23.8086181,0.00336281,4,4,0,0
Zone_DH438,3779120651,90.3747486,23.8083598,0.01408211,4,3,0,0
Zone_DH438,877497868,90.3556197,23.8104897,0.00156957,4,4,0,0
Zone_DH438,3779120650,90.3741907,23.8082619,0.00287486,4,4,0,0
Zone_DH438,3712167435,90.3748057,23.8087827,0.0164558,4,3,0,0
Zone_DH438,386788882,90.3758439,23.8081392,0.01662416,4,3,0,0
Zone_DH438,386788883,90.3748905,23.80862,0.02020379,4,3,0,0
Zone_DH438,386788887,90.3761087,23.8085883,0.01033853,4,3,0,0
Zone_DH438,386788888,90.3751764,23.8090833,0.00689007,4,3,0,0
Zone_DH438,3732377112,90.3696115,23.8044425,0.02444706,3,3,0,1
Zone_DH438,3732377113,90.3690975,23.8042497,0.0,4,1,0,0
Zone_DH438,4297420320,90.3702122,23.8214554,0.0,4,1,0,0
Zone_DH438,3713306171,90.3626839,23.8098455,0.00200858,4,3,0,0
Zone_DH438,3713306175,90.3628374,23.8090528,0.03580652,3,3,0,0
Zone_DH438,3713306180,90.3636818,23.8092424,0.02523307,3,3,0,0
Zone_DH438,6102658630,90.3666906,23.8102687,0.15230632,1,4,0,0
Zone_DH438,877497944,90.3561503,23.8096288,0.00153727,4,3,0,0
Zone_DH438,3718516326,90.3700129,23.8079317,0.01653704,4,3,0,0
Zone_DH438,3718516329,90.3715159,23.8082516,0.02523442,3,3,0,0
Zone_DH438,386788980,90.3763805,23.8090444,0.0139206,4,4,0,0
Zone_DH438,5332446848,90.3707843,23.8018268,0.00368387,4,3,0,0
Zone_DH438,5332446854,90.3702299,23.8017581,0.01498803,4,3,0,0
Zone_DH438,6342520466,90.3732957,23.8064839,0.00704864,4,3,0,0
Zone_DH438,6342520467,90.372184,23.8063537,0.03430253,3,3,0,0
Zone_DH438,6342520468,90.3722591,23.8067029,0.04294815,3,3,0,0
Zone_DH438,6342520469,90.3712689,23.8065494,0.0,4,1,0,0
Zone_DH438,3833736855,90.3571958,23.8175922,0.00098912,4,3,0,1
Zone_DH438,3779137180,90.3710005,23.8163233,0.00651028,4,3,0,1
Zone_DH438,3779137181,90.3702913,23.8161652,0.0,4,1,0,0
Zone_DH438,3734343341,90.3748373,23.8203731,0.01472227,4,3,0,0
Zone_DH438,3771993785,90.3746392,23.8153194,0.02651731,3,3,0,0
Zone_DH438,11301998270,90.3681177,23.814256,0.00197775,4,3,0,1
Zone_DH438,11301998271,90.3688172,23.8144166,0.0,4,1,0,0
Zone_DH438,12025466576,90.3742654,23.8036226,0.0,4,1,0,0
Zone_DH438,12025466581,90.3748521,23.8036214,0.0,4,1,0,0
Zone_DH438,11301375737,90.3608097,23.7992173,0.00098912,4,2,0,1
Zone_DH438,3768667904,90.3714832,23.8145281,0.01721979,4,3,0,0
Zone_DH438,3768667905,90.3721598,23.8146868,0.00194741,4,3,0,0
Zone_DH438,3772116739,90.3719762,23.8103337,0.06079685,3,3,0,0
Zone_DH438,3772116741,90.3707278,23.8116756,0.021466,4,3,0,0
Zone_DH438,3713355532,90.3667621,23.8133116,0.08948156,2,3,0,0
Zone_DH438,3768667917,90.3721955,23.8145145,0.00354928,4,3,0,0
Zone_DH438,3713355534,90.3652379,23.8130244,0.01262657,4,3,0,0
Zone_DH438,3713355535,90.3652854,23.8128334,0.00266539,4,3,0,0
Zone_DH438,3768667916,90.3715367,23.8143407,0.02257894,3,3,0,0
Zone_DH438,3713355537,90.3638554,23.8125599,0.01326282,4,3,0,0
Zone_DH438,3713355538,90.3638275,23.8126588,0.01280472,4,3,0,0
Zone_DH438,3713355544,90.3610602,23.8122481,0.04350854,3,3,0,0
Zone_DH438,4420652833,90.3739272,23.8016577,0.0,4,1,0,0
Zone_DH438,3879374642,90.3600102,23.8172345,0.00414148,4,3,0,0
Zone_DH438,3879374643,90.3604948,23.8173883,0.00868037,4,4,0,1
Zone_DH438,3879374644,90.3603281,23.8178891,0.05453324,3,3,0,0
Zone_DH438,7230164788,90.3687183,23.8184784,0.02785392,3,3,0,0
Zone_DH438,3718516536,90.3705222,23.808846,0.00592738,4,3,0,0
Zone_DH438,3810832185,90.3749933,23.8087823,0.02057085,4,3,0,0
Zone_DH438,3718516537,90.3712656,23.8090247,0.01812864,4,3,0,0
Zone_DH438,11409772352,90.3638436,23.799131,0.00141443,4,3,0,1
Zone_DH438,11409772353,90.3639102,23.7991608,0.00154265,4,2,0,0
Zone_DH438,12160110408,90.3561175,23.807499,0.01494691,4,3,0,0
Zone_DH438,12160110410,90.3560971,23.8047744,0.01034734,4,3,0,0
Zone_DH438,12160110414,90.35602,23.804724,0.00456434,4,3,0,0
Zone_DH438,12160110415,90.3559643,23.8046877,0.0,4,2,0,0
Zone_DH438,11900514128,90.3592769,23.8139445,0.00197041,4,3,0,0
Zone_DH438,11900514129,90.3593918,23.8144699,0.00198118,4,3,0,0
Zone_DH438,11900514130,90.3589973,23.8139897,0.00098912,4,3,0,1
Zone_DH438,11900514131,90.3591168,23.814516,0.00099401,4,3,0,1
Zone_DH438,12160110418,90.3561953,23.8046553,0.00673198,4,3,0,0
Zone_DH438,12160110421,90.356362,23.8044532,0.01082452,4,3,0,0
Zone_DH438,12160110416,90.3562382,23.8043688,0.00352579,4,3,0,0
Zone_DH438,6087069527,90.3544784,23.8067382,0.00569001,4,3,0,1
Zone_DH438,6087069528,90.3541829,23.8065245,0.0,4,1,0,0
Zone_DH438,6087069529,90.3545968,23.8065946,0.00394669,4,3,0,1
Zone_DH438,6087069530,90.354302,23.8063823,0.0,4,1,0,0
Zone_DH438,12160110427,90.3561081,23.8042259,0.01337441,4,3,0,0
Zone_DH438,6087069532,90.3553119,23.8065471,0.0,4,1,0,0
Zone_DH438,12160110423,90.3561037,23.8045247,0.00108603,4,3,0,0
Zone_DH438,12160110422,90.3559302,23.8045296,0.00098912,4,3,0,1
Zone_DH438,12160110424,90.3559991,23.8044529,0.00027114,4,3,0,0
Zone_DH438,12160110428,90.3560787,23.8042611,0.0013738,4,3,0,1
Zone_DH438,12160110426,90.3559042,23.8044707,0.0,4,1,0,0
Zone_DH438,12160110439,90.3559883,23.8046596,0.00303392,4,3,0,0
Zone_DH438,4208414576,90.3677598,23.8184904,0.00054913,4,4,0,0
Zone_DH438,3846868850,90.3705881,23.8193635,0.00391879,4,4,0,0
Zone_DH438,3846868851,90.3705001,23.8197453,0.00477283,4,4,0,0
Zone_DH438,3846868852,90.3704447,23.8205939,0.00160922,4,4,0,0
Zone_DH438,4208414585,90.3676575,23.8189005,0.00033085,4,3,0,0
Zone_DH438,3737259914,90.3724965,23.8169229,0.02267928,3,3,0,0
Zone_DH438,3762737040,90.3727033,23.8123869,0.0,4,1,0,0
Zone_DH438,12632870810,90.3746216,23.8208257,0.01235445,4,3,0,0
Zone_DH438,4609380251,90.3729947,23.8037023,0.0,4,1,0,0
Zone_DH438,12632870812,90.3748768,23.8208838,0.0029933,4,3,0,0
Zone_DH438,4609380253,90.3725706,23.8034735,0.01623213,4,3,0,1
Zone_DH438,4609380254,90.3730236,23.8006456,0.0,4,1,0,0
Zone_DH438,3772059551,90.3724699,23.8170362,0.0229695,3,3,0,0
Zone_DH438,3772043169,90.37203,23.8149277,0.0,4,1,0,0
Zone_DH438,3772043170,90.3719549,23.8152075,0.00320228,4,3,0,1
Zone_DH438,3772059555,90.3709248,23.8166081,0.00531903,4,3,0,0
Zone_DH438,4609380259,90.3728441,23.8011713,0.01098016,4,3,0,1
Zone_DH438,3772043171,90.3713259,23.815092,0.02347752,3,3,0,0
Zone_DH438,6087421857,90.3563124,23.8068316,0.01536929,4,3,0,1
Zone_DH438,4609380258,90.372715,23.801071,0.00197775,4,3,0,1
Zone_DH438,4609380257,90.372688,23.8011075,0.0,4,1,0,0
Zone_DH438,6087421858,90.3564252,23.8067034,0.0,4,1,0,0
Zone_DH438,3833737157,90.3586653,23.8180062,0.01277095,4,3,0,0
Zone_DH438,11372539860,90.3586362,23.8064678,0.00630766,4,3,0,0
Zone_DH438,3772108757,90.3697734,23.8116533,0.00814984,4,3,0,0
Zone_DH438,11372539865,90.3594402,23.8067404,0.03949627,3,3,0,0
Zone_DH438,3985641459,90.3664458,23.8144929,0.07732777,2,3,0,0
Zone_DH438,3985641461,90.3650513,23.8142361,0.00418014,4,3,0,0
Zone_DH438,3985641462,90.365078,23.8141267,0.0030765,4,3,0,0
Zone_DH438,3985641467,90.3637849,23.814757,0.00258023,4,3,0,0
Zone_DH438,12048945153,90.3662105,23.802202,0.0,4,1,0,0
Zone_DH438,12048945157,90.3666003,23.8024736,0.00887516,4,3,0,1
Zone_DH438,12048945158,90.3632141,23.8005217,0.01224042,4,3,0,0
Zone_DH438,6122934277,90.3614386,23.8148832,0.00098912,4,3,0,1
Zone_DH438,6122934280,90.3613786,23.8141698,0.00464069,4,3,0,0
Zone_DH438,11730063366,90.376487,23.8040341,0.0,4,1,0,0
Zone_DH438,12048945165,90.3625608,23.8014881,0.01847466,4,3,0,0
Zone_DH438,12048945166,90.3626198,23.8015216,0.03308094,3,3,0,0
Zone_DH438,12048945168,90.3621396,23.8024829,0.0219427,3,3,0,1
Zone_DH438,4597526545,90.3625218,23.8036235,0.01471248,4,3,0,0
Zone_DH438,4597526546,90.3617595,23.8031054,0.01833762,4,3,0,0
Zone_DH438,386789395,90.374215,23.8108463,0.09360126,2,4,0,0
Zone_DH438,4597526544,90.3626655,23.8037314,0.00185882,4,3,0,0
Zone_DH438,386789400,90.3737767,23.8123771,0.06891487,2,3,0,0
Zone_DH438,3781840921,90.3768133,23.8037088,0.00094116,4,3,0,0
Zone_DH438,3810791457,90.37708,23.8136758,0.00127005,4,3,0,1
Zone_DH438,8912801831,90.3668226,23.8224607,0.00098912,4,3,0,1
Zone_DH438,8912801832,90.3665938,23.8217431,0.00237956,4,3,0,0
Zone_DH438,8912801833,90.3669475,23.8218066,0.00430201,4,3,0,0
Zone_DH438,4609380391,90.3742928,23.8001418,0.0,4,1,0,0
Zone_DH438,4609380395,90.3740487,23.800755,0.00970424,4,3,0,1
Zone_DH438,4563284012,90.3754544,23.8098246,0.00923244,4,3,0,0
Zone_DH438,3734859820,90.3613849,23.8087734,0.0417388,3,3,0,0
Zone_DH438,3712340014,90.3768853,23.8083778,0.00923097,4,3,0,0
Zone_DH438,3712340015,90.3769903,23.8083301,0.00746171,4,3,0,0
Zone_DH438,3712340017,90.3777888,23.8095899,0.00160836,4,3,0,0
Zone_DH438,4563284013,90.3745863,23.8096283,0.01905267,4,3,0,0
Zone_DH438,4563284030,90.3744815,23.8100208,0.01565315,4,3,0,0
Zone_DH438,4563284031,90.3753846,23.8102428,0.00955545,4,3,0,0
Zone_DH438,4563284033,90.3752868,23.810602,0.00945121,4,3,0,0
Zone_DH438,4563284034,90.3743646,23.8103896,0.01523665,4,3,0,0
Zone_DH438,12072095809,90.374541,23.8066361,0.0,4,1,0,0
Zone_DH438,386789449,90.3743269,23.814078,0.01080054,4,3,0,0
Zone_DH438,6102449378,90.3567145,23.817522,0.0,4,1,0,0
Zone_DH438,3812151381,90.3787552,23.8144135,0.0,4,1,0,0
Zone_DH438,3784519766,90.3750731,23.8137216,0.02803941,3,3,0,0
Zone_DH438,3782799451,90.3729312,23.8153268,0.03480664,3,3,0,0
Zone_DH438,6273159277,90.3543822,23.8144579,0.00219407,4,3,0,0
Zone_DH438,4359950462,90.3566171,23.8189783,0.0,4,1,0,0
Zone_DH438,4359950463,90.3572141,23.819154,0.00784835,4,3,0,1
Zone_DH438,4359950464,90.3576441,23.819263,0.00320277,4,3,0,0
Zone_DH438,12052394121,90.3573337,23.8025648,0.00790757,4,4,0,0
Zone_DH438,12052394122,90.3628139,23.8060781,0.05925713,3,3,0,0
Zone_DH438,4034252937,90.354668,23.8102552,0.00160726,4,3,0,0
Zone_DH438,12052394123,90.3600639,23.8043307,0.03909152,3,4,0,0
Zone_DH438,4359950477,90.3575475,23.8196066,5.824e-05,4,3,0,0
Zone_DH438,6237548686,90.3559541,23.8032,0.00134738,4,3,0,0
Zone_DH438,4359950479,90.3583244,23.8196985,0.00261498,4,3,0,0
Zone_DH438,4359950480,90.357016,23.8199393,0.01246702,4,3,0,0
Zone_DH438,4359950481,90.3574933,23.819995,0.00838965,4,3,0,0
Zone_DH438,4359950482,90.3582664,23.820097,0.01193159,4,3,0,0
Zone_DH438,4359950483,90.3586811,23.8201518,0.02101329,4,3,0,1
Zone_DH438,4359950484,90.3588122,23.8201691,0.02815394,3,3,0,1
Zone_DH438,12052394133,90.3614087,23.8051826,0.0012769,4,3,0,0
Zone_DH438,4359950485,90.3573107,23.8203243,0.00534839,4,3,0,1
Zone_DH438,6237548687,90.3564592,23.8035441,0.00425209,4,3,0,0
Zone_DH438,12052394138,90.358837,23.8035533,0.01780366,4,3,0,0
Zone_DH438,4459196581,90.3557884,23.8033969,0.00070623,4,2,0,0
Zone_DH438,6087430318,90.358373,23.8076699,0.0211004,4,3,0,0
Zone_DH438,6087430319,90.3586635,23.80719,0.00088047,4,3,0,0
Zone_DH438,3772108978,90.3706728,23.8118686,0.02133337,4,3,0,0
Zone_DH438,3772108979,90.3711419,23.8101225,0.07087696,2,3,0,0
Zone_DH438,3784503474,90.3754108,23.8160282,0.01679839,4,3,0,0
Zone_DH438,3779129525,90.3696028,23.8088953,0.00325367,4,3,0,0
Zone_DH438,3779129526,90.3704518,23.809099,0.00389971,4,3,0,0
Zone_DH438,3735417014,90.3615301,23.7993644,0.00160187,4,3,0,0
Zone_DH438,11801891017,90.3735814,23.8164864,0.00067051,4,3,0,0
Zone_DH438,11801891023,90.3735148,23.8168486,0.01142455,4,3,0,0
Zone_DH438,11338150095,90.3688922,23.8178525,0.03067103,3,3,0,1
Zone_DH438,11338150097,90.3689878,23.8175094,0.03213929,3,3,0,1
Zone_DH438,11338150096,90.3696774,23.8180573,0.0,4,1,0,0
Zone_DH438,11338150099,90.3690789,23.8171544,0.03380332,3,3,0,1
Zone_DH438,11338150098,90.3696353,23.8176332,0.0,4,1,0,0
Zone_DH438,11338150100,90.3698283,23.8172937,0.0,4,1,0,0
Zone_DH438,12012736725,90.3629109,23.8027109,0.0,4,1,0,0
Zone_DH438,3639300312,90.3643602,23.815412,0.05452296,3,3,0,0
Zone_DH438,3639300314,90.363645,23.818661,0.03656684,3,3,0,0
Zone_DH438,3639300315,90.3614422,23.8176232,0.07903169,2,3,0,0
Zone_DH438,3639300316,90.3637775,23.8180593,0.01753228,4,3,0,0
Zone_DH438,3639300317,90.3637592,23.8181421,0.01706195,4,3,0,0
Zone_DH438,3639300318,90.3647954,23.818391,0.00209081,4,3,0,0
Zone_DH438,3639300321,90.3673329,23.8172824,0.02320124,3,3,0,0
Zone_DH438,3713356002,90.3662116,23.8075746,0.01175687,4,3,0,0
Zone_DH438,3639300323,90.3671913,23.8177747,0.02273531,3,3,0,0
Zone_DH438,12012736740,90.3625276,23.803042,0.02991243,3,3,0,1
Zone_DH438,3639300327,90.3670466,23.8183318,0.00888201,4,3,0,0
Zone_DH438,3639300330,90.3669395,23.8188345,0.00791883,4,3,0,0
Zone_DH438,3639300331,90.3685393,23.8190918,0.01878887,4,3,0,0
Zone_DH438,3639300332,90.3669641,23.8187501,0.00883845,4,3,0,0
Zone_DH438,3639300333,90.368448,23.8194761,0.01862344,4,3,0,0
Zone_DH438,3639300334,90.366883,23.8191181,0.00739417,4,3,0,0
Zone_DH438,3639300335,90.3668071,23.8194107,0.00658663,4,3,0,0
Zone_DH438,3639300336,90.3676538,23.8222415,0.00111392,4,2,0,0
Zone_DH438,4029362410,90.3578419,23.8189501,0.0,4,1,0,0
Zone_DH438,4486263030,90.3716416,23.8049577,0.00052564,4,3,0,0
Zone_DH438,4486263032,90.3718706,23.8049912,0.00044537,4,3,0,0
Zone_DH438,5667115277,90.3638571,23.8199967,0.00312153,4,3,0,0
Zone_DH438,12096844046,90.3757525,23.8113514,0.0,4,1,0,0
Zone_DH438,2541433103,90.3723792,23.8020788,0.02809423,3,3,0,0
Zone_DH438,12096844047,90.3715984,23.8129792,0.0,4,1,0,0
Zone_DH438,5667115279,90.3624244,23.8196685,0.00160481,4,3,0,1
Zone_DH438,5667115282,90.3625248,23.8204034,0.02122472,4,3,0,1
Zone_DH438,12160110417,90.3560358,23.8046041,0.00351355,4,4,0,0
Zone_DH438,5667115284,90.362461,23.8199366,0.02158297,4,3,0,0
Zone_DH438,2541433109,90.3715683,23.8020315,0.02655206,3,3,0,0
Zone_DH438,2541433113,90.370965,23.8018787,0.03354589,3,3,0,0
Zone_DH438,12160110419,90.3558261,23.8046567,0.0,4,1,0,0
Zone_DH438,12160110420,90.356131,23.8042958,0.00223421,4,3,0,0
Zone_DH438,12023370016,90.377331,23.8074455,0.00477675,4,3,0,0
Zone_DH438,4613329197,90.3657284,23.8002663,0.01126647,4,3,0,0
Zone_DH438,3639308606,90.3682334,23.8202927,0.01728635,4,3,0,0
Zone_DH438,3639308607,90.366775,23.8195651,0.00622837,4,3,0,0
Zone_DH438,3639308608,90.3712831,23.8203072,0.0202723,4,3,0,0
Zone_DH438,3639308609,90.3682597,23.8201951,0.01774493,4,3,0,0
Zone_DH438,3639308610,90.3711793,23.8207237,0.02025958,4,3,0,0
Zone_DH438,3639308611,90.3698441,23.821392,0.00098912,4,2,0,1
Zone_DH438,3639308613,90.3703287,23.8210369,0.02636559,3,3,0,0
Zone_DH438,3639308614,90.3705392,23.8201634,0.0013415,4,3,0,0
Zone_DH438,3639308615,90.3703933,23.8201335,0.0036917,4,3,0,0
Zone_DH438,3639308616,90.3706716,23.818997,0.0054913,4,3,0,0
Zone_DH438,3639308617,90.3715793,23.8191946,0.02483615,3,3,0,0
Zone_DH438,3639308618,90.371481,23.8195505,0.02260782,3,3,0,0
Zone_DH438,3639308619,90.3696089,23.8191712,0.00130186,4,3,0,0
Zone_DH438,3639308620,90.3694109,23.8199921,0.00245885,4,3,0,0
Zone_DH438,3639308621,90.3713806,23.8199171,0.02221188,3,3,0,0
Zone_DH438,3639308622,90.369515,23.8195598,0.00090592,4,3,0,0
Zone_DH438,3639308623,90.3708859,23.8190465,0.00918056,4,3,0,0
Zone_DH438,11905847629,90.3586087,23.8151839,0.0,4,1,0,0
Zone_DH438,3639308625,90.3713319,23.817368,0.05908828,3,3,0,0
Zone_DH438,3639308627,90.3696995,23.8188084,0.00696935,4,3,0,0
Zone_DH438,3639308631,90.3672776,23.8175063,0.02314104,3,3,0,0
Zone_DH438,4359950689,90.3572229,23.8209548,0.00098912,4,2,0,1
Zone_DH438,6087405924,90.3610294,23.8142136,0.00366185,4,3,0,0
Zone_DH438,3985641838,90.3641228,23.8134814,0.00804657,4,3,0,0
Zone_DH438,4020154744,90.3564495,23.8129915,0.05484402,3,3,0,0
Zone_DH438,4020154745,90.3573087,23.8132203,0.00020066,4,3,0,0
Zone_DH438,4020154746,90.357404,23.8127487,0.0007772,4,3,0,0
Zone_DH438,3713290622,90.3653053,23.8082226,0.01098701,4,3,0,0
Zone_DH438,3713290623,90.365307,23.8078426,0.01051031,4,4,0,1
Zone_DH438,3812348289,90.3717726,23.8064617,0.02006381,4,3,0,1
Zone_DH438,3713347975,90.3660782,23.8102145,0.12571364,1,3,0,0
Zone_DH438,386232711,90.3704029,23.8031348,0.0455794,3,3,0,0
Zone_DH438,386232712,90.3701593,23.8026766,0.02514412,3,3,0,0
Zone_DH438,12023222666,90.375387,23.8073812,0.01700591,4,3,0,0
Zone_DH438,386822538,90.3736499,23.8006608,0.01474625,4,3,0,0
Zone_DH438,386822539,90.3742188,23.8007875,0.00806566,4,3,0,1
Zone_DH438,3713347976,90.3661292,23.8097972,0.02441232,3,3,0,0
Zone_DH438,8962273718,90.3775492,23.8127104,0.00141198,4,3,0,1
Zone_DH438,4474802614,90.3764119,23.8157567,0.00592248,4,3,0,1
Zone_DH438,4474794424,90.372407,23.8173023,0.02125212,4,3,0,0
Zone_DH438,4474802617,90.3753516,23.8160123,0.01573635,4,3,0,0
Zone_DH438,4474802618,90.3772821,23.8160232,0.0,4,1,0,0
Zone_DH438,4474802619,90.3761068,23.816073,0.00788898,4,3,0,1
Zone_DH438,4474802622,90.3768885,23.8163231,0.0,4,1,0,0
Zone_DH438,4474802623,90.3742836,23.8166828,0.01614649,4,3,0,1
Zone_DH438,4474802625,90.3756783,23.8169806,0.0,4,1,0,0
Zone_DH438,4476506562,90.3609567,23.8119887,0.02084395,4,3,0,0
Zone_DH438,4474802627,90.3741562,23.8172033,0.01441149,4,3,0,1
Zone_DH438,4476506563,90.3618318,23.8121441,0.00316068,4,3,0,0
Zone_DH438,5142778309,90.357539,23.8077687,0.02700918,3,3,0,0
Zone_DH438,4474802630,90.3754717,23.8177995,0.00896423,4,4,0,1
Zone_DH438,4474802631,90.3753668,23.8182412,0.02469471,3,3,0,0
Zone_DH438,5142778310,90.3574039,23.8069912,0.02894778,3,3,0,0
Zone_DH438,4476506566,90.359723,23.8123899,0.00098912,4,3,0,1
Zone_DH438,4474802629,90.3749556,23.817398,0.0,4,1,0,0
Zone_DH438,5142778311,90.3579026,23.8073077,0.02336447,3,3,0,0
Zone_DH438,12023370198,90.3787132,23.8070104,0.0,4,1,0,0
Zone_DH438,7140594138,90.3680473,23.8151269,0.00214758,4,3,0,0
Zone_DH438,7140594140,90.3679526,23.8154886,0.07820971,2,3,0,0
Zone_DH438,7140594142,90.3686472,23.8157308,0.0770329,2,3,0,0
Zone_DH438,7140594144,90.3693851,23.8159406,0.02901287,3,3,0,0
Zone_DH438,7140594145,90.3677275,23.81585,0.00195842,4,3,0,0
Zone_DH438,7140594148,90.3685554,23.8160846,0.07636826,2,3,0,0
Zone_DH438,7140594149,90.369574,23.8152008,0.02985663,3,3,0,1
Zone_DH438,7140594150,90.3688483,23.8150245,0.0,4,1,0,0
Zone_DH438,5084336629,90.3775872,23.8092719,0.00360067,4,4,0,0
Zone_DH438,3093795317,90.3642249,23.81022,0.04471447,3,3,0,0
Zone_DH438,5084336630,90.3753493,23.8093839,0.00744703,4,3,0,0
Zone_DH438,3093795319,90.3637439,23.8130542,0.00642952,4,3,0,0
Zone_DH438,3093795320,90.3636139,23.8137976,0.00451442,4,3,0,0
Zone_DH438,3093795322,90.3632999,23.8151305,0.00112028,4,3,0,0
Zone_DH438,11991724539,90.3649802,23.8045048,0.02724068,3,3,0,0
Zone_DH438,11991724540,90.3651242,23.8059616,0.02922969,3,3,0,0
Zone_DH438,11991724541,90.3651132,23.8060836,0.05109457,3,3,0,0
Zone_DH438,11991724542,90.36356,23.8050514,0.0492979,3,3,0,0
Zone_DH438,5084336632,90.3746729,23.8092466,0.02134805,4,3,0,0
Zone_DH438,1736176130,90.3574622,23.8033109,0.00694341,4,3,0,0
Zone_DH438,386232843,90.369294,23.8028751,0.01007436,4,3,0,0
Zone_DH438,386232845,90.3690677,23.8026981,0.00981154,4,3,0,1
Zone_DH438,386232847,90.3686589,23.8024903,0.00937987,4,3,0,1
Zone_DH438,6122934811,90.3596269,23.8136733,0.01377328,4,3,0,1
Zone_DH438,10118156828,90.3583579,23.8083755,0.01100806,4,3,0,0
Zone_DH438,6122934813,90.3585541,23.8137243,0.0,4,1,0,0
Zone_DH438,6122934814,90.3597658,23.8131355,0.01570845,4,3,0,1
Zone_DH438,3771994657,90.3747419,23.8149456,0.01854856,4,3,0,0
Zone_DH438,6122934818,90.3607839,23.8148141,0.0,4,1,0,0
Zone_DH438,6122934819,90.3616358,23.8141534,0.00679267,4,3,0,0
Zone_DH438,3735777827,90.3681412,23.7997893,0.00901464,4,3,0,0
Zone_DH438,12052468261,90.3573421,23.8026351,0.00219407,4,3,0,0
Zone_DH438,6122934821,90.3617297,23.8148248,0.00196649,4,3,0,0
Zone_DH438,12052468265,90.3568439,23.8040444,0.00938563,4,3,0,0
Zone_DH438,3740078653,90.3687805,23.8182607,0.02910782,3,3,0,1
Zone_DH438,3770266180,90.3744409,23.8160426,0.01857548,4,3,0,1
Zone_DH438,3770266182,90.3728988,23.8154447,0.03422961,3,3,0,0
Zone_DH438,386822733,90.3735851,23.8009343,0.01273718,4,3,0,0
Zone_DH438,386822740,90.3724262,23.8019302,0.02257503,3,3,0,0
Zone_DH438,3811430997,90.3747172,23.8150386,0.01721342,4,3,0,0
Zone_DH438,3811430998,90.3755917,23.815262,0.01225314,4,3,0,0
Zone_DH438,386822743,90.373692,23.8020398,0.00992007,4,3,0,1
Zone_DH438,11309036117,90.3591118,23.8136751,0.00098912,4,3,0,1
Zone_DH438,12299874903,90.3599162,23.8113292,0.00845377,4,3,0,1
Zone_DH438,12299874906,90.3601453,23.8112566,0.0,4,1,0,0
Zone_DH438,386822747,90.374949,23.8028743,0.00465929,4,3,0,0
Zone_DH438,3879367263,90.36382,23.8189761,0.0,4,1,0,0
Zone_DH438,3771994720,90.3738994,23.814398,0.0,4,1,0,0
Zone_DH438,12299874915,90.3594367,23.8121267,0.0,4,1,0,0
Zone_DH438,12299874916,90.3582818,23.812429,0.0,4,1,0,0
Zone_DH438,6087176805,90.3647485,23.8102214,0.12644581,1,3,0,0
Zone_DH438,3879367271,90.3610065,23.8171109,0.0,4,1,0,0
Zone_DH438,3879367272,90.3608807,23.8175065,0.00197775,4,3,0,1
Zone_DH438,4597584492,90.3661464,23.8036913,0.07400081,2,4,0,0
Zone_DH438,5753606767,90.3560004,23.8171823,0.02578318,3,4,0,1
Zone_DH438,5753606769,90.3568498,23.8171558,0.0,4,1,0,0
Zone_DH438,3813405301,90.364776,23.8154087,0.00754344,4,3,0,0
Zone_DH438,3765842550,90.3779704,23.8194382,0.0,4,1,0,0
Zone_DH438,3813405302,90.3648761,23.8149883,0.00638694,4,3,0,0
Zone_DH438,3813405303,90.3634198,23.814685,0.00267077,4,3,0,0
Zone_DH438,12153500281,90.3553335,23.8073245,0.00600422,4,3,0,1
Zone_DH438,12153500285,90.3589795,23.8099258,0.0,4,1,0,0
Zone_DH438,12153500286,90.3594276,23.8096498,0.0,4,1,0,0
Zone_DH438,3713266303,90.3651577,23.8090038,0.00863143,4,4,0,0
Zone_DH438,3781825159,90.3718401,23.8126945,0.0,4,1,0,0
Zone_DH438,12299874955,90.3594931,23.8114752,0.0305937,3,2,0,0
Zone_DH438,12299874956,90.3598439,23.8113313,0.0328328,3,3,0,0
Zone_DH438,4021883538,90.3560801,23.8030503,6.656e-05,4,2,0,0
Zone_DH438,12299874970,90.3605446,23.8105701,0.02605628,3,3,0,0
Zone_DH438,11999449755,90.3589104,23.8047755,0.0037426,4,3,0,0
Zone_DH438,11999449756,90.3593872,23.8043668,0.0,4,1,0,0
Zone_DH438,11999449759,90.3592048,23.8045631,0.00098912,4,3,0,1
Zone_DH438,3781636770,90.3709084,23.8131124,0.00893952,4,3,0,1
Zone_DH438,3781636771,90.3713554,23.8131966,0.0,4,1,0,0
Zone_DH438,4206195375,90.3682753,23.8083654,0.07525777,2,3,0,0
Zone_DH438,4206195376,90.3681482,23.8088641,0.06890998,2,3,0,0
Zone_DH438,4206195377,90.3679887,23.8094076,0.03202281,3,3,0,0
Zone_DH438,4206195378,90.3678456,23.8099363,0.08919109,2,3,0,0
Zone_DH438,4206195379,90.3677056,23.8104114,0.09648591,2,3,0,0
Zone_DH438,4206195381,90.3674363,23.8114175,0.17795418,1,3,0,0
Zone_DH438,4206195382,90.3672986,23.8119326,0.16795433,1,3,0,0
Zone_DH438,4206195383,90.3671999,23.8124603,0.16750847,1,3,0,0
Zone_DH438,4206195384,90.3670572,23.8129569,0.1104021,2,3,0,0
Zone_DH438,3985642169,90.3639069,23.8143375,0.00711912,4,4,0,0
Zone_DH438,3985642168,90.3635205,23.8142572,0.00568805,4,3,0,0
Zone_DH438,3985642171,90.3649743,23.8145669,0.00680344,4,3,0,0
Zone_DH438,4206195388,90.3663751,23.8153887,0.02836439,3,3,0,0
Zone_DH438,4206195386,90.3666408,23.8143942,0.1107332,2,3,0,0
Zone_DH438,3812152019,90.3782764,23.8148196,0.0,4,1,0,0
Zone_DH438,3713356506,90.366455,23.8066589,0.05498155,3,3,0,0
Zone_DH438,6122943217,90.3650167,23.820322,0.05229291,3,3,0,0
Zone_DH438,3779138296,90.3709008,23.8166985,0.00423887,4,3,0,1
Zone_DH438,3779138297,90.370296,23.8165613,0.0,4,1,0,0
Zone_DH438,6341006075,90.3644705,23.820548,0.02491446,3,3,0,1
Zone_DH438,6341006076,90.3644115,23.8212296,0.0,4,1,0,0
Zone_DH438,6122943230,90.3667922,23.8205928,0.03136258,3,3,0,0
Zone_DH438,3772125961,90.3710086,23.8105527,0.01423872,4,3,0,0
Zone_DH438,3713299210,90.3670473,23.8090151,0.00652202,4,3,0,0
Zone_DH438,3713299211,90.3679082,23.809226,0.09551881,2,3,0,0
Zone_DH438,3772125962,90.3718627,23.8107298,0.006153,4,3,0,0
Zone_DH438,7159968532,90.3622408,23.8204197,0.0,4,1,0,0
Zone_DH438,3712340780,90.37516,23.8110087,0.02842312,3,3,0,0
Zone_DH438,3784512309,90.3754721,23.8156225,0.01186405,4,3,0,0
Zone_DH438,3833738062,90.3577368,23.8171413,0.02350395,3,3,0,0
Zone_DH438,3833738063,90.357177,23.8187644,0.00202816,4,3,0,0
Zone_DH438,11991642966,90.3688168,23.7992227,0.00098912,4,2,0,1
Zone_DH438,11991642968,90.3693519,23.7995567,0.0,4,1,0,0
Zone_DH438,7124087644,90.3572701,23.816998,0.02341634,3,3,0,1
Zone_DH438,6672528225,90.3771941,23.8075165,0.00567337,4,3,0,0
Zone_DH438,4017836898,90.3564252,23.805975,0.00947959,4,3,0,0
Zone_DH438,6672528227,90.3768148,23.8068949,0.00416301,4,3,0,0
Zone_DH438,6672528226,90.3770075,23.8072007,0.00587843,4,4,0,0
Zone_DH438,6672528228,90.3774844,23.8076824,0.0007449,4,3,0,0
Zone_DH438,3713356651,90.3647861,23.8068009,0.0,4,3,0,0
Zone_DH438,7994069867,90.3548839,23.8062463,0.00379791,4,3,0,1
Zone_DH438,13031215983,90.3609177,23.813277,0.00295268,4,3,0,1
Zone_DH438,13031215984,90.3609371,23.8137569,0.00715925,4,3,0,0
Zone_DH438,4034278262,90.3550284,23.8121036,0.00255331,4,3,0,0
Zone_DH438,3772765054,90.3686017,23.8127916,0.05884259,3,3,0,0
Zone_DH438,12049527687,90.3649813,23.8072234,0.0,4,1,0,0
Zone_DH438,6349075335,90.3626387,23.801493,0.03006611,3,3,0,0
Zone_DH438,12049527692,90.3658708,23.8070501,0.00197775,4,3,0,1
Zone_DH438,6307582861,90.3561593,23.8057803,0.0,4,1,0,0
Zone_DH438,12049527694,90.3661583,23.8072662,0.0,4,1,0,0
Zone_DH438,6307582863,90.3563036,23.8061243,0.00591759,4,3,0,1
Zone_DH438,6307582864,90.3560467,23.8064399,0.00549767,4,3,0,1
Zone_DH438,6307582867,90.3556986,23.8056091,0.0,4,1,0,0
Zone_DH438,6307582868,90.3562468,23.8067842,0.01431311,4,3,0,1
Zone_DH438,6307582869,90.35617,23.8068809,0.00197775,4,3,0,1
Zone_DH438,6307582870,90.3560882,23.8067533,0.0,4,1,0,0
Zone_DH438,6307582871,90.3562438,23.8070012,0.0,4,1,0,0
Zone_DH438,6102676379,90.3611487,23.8094849,0.08402427,2,4,0,0
Zone_DH438,6102676380,90.3661225,23.8156803,0.08250878,2,3,0,0
Zone_DH438,4585108382,90.3682008,23.8172978,0.00100087,4,3,0,0
Zone_DH438,4585108383,90.3673716,23.8171257,0.02479088,3,3,0,0
Zone_DH438,4585108384,90.3681586,23.8175806,0.00048551,4,3,0,0
Zone_DH438,4585108386,90.3683383,23.8168178,0.01386529,4,3,0,0
Zone_DH438,4585108387,90.3689239,23.8177456,0.03102439,3,3,0,0
Zone_DH438,4206162889,90.3686895,23.8185933,0.02757642,3,3,0,0
Zone_DH438,6489994195,90.3747909,23.8027638,0.00558185,4,3,0,1
Zone_DH438,6489994197,90.3752901,23.8021188,0.0,4,1,0,0
Zone_DH438,6489994198,90.3763582,23.8019275,0.00426628,4,3,0,1
Zone_DH438,6489994199,90.3750675,23.8018194,0.0,4,1,0,0
Zone_DH438,3772068825,90.372657,23.8163229,0.03199149,3,3,0,0
Zone_DH438,3772068828,90.3710269,23.8162239,0.00677359,4,3,0,0
Zone_DH438,3718517726,90.3697084,23.8085417,0.01353445,4,3,0,0
Zone_DH438,3879384057,90.3625673,23.8181039,0.00216226,4,4,0,0
Zone_DH438,3879384058,90.361299,23.81787,0.07870574,2,3,0,0
Zone_DH438,3813397503,90.3692243,23.8165673,0.1040827,2,3,0,1
Zone_DH438,3813397504,90.3701222,23.8167735,0.0,4,1,0,0
Zone_DH438,9792386048,90.3612026,23.8149305,0.0,4,1,0,0
Zone_DH438,4322833410,90.3767621,23.8195194,0.00190972,4,3,0,0
Zone_DH438,9792386050,90.3598563,23.8132935,0.0,4,1,0,0
Zone_DH438,9792386052,90.3603155,23.8132887,0.00099695,4,3,0,1
Zone_DH438,9792386051,90.3613663,23.8132683,0.0,4,1,0,0
Zone_DH438,9792386053,90.3603273,23.8137699,0.00227532,4,4,0,1
Zone_DH438,9792386054,90.3603412,23.8143337,0.00101261,4,3,0,1
Zone_DH438,9792386056,90.361738,23.8137399,0.06999111,2,3,0,0
Zone_DH438,9792386055,90.3597627,23.8137819,0.0,4,1,0,0
Zone_DH438,9792386058,90.3610385,23.8143357,0.00098912,4,3,0,1
Zone_DH438,9792386057,90.3598005,23.814338,0.0,4,1,0,0
Zone_DH438,3731338263,90.3679256,23.8046144,0.04259907,3,4,0,0
Zone_DH438,3093787672,90.3600209,23.8043878,0.02295482,3,3,0,0
Zone_DH438,3731338264,90.3676043,23.8055708,0.00333491,4,3,0,0
Zone_DH438,3093787673,90.3585413,23.8055674,0.03353121,3,3,0,0
Zone_DH438,3093787674,90.357661,23.8049584,0.01007375,4,3,0,0
Zone_DH438,6102479904,90.3672061,23.8206585,0.03626854,3,3,0,0
Zone_DH438,4609381417,90.371959,23.8014808,0.0,4,1,0,0
Zone_DH438,4609381420,90.3711401,23.8015025,0.00774655,4,3,0,1
Zone_DH438,12617724973,90.3755935,23.8207916,0.00307405,4,3,0,0
Zone_DH438,12617724974,90.3753432,23.8207398,0.00072777,4,3,0,0
Zone_DH438,11308856369,90.3776161,23.8158218,0.0,4,1,0,0
Zone_DH438,11308856370,90.3765629,23.8152223,0.00197775,4,3,0,1
Zone_DH438,11308856371,90.3776814,23.8155354,0.0,4,1,0,0
Zone_DH438,11308856372,90.3771972,23.81518,0.0,4,1,0,0
Zone_DH438,6087144501,90.3619872,23.8104263,0.01122193,4,3,0,0
Zone_DH438,3768685622,90.3739798,23.8179522,0.02060168,4,3,0,0
Zone_DH438,6087144502,90.3620765,23.8099887,0.00085649,4,3,0,0
Zone_DH438,3768685629,90.3771502,23.8129872,0.00195377,4,3,0,0
Zone_DH438,3768685632,90.3788739,23.8126786,0.0,4,1,0,0
Zone_DH438,208516172,90.3698249,23.8044335,0.0322455,3,3,0,0
Zone_DH438,3768685647,90.3741219,23.8173488,0.01327995,4,3,0,0
Zone_DH438,10185929808,90.360398,23.8031754,0.01304698,4,3,0,0
Zone_DH438,10185929809,90.3604748,23.8030836,0.01770431,4,4,0,0
Zone_DH438,10185929810,90.3589196,23.8022299,0.0029375,4,3,0,0
Zone_DH438,10185929811,90.3589936,23.8021342,0.00260372,4,3,0,0
Zone_DH438,4452742253,90.3638523,23.8177194,0.01971216,4,3,0,0
Zone_DH438,4452742254,90.3649219,23.8179225,0.00463531,4,3,0,0
Zone_DH438,4203738226,90.3710772,23.8211219,0.03552951,3,4,0,0
Zone_DH438,3785979004,90.3749615,23.8141154,0.02896393,3,3,0,0
Zone_DH438,3785979005,90.3758114,23.8142828,0.01059743,4,3,0,0
Zone_DH438,9916134528,90.3779833,23.8192638,0.00098912,4,2,0,1
Zone_DH438,4488320128,90.3644356,23.8011079,0.01507074,4,3,0,0
Zone_DH438,3779105921,90.3746452,23.8129941,0.03429862,3,3,0,0
Zone_DH438,3779105922,90.375237,23.8131178,0.03466422,3,3,0,0
Zone_DH438,4597658766,90.3718474,23.8057754,0.0371583,3,3,0,0
Zone_DH438,4597658767,90.3717415,23.8058435,0.03988964,3,3,0,0
Zone_DH438,6087144594,90.3544896,23.8140559,0.00291352,4,2,0,0
Zone_DH438,3639252114,90.3707577,23.8172369,0.06273544,3,4,0,1
Zone_DH438,4597658771,90.3702874,23.8068002,0.0,4,1,0,0
Zone_DH438,4597658774,90.3692351,23.8068465,0.00946883,4,3,0,1
Zone_DH438,3779130532,90.3708246,23.8080996,0.01326331,4,3,0,0
Zone_DH438,6292223140,90.3675767,23.8104948,0.24476846,1,4,1,0
Zone_DH438,6292223141,90.3676763,23.8105192,0.18194932,1,3,0,0
Zone_DH438,3779130538,90.3694938,23.809293,0.04045113,3,3,0,0
Zone_DH438,3779130539,90.3703486,23.8094915,0.00347293,4,3,0,0
Zone_DH438,11911935148,90.3735224,23.8187601,0.01681944,4,3,0,0
Zone_DH438,3779114158,90.3695411,23.8097567,0.09556384,2,3,0,0
Zone_DH438,3738571952,90.3701226,23.8134362,0.07332871,2,3,0,0
Zone_DH438,3779114174,90.3711002,23.8096571,0.04155037,3,3,0,0
Zone_DH438,3779114175,90.3719653,23.8098326,0.02615416,3,3,0,0
Zone_DH438,3779114176,90.3720584,23.8094972,0.00537923,4,3,0,0
Zone_DH438,3779114177,90.372093,23.8093685,0.00625627,4,3,0,0
Zone_DH438,3779114178,90.3719159,23.810012,0.0042888,4,3,0,0
Zone_DH438,3779114179,90.3726854,23.8101898,0.00686217,4,3,0,0
Zone_DH438,3779114180,90.3722277,23.808878,0.00712352,4,3,0,0
Zone_DH438,3779114181,90.3730091,23.8090588,0.01140644,4,3,0,0
Zone_DH438,3779114182,90.3722623,23.8087535,0.00781703,4,3,0,0
Zone_DH438,3779114183,90.3730489,23.8089383,0.00819291,4,3,0,0
Zone_DH438,3779114184,90.3723616,23.8083927,0.00144734,4,3,0,0
Zone_DH438,3779114185,90.3731461,23.8085797,0.02169456,4,3,0,0
Zone_DH438,3779114186,90.3721225,23.8092616,0.00462699,4,3,0,0
Zone_DH438,3779114187,90.3729038,23.8094293,0.00926131,4,3,0,0
Zone_DH438,3779114188,90.3720183,23.8096401,0.02643411,3,3,0,0
Zone_DH438,3779114189,90.3728011,23.8097995,0.02549736,3,3,0,0
Zone_DH438,3779114191,90.3736694,23.8095828,0.03425946,3,3,0,0
Zone_DH438,3779114192,90.3736398,23.8098085,0.03529997,3,3,0,0
Zone_DH438,3779114193,90.3737323,23.8100011,0.02039662,4,3,0,0
Zone_DH438,3779114195,90.3735825,23.8106966,0.07478254,2,3,0,0
Zone_DH438,3779106005,90.374933,23.8142053,0.03484236,3,3,0,0
Zone_DH438,3737195749,90.3734418,23.8135127,0.03388457,3,3,0,0
Zone_DH438,4359927021,90.3591994,23.8195738,0.0,4,1,0,0
Zone_DH438,9916134653,90.3780404,23.8184492,0.00886684,4,2,0,1
Zone_DH438,9916134654,90.3780562,23.8182665,0.00788555,4,2,0,1
Zone_DH438,4359927041,90.356506,23.8198882,0.01507857,4,3,0,0
Zone_DH438,3762795781,90.3780985,23.8177106,0.00394963,4,3,0,0
Zone_DH438,3762795787,90.3788526,23.8177558,0.00098863,4,3,0,0
Zone_DH438,4025693453,90.3584268,23.8167806,0.001943,4,4,0,1
Zone_DH438,4025693454,90.357465,23.816505,0.0,4,1,0,0
Zone_DH438,4359927053,90.3583229,23.8201045,0.01987489,4,3,0,0
Zone_DH438,4359927063,90.3566412,23.8202417,0.00472927,4,3,0,1
Zone_DH438,3770266905,90.3734483,23.8159349,0.0,4,1,0,0
Zone_DH438,3770266906,90.3728058,23.8157871,0.03322825,3,3,0,1
Zone_DH438,4359927067,90.359097,23.8202066,0.02743938,3,3,0,1
Zone_DH438,3734836508,90.3646908,23.7993482,0.00098912,4,2,0,1
Zone_DH438,3779114270,90.3686354,23.8125436,0.00128913,4,3,0,0
Zone_DH438,3779114271,90.3694732,23.8127337,0.00531731,4,3,0,0
Zone_DH438,12010108197,90.3608709,23.8116181,0.02087821,4,3,0,0
Zone_DH438,3879327022,90.3641755,23.8187704,0.03899388,3,3,0,0
Zone_DH438,3879327024,90.3637233,23.8205081,0.02380397,3,3,0,0
Zone_DH438,3784512817,90.3745033,23.8158121,0.02399924,3,3,0,0
Zone_DH438,4359927091,90.3577985,23.8203535,0.00599394,4,3,0,1
Zone_DH438,12047152438,90.3642176,23.7997144,0.0,4,1,0,0
Zone_DH438,4359927097,90.3582806,23.8204185,0.00704619,4,3,0,1
Zone_DH438,4359927098,90.3598357,23.8204357,0.03030348,3,3,0,1
Zone_DH438,12047152443,90.3646654,23.7997006,0.0029654,4,3,0,1
Zone_DH438,6102676800,90.3608965,23.8106361,0.06737564,2,3,0,0
Zone_DH438,3779114306,90.3718315,23.8102975,0.05872121,3,3,0,0
Zone_DH438,4359927115,90.3577293,23.8208656,0.0,4,1,0,0
Zone_DH438,4359927116,90.3582144,23.8208802,0.0,4,1,0,0
Zone_DH438,4359927119,90.3583431,23.8210032,0.0,4,1,0,0
Zone_DH438,4359927120,90.3582395,23.8214588,0.0,4,1,0,0
Zone_DH438,5415671123,90.3681424,23.8147185,0.0040688,4,3,0,0
Zone_DH438,5415671124,90.3677636,23.8157032,0.00216789,4,3,0,0
Zone_DH438,5415671125,90.367632,23.8162393,0.0012605,4,4,0,0
Zone_DH438,6102676820,90.3634223,23.8050943,0.04398279,3,4,0,0
Zone_DH438,3711620443,90.3771511,23.8027436,0.01077754,4,3,0,0
Zone_DH438,7867028833,90.3650032,23.8197849,0.04521491,3,3,0,0
Zone_DH438,7867028834,90.3650797,23.8195178,0.01338468,4,3,0,1
Zone_DH438,3797824867,90.3775365,23.8114541,0.00249066,4,3,0,1
Zone_DH438,4597437795,90.3630133,23.8016252,0.01833273,4,3,0,1
Zone_DH438,7867028835,90.3649343,23.8200135,0.04493692,3,3,0,0
Zone_DH438,3853604204,90.368161,23.8140771,0.0,4,1,0,0
Zone_DH438,3772781933,90.3710296,23.8128204,0.01046137,4,3,0,1
Zone_DH438,3797824880,90.3783416,23.8120523,0.0,4,1,0,0
Zone_DH438,4487886198,90.3719786,23.8024885,0.0,4,1,0,0
Zone_DH438,4487886202,90.3720206,23.8020906,0.02635238,3,3,0,1
Zone_DH438,3944650112,90.3575475,23.8176902,0.00752925,4,4,0,0
Zone_DH438,264877445,90.3631516,23.8048062,0.0194677,4,3,0,0
Zone_DH438,264877447,90.3638753,23.8038588,0.03754005,3,3,0,0
Zone_DH438,5415671178,90.3680176,23.8152543,0.07871504,2,3,0,0
Zone_DH438,5415671179,90.3665132,23.8148907,0.10642531,2,3,0,0
Zone_DH438,264877457,90.3691781,23.8058085,0.05689359,3,3,0,0
Zone_DH438,4456445348,90.3610531,23.8056621,0.00488638,4,3,0,0
Zone_DH438,4360869291,90.3616835,23.8187266,0.0097062,4,3,0,1
Zone_DH438,4456445357,90.3608469,23.8059401,0.0183851,4,3,0,0
Zone_DH438,4456445359,90.3616052,23.8060184,0.0020262,4,4,0,0
Zone_DH438,4360869296,90.3609856,23.8195519,0.03956821,3,4,0,1
Zone_DH438,12025492914,90.3726909,23.8037643,0.0,4,1,0,0
Zone_DH438,12025492916,90.3724921,23.8037064,0.01672461,4,3,0,1
Zone_DH438,4360869300,90.3614827,23.8196257,0.02146992,4,3,0,0
Zone_DH438,4456445364,90.360647,23.8062096,0.00406807,4,3,0,0
Zone_DH438,4456445372,90.3614011,23.8062924,0.0156321,4,3,0,0
Zone_DH438,4456445376,90.362272,23.8068439,0.05182968,3,4,0,0
Zone_DH438,12025492944,90.3719178,23.8037576,0.0,4,1,0,0
Zone_DH438,4206196189,90.3660911,23.8164398,0.02591875,3,3,0,0
Zone_DH438,4206196190,90.3659487,23.8169605,0.01177987,4,3,0,0
Zone_DH438,4206196191,90.3658134,23.8174551,0.01140547,4,3,0,0
Zone_DH438,4206196192,90.3656653,23.8179965,0.02207851,3,3,0,0
Zone_DH438,4206196193,90.3655242,23.8185124,0.02153623,4,3,0,0
Zone_DH438,4206196194,90.365378,23.8190566,0.02097634,4,3,0,0
Zone_DH438,4206196195,90.365244,23.8195367,0.02049034,4,3,0,0
Zone_DH438,4206196196,90.3650398,23.8202394,0.02185485,4,3,0,0
Zone_DH438,3822761456,90.3742137,23.8169526,0.01582934,4,3,0,1
Zone_DH438,12009281008,90.360857,23.8077472,0.00074979,4,3,0,0
Zone_DH438,12009281011,90.3611095,23.8074062,0.00053836,4,3,0,0
Zone_DH438,6353008126,90.3703803,23.8061502,0.0,4,1,0,0
Zone_DH438,11250832913,90.3570368,23.8197641,0.00506942,4,3,0,1
Zone_DH438,11250832915,90.3568159,23.8197391,0.0,4,1,0,0
Zone_DH438,3762738717,90.373608,23.8129493,0.03279463,3,3,0,0
Zone_DH438,12825810470,90.3595999,23.8047069,0.00098912,4,3,0,1
Zone_DH438,12825810471,90.3591478,23.8050354,0.03319595,3,3,0,0
Zone_DH438,11250832938,90.3563912,23.8194883,0.01319577,4,3,0,1
Zone_DH438,11250832940,90.3566399,23.8195027,0.0,4,1,0,0
Zone_DH438,4456429104,90.358798,23.8061817,0.02330818,3,3,0,0
Zone_DH438,3784513079,90.3758416,23.8141689,0.00953147,4,3,0,0
Zone_DH438,2541467201,90.373029,23.8057023,0.00824038,4,3,0,0
Zone_DH438,11250832965,90.3560878,23.8195579,0.00034994,4,2,0,0
Zone_DH438,11250832966,90.35609,23.8198329,0.0,4,2,0,0
Zone_DH438,11250832967,90.3564881,23.8198284,0.01396416,4,3,0,0
Zone_DH438,11250832973,90.3568168,23.8190371,0.00197775,4,3,0,1
Zone_DH438,11250832974,90.3566983,23.8193821,0.0,4,1,0,0
Zone_DH438,11040134743,90.369577,23.8213396,0.00197726,4,3,0,1
Zone_DH438,4258010711,90.3781801,23.8161552,0.0,4,1,0,0
Zone_DH438,11040134744,90.3696269,23.821042,0.00696593,4,3,0,0
Zone_DH438,1747555940,90.3551745,23.8171234,0.00395061,4,2,0,1
Zone_DH438,4459214443,90.3555883,23.8038618,0.00752827,4,3,0,0
Zone_DH438,4459214452,90.3558595,23.8040519,0.01141966,4,3,0,0
Zone_DH438,4364129915,90.3598197,23.8177624,0.04745523,3,4,0,0
Zone_DH438,264877700,90.3660943,23.8157605,0.08171151,2,3,0,0
Zone_DH438,11250833028,90.3574888,23.8163345,0.0,4,1,0,0
Zone_DH438,6122919568,90.3586925,23.8148822,0.0,4,1,0,0
Zone_DH438,7287101073,90.3744237,23.8217977,7.146e-05,4,2,0,0
Zone_DH438,3779114642,90.3729336,23.8093134,0.00770593,4,3,0,0
Zone_DH438,3779114643,90.3736991,23.8094724,0.0294509,3,3,0,0
Zone_DH438,5253895826,90.3596999,23.8165867,0.00059024,4,3,0,0
Zone_DH438,6122919569,90.3597434,23.8147096,0.00197775,4,3,0,1
Zone_DH438,6122919570,90.3596786,23.8144259,0.00592004,4,3,0,1
Zone_DH438,4208400023,90.3683437,23.8198813,0.01589248,4,3,0,0
Zone_DH438,6122919572,90.3595695,23.8138963,0.00984715,4,3,0,1
Zone_DH438,6122919573,90.3587328,23.8145803,0.0,4,1,0,0
Zone_DH438,6347658913,90.3778948,23.8035582,0.00973997,4,3,0,0
Zone_DH438,3779114668,90.3698826,23.8111826,0.00840727,4,3,0,0
Zone_DH438,3734812350,90.3646537,23.8002121,0.01672547,4,3,0,1
Zone_DH438,6087186111,90.3619461,23.8109918,0.00766972,4,3,0,0
Zone_DH438,6087186112,90.3609438,23.8108343,0.02192116,3,3,0,0
Zone_DH438,12043933375,90.3699973,23.8055018,0.0,4,1,0,0
Zone_DH438,12043933380,90.3698633,23.8058045,0.02536852,3,3,0,1
Zone_DH438,4613338834,90.3668646,23.8027402,0.01775864,4,3,0,0
Zone_DH438,3779122907,90.3729682,23.8091787,0.01109566,4,3,0,0
Zone_DH438,3779122908,90.3737343,23.8093415,0.02963688,3,3,0,0
Zone_DH438,4613338845,90.3631739,23.8006021,0.01441345,4,3,0,0
Zone_DH438,4613338856,90.3666771,23.8010092,0.00710248,4,3,0,0
Zone_DH438,4613338862,90.3688339,23.8007815,0.0,4,1,0,0
Zone_DH438,264877808,90.3619346,23.8141118,0.06566365,2,3,0,0
Zone_DH438,264877813,90.360861,23.8112127,0.02137008,4,3,0,0
Zone_DH438,264877816,90.3612472,23.8094237,0.11790297,1,3,0,0
Zone_DH438,264877823,90.3627733,23.8061335,0.02303362,3,3,0,0
Zone_DH438,264877826,90.3634936,23.805142,0.07694823,2,4,0,0
Zone_DH438,6087186179,90.3612528,23.8126499,0.05214291,3,4,0,0
Zone_DH438,386742031,90.3709872,23.8100893,0.07016094,2,3,0,0
Zone_DH438,3740063507,90.374835,23.8145982,0.01954356,4,4,0,1
Zone_DH438,3779122970,90.3728355,23.8096743,0.02553358,3,3,0,0
Zone_DH438,3779122971,90.3703095,23.8096368,0.03195674,3,3,0,0
Zone_DH438,3779122972,90.3710649,23.8097921,0.04129489,3,3,0,0
Zone_DH438,3732395803,90.3594532,23.8054063,0.01011242,4,3,0,0
Zone_DH438,3732395804,90.3600182,23.8056564,0.02560406,3,3,0,0
Zone_DH438,4563130147,90.37288,23.8127191,0.00169095,4,3,0,1
Zone_DH438,4563130148,90.3728448,23.8130935,0.00219212,4,4,0,1
Zone_DH438,4255684399,90.3777437,23.816029,0.0029654,4,3,0,1
Zone_DH438,3738138424,90.3661257,23.8065685,0.05349273,3,3,0,1
Zone_DH438,3738138429,90.3655375,23.8063161,0.05170341,3,3,0,1
Zone_DH438,13432026950,90.358153,23.8043706,0.00793302,4,4,0,0
Zone_DH438,3639400275,90.3562999,23.8191357,0.0123153,4,2,0,0
Zone_DH438,3639400277,90.3562177,23.8188774,0.01245478,4,2,0,0
Zone_DH438,3810858838,90.374872,23.8144622,0.02944258,3,3,0,0
Zone_DH438,3639400281,90.3560908,23.8183276,0.01532181,4,3,0,1
Zone_DH438,386217837,90.3660999,23.8051372,0.02753874,3,3,0,0
Zone_DH438,3779114861,90.3700112,23.8107391,0.01500418,4,3,0,0
Zone_DH438,386791281,90.3694416,23.8061782,0.00631206,4,3,0,1
Zone_DH438,386791284,90.369556,23.8058192,0.0312127,3,3,0,0
Zone_DH438,3876665206,90.3662832,23.8150861,0.07530157,2,3,0,0
Zone_DH438,3876665207,90.3649162,23.8148113,0.00619754,4,3,0,0
Zone_DH438,3734869881,90.3627378,23.8095673,0.09924282,2,3,0,0
Zone_DH438,3734869882,90.3612767,23.8092981,0.11820152,1,3,0,0
Zone_DH438,12009256837,90.3618112,23.8057484,0.0043671,4,3,0,0
Zone_DH438,3732412316,90.3614011,23.8000703,0.01112454,4,3,0,0
Zone_DH438,5701662640,90.3548861,23.8047153,0.00100527,4,2,0,0
Zone_DH438,3797784503,90.3765729,23.8114069,0.01882117,4,4,0,0
Zone_DH438,3797784504,90.3761385,23.8114406,0.00119761,4,3,0,1
Zone_DH438,5701662651,90.3546625,23.8049871,1.909e-05,4,2,0,0
Zone_DH438,3797784508,90.3756719,23.8115366,0.0,4,1,0,0
Zone_DH438,3797784510,90.3766075,23.8116197,0.01527727,4,3,0,0
Zone_DH438,11299149759,90.3708625,23.8221627,0.0,4,2,0,0
Zone_DH438,3797784514,90.3766219,23.8116963,0.01494398,4,3,0,1
Zone_DH438,12153526213,90.3584292,23.8093653,0.0,4,1,0,0
Zone_DH438,3767449542,90.3745165,23.8134207,0.00850516,4,3,0,0
Zone_DH438,12000278486,90.3567586,23.8092122,0.0,4,1,0,0
Zone_DH438,12000278490,90.3569261,23.80871,0.00112322,4,3,0,1
Zone_DH438,386742243,90.3731949,23.8066057,0.01659333,4,3,0,0
Zone_DH438,386742245,90.3732845,23.8071346,0.04929007,3,3,0,0
Zone_DH438,386742250,90.3731805,23.8084472,0.02119095,4,3,0,0
Zone_DH438,386742252,90.3726074,23.8104787,0.0607665,3,3,0,0
Zone_DH438,8902834181,90.3726361,23.8181713,0.02728815,3,3,0,0
Zone_DH438,8902834182,90.3736341,23.8184211,0.00421245,4,3,0,0
Zone_DH438,8902834183,90.3725483,23.8185073,0.0194119,4,3,0,0
Zone_DH438,6341195784,90.3542878,23.8148689,0.00175653,4,3,0,0
Zone_DH438,3833739295,90.357945,23.8177969,0.0031137,4,3,0,0
Zone_DH438,3833739296,90.3574713,23.8192192,0.01166682,4,3,0,0
Zone_DH438,12025264161,90.3767357,23.8063901,0.0,4,1,0,0
Zone_DH438,11575613486,90.3757272,23.8117618,0.0,4,1,0,0
Zone_DH438,11575613489,90.3734212,23.813382,0.0,4,1,0,0
Zone_DH438,11575613490,90.3734759,23.8133982,0.0339477,3,3,0,1
Zone_DH438,3967473718,90.3714244,23.8147353,0.01649544,4,3,0,0
Zone_DH438,3712301111,90.3755224,23.8075631,0.0135966,4,3,0,0
Zone_DH438,3712301112,90.3775887,23.8064798,0.00640505,4,3,0,0
Zone_DH438,3781630008,90.3710998,23.8125525,0.01152929,4,3,0,1
Zone_DH438,264878139,90.3647107,23.821575,0.05313667,3,3,0,0
Zone_DH438,4329740349,90.3639588,23.8119619,0.01256539,4,3,0,0
Zone_DH438,3713308739,90.3635927,23.8096311,0.08764648,2,3,0,0
Zone_DH438,3713308743,90.3627542,23.8094826,0.09888652,2,3,0,0
Zone_DH438,4329740369,90.365447,23.8121469,0.00572867,4,3,0,0
Zone_DH438,6473979986,90.3665386,23.8220585,0.00634877,4,3,0,0
Zone_DH438,386029652,90.3612349,23.8018881,0.02437855,3,3,0,0
Zone_DH438,4329740373,90.3654044,23.8122248,0.00570518,4,3,0,0
Zone_DH438,3772782687,90.3701502,23.8134439,0.05935085,3,3,0,0
Zone_DH438,3772782688,90.3703631,23.8126955,0.01278049,4,3,0,0
Zone_DH438,3772782690,90.3695488,23.8124999,0.0078579,4,3,0,0
Zone_DH438,6087440511,90.3580952,23.8070487,0.00722238,4,3,0,1
Zone_DH438,3759241346,90.3780724,23.81808,0.00690328,4,2,0,1
Zone_DH438,3784513683,90.3757078,23.8146737,0.01771263,4,4,0,1
Zone_DH438,3784513684,90.375689,23.8147941,0.01640784,4,3,0,0
Zone_DH438,3797784743,90.3762773,23.8115689,0.00062548,4,3,0,0
Zone_DH438,11992111271,90.3654084,23.8106797,0.00520744,4,3,0,0
Zone_DH438,11992111278,90.3671212,23.8009325,0.00316753,4,3,0,1
Zone_DH438,7160174767,90.3606135,23.8170348,0.0,4,1,0,0
Zone_DH438,11992111282,90.3673932,23.8002847,0.00220093,4,3,0,0
Zone_DH438,10046937268,90.3712043,23.8069407,0.06415427,3,3,0,0
Zone_DH438,10046937269,90.3712282,23.8070585,0.07954118,2,3,0,0
Zone_DH438,11992111287,90.3677104,23.8006544,0.0,4,1,0,0
Zone_DH438,11992111288,90.3675343,23.7999896,0.0,4,1,0,0
Zone_DH438,11992111290,90.3676009,23.7996353,0.008582,4,3,0,1
Zone_DH438,11992111292,90.3636347,23.8009702,0.00466663,4,3,0,1
Zone_DH438,11992111293,90.3634312,23.8009578,0.00266979,4,3,0,1
Zone_DH438,11992111294,90.3634807,23.8009616,0.00366429,4,3,0,1
Zone_DH438,11992111295,90.3634413,23.8006882,0.0,4,1,0,0
Zone_DH438,8960915648,90.3662146,23.8205012,0.03584568,3,3,0,0
Zone_DH438,8960915649,90.3661199,23.8210397,0.00701536,4,3,0,0
Zone_DH438,8960915650,90.3663977,23.8205302,0.03518153,3,3,0,0
Zone_DH438,8960915651,90.3663101,23.8210675,0.01022058,4,3,0,0
Zone_DH438,11992111297,90.3635929,23.8012858,0.0,4,1,0,0
Zone_DH438,11992111296,90.3634601,23.8012686,0.0,4,1,0,0
Zone_DH438,3718904040,90.3623462,23.8015018,0.01050885,4,3,0,0
Zone_DH438,12590430458,90.3632499,23.8035241,0.02435603,3,3,0,0
Zone_DH438,7398627579,90.3794915,23.8095641,0.0,4,1,0,0
Zone_DH438,3797833979,90.3766707,23.8129509,0.01476387,4,3,0,0
Zone_DH438,12590430459,90.3622803,23.8034594,0.01238773,4,3,0,0
Zone_DH438,12590430460,90.362568,23.8030724,0.03112962,3,3,0,0
Zone_DH438,6501423385,90.3739944,23.8036761,0.00357082,4,3,0,1
Zone_DH438,6501423387,90.3736992,23.8037669,0.0,4,1,0,0
Zone_DH438,3738138925,90.365682,23.8074068,0.0,4,1,0,0
Zone_DH438,4360468782,90.3626281,23.8178406,0.00219163,4,4,0,0
Zone_DH438,4611152186,90.3604384,23.7991318,0.0,4,1,0,0
Zone_DH438,4611152188,90.3615266,23.7993925,0.00389236,4,3,0,1
Zone_DH438,3713300813,90.3651486,23.8086086,0.02087625,4,4,0,0
Zone_DH438,6087096662,90.3612831,23.8080106,0.02377166,3,3,0,0
Zone_DH438,3732683095,90.36207,23.8026695,0.04560522,3,4,0,0
Zone_DH438,6087096663,90.3600666,23.8072652,0.00192538,4,3,0,0
Zone_DH438,3639253337,90.3666042,23.8139119,0.07858265,2,3,0,0
Zone_DH438,6087096666,90.3597004,23.8081904,0.00477675,4,3,0,0
Zone_DH438,3639253339,90.3636869,23.8133947,0.00861038,4,3,0,0
Zone_DH438,6087096664,90.361074,23.808295,0.02261614,3,3,0,0
Zone_DH438,6087096665,90.3600509,23.8076445,0.00333247,4,3,0,0
Zone_DH438,11984968041,90.3620399,23.8208703,0.0,4,1,0,0
Zone_DH438,4217059691,90.3756443,23.8205905,0.00448065,4,4,0,0
Zone_DH438,386742636,90.373313,23.8076624,0.05314622,3,4,0,0
Zone_DH438,4217059694,90.3764577,23.8207671,0.00021535,4,2,0,0
Zone_DH438,386742643,90.3746447,23.8081591,0.03291649,3,3,0,0
Zone_DH438,386742645,90.3754394,23.8095405,0.00955888,4,3,0,0
Zone_DH438,386742648,90.3754134,23.8101653,0.0093083,4,3,0,0
Zone_DH438,6087186809,90.3636791,23.8134379,0.0083735,4,3,0,0
Zone_DH438,6087186808,90.3614797,23.8130846,0.01214155,4,3,0,0
Zone_DH438,9620167035,90.3571192,23.8169559,0.02276297,3,3,0,0
Zone_DH438,9620167036,90.3613094,23.8181791,0.0195695,4,3,0,0
Zone_DH438,9620167033,90.3599129,23.817851,0.00870925,4,3,0,1
Zone_DH438,9620167038,90.3604575,23.8180134,0.0100855,4,3,0,1
Zone_DH438,9620167040,90.3598037,23.8178176,0.00788506,4,3,0,0
Zone_DH438,9620167041,90.3593306,23.817681,0.03276918,3,4,0,0
Zone_DH438,9620167042,90.3582366,23.8173649,0.01527923,4,3,0,0
Zone_DH438,9620167043,90.3577088,23.8172225,0.01931304,4,4,0,0
Zone_DH438,9620167044,90.357093,23.8170407,0.01040705,4,3,0,0
Zone_DH438,9620167045,90.3612285,23.8182023,0.04395881,3,4,0,0
Zone_DH438,3737229718,90.3731014,23.8146912,0.04597424,3,3,0,0
Zone_DH438,11992070565,90.3687715,23.8121721,0.00246717,4,3,0,0
Zone_DH438,3811391916,90.3747557,23.8148921,0.01831315,4,3,0,0
Zone_DH438,3811391917,90.3756395,23.8151223,0.01395486,4,3,0,0
Zone_DH438,3732830640,90.359992,23.8009863,0.00787919,4,3,0,0
Zone_DH438,3732830641,90.3602507,23.799809,0.00036756,4,3,0,0
Zone_DH438,4601133492,90.371189,23.7999888,0.00197726,4,3,0,1
Zone_DH438,8902834613,90.3725891,23.8165628,0.0317688,3,3,0,0
Zone_DH438,3713292726,90.3661458,23.8078394,0.01137023,4,3,0,0
Zone_DH438,4601133495,90.3705691,23.8001479,0.00727573,4,3,0,0
Zone_DH438,8958990779,90.3697407,23.8117528,0.00721406,4,3,0,0
Zone_DH438,3712334289,90.3762094,23.8087573,0.01088032,4,3,0,0
Zone_DH438,3712334290,90.3783177,23.8076746,0.00326884,4,3,0,0
Zone_DH438,3713309144,90.3629052,23.8087028,0.01490678,4,3,0,0
Zone_DH438,3792230873,90.3727522,23.8134158,0.00223078,4,3,0,0
Zone_DH438,3716889064,90.3724664,23.808003,0.00231986,4,3,0,0
Zone_DH438,4206664173,90.3773842,23.8089516,0.00443709,4,4,0,0
Zone_DH438,3781630445,90.3723086,23.8133644,0.003678,4,3,0,1
Zone_DH438,3781630447,90.3722396,23.8137821,0.0333002,3,3,0,0
Zone_DH438,3095149059,90.3713868,23.8009146,0.00613342,4,3,0,1
Zone_DH438,3095149061,90.3719641,23.8009374,0.0,4,1,0,0
Zone_DH438,3712317966,90.3776832,23.8096486,0.00195389,4,3,0,0
Zone_DH438,3712317967,90.3781508,23.8098492,0.0069811,4,3,0,1
Zone_DH438,3712317968,90.3785554,23.8100149,0.0,4,1,0,0
Zone_DH438,3734870547,90.3611637,23.8098402,0.03137531,3,3,0,0
Zone_DH438,3853703707,90.3554681,23.8037777,0.00294142,4,3,0,0
Zone_DH438,264878624,90.358797,23.8036011,0.01508493,4,4,0,0
Zone_DH438,4456159806,90.3589273,23.8045801,0.00298987,4,3,0,0
Zone_DH438,7124138559,90.3621296,23.8195211,0.0,4,1,0,0
Zone_DH438,12052394124,90.3627552,23.8060449,0.07635798,2,4,0,0
Zone_DH438,3740072529,90.3691968,23.8166779,0.10306568,2,3,0,0
Zone_DH438,6087088737,90.3598952,23.8058247,0.02047933,4,3,0,0
Zone_DH438,6087088738,90.3600364,23.8058843,0.00017326,4,2,0,0
Zone_DH438,12013042277,90.3619936,23.8018637,0.0,4,1,0,0
Zone_DH438,6087088743,90.3603984,23.8059033,0.00055354,4,2,0,0
Zone_DH438,3448199787,90.3728902,23.8221279,0.00152504,4,3,0,0
Zone_DH438,4017846899,90.3589776,23.8077558,0.01415895,4,3,0,0
Zone_DH438,6087088762,90.3587567,23.8080488,0.03564844,3,3,0,0
Zone_DH438,6087088765,90.359495,23.8084688,0.0259765,3,3,0,0
Zone_DH438,3812145790,90.3751442,23.8134597,0.03041311,3,3,0,0
Zone_DH438,3812145791,90.3745455,23.8133292,0.0082717,4,3,0,0
Zone_DH438,5416303239,90.3598993,23.8079208,0.03060496,3,3,0,0
Zone_DH438,12013042312,90.3609724,23.8010697,0.0,4,1,0,0
Zone_DH438,12013042315,90.3609856,23.8012893,0.00209227,4,3,0,1
Zone_DH438,264878754,90.3578158,23.8029409,0.00977227,4,3,0,0
Zone_DH438,11308808868,90.3764908,23.8154874,0.00395207,4,3,0,1
Zone_DH438,12009142961,90.3591163,23.8057726,0.00881202,4,3,0,0
Zone_DH438,12009110213,90.3593588,23.8068512,0.03973413,3,3,0,0
Zone_DH438,12009110228,90.3584342,23.806726,0.00554465,4,3,0,0
Zone_DH438,3772119771,90.3700545,23.8105773,0.00647014,4,3,0,0
Zone_DH438,3772119772,90.370945,23.8107775,0.0158313,4,3,0,0
Zone_DH438,4359944927,90.3593733,23.8210156,0.0,4,1,0,0
Zone_DH438,4359944930,90.359724,23.8210727,0.00197775,4,3,0,1
Zone_DH438,4359944934,90.3587081,23.821224,0.00789289,4,3,0,1
Zone_DH438,4359944935,90.3582893,23.8212398,0.00197775,4,3,0,1
Zone_DH438,4359944936,90.3591022,23.8212792,0.00197775,4,3,0,1
Zone_DH438,4359944937,90.3586946,23.8213152,0.00395207,4,3,0,1
Zone_DH438,6087088911,90.3595514,23.8050777,0.03797221,3,3,0,0
Zone_DH438,10991508287,90.3590643,23.8086795,0.01094541,4,3,0,0
Zone_DH438,3732380480,90.3691958,23.8071693,0.03688619,3,3,0,0
Zone_DH438,3731921729,90.3575126,23.8032493,0.00724343,4,3,0,0
Zone_DH438,10991508289,90.358779,23.8094681,0.00098912,4,3,0,1
Zone_DH438,4488026947,90.366741,23.7995819,0.00840336,4,2,0,0
Zone_DH438,12009143108,90.3584896,23.8074763,0.00067981,4,3,0,0
Zone_DH438,10991508293,90.359299,23.8087835,0.01338126,4,3,0,0
Zone_DH438,10991508294,90.3604138,23.8092289,0.00951924,4,3,0,0
Zone_DH438,12009143112,90.357981,23.8072054,0.00717393,4,3,0,0
Zone_DH438,10991508296,90.3597432,23.8089825,0.00923586,4,3,0,1
Zone_DH438,10991508298,90.3590875,23.8095564,0.00309069,4,4,0,1
Zone_DH438,3833740107,90.3577909,23.8182498,0.01288743,4,3,0,0
Zone_DH438,3833740108,90.3585066,23.8184438,0.01111132,4,3,0,0
Zone_DH438,10991508299,90.3593523,23.8088108,0.00945806,4,3,0,0
Zone_DH438,10991508297,90.3594844,23.8100704,0.0,4,1,0,0
Zone_DH438,3735411550,90.3732078,23.8143005,0.04677885,3,3,0,0
Zone_DH438,3740064611,90.366235,23.8159129,0.02618696,3,3,0,0
Zone_DH438,7497194350,90.375862,23.8042373,0.0,4,1,0,0
Zone_DH438,7497194351,90.3759303,23.8044348,0.00197775,4,3,0,1
Zone_DH438,7432256369,90.3792186,23.8161169,0.0,4,1,0,0
Zone_DH438,7497194356,90.3761135,23.8050247,0.00597191,4,3,0,1
Zone_DH438,8959015818,90.3702217,23.8126628,0.01411955,4,3,0,0
Zone_DH438,8959015819,90.3703337,23.8122964,0.01623752,4,3,0,0
Zone_DH438,4488027033,90.3664745,23.8002785,0.0124817,4,4,0,0
Zone_DH438,4488027037,90.3657304,23.8002287,0.01252673,4,3,0,1
Zone_DH438,11898764196,90.3590506,23.8124427,0.0,4,1,0,0
Zone_DH438,8912681931,90.3664639,23.8224015,0.0062176,4,3,0,0
Zone_DH438,3731807182,90.3641399,23.8016979,0.01926165,4,3,0,1
Zone_DH438,3731807183,90.3642855,23.8014157,0.01887011,4,3,0,0
Zone_DH438,10100530128,90.3653125,23.8032435,0.02655598,3,3,0,0
Zone_DH438,3731807186,90.3645862,23.8006171,0.01751197,4,3,0,0
Zone_DH438,3731807191,90.364667,23.7997149,0.00493777,4,3,0,1
Zone_DH438,12632865759,90.3742969,23.821196,0.0,4,1,0,0
Zone_DH438,12632865760,90.3749185,23.8198821,0.0,4,1,0,0
Zone_DH438,12632865770,90.374826,23.82006,0.00098912,4,3,0,1
Zone_DH438,3833756662,90.3582615,23.8172885,0.02077005,4,4,0,0
Zone_DH438,3833756664,90.3595334,23.8170822,2.937e-05,4,3,0,0
Zone_DH438,12632865789,90.3743653,23.8210427,0.00189063,4,3,0,1
Zone_DH438,6489979902,90.3741975,23.8023,0.0066204,4,3,0,1
Zone_DH438,6489979903,90.3739571,23.8026532,0.0,4,1,0,0
Zone_DH438,3713285125,90.3680757,23.8086358,0.10969636,2,3,0,0
Zone_DH438,12013042695,90.3606297,23.801533,0.0,4,1,0,0
Zone_DH438,12013042696,90.3605238,23.8017735,0.00296344,4,3,0,1
Zone_DH438,3639409673,90.3560553,23.818028,0.01564874,4,2,0,0
Zone_DH438,12013042698,90.360733,23.8018471,0.00098912,4,3,0,1
Zone_DH438,12013042697,90.3608134,23.8016655,0.0,4,1,0,0
Zone_DH438,12013042701,90.360559,23.8022032,0.00098912,4,3,0,1
Zone_DH438,4206214158,90.3680124,23.8146903,0.00504911,4,3,0,1
Zone_DH438,3639409679,90.355746,23.8178415,0.0,4,1,0,0
Zone_DH438,4359584784,90.3629788,23.8207987,0.00197726,4,3,0,1
Zone_DH438,3639409681,90.3559826,23.8168393,0.01761034,4,2,0,0
Zone_DH438,4359584785,90.3639018,23.8208371,0.0,4,2,0,0
Zone_DH438,3639409683,90.3559905,23.8164928,0.04032877,3,2,0,0
Zone_DH438,3639409685,90.3559999,23.8161675,0.04047168,3,2,0,0
Zone_DH438,3639409687,90.3560166,23.8158437,0.04217683,3,3,0,0
Zone_DH438,3639409689,90.3560314,23.815492,0.04231582,3,3,0,0
Zone_DH438,10800585754,90.3740045,23.8212893,0.0,4,1,0,0
Zone_DH438,3639409691,90.3539861,23.8150885,5.677e-05,4,2,0,0
Zone_DH438,10800585756,90.3729374,23.8210534,0.01355402,4,3,0,0
Zone_DH438,10800585755,90.3736111,23.821211,0.00702025,4,4,0,1
Zone_DH438,10800585758,90.3730905,23.8204006,0.01665157,4,3,0,0
Zone_DH438,10800585759,90.3737913,23.820555,0.00117706,4,4,0,0
Zone_DH438,10800585760,90.3739649,23.8198609,0.00154951,4,3,0,0
Zone_DH438,10800585761,90.3738692,23.820216,0.00243878,4,4,0,0
Zone_DH438,10800585762,90.3735315,23.821528,0.0177278,4,3,0,0
Zone_DH438,3731774499,90.3634261,23.8044469,0.0143185,4,3,0,0
Zone_DH438,10800585764,90.3780192,23.818306,0.0,4,1,0,0
Zone_DH438,3731774500,90.364437,23.8050529,0.00683721,4,3,0,0
Zone_DH438,10800585757,90.3745134,23.8207231,0.00065778,4,3,0,0
Zone_DH438,10800585768,90.3763936,23.8184592,0.0271609,3,3,0,0
Zone_DH438,3782794288,90.3736309,23.8104048,0.01911482,4,3,0,0
Zone_DH438,3782794289,90.3743108,23.8105652,0.01573537,4,3,0,0
Zone_DH438,3797785663,90.3773069,23.8117405,0.0,4,1,0,0
Zone_DH438,13205453900,90.3603654,23.8021061,0.00592199,4,3,0,1
Zone_DH438,3713367130,90.3642902,23.8089966,0.00245102,4,3,0,0
Zone_DH438,3810114651,90.3740099,23.8115625,0.07020939,2,3,0,1
Zone_DH438,3810114652,90.3751477,23.811778,0.0,4,1,0,0
Zone_DH438,4292869213,90.3648049,23.8210579,0.0533853,3,3,0,0
Zone_DH438,3772087393,90.3730849,23.8147603,0.04472426,3,3,0,0
Zone_DH438,3737255009,90.3734857,23.8167573,0.00876357,4,3,0,0
Zone_DH438,3772087394,90.3725171,23.8146348,0.0001297,4,3,0,0
Zone_DH438,4292869218,90.3666945,23.8211235,0.01029154,4,4,0,0
Zone_DH438,4486339696,90.3727132,23.8050522,0.02154443,4,3,0,0
Zone_DH438,3713318009,90.3642876,23.807835,0.0,4,1,0,0
Zone_DH438,4292869242,90.3666516,23.8214008,0.00240257,4,4,0,0
Zone_DH438,3740073090,90.3688128,23.8181448,0.02939217,3,3,0,0
Zone_DH438,3740073096,90.3681123,23.8207479,0.04306855,3,3,0,0
Zone_DH438,4486339722,90.3726016,23.8054214,0.03636459,3,3,0,0
Zone_DH438,3712302221,90.3765701,23.8093629,0.01077901,4,3,0,0
Zone_DH438,3712302222,90.3786851,23.8082786,0.00528281,4,3,0,0
Zone_DH438,3759242387,90.3780254,23.8186223,0.00984715,4,2,0,1
Zone_DH438,3738631318,90.3762397,23.8063781,0.00317145,4,4,0,0
Zone_DH438,6087433371,90.3586198,23.8054691,0.02834041,3,3,0,0
Zone_DH438,6087433373,90.3590098,23.8059105,0.0076056,4,3,0,0
Zone_DH438,3712302244,90.3757007,23.807873,0.02467954,3,3,0,0
Zone_DH438,3712302245,90.377786,23.8068006,0.007402,4,3,0,0
Zone_DH438,4584905894,90.3773454,23.8060907,0.00379154,4,3,0,0
Zone_DH438,6102449320,90.3555442,23.8087086,0.00840189,4,3,0,1
Zone_DH438,6102449321,90.3562258,23.8089203,0.0,4,1,0,0
Zone_DH438,6102449322,90.3554208,23.8089316,0.00727916,4,3,0,1
Zone_DH438,6102449323,90.3558443,23.8090477,0.0,4,1,0,0
Zone_DH438,6102449324,90.3568336,23.8186701,0.00104296,4,3,0,1
Zone_DH438,264879283,90.3563878,23.8044219,0.02402176,3,3,0,0
Zone_DH438,12617735349,90.3751639,23.8204579,0.00397361,4,3,0,0
Zone_DH438,3781647542,90.3694257,23.810145,0.06657789,2,3,0,0
Zone_DH438,3781647543,90.3693805,23.8102749,0.06585501,2,3,0,0
Zone_DH438,4584905912,90.378274,23.8053391,0.00091228,4,3,0,0
Zone_DH438,264879289,90.3584517,23.8040137,0.00530288,4,3,0,0
Zone_DH438,3713318073,90.3639817,23.8085943,0.01855884,4,3,0,0
Zone_DH438,3781647544,90.3693113,23.81055,0.01346201,4,3,0,0
Zone_DH438,3781647546,90.3696705,23.8119664,0.01276801,4,3,0,0
Zone_DH438,4584905911,90.3783951,23.8055467,0.0004258,4,3,0,0
Zone_DH438,12617735356,90.3753815,23.8205099,0.00232132,4,3,0,0
Zone_DH438,12617735355,90.3750975,23.8209073,0.00125879,4,3,0,0
Zone_DH438,3713309890,90.363739,23.8088512,0.018806,4,3,0,0
Zone_DH438,12617735363,90.3753088,23.8209501,0.00102974,4,3,0,0
Zone_DH438,3712122063,90.3732549,23.8080616,0.01937079,4,3,0,0
Zone_DH438,2541436113,90.3733902,23.8025519,0.00918252,4,3,0,0
Zone_DH438,6102449377,90.3560336,23.8175688,0.01914908,4,3,0,1
Zone_DH438,12098362593,90.3608095,23.814335,0.00072385,4,3,0,0
Zone_DH438,6102449379,90.356506,23.8183114,0.0,4,1,0,0
Zone_DH438,6102449380,90.3561941,23.8187527,0.01372532,4,3,0,1
Zone_DH438,4597660901,90.3647541,23.8053506,0.03807107,3,3,0,0
Zone_DH438,4597660902,90.3643909,23.8051423,0.04291879,3,3,0,0
Zone_DH438,4597660903,90.3645706,23.8047937,0.00695614,4,3,0,0
Zone_DH438,4597660904,90.3649391,23.8050054,0.03809163,3,4,0,0
Zone_DH438,4597660905,90.3658884,23.8059346,0.00266147,4,3,0,0
Zone_DH438,4597660906,90.3647636,23.8053329,0.03788069,3,3,0,0
Zone_DH438,4597660907,90.3670169,23.8062087,0.03070431,3,3,0,0
Zone_DH438,6102449381,90.3564813,23.8186964,0.0,4,1,0,0
Zone_DH438,4597660909,90.3671047,23.8058782,0.02823127,3,3,0,0
Zone_DH438,264887534,90.3702345,23.8099162,0.08910202,2,4,0,0
Zone_DH438,3731774722,90.3638674,23.801951,0.03829082,3,3,0,0
Zone_DH438,6087425286,90.3577477,23.8072093,0.01597617,4,3,0,1
Zone_DH438,6087425287,90.3575872,23.8074103,0.0,4,1,0,0
Zone_DH438,3737689355,90.3671753,23.8178589,0.02204181,3,3,0,0
Zone_DH438,6121897236,90.3601966,23.8054123,0.01564483,4,3,0,1
Zone_DH438,6121897237,90.3597991,23.8052077,0.0,4,1,0,0
Zone_DH438,11306433825,90.3624645,23.8109408,0.00123187,4,3,0,0
Zone_DH438,11306433826,90.3625403,23.8105022,0.00816941,4,3,0,0
Zone_DH438,3713359146,90.3653087,23.8074773,0.00098912,4,3,0,1
Zone_DH438,3812130105,90.3623559,23.8146993,0.06239383,3,3,0,0
Zone_DH438,386792765,90.3741719,23.8053281,0.00043705,4,3,0,0
Zone_DH438,386792770,90.3743764,23.805687,0.00040377,4,3,0,0
Zone_DH438,386743619,90.3765812,23.8048521,0.01014031,4,3,0,0
Zone_DH438,386792771,90.3731722,23.8060715,0.00113497,4,3,0,0
Zone_DH438,386743621,90.3791874,23.8091044,0.00627487,4,3,0,1
Zone_DH438,386792785,90.3731855,23.8061307,0.00182994,4,3,0,0
Zone_DH438,4584955218,90.3566677,23.8203192,0.00197726,4,2,0,1
Zone_DH438,6346931540,90.3582545,23.8107272,0.0,4,1,0,0
Zone_DH438,6346931541,90.3569737,23.8111231,0.06764238,2,3,0,0
Zone_DH438,4584955220,90.3565649,23.8200756,0.00324535,4,2,0,0
Zone_DH438,6346931543,90.356135,23.8143043,0.04692323,3,3,0,1
Zone_DH438,6346931544,90.3567873,23.8144528,0.0,4,1,0,0
Zone_DH438,386792795,90.3751207,23.8042061,0.01348746,4,3,0,0
Zone_DH438,386792798,90.3739646,23.8037623,0.00409009,4,3,0,0
Zone_DH438,4034256223,90.3547915,23.8097866,0.00233062,4,3,0,0
Zone_DH438,6342532479,90.3701908,23.8018669,0.02058162,4,3,0,0
Zone_DH438,3755425163,90.3788623,23.8175749,9.8e-07,4,2,0,0
Zone_DH438,3770244505,90.3742958,23.8166361,0.01650719,4,3,0,0
Zone_DH438,3768663451,90.3736898,23.8126717,0.0347665,3,3,0,0
Zone_DH438,3768663452,90.3746877,23.8128251,0.03194548,3,3,0,0
Zone_DH438,4459224481,90.354536,23.8066683,0.00462209,4,3,0,1
Zone_DH438,6122954146,90.3729705,23.8215729,0.00473025,4,3,0,0
Zone_DH438,6122954147,90.3718114,23.8213955,0.00769957,4,3,0,0
Zone_DH438,6122954148,90.3710321,23.8212617,0.01286198,4,4,0,0
Zone_DH438,6122954149,90.3675643,23.8207153,0.04047903,3,4,0,0
Zone_DH438,9495084464,90.3651069,23.8123707,0.00160334,4,3,0,0
Zone_DH438,9495084465,90.3649938,23.8127769,0.00195132,4,4,0,0
Zone_DH438,9495084466,90.3649451,23.8131112,0.00114671,4,3,0,0
Zone_DH438,3812138423,90.3766099,23.8129399,0.01243961,4,3,0,0
Zone_DH438,3734068666,90.3750262,23.8004855,0.00098912,4,2,0,1
Zone_DH438,9613049276,90.3677772,23.818421,0.00130529,4,4,0,0
Zone_DH438,9613049277,90.3686592,23.8186153,0.02050135,4,3,0,0
Zone_DH438,9613049278,90.3670641,23.8182602,0.02182646,4,4,0,0
Zone_DH438,4459224520,90.3549289,23.8069297,0.0,4,1,0,0
Zone_DH438,3779132876,90.3714609,23.8146067,0.01678665,4,3,0,1
Zone_DH438,3779132877,90.3708509,23.814457,0.0,4,1,0,0
Zone_DH438,3779132879,90.3715143,23.8144193,0.01846243,4,3,0,1
Zone_DH438,3779132880,90.3711271,23.8143328,0.0,4,1,0,0
Zone_DH438,3772087780,90.3718113,23.8139949,0.04578826,3,3,0,0
Zone_DH438,3772087795,90.369626,23.8121137,0.01223161,4,3,0,0
Zone_DH438,2541428213,90.3725451,23.8041659,0.01827901,4,3,0,1
Zone_DH438,2541428216,90.3723918,23.8040989,0.01702316,4,3,0,1
Zone_DH438,3779132930,90.3696025,23.8150893,0.03122505,3,3,0,0
Zone_DH438,3734879757,90.3685992,23.7998604,0.01078145,4,3,0,0
Zone_DH438,2541428246,90.3727885,23.8025596,0.01355158,4,3,0,0
Zone_DH438,7030562331,90.3607209,23.8022924,0.0,4,1,0,0
Zone_DH438,7030562338,90.3598417,23.8026764,0.00904205,4,3,0,1
Zone_DH438,11774811686,90.3624888,23.8069704,0.01582004,4,3,0,0
Zone_DH438,6398885419,90.3605225,23.8057161,0.01396612,4,3,0,0
Zone_DH438,4454391351,90.3620183,23.8104331,0.01589199,4,3,0,0
Zone_DH438,4454391352,90.3629641,23.8104508,0.03411606,3,3,0,0
Zone_DH438,4454391358,90.36192,23.8113984,0.00635415,4,3,0,0
Zone_DH438,4454391360,90.3627007,23.8116544,0.02750888,3,4,0,0
Zone_DH438,4454391361,90.3617936,23.8123569,0.02448671,3,3,0,0
Zone_DH438,4454391362,90.3625441,23.8124683,0.0218316,4,3,0,0
Zone_DH438,3713285710,90.3677681,23.8098282,0.09637187,2,3,0,0
Zone_DH438,8904949333,90.3683704,23.8197932,0.01838412,4,3,0,0
Zone_DH438,386219638,90.3638238,23.8023445,0.03821105,3,3,0,0
Zone_DH438,11991686779,90.3687256,23.8020086,0.0,4,1,0,0
Zone_DH438,11991686780,90.3680286,23.8023018,0.0,4,1,0,0
Zone_DH438,11991686781,90.367415,23.8027315,0.00420608,4,3,0,1
Zone_DH438,11991686782,90.3678204,23.8028145,0.00197775,4,3,0,1
Zone_DH438,11991686783,90.3678996,23.8029206,0.0,4,1,0,0
Zone_DH438,4017823361,90.3547068,23.8064642,0.00375533,4,4,0,1
Zone_DH438,4017823362,90.355124,23.8067545,0.0,4,1,0,0
Zone_DH438,11991686785,90.3678888,23.8026465,0.0,4,1,0,0
Zone_DH438,6123044488,90.3579681,23.8082188,0.0450277,3,4,0,0
Zone_DH438,11991686793,90.3648917,23.8014999,0.00697278,4,3,0,0
Zone_DH438,6123044492,90.357871,23.8081845,0.02393024,3,4,0,0
Zone_DH438,12663013017,90.3610201,23.8123615,0.04808022,3,3,0,0
Zone_DH438,12171460257,90.3768101,23.8131869,0.0,4,1,0,0
Zone_DH438,12171460258,90.3767269,23.8136529,0.00217841,4,3,0,1
Zone_DH438,3536199333,90.3619028,23.8025129,0.02164317,4,3,0,0
Zone_DH438,4017831590,90.3570852,23.8073901,0.02888171,3,3,0,0
Zone_DH438,4017831591,90.3559443,23.8065657,0.01471297,4,3,0,0
Zone_DH438,4344536750,90.3631691,23.8154955,0.07071056,2,4,0,0
Zone_DH438,6121922228,90.3609407,23.8058136,0.0056396,4,3,0,0
Zone_DH438,6121922229,90.3602231,23.8053761,0.01686789,4,3,0,0
Zone_DH438,6443384502,90.3668972,23.8079834,0.00263651,4,3,0,0
Zone_DH438,6087417528,90.3551347,23.8059389,0.00942918,4,3,0,1
Zone_DH438,6087417529,90.3546899,23.805641,0.0,4,1,0,0
Zone_DH438,6087417530,90.3552729,23.8057743,0.0089011,4,3,0,1
Zone_DH438,6087417531,90.3548457,23.8054863,0.0,4,1,0,0
Zone_DH438,6087417532,90.355409,23.8056093,0.00839308,4,3,0,1
Zone_DH438,6087417533,90.3550284,23.805361,0.0,4,1,0,0
Zone_DH438,6087417534,90.355547,23.8054418,0.00886684,4,3,0,1
Zone_DH438,6087417535,90.3556928,23.805265,0.00939395,4,3,0,1
Zone_DH438,6087417536,90.355316,23.8050411,0.0,4,1,0,0
Zone_DH438,9743810241,90.3638792,23.8057696,0.01577991,4,3,0,0
Zone_DH438,7311097549,90.3539575,23.8154139,0.00030246,4,3,0,0
Zone_DH438,4627840718,90.3778923,23.8020708,0.00504838,4,2,0,0
Zone_DH438,4344536791,90.364062,23.8167669,0.01814822,4,4,0,0
Zone_DH438,3810754288,90.3737519,23.8092518,0.0259075,3,3,0,0
Zone_DH438,3810754289,90.37464,23.8094,0.02154088,4,3,0,0
Zone_DH438,3766722298,90.3719225,23.8129817,0.0,4,1,0,0
Zone_DH438,12012945155,90.3634808,23.8050062,0.01718553,4,3,0,0
Zone_DH438,3546586909,90.3774095,23.8182016,0.00493777,4,4,0,1
Zone_DH438,3546586910,90.3772581,23.8186633,0.0155303,4,3,0,0
Zone_DH438,4585111327,90.3761397,23.8150942,0.0,4,1,0,0
Zone_DH438,4585111328,90.3756655,23.8149499,0.01523225,4,3,0,1
Zone_DH438,4585111329,90.3760541,23.815338,0.0,4,1,0,0
Zone_DH438,4585111330,90.3756148,23.8151946,0.01356871,4,3,0,1
Zone_DH438,264879925,90.3559679,23.8041277,0.01360248,4,3,0,0
Zone_DH438,264879932,90.3572658,23.8025859,0.00829079,4,3,0,0
Zone_DH438,264879935,90.3579201,23.8015935,0.0019293,4,2,0,0
Zone_DH438,2545442624,90.3695159,23.8091992,0.04018146,3,3,0,0
Zone_DH438,4292640580,90.3677992,23.8215384,0.00281417,4,3,0,0
Zone_DH438,10019864407,90.3728183,23.8215486,0.00719742,4,3,0,0
Zone_DH438,3813400428,90.3692834,23.8163388,0.10430734,2,3,0,0
Zone_DH438,9942572917,90.3568408,23.8208126,0.0,4,1,0,0
Zone_DH438,7124131717,90.3559857,23.8168982,0.02710854,3,3,0,0
Zone_DH438,12013076373,90.3593188,23.8005364,0.00368485,4,3,0,0
Zone_DH438,3768663957,90.3746188,23.8131078,0.00453497,4,3,0,0
Zone_DH438,3712311192,90.3767736,23.809698,0.01028163,4,3,0,0
Zone_DH438,3712311193,90.3772228,23.8104528,0.01608041,4,3,0,0
Zone_DH438,3766722459,90.3716278,23.8132712,0.0,4,1,0,0
Zone_DH438,4206673824,90.3771916,23.8086477,0.00496664,4,4,0,0
Zone_DH438,374144937,90.3578997,23.8081116,0.03957996,3,3,0,0
Zone_DH438,374144944,90.3560102,23.8152446,0.04274847,3,3,0,0
Zone_DH438,374144946,90.3559847,23.8166302,0.04045896,3,3,0,0
Zone_DH438,374144950,90.3561562,23.8186019,0.01401702,4,2,0,0
Zone_DH438,374144951,90.3564232,23.8196123,0.01374441,4,3,0,0
Zone_DH438,374144953,90.3567616,23.8205683,0.00098912,4,2,0,1
Zone_DH438,3942285249,90.379169,23.8059536,9.691e-05,4,3,0,0
Zone_DH438,3942285250,90.3785056,23.8062811,0.00143302,4,4,0,0
Zone_DH438,3784515525,90.3757784,23.8144072,0.00839063,4,3,0,1
Zone_DH438,3784515526,90.3763492,23.8145826,0.0,4,1,0,0
Zone_DH438,7299014598,90.3587414,23.8027097,0.0,4,1,0,0
Zone_DH438,7299014600,90.3590602,23.8023188,0.00372351,4,3,0,1
Zone_DH438,3812122570,90.37461,23.8154256,0.02637343,3,3,0,0
Zone_DH438,4601036761,90.3760753,23.8111765,0.00254646,4,3,0,1
Zone_DH438,3713286140,90.3660717,23.8082315,0.00117314,4,3,0,1
Zone_DH438,3713286141,90.3660749,23.8086197,0.0151373,4,4,0,0
Zone_DH438,4314791935,90.3641119,23.803976,0.03078653,3,3,0,0
