zone_id,node_id,lon,lat,bc,tier,degree,is_master,is_art_pt
Zone_DH606,6694576130,90.420769,23.7392019,0.0313674,3,3,0,1
Zone_DH606,3095068675,90.4110598,23.7515521,0.02831506,3,3,0,1
Zone_DH606,3095068676,90.4108928,23.7519151,0.0,4,1,0,0
Zone_DH606,6694576131,90.4217698,23.7395939,0.00213217,4,3,0,0
Zone_DH606,12823822342,90.4160734,23.7493845,0.03495421,3,3,0,0
Zone_DH606,3518619655,90.4097528,23.7496706,0.0,4,1,0,0
Zone_DH606,4900421638,90.4185865,23.745511,0.04491578,3,3,0,1
Zone_DH606,4954431497,90.4124653,23.7427307,0.00220713,4,3,0,1
Zone_DH606,6694576134,90.420884,23.7402649,0.00427064,4,4,0,1
Zone_DH606,4954431499,90.4123067,23.7429352,0.0,4,1,0,0
Zone_DH606,4954431500,90.4120936,23.7429463,0.0,4,1,0,0
Zone_DH606,6694576140,90.4217855,23.7404473,0.00107066,4,3,0,1
Zone_DH606,12823822338,90.4164678,23.7515438,0.02170053,3,3,0,0
Zone_DH606,6694576135,90.4206847,23.7402889,0.0,4,1,0,0
Zone_DH606,6694576143,90.4220554,23.7411899,0.0,4,1,0,0
Zone_DH606,11503255569,90.4248454,23.7590819,0.0,4,1,0,0
Zone_DH606,4900421651,90.4273812,23.745607,0.0,4,1,0,0
Zone_DH606,6694576147,90.4209117,23.739719,0.00532928,4,3,0,0
Zone_DH606,6694576149,90.422069,23.740265,0.0,4,1,0,0
Zone_DH606,6694576148,90.4213943,23.7402545,0.0,4,1,0,0
Zone_DH606,6694576153,90.4204682,23.7401879,0.0,4,1,0,0
Zone_DH606,4900421672,90.4228646,23.7457552,0.00112045,4,3,0,0
Zone_DH606,10055950377,90.4061995,23.7492922,0.01091436,4,4,0,0
Zone_DH606,10055950378,90.4061884,23.7491427,0.00479424,4,3,0,0
Zone_DH606,10055950376,90.4059504,23.7491453,0.00080972,4,2,0,0
Zone_DH606,4900421673,90.4255207,23.7457553,0.0,4,1,0,0
Zone_DH606,10055950381,90.408023,23.74888,0.14429118,1,4,0,0
Zone_DH606,4959395883,90.4194428,23.737068,1.14e-06,4,2,0,0
Zone_DH606,4959395885,90.4197597,23.7376618,0.0,4,1,0,0
Zone_DH606,4959395882,90.4204261,23.7371153,0.00106837,4,2,0,0
Zone_DH606,4900421682,90.4275274,23.7458084,0.0,4,1,0,0
Zone_DH606,6605070401,90.4150115,23.7451788,0.02245589,3,3,0,1
Zone_DH606,4900421699,90.4241611,23.7459505,0.03174393,3,3,0,1
Zone_DH606,6605070405,90.4140393,23.7448713,0.0,4,1,0,0
Zone_DH606,4900421715,90.4230624,23.7461224,0.0,4,1,0,0
Zone_DH606,11510939736,90.4060452,23.7554468,0.0,4,1,0,0
Zone_DH606,4900421721,90.424166,23.7462071,0.0317096,3,3,0,1
Zone_DH606,4900421722,90.4235224,23.7462108,0.0,4,1,0,0
Zone_DH606,3525271648,90.40566,23.7523486,0.0,4,1,0,0
Zone_DH606,11510939744,90.4067701,23.7547573,0.0,4,1,0,0
Zone_DH606,3429949538,90.4092496,23.737963,0.00920507,4,3,0,0
Zone_DH606,4077592676,90.4092209,23.7551636,0.02449936,3,3,0,0
Zone_DH606,11510939749,90.4067651,23.7554655,0.00746031,4,3,0,1
Zone_DH606,4900421737,90.4193328,23.7462777,0.0,4,1,0,0
Zone_DH606,11308843118,90.4185016,23.7444057,0.07609377,2,3,0,0
Zone_DH606,11510939759,90.4070133,23.75242,0.0,4,1,0,0
Zone_DH606,4443619440,90.4136045,23.7412009,0.0,4,1,0,0
Zone_DH606,4072783990,90.4138078,23.7553521,0.00213847,4,3,0,1
Zone_DH606,3429941372,90.4087472,23.7375233,0.00152331,4,4,0,0
Zone_DH606,4072783999,90.4138126,23.7554804,0.0,4,1,0,0
Zone_DH606,9083494529,90.4167911,23.7384813,0.0,4,1,0,0
Zone_DH606,4900421763,90.4281857,23.7464418,0.01338644,4,3,0,1
Zone_DH606,9083494536,90.4166008,23.7385645,0.01618012,4,3,0,0
Zone_DH606,4961304713,90.4274687,23.7449796,0.01710314,4,4,0,0
Zone_DH606,9083494537,90.4166281,23.7385946,0.00720738,4,4,0,1
Zone_DH606,9083494538,90.4165968,23.7390335,0.00213847,4,3,0,1
Zone_DH606,9083494539,90.4170741,23.7389614,0.0,4,1,0,0
Zone_DH606,6353633422,90.4114011,23.7396926,0.02628189,3,3,0,1
Zone_DH606,6353633423,90.4125791,23.7397509,0.0,4,1,0,0
Zone_DH606,6353633424,90.4114391,23.7394848,0.02495315,3,3,0,1
Zone_DH606,6353633425,90.4126163,23.7395585,0.0,4,1,0,0
Zone_DH606,6353633426,90.4114467,23.7388684,0.03268527,3,3,0,0
Zone_DH606,5195038867,90.4156079,23.7502841,0.02978572,3,3,0,0
Zone_DH606,4443734164,90.4108977,23.7417944,0.01347456,4,3,0,1
Zone_DH606,4443734165,90.4108757,23.7422428,0.0,4,1,0,0
Zone_DH606,5195038868,90.4151381,23.7503002,0.03002664,3,3,0,0
Zone_DH606,6353633436,90.4139291,23.7375157,0.00106952,4,2,0,1
Zone_DH606,6353633437,90.414318,23.7374445,0.0,4,1,0,0
Zone_DH606,4900421792,90.4275236,23.7465667,0.0,4,1,0,0
Zone_DH606,9083494568,90.4163758,23.7390627,0.0,4,1,0,0
Zone_DH606,4077707435,90.4109834,23.7572629,0.01804791,4,3,0,1
Zone_DH606,4077707445,90.4111783,23.7574909,0.0,4,1,0,0
Zone_DH606,4077707449,90.4106174,23.7576028,0.0,4,1,0,0
Zone_DH606,4900421817,90.427696,23.7473515,0.0,4,1,0,0
Zone_DH606,10836132036,90.4136261,23.7524469,0.0,4,1,0,0
Zone_DH606,4900421829,90.4193807,23.7476652,0.00287723,4,3,0,1
Zone_DH606,4900421831,90.4196339,23.7477403,0.0,4,1,0,0
Zone_DH606,10836132043,90.4140127,23.7520171,0.07434958,2,3,0,1
Zone_DH606,3855081677,90.4148712,23.7582821,0.01676094,4,3,0,1
Zone_DH606,4900421843,90.4277416,23.7478475,0.0,4,1,0,0
Zone_DH606,4900421856,90.4196602,23.7480148,0.00822253,4,3,0,0
Zone_DH606,3429949668,90.409094,23.7375936,0.00440855,4,3,0,0
Zone_DH606,1813496039,90.411135,23.748997,0.00499452,4,3,0,0
Zone_DH606,4898906345,90.4256485,23.7544802,0.00213847,4,3,0,1
Zone_DH606,1813496045,90.4074561,23.7499622,0.0,4,1,0,0
Zone_DH606,4898906353,90.4226135,23.7545281,0.0,4,1,0,0
Zone_DH606,6353641713,90.4160912,23.7371368,0.00106952,4,2,0,1
Zone_DH606,6353641714,90.4153587,23.7372972,0.0,4,1,0,0
Zone_DH606,4900421876,90.4277879,23.7481335,0.0,4,1,0,0
Zone_DH606,3720192247,90.426786,23.7480885,0.02099381,3,3,0,0
Zone_DH606,3720192248,90.4265216,23.748055,0.00850694,4,3,0,0
Zone_DH606,1813496063,90.4124411,23.7480687,0.03095024,3,3,0,0
Zone_DH606,1813496065,90.4169898,23.7589937,0.00890007,4,3,0,1
Zone_DH606,4073095426,90.4082303,23.7541298,0.03474648,3,3,0,0
Zone_DH606,871751944,90.4078379,23.7516129,0.0903729,2,3,0,0
Zone_DH606,3940950286,90.4093061,23.7580511,0.00434102,4,3,0,0
Zone_DH606,5956370705,90.4224158,23.7522813,0.01347227,4,3,0,1
Zone_DH606,5956370708,90.4226414,23.7525655,0.0,4,1,0,0
Zone_DH606,11309203737,90.4196205,23.7594916,0.02185561,3,3,0,1
Zone_DH606,4900421914,90.427991,23.7483625,0.0,4,1,0,0
Zone_DH606,9083494682,90.4153332,23.7398957,0.00213847,4,3,0,1
Zone_DH606,11309203738,90.4198251,23.7595926,0.0,4,1,0,0
Zone_DH606,9083494687,90.4164987,23.7401019,0.0,4,1,0,0
Zone_DH606,4073095456,90.4088265,23.753836,0.0,4,1,0,0
Zone_DH606,4977058083,90.4247508,23.7447014,0.0,4,1,0,0
Zone_DH606,4977058084,90.425089,23.7450163,0.00782711,4,3,0,0
Zone_DH606,4977058085,90.425134,23.7441912,0.02337777,3,3,0,0
Zone_DH606,4599095589,90.4195845,23.7501762,0.0208559,4,3,0,0
Zone_DH606,4599095591,90.4198853,23.7501379,0.0210682,3,3,0,0
Zone_DH606,4977058086,90.4257497,23.745049,0.00706718,4,3,0,1
Zone_DH606,3518619949,90.4050546,23.7523701,0.00320627,4,3,0,1
Zone_DH606,9162432815,90.4098231,23.7418324,0.01027745,4,3,0,0
Zone_DH606,3885474116,90.4103665,23.7583573,0.0,4,1,0,0
Zone_DH606,4900421959,90.4276819,23.7488823,0.0,4,1,0,0
Zone_DH606,4900421960,90.4283235,23.7489492,0.0087696,4,3,0,1
Zone_DH606,4898906444,90.4254406,23.75497,0.0,4,1,0,0
Zone_DH606,4900421965,90.4275827,23.7490898,0.0,4,1,0,0
Zone_DH606,3518619985,90.4070722,23.752982,0.0,4,1,0,0
Zone_DH606,2480791891,90.4147991,23.7571718,0.0,4,1,0,0
Zone_DH606,4077068633,90.4088575,23.7511442,0.00213847,4,3,0,1
Zone_DH606,4077068634,90.4089026,23.7511452,0.0,4,1,0,0
Zone_DH606,4077068636,90.4088484,23.7513369,0.09645525,2,3,0,1
Zone_DH606,3518620001,90.4068174,23.7537046,0.0285142,3,3,0,1
Zone_DH606,12823814498,90.4155372,23.7544543,0.04883277,3,3,0,0
Zone_DH606,4072800611,90.4064034,23.7551243,0.0,4,1,0,0
Zone_DH606,4072800615,90.4068134,23.7551789,0.00213847,4,3,0,1
Zone_DH606,4900421998,90.4275451,23.7495522,0.01767939,4,3,0,0
Zone_DH606,4900422010,90.4276551,23.7501154,0.00213103,4,3,0,0
Zone_DH606,11182432638,90.406919,23.7457323,0.00010758,4,3,0,0
Zone_DH606,4900422015,90.4280525,23.7501847,1.144e-05,4,3,0,0
Zone_DH606,11182432640,90.4064212,23.7452568,0.01803017,4,3,0,0
Zone_DH606,11182432639,90.4070363,23.7451528,0.0,4,1,0,0
Zone_DH606,11182432642,90.4069962,23.7453506,0.00256421,4,4,0,1
Zone_DH606,11182432643,90.4072613,23.7453939,0.0,4,1,0,0
Zone_DH606,4072792453,90.4111317,23.7547237,0.09121925,2,3,0,0
Zone_DH606,4072792454,90.4111612,23.75464,0.0,4,1,0,0
Zone_DH606,4900422021,90.4272742,23.750436,0.0,4,1,0,0
Zone_DH606,4900422026,90.4276015,23.7504959,0.00106952,4,3,0,1
Zone_DH606,2480791947,90.4075781,23.7553691,0.03578911,3,3,0,1
Zone_DH606,3518620047,90.4071274,23.7544811,0.0,4,1,0,0
Zone_DH606,5833179539,90.4101277,23.7445704,0.02147278,3,3,0,0
Zone_DH606,5833179544,90.409608,23.743742,0.02578404,3,3,0,1
Zone_DH606,5833179545,90.4090528,23.7450679,0.0,4,1,0,0
Zone_DH606,2480791966,90.4076061,23.7539671,0.07112958,2,3,0,0
Zone_DH606,2480791984,90.4170323,23.7572847,0.01588084,4,3,0,0
Zone_DH606,4734386608,90.4117318,23.7415639,0.04311494,3,3,0,0
Zone_DH606,7074464214,90.4139803,23.7492491,0.02536516,3,3,0,0
Zone_DH606,7074464218,90.414456,23.74927,0.00565317,4,3,0,0
Zone_DH606,3888677362,90.4101894,23.7545055,0.06503979,2,3,0,0
Zone_DH606,9077522932,90.4139959,23.7437416,0.06887151,2,3,0,0
Zone_DH606,9077522933,90.4140369,23.7437135,0.0397885,3,4,0,1
Zone_DH606,9077522936,90.413814,23.7430806,0.00106952,4,3,0,1
Zone_DH606,9077522938,90.4135691,23.7432719,0.03643116,3,4,0,0
Zone_DH606,9077522939,90.4135099,23.7433151,0.02748875,3,3,0,0
Zone_DH606,9077522943,90.4142121,23.7427618,0.0,4,1,0,0
Zone_DH606,4077593092,90.4102607,23.7564269,0.0,4,1,0,0
Zone_DH606,4072874511,90.4124441,23.7554587,0.00213847,4,3,0,1
Zone_DH606,4072874512,90.4128032,23.7553201,0.0,4,1,0,0
Zone_DH606,4072792596,90.4081001,23.7578631,0.00202287,4,4,0,1
Zone_DH606,4072792602,90.4075666,23.7579029,0.0,4,1,0,0
Zone_DH606,3371475495,90.4166823,23.7384116,0.0226762,3,3,0,1
Zone_DH606,4077634101,90.4126614,23.7536323,0.0,4,1,0,0
Zone_DH606,4077634102,90.4124959,23.753642,0.01363708,4,3,0,1
Zone_DH606,6353642043,90.4116579,23.7381203,0.00705745,4,3,0,1
Zone_DH606,6353642044,90.4109652,23.7379896,0.0,4,1,0,0
Zone_DH606,4072743489,90.4113387,23.7592903,0.00106952,4,2,0,1
Zone_DH606,4072743492,90.4116433,23.7594511,0.0,4,1,0,0
Zone_DH606,386933318,90.4141187,23.7483252,0.02436546,3,3,0,0
Zone_DH606,8772215367,90.4090139,23.7480465,0.05297522,3,4,0,0
Zone_DH606,386933324,90.415242,23.7492036,0.0090168,4,3,0,0
Zone_DH606,386933325,90.4152532,23.7490452,0.00215735,4,3,0,1
Zone_DH606,386933327,90.4153063,23.7484055,0.00635073,4,3,0,0
Zone_DH606,10891493973,90.4195378,23.7486298,0.02316432,3,3,0,0
Zone_DH606,10891493974,90.4202544,23.7485314,0.11953202,1,4,0,0
Zone_DH606,4981482072,90.4160488,23.7600874,0.00106952,4,2,0,1
Zone_DH606,4981482073,90.4156344,23.7600516,0.0,4,1,0,0
Zone_DH606,11372978796,90.4261568,23.75795,0.0,4,2,0,0
Zone_DH606,11372978797,90.4263456,23.757416,0.0,4,2,0,0
Zone_DH606,4077609591,90.4108592,23.756778,0.00213847,4,3,0,1
Zone_DH606,4077609592,90.4108334,23.7564673,0.0,4,1,0,0
Zone_DH606,3888808569,90.4116933,23.7459058,0.08776634,2,3,0,0
Zone_DH606,6003581572,90.4123816,23.7421547,0.03573989,3,3,0,0
Zone_DH606,6003581575,90.4122275,23.7419601,0.03637851,3,3,0,0
Zone_DH606,4986364555,90.4208916,23.7427023,0.0,4,1,0,0
Zone_DH606,4986364556,90.4218238,23.7427173,0.00328123,4,3,0,1
Zone_DH606,4958233260,90.4147448,23.7404907,0.01128345,4,3,0,1
Zone_DH606,5735899821,90.4189425,23.7512183,0.05404245,3,3,0,0
Zone_DH606,3515450028,90.405836,23.7509759,0.0,4,1,0,0
Zone_DH606,4778173100,90.4147652,23.7402532,0.01019734,4,3,0,1
Zone_DH606,4958233264,90.4158241,23.7403429,0.0,4,1,0,0
Zone_DH606,4065026737,90.4126413,23.7498488,0.08280329,2,3,0,0
Zone_DH606,3515450034,90.4059036,23.7514956,0.0200313,4,3,0,1
Zone_DH606,3515450036,90.4051658,23.7516555,0.0,4,1,0,0
Zone_DH606,4958233268,90.413145,23.7409292,0.00419396,4,3,0,0
Zone_DH606,4900422327,90.4228135,23.7530737,0.01108946,4,4,0,1
Zone_DH606,4900422328,90.4202357,23.7531758,0.00248982,4,3,0,1
Zone_DH606,6353633981,90.415878,23.7378183,0.00213847,4,3,0,1
Zone_DH606,3608994494,90.4110039,23.7481481,0.0019645,4,3,0,1
Zone_DH606,3608994493,90.4112111,23.747917,0.00413101,4,3,0,0
Zone_DH606,6353633982,90.4155357,23.7378152,0.0,4,1,0,0
Zone_DH606,3608994497,90.4115083,23.7489436,0.00504259,4,3,0,1
Zone_DH606,3608994500,90.4122053,23.7497495,0.0,4,1,0,0
Zone_DH606,3608994501,90.4125694,23.7497265,0.0830505,2,3,0,1
Zone_DH606,1990877903,90.4166595,23.7566338,0.01670086,4,3,0,0
Zone_DH606,4900422357,90.4230185,23.7537656,0.0,4,1,0,0
Zone_DH606,1990877914,90.4154729,23.7546021,0.09996309,2,3,0,0
Zone_DH606,1991942876,90.4270201,23.7406689,0.00456133,4,3,0,0
Zone_DH606,387392230,90.4234533,23.753599,0.03519684,3,3,0,1
Zone_DH606,4889182950,90.4194198,23.7430096,0.0,4,1,0,0
Zone_DH606,4889182954,90.4191377,23.7431472,0.00142488,4,3,0,1
Zone_DH606,4889182956,90.4182206,23.7421689,0.0060732,4,3,0,0
Zone_DH606,387392238,90.4223573,23.7531651,0.01958495,4,4,0,0
Zone_DH606,4889182962,90.4181287,23.74321,0.010159,4,4,0,0
Zone_DH606,4889182965,90.4191384,23.7431567,0.00376878,4,4,0,0
Zone_DH606,387392246,90.4221316,23.7523524,0.03308126,3,3,0,0
Zone_DH606,4889182966,90.4199782,23.7418327,0.00542942,4,3,0,0
Zone_DH606,4889182977,90.4202203,23.7436694,0.00782998,4,3,0,0
Zone_DH606,4889182978,90.4202921,23.7434322,0.00602284,4,3,0,0
Zone_DH606,4889182979,90.4200385,23.743359,0.00515647,4,3,0,0
Zone_DH606,4077675271,90.4075121,23.7526172,0.0,4,1,0,0
Zone_DH606,4077675272,90.4077656,23.7526191,0.0576985,3,3,0,1
Zone_DH606,4889182985,90.4195305,23.7418031,0.00983053,4,4,0,0
Zone_DH606,4889182990,90.4192391,23.7405359,0.04123226,3,3,0,0
Zone_DH606,6392136463,90.4269929,23.7510488,0.0,4,1,0,0
Zone_DH606,3409077010,90.4234107,23.7560358,0.03705719,3,3,0,0
Zone_DH606,3409077013,90.423497,23.7570944,0.06025757,3,3,0,0
Zone_DH606,6392136470,90.426995,23.7501978,0.00106952,4,2,0,1
Zone_DH606,6392136471,90.4268445,23.7501278,0.00213789,4,2,0,1
Zone_DH606,6392136480,90.427164,23.7493987,0.02184874,3,3,0,1
Zone_DH606,3384410923,90.4093346,23.7584976,0.00166236,4,3,0,0
Zone_DH606,4887192381,90.4239289,23.756898,0.04139879,3,3,0,1
Zone_DH606,3940983618,90.4107095,23.7481554,0.0,4,1,0,0
Zone_DH606,4978770761,90.4113773,23.7599111,0.0,4,1,0,0
Zone_DH606,4900422482,90.4250429,23.7547715,0.0,4,1,0,0
Zone_DH606,8779907924,90.4151211,23.7420163,0.0,4,1,0,0
Zone_DH606,4886995801,90.4190679,23.7589501,0.02852965,3,3,0,1
Zone_DH606,4898931548,90.4253643,23.7502883,0.03441287,3,3,0,0
Zone_DH606,4900422493,90.4254292,23.7548021,0.00213847,4,3,0,1
Zone_DH606,7129711468,90.4075214,23.7450052,0.0,4,1,0,0
Zone_DH606,3516883825,90.4048929,23.752167,0.0,4,1,0,0
Zone_DH606,3516883827,90.4051018,23.7521279,0.0,4,1,0,0
Zone_DH606,4381967227,90.4163234,23.7441749,0.06786265,2,3,0,1
Zone_DH606,4381967232,90.4161655,23.7449567,0.0,4,1,0,0
Zone_DH606,10036126597,90.4162652,23.7559489,0.00941451,4,3,0,0
Zone_DH606,3890504583,90.4130085,23.7556936,0.0,4,1,0,0
Zone_DH606,3398427529,90.4245168,23.7499529,0.00777103,4,3,0,0
Zone_DH606,4077593482,90.4094749,23.7551934,0.0403945,3,3,0,0
Zone_DH606,10266510219,90.4246393,23.7514793,0.0,4,1,0,0
Zone_DH606,10266510220,90.4247595,23.7514541,0.0,4,1,0,0
Zone_DH606,10266510221,90.4246923,23.7514682,0.00213847,4,4,0,1
Zone_DH606,10266510222,90.424703,23.7513423,0.01483535,4,3,0,0
Zone_DH606,10266510223,90.4247507,23.7515466,0.01309116,4,3,0,0
Zone_DH606,4898931599,90.4259585,23.7507623,0.00460654,4,3,0,0
Zone_DH606,10266510240,90.4244595,23.7519545,0.0,4,1,0,0
Zone_DH606,10266510241,90.4244428,23.7518847,0.0,4,1,0,0
Zone_DH606,10266510242,90.425012,23.7518589,0.0,4,1,0,0
Zone_DH606,2313085859,90.4238611,23.7382724,0.00279483,4,3,0,0
Zone_DH606,10266510243,90.4249892,23.7517728,0.0,4,1,0,0
Zone_DH606,10266510244,90.4247949,23.7521519,0.0,4,1,0,0
Zone_DH606,10266510246,90.4244528,23.7519264,0.00213847,4,3,0,1
Zone_DH606,10266510247,90.4245431,23.7518899,0.01540817,4,3,0,1
Zone_DH606,10266510248,90.4248565,23.7520137,0.00381227,4,3,0,1
Zone_DH606,10266510249,90.4248388,23.7521436,0.00213847,4,3,0,1
Zone_DH606,10266510250,90.4249514,23.7518097,0.01252006,4,3,0,1
Zone_DH606,10266510251,90.4250009,23.7518169,0.00213847,4,3,0,1
Zone_DH606,10266510245,90.4248956,23.7521328,0.0,4,1,0,0
Zone_DH606,6136398767,90.415984,23.7394107,0.00213847,4,3,0,1
Zone_DH606,6136398768,90.4159761,23.7397393,0.0,4,1,0,0
Zone_DH606,4077757367,90.4129623,23.7547274,0.0,4,1,0,0
Zone_DH606,4077757369,90.4129737,23.7549439,0.05226393,3,3,0,1
Zone_DH606,2320196539,90.4160466,23.7429466,0.04795324,3,3,0,0
Zone_DH606,2320196545,90.4135206,23.7436225,0.0380981,3,3,0,0
Zone_DH606,2320196551,90.4143738,23.744185,0.04000309,3,3,0,0
Zone_DH606,6782510037,90.4057122,23.7434188,0.00744886,4,4,0,1
Zone_DH606,2456421339,90.4213295,23.7466912,0.01642332,4,3,0,0
Zone_DH606,2456421345,90.4206215,23.7467053,0.01647768,4,3,0,0
Zone_DH606,2456421347,90.4202056,23.7467229,0.06441719,2,4,0,0
Zone_DH606,6784812017,90.4081265,23.7407132,0.0,4,1,0,0
Zone_DH606,6784812018,90.4081775,23.7401784,0.00373387,4,3,0,1
Zone_DH606,2456421363,90.4241587,23.7457085,0.0355831,3,3,0,0
Zone_DH606,2456421365,90.4235962,23.7458207,0.00398795,4,3,0,0
Zone_DH606,4073137145,90.4134623,23.7551556,0.0064051,4,3,0,1
Zone_DH606,3888792570,90.4076587,23.7521155,0.0,4,1,0,0
Zone_DH606,3888792571,90.4078052,23.7521401,0.06005957,3,3,0,1
Zone_DH606,2456421394,90.4212682,23.7464111,0.01175898,4,3,0,0
Zone_DH606,4073096210,90.4149954,23.7537138,0.07162685,2,3,0,0
Zone_DH606,2456421396,90.4212145,23.7456981,0.0051845,4,3,0,0
Zone_DH606,3512304667,90.4069487,23.7516485,0.02774511,3,3,0,1
Zone_DH606,2456421405,90.424201,23.7454371,0.03806949,3,3,0,0
Zone_DH606,2456421425,90.4233123,23.7436504,0.00799249,4,3,0,0
Zone_DH606,4077593652,90.4124638,23.7540001,0.00864885,4,3,0,0
Zone_DH606,4077593653,90.4131043,23.7540169,0.00533386,4,3,0,1
Zone_DH606,2456421430,90.4232759,23.7440921,0.02175947,3,3,0,0
Zone_DH606,2456421440,90.4242033,23.7441592,0.04757956,3,3,0,0
Zone_DH606,4601037894,90.4150608,23.7545628,0.06864262,2,3,0,0
Zone_DH606,2456421458,90.4218292,23.7437138,0.02751335,3,3,0,0
Zone_DH606,2456421460,90.4223472,23.7437919,0.02437061,3,4,0,0
Zone_DH606,9952306263,90.4051881,23.7442331,0.0,4,2,0,0
Zone_DH606,3341501571,90.4058318,23.7417601,0.01441361,4,4,0,1
Zone_DH606,9952306309,90.4095727,23.7372355,5.551e-05,4,3,0,0
Zone_DH606,11302061191,90.4269963,23.7444931,0.02208851,3,3,0,1
Zone_DH606,11302061192,90.4266574,23.7450989,0.0,4,1,0,0
Zone_DH606,9952306313,90.4089419,23.7373017,0.0,4,2,0,0
Zone_DH606,4073137293,90.4085631,23.7542526,0.03761341,3,3,0,0
Zone_DH606,11302061202,90.4271793,23.745131,0.00259683,4,3,0,0
Zone_DH606,3384435866,90.412687,23.7585597,0.01856007,4,3,0,0
Zone_DH606,7074456732,90.4134984,23.7459099,0.01027345,4,3,0,1
Zone_DH606,7074456733,90.4134172,23.7462667,0.0,4,1,0,0
Zone_DH606,4077634730,90.413609,23.7531185,0.0,4,1,0,0
Zone_DH606,4077634731,90.4126943,23.7532794,0.01936292,4,3,0,1
Zone_DH606,3512304815,90.4072842,23.7520773,0.0,4,1,0,0
Zone_DH606,1937564848,90.4112363,23.7439769,0.06682575,2,3,0,0
Zone_DH606,13478806755,90.4073868,23.7507814,0.00427292,4,3,0,1
Zone_DH606,9066603749,90.4135781,23.7418441,0.0,4,1,0,0
Zone_DH606,7632266471,90.4200553,23.7411074,0.0,4,1,0,0
Zone_DH606,7127721217,90.4167993,23.7371799,0.0,4,1,0,0
Zone_DH606,7127721218,90.4172624,23.73802,0.00333102,4,4,0,1
Zone_DH606,7127721219,90.4173107,23.7380892,0.00543858,4,3,0,0
Zone_DH606,4979123483,90.4150105,23.757041,0.0,4,1,0,0
Zone_DH606,4979123484,90.4175174,23.7581396,0.01380131,4,3,0,1
Zone_DH606,4979123486,90.4163835,23.7580712,0.0,4,1,0,0
Zone_DH606,11511112993,90.4075164,23.7507201,0.00640281,4,3,0,1
Zone_DH606,11511112994,90.4075236,23.7510413,0.0,4,1,0,0
Zone_DH606,4979123491,90.4146786,23.7578144,0.0064051,4,3,0,1
Zone_DH606,11511112996,90.4075101,23.7518499,0.0,4,1,0,0
Zone_DH606,11511112997,90.4078663,23.7459013,0.0,4,1,0,0
Zone_DH606,11511113001,90.4056141,23.7455017,0.00213847,4,3,0,1
Zone_DH606,11511113002,90.4054798,23.7460989,0.0,4,1,0,0
Zone_DH606,1990878508,90.4127657,23.750058,0.06531961,2,3,0,0
Zone_DH606,6585943344,90.4111602,23.7450267,0.06000406,3,3,0,1
Zone_DH606,6585943345,90.411871,23.7449362,0.0,4,1,0,0
Zone_DH606,6585943346,90.412478,23.745382,0.02676544,3,3,0,1
Zone_DH606,9066964275,90.4146757,23.7423666,0.0,4,1,0,0
Zone_DH606,6585943347,90.4124269,23.7450221,0.0,4,1,0,0
Zone_DH606,6585943348,90.4131025,23.7449001,0.026057,3,3,0,1
Zone_DH606,9077294390,90.4142881,23.741274,0.01333494,4,3,0,1
Zone_DH606,6585943351,90.4079679,23.7429943,0.0096806,4,3,0,1
Zone_DH606,6585943350,90.4130647,23.7443844,0.0,4,1,0,0
Zone_DH606,6585943352,90.4080898,23.7425718,0.0,4,1,0,0
Zone_DH606,9077294389,90.4141275,23.7412627,0.0,4,1,0,0
Zone_DH606,898245949,90.4080874,23.7514313,0.0911769,2,3,0,1
Zone_DH606,898245950,90.4080519,23.7512349,0.0,4,1,0,0
Zone_DH606,3409069395,90.4238463,23.7521532,0.03683802,3,3,0,0
Zone_DH606,3409069396,90.4242299,23.7520763,0.03670755,3,3,0,0
Zone_DH606,6136702291,90.4191054,23.7478709,0.0,4,1,0,0
Zone_DH606,9077269847,90.4132818,23.7409353,0.00238167,4,3,0,1
Zone_DH606,9077269848,90.4132735,23.7410843,0.0,4,1,0,0
Zone_DH606,6060746077,90.409876,23.7418306,0.01372921,4,3,0,0
Zone_DH606,4077659489,90.4101112,23.7517447,0.0,4,1,0,0
Zone_DH606,4077659492,90.410273,23.7520613,0.00640281,4,3,0,1
Zone_DH606,4077659493,90.4098851,23.7520701,0.0662598,2,3,0,1
Zone_DH606,4077659494,90.4104871,23.7521024,0.00427292,4,3,0,1
Zone_DH606,4077659495,90.4109142,23.752198,0.0,4,1,0,0
Zone_DH606,9080841573,90.4147692,23.7401342,0.00935271,4,3,0,1
Zone_DH606,4077659497,90.4106547,23.7523355,0.00213847,4,3,0,1
Zone_DH606,4077659498,90.4107115,23.7524144,0.0,4,1,0,0
Zone_DH606,4077659499,90.4104404,23.7528712,0.0,4,1,0,0
Zone_DH606,9080841574,90.4151898,23.740146,0.0,4,1,0,0
Zone_DH606,9104442741,90.4099584,23.7372925,0.00489495,4,3,0,1
Zone_DH606,9104442742,90.409975,23.7378439,0.0,4,1,0,0
Zone_DH606,4073137527,90.4130295,23.7553579,0.0,4,1,0,0
Zone_DH606,11462804859,90.4161645,23.7575311,0.00263345,4,3,0,0
Zone_DH606,11462804861,90.4162739,23.7583387,0.01170004,4,3,0,0
Zone_DH606,4073145734,90.4133618,23.7560344,0.0,4,1,0,0
Zone_DH606,4072777095,90.41038,23.7558422,0.00213847,4,3,0,1
Zone_DH606,4072777097,90.410048,23.7560031,0.0,4,1,0,0
Zone_DH606,4072777101,90.4121408,23.7573795,0.0,4,1,0,0
Zone_DH606,4072777102,90.4114614,23.7573922,0.0263105,3,3,0,1
Zone_DH606,2432124330,90.419485,23.7494003,0.01643534,4,3,0,0
Zone_DH606,3734160815,90.4070475,23.7473122,0.02635342,3,3,0,0
Zone_DH606,3073983937,90.4167441,23.7511468,0.00010472,4,3,0,0
Zone_DH606,7705511361,90.4274395,23.7414592,0.0,4,1,0,0
Zone_DH606,3073983939,90.4170075,23.7516312,0.00021287,4,3,0,0
Zone_DH606,387392968,90.4232703,23.7529683,0.04545083,3,4,0,0
Zone_DH606,3073983944,90.4179509,23.7520244,0.00104949,4,3,0,0
Zone_DH606,387392970,90.4240273,23.7528118,0.03518368,3,3,0,0
Zone_DH606,3073983947,90.4184285,23.7520906,0.00282744,4,3,0,0
Zone_DH606,6136808907,90.4205447,23.7484908,0.04586513,3,4,0,0
Zone_DH606,3073983951,90.4168598,23.7504277,0.01133781,4,3,0,0
Zone_DH606,3073983952,90.4166418,23.7508421,0.0,4,3,0,0
Zone_DH606,6136808913,90.4243847,23.747152,0.03215881,3,3,0,1
Zone_DH606,3073983954,90.417063,23.7509615,0.00917589,4,3,0,0
Zone_DH606,3073983953,90.4169437,23.750727,0.01063396,4,3,0,0
Zone_DH606,3073983956,90.4174518,23.7519038,0.00087553,4,3,0,0
Zone_DH606,3073983957,90.4175919,23.751204,0.00799764,4,3,0,0
Zone_DH606,6136808917,90.4233146,23.7471117,0.00154906,4,3,0,0
Zone_DH606,6136808914,90.4233705,23.7477814,0.03450557,3,3,0,0
Zone_DH606,4077086168,90.4087481,23.7510328,0.0,4,1,0,0
Zone_DH606,3073983960,90.4180504,23.7512446,0.00778992,4,3,0,0
Zone_DH606,3073983962,90.418417,23.7512485,0.00848119,4,3,0,0
Zone_DH606,4077086171,90.4086723,23.7513359,0.09285357,2,3,0,1
Zone_DH606,3073983964,90.4188161,23.7512251,0.05162531,3,3,0,0
Zone_DH606,3073983965,90.4196683,23.7520604,0.00386434,4,3,0,0
Zone_DH606,3073983963,90.4188232,23.7524991,0.06250876,3,3,0,0
Zone_DH606,4077635039,90.4131665,23.7530586,0.0,4,1,0,0
Zone_DH606,4077635040,90.4131372,23.753331,0.00320398,4,3,0,1
Zone_DH606,2320164331,90.408994,23.7375245,0.0041333,4,4,0,0
Zone_DH606,4073145846,90.4135858,23.7558482,0.00213847,4,3,0,1
Zone_DH606,4073145847,90.413177,23.7558634,0.0,4,1,0,0
Zone_DH606,4072769031,90.4114697,23.7577718,0.02466016,3,3,0,1
Zone_DH606,5266515466,90.4104605,23.738732,0.0,4,1,0,0
Zone_DH606,4072769035,90.4120919,23.7578354,0.0,4,1,0,0
Zone_DH606,3525215770,90.4053785,23.7523056,0.01191807,4,3,0,1
Zone_DH606,4959421985,90.4253394,23.7393731,0.01050177,4,3,0,0
Zone_DH606,4959421986,90.4245126,23.7397755,0.00181515,4,3,0,0
Zone_DH606,4077651489,90.4103897,23.750625,0.0,4,1,0,0
Zone_DH606,4959421987,90.4255246,23.7398731,0.01027402,4,3,0,0
Zone_DH606,4959421989,90.4246388,23.7402216,0.00146437,4,3,0,0
Zone_DH606,4077651496,90.4103882,23.7507351,0.00320398,4,3,0,1
Zone_DH606,4077651501,90.4104419,23.7507687,0.0,4,1,0,0
Zone_DH606,4077651504,90.4102777,23.7508575,0.00640223,4,3,0,1
Zone_DH606,2258355774,90.4265308,23.7444029,0.0029911,4,3,0,0
Zone_DH606,3525191243,90.4059771,23.752561,0.00213847,4,3,0,1
Zone_DH606,3525191246,90.4064289,23.7528641,0.0,4,1,0,0
Zone_DH606,4077069912,90.4088043,23.7511008,0.0,4,1,0,0
Zone_DH606,8780195417,90.4080241,23.744194,0.00213847,4,3,0,1
Zone_DH606,4069631590,90.4124682,23.7574189,0.01100076,4,3,0,0
Zone_DH606,3889948268,90.4141198,23.7519773,0.04594639,3,3,0,0
Zone_DH606,4069631597,90.4131833,23.7575178,0.01339388,4,3,0,0
Zone_DH606,3843172003,90.4260515,23.7518565,0.00852811,4,3,0,1
Zone_DH606,3843172004,90.4274669,23.7521058,0.0,4,1,0,0
Zone_DH606,3843172005,90.4264125,23.7519233,0.00427292,4,3,0,1
Zone_DH606,3843172006,90.4263899,23.752602,0.0,4,1,0,0
Zone_DH606,5738301095,90.4235665,23.7560247,0.00106952,4,3,0,1
Zone_DH606,3843172007,90.4267583,23.7519831,0.00213847,4,3,0,1
Zone_DH606,3843172009,90.4262191,23.7508229,0.00782196,4,3,0,0
Zone_DH606,3843172008,90.4266674,23.7525616,0.0,4,1,0,0
Zone_DH606,3843172010,90.4250833,23.7505629,0.03969122,3,3,0,0
Zone_DH606,11789687390,90.4159697,23.7430072,0.04577128,3,3,0,0
Zone_DH606,7299065518,90.4127732,23.7453395,0.06480116,2,3,0,0
Zone_DH606,7299065519,90.4138185,23.7457078,0.0,4,1,0,0
Zone_DH606,6356272817,90.4177124,23.7582029,0.0407327,3,3,0,0
Zone_DH606,6356272818,90.418875,23.7582306,0.0,4,1,0,0
Zone_DH606,6356272819,90.4174725,23.7577837,0.04640361,3,3,0,0
Zone_DH606,7299065522,90.4137013,23.7448362,0.00178711,4,3,0,1
Zone_DH606,7299065523,90.4137871,23.7453689,0.0,4,1,0,0
Zone_DH606,9163654840,90.4078147,23.7463238,0.00213847,4,3,0,1
Zone_DH606,7118784186,90.424946,23.7577997,0.0,4,1,0,0
Zone_DH606,7127910079,90.4073778,23.7437608,0.01693376,4,3,0,1
Zone_DH606,9163654849,90.4076078,23.7463237,0.00427292,4,3,0,1
Zone_DH606,9163654850,90.4076119,23.7460978,0.0,4,1,0,0
Zone_DH606,1223714520,90.4242119,23.7438582,0.05426391,3,4,0,0
Zone_DH606,6136710877,90.4172783,23.7471994,0.00431355,4,3,0,0
Zone_DH606,2432116460,90.420789,23.7500037,0.01025456,4,3,0,0
Zone_DH606,2432116461,90.4206533,23.7492354,0.01369259,4,3,0,0
Zone_DH606,2432116462,90.4212118,23.7499248,0.0087118,4,3,0,0
Zone_DH606,10083796719,90.4129881,23.7499792,0.04067433,3,3,0,0
Zone_DH606,2432116464,90.4210459,23.7491759,0.00955357,4,3,0,0
Zone_DH606,2432116465,90.4216255,23.7498261,0.0079553,4,3,0,0
Zone_DH606,3384436466,90.4123519,23.7577354,0.00896473,4,3,0,0
Zone_DH606,2432116466,90.4215037,23.7490823,0.00994898,4,3,0,0
Zone_DH606,10083796723,90.4128231,23.7497593,0.04686598,3,3,0,0
Zone_DH606,2432116468,90.4220472,23.7497253,0.0058174,4,3,0,0
Zone_DH606,2432116470,90.4222005,23.7489182,0.0085819,4,3,0,0
Zone_DH606,2432116469,90.4224644,23.7496119,0.00561941,4,3,0,0
Zone_DH606,10083796724,90.4121185,23.7456328,0.04562479,3,3,0,0
Zone_DH606,10083796726,90.4125326,23.745521,0.04565397,3,3,0,0
Zone_DH606,10083796725,90.4124412,23.7454094,0.02692109,3,3,0,0
Zone_DH606,11054016264,90.4104933,23.7585217,0.0,4,1,0,0
Zone_DH606,2313086755,90.4244678,23.7402215,0.00413902,4,3,0,0
Zone_DH606,2313086759,90.4246233,23.7388076,0.01383679,4,4,0,0
Zone_DH606,4077020978,90.4089087,23.7507283,0.00852811,4,3,0,1
Zone_DH606,4077020979,90.4089022,23.7508837,0.0,4,1,0,0
Zone_DH606,6394849083,90.4259905,23.7523646,0.0,4,1,0,0
Zone_DH606,4072769348,90.4120325,23.7552681,0.04906281,3,3,0,1
Zone_DH606,4072769354,90.4115842,23.7557966,0.0,4,1,0,0
Zone_DH606,8780195658,90.4175375,23.7395076,0.03875904,3,3,0,0
Zone_DH606,8780195661,90.4180101,23.7400485,0.02894625,3,3,0,0
Zone_DH606,8780195662,90.4185311,23.7406611,0.03196768,3,3,0,0
Zone_DH606,8780195663,90.4180553,23.7410063,0.02214974,3,3,0,0
Zone_DH606,8780195664,90.4172285,23.7390087,0.03895246,3,3,0,0
Zone_DH606,8780195665,90.4181499,23.7383821,0.00169612,4,3,0,1
Zone_DH606,8780195666,90.4190248,23.738462,0.00436734,4,3,0,0
Zone_DH606,8780195667,90.4184288,23.7387302,0.00127781,4,3,0,0
Zone_DH606,8780195680,90.418083,23.7379952,0.0,4,1,0,0
Zone_DH606,2480777084,90.4199992,23.7549197,0.00426663,4,3,0,1
Zone_DH606,4072802172,90.4122067,23.7582424,0.00750723,4,3,0,1
Zone_DH606,4072802173,90.4122889,23.7582593,0.0,4,1,0,0
Zone_DH606,3384412037,90.4092359,23.7575698,0.01666824,4,3,0,0
Zone_DH606,4077766534,90.4134874,23.7548217,0.05637892,3,3,0,0
Zone_DH606,3384412039,90.4096537,23.7577457,0.0,4,1,0,0
Zone_DH606,6307088264,90.4079779,23.7435508,0.01136585,4,3,0,1
Zone_DH606,11462821770,90.4173689,23.7552686,0.0,4,1,0,0
Zone_DH606,6307088266,90.4146183,23.7414735,0.0,4,1,0,0
Zone_DH606,11462821773,90.4169492,23.7554565,0.0,4,1,0,0
Zone_DH606,6136825742,90.4218165,23.7475142,0.0,4,1,0,0
Zone_DH606,3714869135,90.4086044,23.746758,0.00154047,4,3,0,0
Zone_DH606,11462821775,90.4173837,23.7548685,0.0,4,1,0,0
Zone_DH606,6136825745,90.4218637,23.7466314,0.00368409,4,3,0,1
Zone_DH606,6307088271,90.4128735,23.7419048,0.00106952,4,3,0,1
Zone_DH606,3940984723,90.4114552,23.7479328,0.0036137,4,3,0,1
Zone_DH606,2480777108,90.4194269,23.7554279,0.0,4,1,0,0
Zone_DH606,3940984725,90.4114983,23.7477682,0.0,4,1,0,0
Zone_DH606,6307088276,90.4144552,23.7422024,0.02152542,3,3,0,1
Zone_DH606,11462821783,90.4231339,23.7525425,0.01151807,4,3,0,1
Zone_DH606,11462821780,90.4191632,23.7532009,0.0,4,1,0,0
Zone_DH606,11462821784,90.4236348,23.7524125,0.0,4,1,0,0
Zone_DH606,2480777117,90.4118733,23.7414784,0.04761905,3,4,0,0
Zone_DH606,1813489565,90.424898,23.7535567,0.00936587,4,3,0,1
Zone_DH606,11462821794,90.4239885,23.7512542,0.01330003,4,3,0,0
Zone_DH606,1813489571,90.4204475,23.7544274,0.0,4,1,0,0
Zone_DH606,1813489573,90.4251955,23.7535973,0.01087201,4,4,0,1
Zone_DH606,11462821798,90.424869,23.7506339,0.03624575,3,4,0,0
Zone_DH606,5774460840,90.4273823,23.7397307,0.0042981,4,3,0,0
Zone_DH606,11462821804,90.4257698,23.7498008,0.03751613,3,4,0,0
Zone_DH606,1813489583,90.4256839,23.7536598,0.00640281,4,3,0,1
Zone_DH606,1813489584,90.4180171,23.7597961,0.0,4,1,0,0
Zone_DH606,1813489585,90.4257376,23.7549475,0.0,4,1,0,0
Zone_DH606,11462821810,90.4266642,23.7480738,0.03551386,3,4,0,0
Zone_DH606,5774460851,90.4265328,23.7441921,0.03966146,3,4,0,0
Zone_DH606,1813489591,90.4181863,23.7593349,0.03158027,3,3,0,0
Zone_DH606,11462821817,90.4267141,23.7458094,0.03345036,3,4,0,0
Zone_DH606,1813489594,90.4256817,23.7540573,0.00427292,4,4,0,1
Zone_DH606,1813489593,90.4264556,23.7541604,0.0,4,1,0,0
Zone_DH606,11462821820,90.4210406,23.7521909,0.02955683,3,4,0,0
Zone_DH606,11462821819,90.4264388,23.745143,0.04864279,3,3,0,0
Zone_DH606,11462821822,90.4263708,23.7488709,0.04822105,3,4,0,0
Zone_DH606,4073015230,90.4130863,23.7553226,0.00213847,4,3,0,1
Zone_DH606,11462821821,90.4245215,23.7508933,0.04621362,3,4,0,0
Zone_DH606,2480777155,90.4198098,23.7550971,0.00106952,4,2,0,1
Zone_DH606,7174686660,90.4144988,23.7529136,0.07524914,2,3,0,1
Zone_DH606,7174686663,90.4143366,23.7530178,0.00213847,4,3,0,1
Zone_DH606,10972448711,90.4109499,23.7474907,0.0,4,1,0,0
Zone_DH606,10972448716,90.4109842,23.7432532,0.0,4,1,0,0
Zone_DH606,7174686668,90.4138853,23.753553,0.0,4,1,0,0
Zone_DH606,7174686670,90.414008,23.7530749,0.0,4,1,0,0
Zone_DH606,10972448718,90.4156814,23.7435263,0.0,4,1,0,0
Zone_DH606,10972448721,90.4157251,23.7431902,0.03917162,3,3,0,1
Zone_DH606,9836136403,90.4188213,23.7524482,0.0559463,3,4,0,0
Zone_DH606,4072777692,90.4114556,23.7571211,0.04521048,3,3,0,1
Zone_DH606,4072777696,90.4120826,23.757235,0.0,4,1,0,0
Zone_DH606,3512829923,90.4155929,23.7561068,0.09539432,2,3,0,0
Zone_DH606,4077668327,90.410141,23.7511091,0.01064884,4,3,0,1
Zone_DH606,4077668328,90.4104275,23.7511343,0.0,4,1,0,0
Zone_DH606,4062914541,90.4063757,23.7568054,0.0,4,1,0,0
Zone_DH606,4062914546,90.406472,23.7573477,0.00427292,4,3,0,1
Zone_DH606,4072851451,90.4103916,23.7553796,0.0,4,1,0,0
Zone_DH606,4072851454,90.411198,23.7553672,0.10476477,1,4,0,1
Zone_DH606,387393537,90.4194318,23.7536781,0.01513521,4,4,0,1
Zone_DH606,3500730381,90.412309,23.7456921,0.0958956,2,6,0,0
Zone_DH606,7142762532,90.4088283,23.7577306,0.00285834,4,3,0,0
Zone_DH606,7142762533,90.4081421,23.7584815,0.00024492,4,2,0,0
Zone_DH606,7142762534,90.4092649,23.7570525,0.0187512,4,3,0,1
Zone_DH606,7142762535,90.4098783,23.7570636,0.02845355,3,3,0,0
Zone_DH606,5056776237,90.4081264,23.7430206,0.02044789,4,3,0,0
Zone_DH606,1937565754,90.4114881,23.7425678,0.05066337,3,3,0,0
Zone_DH606,4963125325,90.4166407,23.7401972,0.0085241,4,3,0,1
Zone_DH606,11337713741,90.4221308,23.7578435,0.04322767,3,3,0,1
Zone_DH606,4963125327,90.4148316,23.7432615,0.0,4,1,0,0
Zone_DH606,11337713742,90.4220127,23.7573539,0.0,4,1,0,0
Zone_DH606,4963125329,90.4146759,23.7410927,0.0,4,1,0,0
Zone_DH606,4963125330,90.4158723,23.7424849,0.00106952,4,3,0,1
Zone_DH606,4963125331,90.4149545,23.7414325,0.00533729,4,3,0,1
Zone_DH606,4963125333,90.4170749,23.7398568,0.02106935,3,3,0,1
Zone_DH606,2320164950,90.410441,23.7370683,0.00448523,4,4,0,0
Zone_DH606,4963125363,90.4181624,23.7411375,0.03322375,3,3,0,0
Zone_DH606,4963125364,90.4175373,23.740372,0.02050512,4,3,0,0
Zone_DH606,3311184000,90.4092414,23.749318,0.0,4,1,0,0
Zone_DH606,5774461058,90.4242298,23.7476149,0.01477298,4,3,0,0
Zone_DH606,5774461059,90.4234397,23.7480447,0.06750786,2,3,0,0
Zone_DH606,4077676680,90.4111981,23.752738,0.0,4,1,0,0
Zone_DH606,4077676681,90.411509,23.7527494,0.00213847,4,3,0,1
Zone_DH606,4889331850,90.4209492,23.7449354,0.01377041,4,3,0,1
Zone_DH606,4889331848,90.4203868,23.7449173,0.0,4,1,0,0
Zone_DH606,4077676684,90.4117892,23.7527596,0.0,4,1,0,0
Zone_DH606,4889331852,90.4204349,23.7450105,0.01517069,4,3,0,0
Zone_DH606,4889331855,90.4195592,23.7451431,0.0,4,1,0,0
Zone_DH606,4077676688,90.4113928,23.7529658,0.01858468,4,3,0,1
Zone_DH606,4889331856,90.4195726,23.7449891,0.00186951,4,3,0,1
Zone_DH606,4889331858,90.4180196,23.7444416,0.07492067,2,3,0,0
Zone_DH606,4889331861,90.417656,23.745316,0.0,4,1,0,0
Zone_DH606,7118776483,90.4240821,23.7581601,0.01383851,4,3,0,1
Zone_DH606,1756866737,90.4096194,23.7516276,0.0940959,2,4,0,1
Zone_DH606,1756866739,90.4085734,23.7522047,0.0,4,1,0,0
Zone_DH606,4072999093,90.4091759,23.7575691,0.00800909,4,3,0,1
Zone_DH606,4072999094,90.4091798,23.7576688,0.0,4,1,0,0
Zone_DH606,10031925430,90.4246103,23.7509233,0.05014206,3,3,0,0
Zone_DH606,3518720193,90.4113596,23.753538,0.0241171,3,3,0,0
Zone_DH606,10031925443,90.4204562,23.7523545,0.06485266,2,3,0,0
Zone_DH606,10031925444,90.4190412,23.7490589,0.09754022,2,4,0,0
Zone_DH606,10031925445,90.4203021,23.7488881,0.02677745,3,3,0,0
Zone_DH606,6633048264,90.4284977,23.7427424,0.0095198,4,4,0,0
Zone_DH606,6633048265,90.4285269,23.7436535,0.00314447,4,3,0,0
Zone_DH606,3797649612,90.4090796,23.7386202,0.00320627,4,3,0,1
Zone_DH606,10031925454,90.424678,23.7473973,0.0214373,3,3,0,0
Zone_DH606,10031925457,90.4132589,23.7497679,0.05683442,3,3,0,0
Zone_DH606,9066973412,90.4123762,23.7412988,0.01826079,4,4,0,0
Zone_DH606,9066973414,90.412161,23.7414906,0.00932009,4,3,0,0
Zone_DH606,9066973416,90.4123298,23.7419318,0.00947689,4,4,0,0
Zone_DH606,4382034164,90.4291627,23.7540815,0.00106952,4,2,0,1
Zone_DH606,4072884496,90.4113973,23.7566686,0.05001044,3,3,0,1
Zone_DH606,4072884497,90.4111189,23.7566583,0.0,4,1,0,0
Zone_DH606,4072843548,90.4136534,23.7574313,0.0,4,1,0,0
Zone_DH606,1990879519,90.4129201,23.7499059,0.10320255,2,4,0,0
Zone_DH606,3304728902,90.4167509,23.7557114,0.0,4,1,0,0
Zone_DH606,11428243782,90.4185528,23.7561911,0.0,4,1,0,0
Zone_DH606,3738880332,90.4258623,23.7498492,0.03229844,3,4,0,0
Zone_DH606,3738880333,90.4264479,23.7499823,0.00414703,4,3,0,0
Zone_DH606,4073089371,90.4055511,23.7516627,0.00640281,4,3,0,1
Zone_DH606,4073089374,90.4056246,23.7513626,0.00427407,4,4,0,1
Zone_DH606,4073089376,90.4054221,23.7513761,0.0,4,1,0,0
Zone_DH606,4072851810,90.4103596,23.7541512,0.0,4,1,0,0
Zone_DH606,4073089380,90.4056554,23.7509072,0.0,4,1,0,0
Zone_DH606,2320165228,90.410294,23.7370925,0.00217337,4,4,0,0
Zone_DH606,7074449773,90.4133891,23.7494649,0.00742883,4,3,0,0
Zone_DH606,4072851830,90.4104617,23.7545538,0.04710575,3,3,0,1
Zone_DH606,1806068099,90.4136015,23.7388304,0.01838039,4,3,0,0
Zone_DH606,4077652358,90.4075026,23.7534752,0.0,4,1,0,0
Zone_DH606,4077652361,90.4077324,23.7534939,0.05557206,3,3,0,1
Zone_DH606,1760545182,90.4114102,23.7428752,0.05136952,3,3,0,1
Zone_DH606,1760545183,90.4112749,23.7431169,0.05227595,3,4,0,1
Zone_DH606,7074458019,90.4147005,23.745553,0.0227958,3,3,0,1
Zone_DH606,386935203,90.4153812,23.756245,0.09251022,2,3,0,0
Zone_DH606,3429968293,90.41252,23.7458451,0.03758423,3,3,0,0
Zone_DH606,386935206,90.4156359,23.7561624,0.01196442,4,3,0,0
Zone_DH606,4065798563,90.41146,23.7572696,0.04471664,3,3,0,0
Zone_DH606,7074458024,90.414639,23.7464797,0.0,4,1,0,0
Zone_DH606,6137350572,90.4092107,23.7390102,0.0,4,1,0,0
Zone_DH606,3518720442,90.4072241,23.7568018,0.01171549,4,3,0,1
Zone_DH606,9163647419,90.4059101,23.7463268,0.0,4,1,0,0
Zone_DH606,3518720443,90.4074368,23.7568361,0.02438491,3,3,0,1
Zone_DH606,642607564,90.4190804,23.7553123,0.00533386,4,3,0,1
Zone_DH606,642607567,90.4193714,23.7556985,0.0010741,4,3,0,1
Zone_DH606,4599114191,90.4060709,23.7563738,0.00426148,4,3,0,1
Zone_DH606,386927071,90.4117067,23.7368395,0.0,4,1,0,0
Zone_DH606,3714755041,90.4075032,23.7410924,0.00394961,4,3,0,1
Zone_DH606,4449372644,90.408881,23.737664,0.00503515,4,4,0,0
Zone_DH606,6138563079,90.4083458,23.7393209,0.0,4,1,0,0
Zone_DH606,386935321,90.4151027,23.7549968,0.12121327,1,3,0,0
Zone_DH606,10083781146,90.4112481,23.741749,0.01395982,4,3,0,0
Zone_DH606,386935323,90.4158202,23.7564306,0.01083195,4,3,0,0
Zone_DH606,10083781158,90.4140112,23.744259,0.02521581,3,3,0,0
Zone_DH606,10083781161,90.4107097,23.7399303,0.01167258,4,3,0,0
Zone_DH606,3516467753,90.405534,23.7493025,0.00320627,4,3,0,1
Zone_DH606,9889180204,90.4241596,23.7458027,0.0319385,3,3,0,1
Zone_DH606,12042938926,90.4102908,23.736947,0.0,4,2,0,0
Zone_DH606,12042938927,90.4104364,23.7369368,0.00107181,4,3,0,0
Zone_DH606,12042938928,90.4101845,23.7371067,0.00448065,4,3,0,0
Zone_DH606,12042938929,90.410211,23.7372529,0.01321534,4,3,0,0
Zone_DH606,12042938931,90.410559,23.7372031,0.00400283,4,3,0,0
Zone_DH606,12042938932,90.4105334,23.7370558,0.00214819,4,3,0,0
Zone_DH606,12042938933,90.4104321,23.7368542,0.0,4,2,0,0
Zone_DH606,12042938943,90.4110663,23.7369818,0.00106952,4,3,0,1
Zone_DH606,4072794690,90.4138325,23.7600134,0.00106952,4,2,0,1
Zone_DH606,4072794691,90.4129227,23.7598854,0.0,4,1,0,0
Zone_DH606,12042938949,90.4105088,23.7372105,0.000103,4,3,0,0
Zone_DH606,10083781190,90.4131971,23.7458832,0.01009834,4,3,0,0
Zone_DH606,12042938951,90.4102743,23.7372433,0.00669293,4,3,0,0
Zone_DH606,12042938952,90.4102452,23.7370988,0.00321943,4,3,0,0
Zone_DH606,12042938953,90.4102917,23.7369892,0.00106494,4,3,0,0
Zone_DH606,12042938954,90.4104373,23.7369769,0.00214133,4,3,0,0
Zone_DH606,12042938950,90.4104879,23.7370619,0.00024034,4,3,0,0
Zone_DH606,10083781205,90.4124012,23.7454391,0.02645929,3,3,0,0
Zone_DH606,12042938967,90.4089759,23.7376295,0.00808634,4,4,0,0
Zone_DH606,11503233647,90.4218295,23.7587245,0.00801367,4,3,0,1
Zone_DH606,11503233650,90.4223681,23.7590405,0.0,4,1,0,0
Zone_DH606,11503233651,90.4223896,23.7587527,0.00179111,4,3,0,1
Zone_DH606,387385975,90.4177899,23.7536479,0.01789169,4,3,0,0
Zone_DH606,11503233655,90.4233319,23.7590294,0.00014306,4,2,0,0
Zone_DH606,387385978,90.4184188,23.7536943,0.01972,4,3,0,0
Zone_DH606,386927229,90.4150183,23.7386715,0.01628312,4,2,0,0
Zone_DH606,387385982,90.4189445,23.7537169,0.00876673,4,3,0,0
Zone_DH606,11503233661,90.423975,23.7592953,0.0021356,4,2,0,0
Zone_DH606,4077660801,90.4136665,23.753729,0.0,4,1,0,0
Zone_DH606,11503233667,90.4246449,23.7597712,0.0,4,1,0,0
Zone_DH606,387385988,90.4202945,23.7535903,0.00161086,4,3,0,1
Zone_DH606,4959357578,90.4216545,23.7368118,0.0,4,1,0,0
Zone_DH606,4959357581,90.4218629,23.7374457,0.0,4,1,0,0
Zone_DH606,4959357583,90.4210904,23.7372707,0.00746603,4,3,0,1
Zone_DH606,4959357584,90.4223012,23.7375637,0.01276498,4,3,0,1
Zone_DH606,4959357585,90.4215993,23.7368565,0.01064884,4,3,0,1
Zone_DH606,4959357586,90.4226352,23.7372288,0.0,4,1,0,0
Zone_DH606,4959357588,90.4189864,23.7374708,0.00106952,4,3,0,1
Zone_DH606,4959357591,90.4212486,23.7371378,0.0085241,4,2,0,1
Zone_DH606,4959357593,90.4204026,23.7375191,0.00427121,4,3,0,1
Zone_DH606,4077644442,90.4127078,23.7529001,0.03888093,3,3,0,0
Zone_DH606,11521354405,90.4068085,23.7551996,0.00427292,4,3,0,1
Zone_DH606,386927275,90.4145538,23.7386671,0.01377613,4,3,0,0
Zone_DH606,3518720685,90.4093088,23.7578544,0.00705859,4,3,0,0
Zone_DH606,2320165562,90.4103838,23.7372291,0.00566118,4,4,0,0
Zone_DH606,4072884923,90.4113679,23.7564758,0.05175692,3,3,0,1
Zone_DH606,4072884924,90.4111011,23.7564822,0.0,4,1,0,0
Zone_DH606,386927293,90.4135241,23.7403181,0.01807424,4,4,0,0
Zone_DH606,9230330561,90.426021,23.7451214,0.0,4,1,0,0
Zone_DH606,4062890690,90.4121371,23.7595101,0.00290126,4,3,0,1
Zone_DH606,4077603537,90.4128318,23.7542234,0.00107982,4,3,0,1
Zone_DH606,4077603540,90.4127896,23.7544495,0.0,4,1,0,0
Zone_DH606,6136867550,90.4139782,23.748946,0.02496917,3,3,0,0
Zone_DH606,6353644255,90.4115892,23.7383278,0.02722495,3,3,0,0
Zone_DH606,6136867553,90.413216,23.7490181,0.00704028,4,3,0,0
Zone_DH606,6136867557,90.4140396,23.7485741,0.02474771,3,3,0,1
Zone_DH606,3331312358,90.4105805,23.7591747,0.00356335,4,2,0,0
Zone_DH606,6136867561,90.4133546,23.7484835,0.0,4,1,0,0
Zone_DH606,387377923,90.4153293,23.7518602,0.01736409,4,3,0,0
Zone_DH606,2432133896,90.4184832,23.7512445,0.00884742,4,3,0,0
Zone_DH606,2432133901,90.418712,23.7503107,0.00683084,4,3,0,0
Zone_DH606,3940944655,90.4122187,23.754838,0.0,4,1,0,0
Zone_DH606,386935570,90.4140408,23.7564915,0.07182256,2,3,0,0
Zone_DH606,3518720795,90.4074634,23.7583646,0.0,4,1,0,0
Zone_DH606,3305163550,90.4089073,23.7542716,0.03752242,3,3,0,0
Zone_DH606,386935583,90.4128011,23.7586017,0.01892344,4,3,0,0
Zone_DH606,11524156192,90.4131691,23.7478575,0.00195764,4,3,0,0
Zone_DH606,4824861476,90.4048398,23.7443666,0.0,4,2,0,0
Zone_DH606,4824861477,90.4048419,23.7440702,0.0,4,2,0,0
Zone_DH606,7074442021,90.414251,23.7473455,0.02467332,3,3,0,0
Zone_DH606,7074442023,90.4142484,23.7477436,0.02409707,3,3,0,1
Zone_DH606,386935590,90.4138544,23.7583044,0.01447885,4,3,0,0
Zone_DH606,386935591,90.4142781,23.758269,0.01707167,4,3,0,0
Zone_DH606,7074442020,90.4131474,23.7473865,0.00279883,4,3,0,0
Zone_DH606,7074442022,90.4138112,23.7477504,0.0,4,1,0,0
Zone_DH606,11524156204,90.4153503,23.7449205,0.00828033,4,3,0,1
Zone_DH606,12042939181,90.4089642,23.7374007,0.00193933,4,4,0,0
Zone_DH606,11524156205,90.4106596,23.7448245,0.0,4,1,0,0
Zone_DH606,11524156206,90.4111748,23.7474828,0.00318338,4,3,0,1
Zone_DH606,12042939182,90.4086349,23.7375338,0.00045665,4,2,0,0
Zone_DH606,12042939185,90.409027,23.7376117,0.00429868,4,3,0,0
Zone_DH606,6281464626,90.4173665,23.7559366,0.0039622,4,3,0,0
Zone_DH606,11524156207,90.4118009,23.7470507,0.0,4,1,0,0
Zone_DH606,11524156213,90.4107163,23.7478793,0.0,4,1,0,0
Zone_DH606,11505519416,90.4164845,23.7589112,0.00213847,4,3,0,1
Zone_DH606,11505519417,90.4164999,23.7588051,0.0,4,1,0,0
Zone_DH606,6353718075,90.4130302,23.7389279,0.0149086,4,3,0,1
Zone_DH606,11505519421,90.4159997,23.7594912,0.00883941,4,3,0,1
Zone_DH606,11505519422,90.4163024,23.7596504,0.00568979,4,3,0,1
Zone_DH606,6353718079,90.412934,23.7376507,0.0,4,1,0,0
Zone_DH606,6353718080,90.4130156,23.7381235,0.00213847,4,3,0,1
Zone_DH606,6353718081,90.4126115,23.7381504,0.0,4,1,0,0
Zone_DH606,11505519423,90.4160366,23.7592629,0.0,4,1,0,0
Zone_DH606,11505519427,90.4161045,23.7587603,0.0,4,1,0,0
Zone_DH606,11505519428,90.4167146,23.7589283,0.00772125,4,3,0,1
Zone_DH606,11505519425,90.4164999,23.7596827,0.0,4,1,0,0
Zone_DH606,11505519430,90.4167389,23.7586498,0.0,4,1,0,0
Zone_DH606,4072860497,90.4076849,23.7547446,0.03830468,3,3,0,1
Zone_DH606,4072860498,90.4080244,23.7547489,0.0,4,1,0,0
Zone_DH606,4513696597,90.4142391,23.74177,0.01903617,4,3,0,1
Zone_DH606,4513696598,90.4146898,23.7417842,0.0,4,1,0,0
Zone_DH606,386927464,90.4114499,23.7387383,0.02924381,3,3,0,1
Zone_DH606,7454313323,90.4178297,23.7571842,0.00311871,4,3,0,0
Zone_DH606,386927470,90.4114311,23.7408536,0.03629153,3,3,0,0
Zone_DH606,7291546478,90.4205286,23.7412003,0.00580367,4,3,0,0
Zone_DH606,7454313328,90.4182793,23.7559597,0.00213847,4,3,0,1
Zone_DH606,7454313327,90.417859,23.7577704,0.00601483,4,3,0,0
Zone_DH606,4961053560,90.4278248,23.7406821,0.00203603,4,3,0,0
Zone_DH606,6003583888,90.4137195,23.7437864,0.03820339,3,3,0,0
Zone_DH606,5278116766,90.4275233,23.7468026,0.00432729,4,3,0,0
Zone_DH606,10040322976,90.4102057,23.7394366,0.01880613,4,3,0,1
Zone_DH606,10040322978,90.409791,23.7394355,0.0,4,1,0,0
Zone_DH606,13056404399,90.4125212,23.7496219,0.08313176,2,3,0,0
Zone_DH606,4072901553,90.4075151,23.7538661,0.0,4,1,0,0
Zone_DH606,6387076019,90.4278206,23.7399034,0.00153475,4,2,0,0
Zone_DH606,4072901570,90.4075058,23.7539647,0.03244436,3,3,0,1
Zone_DH606,4072762308,90.4071387,23.7583291,0.00213847,4,3,0,1
Zone_DH606,387394503,90.4194841,23.7547845,0.01170863,4,3,0,1
Zone_DH606,3305163722,90.4075284,23.755942,0.03099029,3,3,0,1
Zone_DH606,6503599053,90.4276747,23.7548903,0.00640452,4,3,0,1
Zone_DH606,1719798752,90.413728,23.758564,0.02883466,3,5,0,0
Zone_DH606,11308952564,90.4133393,23.7509789,0.04411006,3,3,0,0
Zone_DH606,387386370,90.4208911,23.7546186,0.0,4,1,0,0
Zone_DH606,11332250636,90.4180031,23.7484035,0.01263737,4,3,0,0
Zone_DH606,4062825497,90.4063827,23.7573783,0.00213789,4,3,0,1
Zone_DH606,7031917622,90.4077386,23.7489933,0.01502305,4,3,0,1
Zone_DH606,6136425529,90.4173078,23.7431356,0.02055948,4,3,0,0
Zone_DH606,2692418619,90.4280201,23.745911,0.02066706,4,3,0,0
Zone_DH606,4348136527,90.4139025,23.749751,0.04159278,3,3,0,0
Zone_DH606,4959349848,90.4232906,23.7394298,0.00039427,4,3,0,0
Zone_DH606,4959349849,90.4229347,23.7404343,0.01244682,4,3,0,0
Zone_DH606,4959349850,90.4234033,23.7401958,0.00232616,4,3,0,0
Zone_DH606,4959349851,90.4236824,23.7406644,0.00596962,4,3,0,0
Zone_DH606,7074458749,90.4131186,23.7469817,0.00224261,4,3,0,0
Zone_DH606,7074458750,90.4125964,23.7470371,0.05062675,3,3,0,0
Zone_DH606,7074458751,90.4126361,23.7484107,0.05188053,3,3,0,0
Zone_DH606,7074458752,90.4130637,23.748336,0.00896587,4,3,0,0
Zone_DH606,4072770690,90.4114739,23.7580121,0.02750477,3,3,0,1
Zone_DH606,7074458754,90.4149327,23.7490564,0.0,4,1,0,0
Zone_DH606,4072770692,90.4118914,23.7582327,0.0,4,1,0,0
Zone_DH606,4954246303,90.423453,23.743144,0.0,4,1,0,0
Zone_DH606,4954246304,90.4231192,23.7429252,0.0,4,1,0,0
Zone_DH606,4954246305,90.4236268,23.7426513,0.00883769,4,3,0,1
Zone_DH606,4954246306,90.4227718,23.7417834,0.0,4,1,0,0
Zone_DH606,3803655329,90.4192436,23.7524406,0.00897331,4,4,0,0
Zone_DH606,1683369131,90.4075043,23.7429095,0.01865506,4,3,0,0
Zone_DH606,387394765,90.4181846,23.7560669,0.0,4,1,0,0
Zone_DH606,4824681695,90.4184836,23.7528167,0.03854731,3,3,0,0
Zone_DH606,5988461808,90.4105746,23.7498569,0.0,4,1,0,0
Zone_DH606,5988461809,90.4105148,23.7494772,0.00213847,4,3,0,1
Zone_DH606,5988461810,90.4108643,23.7494548,0.0,4,1,0,0
Zone_DH606,6585914384,90.411799,23.7441734,0.0,4,1,0,0
Zone_DH606,11428228352,90.4159228,23.7588899,0.0,4,1,0,0
Zone_DH606,11428228354,90.4159798,23.758329,0.01104826,4,3,0,1
Zone_DH606,6271175963,90.4260011,23.7441504,0.00023119,4,3,0,0
Zone_DH606,3745639714,90.4104913,23.7577351,0.00780194,4,3,0,1
Zone_DH606,4444032331,90.4053638,23.7417302,0.00213274,4,3,0,0
Zone_DH606,4444032333,90.4057467,23.742697,1.831e-05,4,3,0,0
Zone_DH606,4444032334,90.4051647,23.7422497,0.0,4,3,0,0
Zone_DH606,4073139535,90.4071701,23.7554349,0.01592948,4,3,0,1
Zone_DH606,4444032336,90.4049752,23.7416171,0.0,4,2,0,0
Zone_DH606,4073139541,90.4067681,23.755848,0.00637992,4,3,0,1
Zone_DH606,1813499223,90.4152257,23.7441723,0.08636321,2,3,0,0
Zone_DH606,10277629272,90.4178077,23.737128,0.0,4,1,0,0
Zone_DH606,387386716,90.4177663,23.7541217,0.01077244,4,3,0,0
Zone_DH606,6559427932,90.4161394,23.7573237,0.0,4,1,0,0
Zone_DH606,10277629276,90.4170396,23.7376158,0.00213847,4,3,0,1
Zone_DH606,11347643746,90.4194853,23.7579724,0.00539223,4,3,0,1
Zone_DH606,4423314788,90.4216244,23.7456989,0.0012246,4,3,0,0
Zone_DH606,4073139556,90.4060706,23.7562831,0.0,4,1,0,0
Zone_DH606,11347643748,90.4195359,23.7576638,0.00598736,4,3,0,1
Zone_DH606,11347643752,90.4198669,23.757744,0.00427292,4,3,0,1
Zone_DH606,4073139564,90.4059271,23.7563747,2.06e-05,4,2,0,0
Zone_DH606,9066999151,90.4141621,23.7438316,0.0,4,1,0,0
Zone_DH606,4954246518,90.4225669,23.7413076,0.0,4,3,0,0
Zone_DH606,4954246519,90.4232363,23.7409566,0.01084855,4,3,0,0
Zone_DH606,4954246520,90.4227389,23.7415642,0.00343001,4,3,0,0
Zone_DH606,4072795527,90.4059375,23.754061,0.00958905,4,3,0,1
Zone_DH606,4072795531,90.4058367,23.7541939,0.00746603,4,3,0,1
Zone_DH606,6136696205,90.4178278,23.7451444,0.00179512,4,3,0,1
Zone_DH606,3384438160,90.4131001,23.7586115,0.01978066,4,3,0,0
Zone_DH606,1990880656,90.426083,23.7442131,0.00096423,4,3,0,0
Zone_DH606,6136696208,90.4172883,23.7449496,0.00226894,4,3,0,1
Zone_DH606,4072795541,90.4057863,23.7542759,0.00533844,4,3,0,1
Zone_DH606,4072795543,90.4052503,23.7543375,0.0,4,1,0,0
Zone_DH606,8779885975,90.4249944,23.7506368,0.04301022,3,3,0,0
Zone_DH606,6136696219,90.4170573,23.7458972,0.0,4,1,0,0
Zone_DH606,4072795550,90.4057335,23.75438,0.00320627,4,3,0,1
Zone_DH606,3749547425,90.4155641,23.74743,0.0,4,1,0,0
Zone_DH606,4072795561,90.4059463,23.754536,0.0,4,1,0,0
Zone_DH606,3797265836,90.4087007,23.7374052,2.86e-06,4,2,0,0
Zone_DH606,4366699963,90.4139826,23.749386,0.04613637,3,4,0,0
Zone_DH606,4072885723,90.4125108,23.7567301,0.00479767,4,3,0,1
Zone_DH606,4072885724,90.4121293,23.756714,0.0,4,1,0,0
Zone_DH606,4954246622,90.4231599,23.7408268,0.01064769,4,3,0,0
Zone_DH606,4954246624,90.4228304,23.7402535,0.01298759,4,3,0,1
Zone_DH606,4954246625,90.4222038,23.7406304,0.0,4,1,0,0
Zone_DH606,4954246626,90.4230466,23.7406289,0.01106543,4,3,0,1
Zone_DH606,387395052,90.4193691,23.7566586,0.0,4,1,0,0
Zone_DH606,4072795629,90.4124821,23.7571734,0.0035891,4,3,0,1
Zone_DH606,4072844794,90.41379,23.7570715,0.0,4,1,0,0
Zone_DH606,1676766719,90.4276,23.7397856,0.00448523,4,4,0,0
Zone_DH606,1806069249,90.4140185,23.7386492,0.01556267,4,3,0,0
Zone_DH606,4065398274,90.4125366,23.7564947,0.03652157,3,3,0,0
Zone_DH606,6136630785,90.4147554,23.7411839,0.00213847,4,3,0,1
Zone_DH606,6782660116,90.4046073,23.745212,0.0,4,1,0,0
Zone_DH606,1676766756,90.4164366,23.7533738,0.09221151,2,3,0,0
Zone_DH606,4072853039,90.406888,23.7571812,0.00746603,4,3,0,1
Zone_DH606,4072853043,90.4068397,23.7576145,0.0,4,1,0,0
Zone_DH606,2036248119,90.4235881,23.7492229,0.02450623,3,4,0,0
Zone_DH606,2036248123,90.4220699,23.7507094,0.00653328,4,3,0,0
Zone_DH606,2036248128,90.4203448,23.7510852,0.01968452,4,3,0,0
Zone_DH606,2036248129,90.4198727,23.7511501,0.02235403,3,3,0,0
Zone_DH606,2036248130,90.4216574,23.7508165,0.00716217,4,3,0,0
Zone_DH606,9083457088,90.4152787,23.7393911,0.0064051,4,3,0,1
Zone_DH606,9083457090,90.4156386,23.739917,0.0,4,1,0,0
Zone_DH606,3327520331,90.4082993,23.752847,0.0,4,1,0,0
Zone_DH606,3327520332,90.4084656,23.7529648,0.0,4,1,0,0
Zone_DH606,3327520333,90.408443,23.7527687,0.00213847,4,3,0,1
Zone_DH606,11503275604,90.4248162,23.7581366,0.00640281,4,3,0,1
Zone_DH606,11503275605,90.4252034,23.758197,0.00427292,4,3,0,1
Zone_DH606,11503275606,90.4251739,23.7583332,0.00213847,4,3,0,1
Zone_DH606,11503275607,90.4257902,23.75846,0.0,4,1,0,0
Zone_DH606,11503275608,90.4251258,23.7584652,0.0,4,1,0,0
Zone_DH606,11503275610,90.4254568,23.7582146,0.0,4,1,0,0
Zone_DH606,6271176296,90.4267706,23.742214,0.00057167,4,3,0,0
Zone_DH606,4077653619,90.4109778,23.7509052,0.00106952,4,3,0,1
Zone_DH606,4077653620,90.4109994,23.7509118,0.0,4,1,0,0
Zone_DH606,13540789877,90.4093185,23.7463491,0.0,4,1,0,0
Zone_DH606,1806069407,90.4148062,23.7386695,0.0172422,4,3,0,0
Zone_DH606,1806069409,90.4157302,23.7386468,0.01858582,4,3,0,0
Zone_DH606,5956374178,90.4249281,23.7533952,0.0087055,4,3,0,1
Zone_DH606,5956374179,90.4248332,23.7533895,0.0,4,1,0,0
Zone_DH606,5956374180,90.4247733,23.7532511,0.00942081,4,3,0,1
Zone_DH606,1806069412,90.4157103,23.7390275,0.00581168,4,3,0,0
Zone_DH606,5956374181,90.4247677,23.7533146,0.0,4,1,0,0
Zone_DH606,3886927531,90.4098424,23.75717,0.01819441,4,3,0,0
Zone_DH606,2249805493,90.412394,23.7471965,0.02122729,3,3,0,0
Zone_DH606,2249805494,90.413961,23.7519225,0.10596991,1,4,0,0
Zone_DH606,5852950198,90.4060707,23.7485493,0.00054821,4,2,0,0
Zone_DH606,2249805496,90.414388,23.75243,0.04611291,3,3,0,0
Zone_DH606,2249805497,90.4147932,23.7531143,0.10059427,2,4,0,0
Zone_DH606,5852950202,90.4063683,23.7481892,0.00166808,4,3,0,1
Zone_DH606,4035874491,90.4056945,23.7417762,0.0042632,4,3,0,0
Zone_DH606,2249805500,90.4156001,23.7547741,0.09746583,2,3,0,0
Zone_DH606,5852950205,90.4073524,23.747802,0.02889646,3,3,0,0
Zone_DH606,4077694652,90.411873,23.7529873,0.02018409,4,3,0,0
Zone_DH606,4077694651,90.4118976,23.7529834,0.0,4,1,0,0
Zone_DH606,4077694656,90.4118702,23.7530602,0.00179626,4,3,0,1
Zone_DH606,2249805505,90.4177488,23.7585199,0.02240496,3,3,0,0
Zone_DH606,2249805506,90.4178956,23.758593,0.03645176,3,3,0,0
Zone_DH606,5773782721,90.4101634,23.7500891,0.00213847,4,3,0,1
Zone_DH606,5773782720,90.4101737,23.7501929,0.0,4,1,0,0
Zone_DH606,4824526543,90.4201462,23.7488136,0.14577328,1,3,0,0
Zone_DH606,4824526544,90.4202522,23.7485443,0.11850027,1,3,0,0
Zone_DH606,4077694674,90.4117988,23.753846,0.00822997,4,3,0,0
Zone_DH606,4824526555,90.4180576,23.7473928,0.0027645,4,3,0,0
Zone_DH606,7714090720,90.4074178,23.7435867,0.01778983,4,3,0,1
Zone_DH606,4824526560,90.4190004,23.7470404,0.0,4,1,0,0
Zone_DH606,2320191223,90.4095974,23.7477195,0.05429252,3,3,0,0
Zone_DH606,2320191225,90.4125248,23.7460979,0.05063533,3,3,0,0
Zone_DH606,2320191227,90.4107931,23.7466997,0.04775124,3,3,0,1
Zone_DH606,4380372736,90.4147558,23.7441267,0.08038329,2,3,0,0
Zone_DH606,4380372739,90.4147002,23.7444198,0.00141801,4,3,0,1
Zone_DH606,6499495685,90.4268236,23.7406692,0.01279932,4,3,0,0
Zone_DH606,4380372742,90.4141142,23.7443781,0.06352106,2,3,0,0
Zone_DH606,2320191251,90.4125858,23.7454784,0.07436674,2,3,0,0
Zone_DH606,1756851989,90.4138179,23.7584966,0.02611594,3,3,0,0
Zone_DH606,10227044128,90.4203384,23.7396207,0.03040031,3,3,0,1
Zone_DH606,4073082662,90.4079445,23.7540125,0.03556364,3,3,0,1
Zone_DH606,6782005032,90.4090933,23.7394385,0.0,4,1,0,0
Zone_DH606,2320191276,90.4086687,23.7484646,0.05879263,3,3,0,0
Zone_DH606,4073082672,90.4084442,23.7542086,0.03535764,3,3,0,1
Zone_DH606,2320191282,90.4102091,23.7472449,0.0464883,3,3,0,0
Zone_DH606,11373039416,90.4164279,23.7562344,0.00869292,4,3,0,0
Zone_DH606,4077752120,90.4142241,23.756469,0.07414758,2,3,0,0
Zone_DH606,4073082683,90.4081828,23.7543524,0.0,4,1,0,0
Zone_DH606,3714789181,90.4260158,23.7479099,0.00514731,4,3,0,0
Zone_DH606,2320191294,90.4118836,23.7459804,0.05059527,3,3,0,0
Zone_DH606,3714789182,90.4265333,23.7480256,0.0037293,4,3,0,0
Zone_DH606,4073082688,90.4083775,23.7545753,0.0,4,1,0,0
Zone_DH606,4073115462,90.4095216,23.7559936,0.02057951,4,3,0,1
Zone_DH606,4073115463,90.4097534,23.755992,0.0,4,1,0,0
Zone_DH606,4467281739,90.4183156,23.7372369,0.0003937,4,3,0,0
Zone_DH606,4077662036,90.4133606,23.7565396,0.03657136,3,3,0,1
Zone_DH606,4077702997,90.4106555,23.7535207,0.08001534,2,3,0,0
Zone_DH606,4467281750,90.4200677,23.7404988,0.00673356,4,3,0,1
Zone_DH606,4423315291,90.4216394,23.7463928,0.00563085,4,3,0,0
Zone_DH606,4381822814,90.4160146,23.7441719,0.07024661,2,3,0,0
Zone_DH606,4467281764,90.4212397,23.7420642,0.00986544,4,3,0,0
Zone_DH606,6786117477,90.4270895,23.7420494,0.00816817,4,3,0,0
Zone_DH606,6786117478,90.4270834,23.7427892,0.01176013,4,3,0,0
Zone_DH606,4467281769,90.4218383,23.7424749,0.01633748,4,3,0,0
Zone_DH606,4467281770,90.4217695,23.7425442,0.01015614,4,3,0,0
Zone_DH606,9102184298,90.410176,23.7391789,0.01115699,4,3,0,1
Zone_DH606,387395443,90.4199559,23.7556384,0.00107295,4,3,0,1
Zone_DH606,11182419831,90.4062358,23.7454878,0.01727195,4,3,0,0
Zone_DH606,3738881911,90.4296603,23.7475293,0.00106952,4,2,0,1
Zone_DH606,4077621135,90.4071839,23.7567663,0.00213847,4,3,0,1
Zone_DH606,3341512594,90.4056206,23.7433985,0.00427979,4,4,0,1
Zone_DH606,642568084,90.4281607,23.7420484,0.0012967,4,3,0,0
Zone_DH606,642568085,90.4281642,23.7427408,0.00946544,4,4,0,1
Zone_DH606,642568086,90.4267674,23.7457895,0.01211091,4,3,0,0
Zone_DH606,642568087,90.4269546,23.7465093,0.01653033,4,3,0,0
Zone_DH606,642568088,90.4263803,23.7491096,0.04748343,3,3,0,0
Zone_DH606,642568092,90.4268182,23.7492764,0.03404205,3,4,0,0
Zone_DH606,4423331743,90.421554,23.7452728,0.00986315,4,3,0,0
Zone_DH606,642568097,90.4290786,23.7420419,0.00089041,4,3,0,0
Zone_DH606,1806069666,90.4153412,23.7386565,0.01653949,4,3,0,1
Zone_DH606,642568099,90.4290628,23.7427262,0.00557706,4,4,0,1
Zone_DH606,1806069668,90.4158088,23.7386457,0.01973831,4,3,0,1
Zone_DH606,4423331746,90.4214131,23.7446945,0.03375193,3,3,0,0
Zone_DH606,1806069670,90.4153026,23.7380956,0.0,4,1,0,0
Zone_DH606,1806069671,90.4158691,23.7376513,0.0,4,1,0,0
Zone_DH606,4073099180,90.4087227,23.7542724,0.03608209,3,3,0,0
Zone_DH606,4952010680,90.4163455,23.755861,0.04881331,3,3,0,1
Zone_DH606,6136467400,90.4171574,23.7428587,0.00991064,4,3,0,1
Zone_DH606,6416510920,90.4056522,23.7497569,0.0,4,1,0,0
Zone_DH606,6136467401,90.4169859,23.7432728,0.0,4,1,0,0
Zone_DH606,387379189,90.4164586,23.7531581,0.00046065,4,2,0,0
Zone_DH606,9769496575,90.4099823,23.7456108,0.00542656,4,3,0,0
Zone_DH606,4072845321,90.4108115,23.7539209,0.07449035,2,3,0,0
Zone_DH606,4072845326,90.4099679,23.7543917,0.06203323,3,3,0,0
Zone_DH606,4077703193,90.4091653,23.7532778,0.0,4,1,0,0
Zone_DH606,4072886300,90.408803,23.7549594,0.0,4,1,0,0
Zone_DH606,13056446507,90.4087404,23.7501406,0.17815012,1,3,1,0
Zone_DH606,13056446508,90.4116038,23.7497035,0.0,4,1,0,0
Zone_DH606,6634844206,90.4139474,23.7377382,0.00213789,4,3,0,1
Zone_DH606,3456905268,90.4276345,23.7395935,0.00014993,4,2,0,0
Zone_DH606,4376752187,90.4119413,23.7415618,0.04556527,3,4,0,0
Zone_DH606,4848971845,90.4142562,23.7474395,0.02403985,3,3,0,0
Zone_DH606,4077580363,90.4099048,23.7568007,0.01986535,4,3,0,1
Zone_DH606,4077580364,90.410154,23.7568011,0.0,4,1,0,0
Zone_DH606,4848971856,90.4153431,23.7484014,0.00550153,4,3,0,0
Zone_DH606,4077678679,90.4137661,23.7565533,0.04929343,3,3,0,1
Zone_DH606,387395681,90.4174583,23.7543739,0.0109361,4,3,0,0
Zone_DH606,387395684,90.416799,23.7551309,0.00935443,4,3,0,1
Zone_DH606,387395686,90.4160409,23.7553187,0.05781467,3,3,0,0
Zone_DH606,387395741,90.4223665,23.7557247,0.0,4,1,0,0
Zone_DH606,10578202784,90.4213982,23.7420772,0.02805469,3,3,0,0
Zone_DH606,4077580450,90.4097697,23.7548854,0.0,4,1,0,0
Zone_DH606,4077580451,90.4091811,23.7548857,0.00435819,4,3,0,1
Zone_DH606,4072902826,90.410249,23.7557457,0.0,4,1,0,0
Zone_DH606,387395756,90.4234006,23.7544137,0.0395762,3,4,0,1
Zone_DH606,387395759,90.4241132,23.7560264,0.0,4,1,0,0
Zone_DH606,4077645999,90.4149641,23.7540568,0.06517712,2,3,0,0
Zone_DH606,4077719729,90.4087206,23.7534831,0.0,4,1,0,0
Zone_DH606,4077646002,90.4136451,23.7541423,0.02365931,3,3,0,1
Zone_DH606,4077646000,90.4146178,23.754133,0.03016855,3,3,0,1
Zone_DH606,4077580470,90.4088266,23.7502857,0.16630472,1,3,0,1
Zone_DH606,4077646008,90.4143788,23.7542247,0.02921749,3,3,0,0
Zone_DH606,387395777,90.4253382,23.7522629,0.00908376,4,3,0,0
Zone_DH606,387395779,90.4242032,23.7519646,0.03824459,3,3,0,0
Zone_DH606,11332358341,90.4225021,23.7576326,0.04247918,3,3,0,1
Zone_DH606,11332358346,90.4223249,23.7565995,0.0,4,1,0,0
Zone_DH606,13047959759,90.4274046,23.7484918,0.0,4,1,0,0
Zone_DH606,387395796,90.4247043,23.7487291,0.03419084,3,3,0,0
Zone_DH606,13047959764,90.4270062,23.7489089,0.00742826,4,3,0,1
Zone_DH606,10939027677,90.4276326,23.7577459,0.0,4,1,0,0
Zone_DH606,10939027679,90.4280533,23.7566074,0.00106952,4,2,0,1
Zone_DH606,7147901154,90.4112638,23.7432645,0.05474803,3,4,0,1
Zone_DH606,7147901155,90.4117341,23.7433056,0.0,4,1,0,0
Zone_DH606,10939027683,90.4271029,23.7567051,0.0,4,1,0,0
Zone_DH606,11585704165,90.4143945,23.7389449,0.0,4,1,0,0
Zone_DH606,11585704166,90.4148023,23.7389658,0.00405261,4,3,0,1
Zone_DH606,4073099495,90.4089083,23.7544685,0.00444345,4,3,0,0
Zone_DH606,5773742311,90.4097062,23.750142,0.00427292,4,3,0,1
Zone_DH606,5773742312,90.409738,23.7502896,0.0,4,1,0,0
Zone_DH606,10939027690,90.4268685,23.7570775,0.01170176,4,2,0,1
Zone_DH606,10939027691,90.4271042,23.7574342,0.00958447,4,2,0,1
Zone_DH606,10939027692,90.4269567,23.7577373,0.00852754,4,3,0,1
Zone_DH606,10939027686,90.4270341,23.7573389,0.01064369,4,2,0,1
Zone_DH606,10269774063,90.4134374,23.7507609,0.04560533,3,3,0,0
Zone_DH606,4077629680,90.4138892,23.7578754,0.02355573,3,3,0,1
Zone_DH606,4077629681,90.4147879,23.7580777,0.0,4,1,0,0
Zone_DH606,387395833,90.4262332,23.7469552,0.00317766,4,3,0,0
Zone_DH606,7725691142,90.4151813,23.7506227,0.01630029,4,3,0,0
Zone_DH606,4073124132,90.4082929,23.756127,0.0011256,4,3,0,1
Zone_DH606,6139867432,90.4088557,23.7374098,0.00053218,4,3,0,0
Zone_DH606,6139867433,90.4089194,23.7375355,0.00309239,4,4,0,0
Zone_DH606,4073124137,90.4081592,23.7566645,0.0,4,1,0,0
Zone_DH606,6139867434,90.4088116,23.7376914,0.00328009,4,3,0,0
Zone_DH606,6139867435,90.4086425,23.7376092,0.00267179,4,3,0,1
Zone_DH606,6139867437,90.4092481,23.7374724,0.0052795,4,3,0,0
Zone_DH606,387395887,90.4266104,23.7453894,0.01696352,4,3,0,0
Zone_DH606,642781493,90.4247133,23.7487874,0.00948318,4,3,0,0
Zone_DH606,387395897,90.4295103,23.7440826,0.00358395,4,3,0,0
Zone_DH606,11505594682,90.4203712,23.7580141,0.0,4,1,0,0
Zone_DH606,11505594684,90.4198576,23.7585699,0.00275076,4,3,0,1
Zone_DH606,11505594685,90.4199635,23.7582952,0.0,4,1,0,0
Zone_DH606,5790708033,90.4085674,23.7498494,0.14093556,1,4,0,1
Zone_DH606,11505594690,90.4199836,23.7581995,0.0,4,1,0,0
Zone_DH606,11505594694,90.4201324,23.7579006,0.0,4,1,0,0
Zone_DH606,11505594695,90.419901,23.7576608,0.00213847,4,3,0,1
Zone_DH606,11505594698,90.4205254,23.7577993,0.0,4,1,0,0
Zone_DH606,11505594703,90.420913,23.7574875,0.0,4,1,0,0
Zone_DH606,11505594704,90.4219125,23.758262,0.01007831,4,3,0,1
Zone_DH606,11505594707,90.4223647,23.7582191,0.0,4,1,0,0
Zone_DH606,11505594708,90.422457,23.7576563,0.04284083,3,3,0,1
Zone_DH606,11505594709,90.4225746,23.7579159,0.0,4,1,0,0
Zone_DH606,11505594710,90.4233129,23.757194,0.04218276,3,3,0,1
Zone_DH606,11505594715,90.4232707,23.757741,0.0,4,1,0,0
Zone_DH606,11505594717,90.4267821,23.7581498,3.43e-06,4,2,0,0
Zone_DH606,387395967,90.4278896,23.7456432,0.02134688,3,4,0,1
Zone_DH606,4961309072,90.4273913,23.7448768,0.02116834,3,3,0,0
Zone_DH606,4961309074,90.4272154,23.7446942,0.02703153,3,4,0,0
Zone_DH606,4077605276,90.4144463,23.7538552,0.0,4,1,0,0
Zone_DH606,3500724637,90.4126242,23.7479285,0.0491435,3,3,0,0
Zone_DH606,4077605281,90.414014,23.7541682,0.02566387,3,4,0,1
Zone_DH606,7521710501,90.4208661,23.7510049,0.01290633,4,3,0,0
Zone_DH606,7521710509,90.4198824,23.7503699,0.01313866,4,3,0,1
Zone_DH606,7521710511,90.4189556,23.7502713,0.04885623,3,3,0,0
Zone_DH606,4077728226,90.4070576,23.7507483,0.0,4,1,0,0
Zone_DH606,387396068,90.4288968,23.7420377,0.0014203,4,3,0,0
Zone_DH606,4077728228,90.4074013,23.7509703,0.0,4,1,0,0
Zone_DH606,4954618579,90.423966,23.7411346,0.00520797,4,3,0,0
Zone_DH606,11578577409,90.4077308,23.744143,0.0,4,1,0,0
Zone_DH606,4954618583,90.4241645,23.7425385,0.00722283,4,3,0,0
Zone_DH606,8778543641,90.4071366,23.7420012,0.0,4,1,0,0
Zone_DH606,4450054690,90.4094204,23.7436033,0.02527818,3,3,0,0
Zone_DH606,4072780325,90.4112398,23.7557484,0.06461461,2,3,0,1
Zone_DH606,4072780327,90.4115345,23.7558467,0.0,4,1,0,0
Zone_DH606,8778543656,90.4071355,23.7416873,0.0165206,4,3,0,1
Zone_DH606,6503608882,90.4244128,23.7595242,0.00107066,4,3,0,1
Zone_DH606,6503608883,90.4246649,23.7590099,0.00106952,4,3,0,1
Zone_DH606,4376752692,90.4147903,23.7395847,0.01207543,4,3,0,0
Zone_DH606,5785047605,90.4136248,23.7409482,0.00166866,4,3,0,1
Zone_DH606,4069634627,90.4119837,23.7568988,0.0,4,1,0,0
Zone_DH606,4069634631,90.4124951,23.7569301,0.00528293,4,4,0,1
Zone_DH606,11462750791,90.4240367,23.7513051,0.05815,3,4,0,0
Zone_DH606,4954616393,90.4258329,23.7428415,0.0,4,1,0,0
Zone_DH606,4954616395,90.4252948,23.7426849,0.00483887,4,3,0,1
Zone_DH606,11462750796,90.4242799,23.7542226,0.0,4,1,0,0
Zone_DH606,4069634637,90.4134226,23.7565427,0.04975122,3,3,0,0
Zone_DH606,11462750798,90.4239572,23.7573206,0.01737667,4,3,0,1
Zone_DH606,11462750799,90.4247772,23.7576154,0.0,4,1,0,0
Zone_DH606,4069634641,90.413187,23.756531,0.0353193,3,3,0,0
Zone_DH606,4954616402,90.4253169,23.7423054,0.00233245,4,3,0,0
Zone_DH606,4954616403,90.4260412,23.7413998,0.0,4,3,0,0
Zone_DH606,4954616404,90.4253724,23.7413602,0.00136365,4,3,0,0
Zone_DH606,4954616407,90.4260588,23.7410032,0.00098197,4,3,0,0
Zone_DH606,2320200297,90.41257,23.7426994,0.02134688,3,3,0,0
Zone_DH606,2320200299,90.4117826,23.7416397,0.0614959,3,4,0,0
Zone_DH606,2320200303,90.4199107,23.7400277,0.04601677,3,4,0,0
Zone_DH606,4601098863,90.4240391,23.7500855,0.02394886,3,4,0,0
Zone_DH606,4077638257,90.4052193,23.7507487,0.0,4,1,0,0
Zone_DH606,6136459889,90.4148344,23.7447982,0.0,4,1,0,0
Zone_DH606,11166118511,90.4142335,23.7442894,0.06217457,3,3,0,0
Zone_DH606,6485406322,90.4107828,23.7417966,0.01241134,4,3,0,1
Zone_DH606,3940938357,90.4088096,23.7575896,0.00589923,4,3,0,0
Zone_DH606,6485406323,90.4107741,23.7415202,0.0,4,1,0,0
Zone_DH606,2320200320,90.417474,23.7418712,0.0486096,3,4,0,0
Zone_DH606,2320200322,90.4199922,23.7399582,0.05950392,3,4,0,0
Zone_DH606,2320200324,90.4165675,23.7425599,0.04622793,3,3,0,0
Zone_DH606,4077097608,90.4096475,23.7511328,0.0,4,1,0,0
Zone_DH606,2320200331,90.4119514,23.7418708,0.01822531,4,3,0,0
Zone_DH606,2320200338,90.4141831,23.744135,0.05433659,3,4,0,0
Zone_DH606,11612582548,90.4056294,23.7529165,0.0,4,1,0,0
Zone_DH606,642577049,90.416211,23.753657,0.00036623,4,2,0,0
Zone_DH606,3486610074,90.4112506,23.7437385,0.06736308,2,3,0,0
Zone_DH606,642577051,90.4160197,23.7541738,0.09214742,2,3,0,0
Zone_DH606,642577053,90.4194096,23.7528177,0.03547437,3,3,0,0
Zone_DH606,4072829598,90.4123566,23.7551866,0.05172087,3,4,0,1
Zone_DH606,642577055,90.4224759,23.7536039,0.0077367,4,3,0,1
Zone_DH606,642577057,90.4232687,23.7539909,0.0402337,3,3,0,0
Zone_DH606,4072829601,90.4124696,23.755817,0.0,4,1,0,0
Zone_DH606,4123808428,90.4086176,23.7538188,0.00106952,4,3,0,1
Zone_DH606,3525210797,90.4059546,23.7540269,0.01170748,4,3,0,1
Zone_DH606,4899066553,90.4249081,23.7507003,0.0404048,3,3,0,0
Zone_DH606,4899066557,90.4245581,23.7509542,0.06612876,2,3,0,0
Zone_DH606,2432078529,90.4208013,23.7510123,0.01117644,4,3,0,0
Zone_DH606,2432078532,90.4210478,23.7522211,0.06286985,2,3,0,0
Zone_DH606,2432078534,90.4209614,23.7518586,0.0175226,4,4,0,0
Zone_DH606,2432078536,90.4218997,23.7516589,0.00283889,4,3,0,0
Zone_DH606,9756365512,90.4269898,23.7468137,0.02111684,3,3,0,0
Zone_DH606,2432078540,90.4232447,23.751238,0.00238911,4,3,0,0
Zone_DH606,2432078542,90.4236294,23.7510872,0.00253675,4,3,0,0
Zone_DH606,2432078546,90.421257,23.7509222,0.00866888,4,3,0,0
Zone_DH606,2432078548,90.4215012,23.7517598,0.0035044,4,3,0,0
Zone_DH606,2432078552,90.4223219,23.7515362,0.00261972,4,3,0,0
Zone_DH606,2432078556,90.4228308,23.7513865,0.00246808,4,3,0,0
Zone_DH606,2432078557,90.4225315,23.7505833,0.00556848,4,3,0,0
Zone_DH606,2432078559,90.4229297,23.750483,0.00491612,4,3,0,0
Zone_DH606,5956948704,90.4155909,23.7545283,0.14599646,1,4,0,0
Zone_DH606,2432078561,90.4205313,23.7519196,0.01420016,4,3,0,0
Zone_DH606,2432078566,90.4201186,23.7520015,0.00349582,4,3,0,0
Zone_DH606,2432078568,90.4200124,23.7511322,0.020726,4,3,0,0
Zone_DH606,2432078572,90.419646,23.7511696,0.01113982,4,3,0,0
Zone_DH606,5956948718,90.4170362,23.7521197,0.11091292,1,4,0,0
Zone_DH606,2432078574,90.4188082,23.7521059,0.04932032,3,3,0,0
Zone_DH606,2432078576,90.4191622,23.751205,0.01520388,4,3,0,0
Zone_DH606,11337044720,90.4211862,23.7583616,0.04730947,3,3,0,1
Zone_DH606,11337044721,90.4213694,23.7574166,0.0,4,1,0,0
Zone_DH606,2432078579,90.4240321,23.7508626,0.00270384,4,3,0,0
Zone_DH606,871707389,90.4093632,23.7512052,0.17291296,1,3,0,0
Zone_DH606,871707391,90.4077374,23.7529601,0.05679436,3,3,0,1
Zone_DH606,4889277184,90.418153,23.7440009,0.0,4,1,0,0
Zone_DH606,4889277185,90.4181231,23.7444243,0.07506774,2,3,0,1
Zone_DH606,4889277186,90.4260286,23.7442354,0.02928387,3,3,0,0
Zone_DH606,6503609089,90.4237947,23.757901,0.01536239,4,3,0,1
Zone_DH606,4072747787,90.4061758,23.7576332,0.0,4,1,0,0
Zone_DH606,4889277195,90.4242076,23.7450015,0.03587323,3,3,0,0
Zone_DH606,4889277199,90.4242064,23.7448871,0.02771078,3,3,0,1
Zone_DH606,4889277200,90.4227205,23.7433623,0.00795816,4,3,0,0
Zone_DH606,387396369,90.4289112,23.7407359,0.00030901,4,2,0,0
Zone_DH606,4889277201,90.4226892,23.7439369,0.0228204,3,3,0,0
Zone_DH606,3608990487,90.4121539,23.7480421,0.00946773,4,3,0,0
Zone_DH606,387396393,90.4279065,23.7406842,0.00100428,4,3,0,0
Zone_DH606,387396395,90.427768,23.7420472,0.00613042,4,4,0,0
Zone_DH606,387396396,90.4277953,23.7427624,0.00979219,4,3,0,0
Zone_DH606,4967387962,90.4049612,23.749159,0.0,4,1,0,0
Zone_DH606,6782571332,90.4135108,23.7465916,0.0,4,1,0,0
Zone_DH606,6782571333,90.4141503,23.7466498,0.03112191,3,3,0,1
Zone_DH606,387396427,90.4293692,23.7427289,0.00252644,4,3,0,1
Zone_DH606,387396428,90.4297012,23.7427308,0.00123947,4,2,0,0
Zone_DH606,11150750539,90.4102573,23.7395017,0.02355745,3,3,0,0
Zone_DH606,11150750540,90.4103644,23.7394359,0.01415152,4,3,0,0
Zone_DH606,387396435,90.429054,23.7433503,0.0,4,1,0,0
Zone_DH606,10138383189,90.4275681,23.7397463,0.00064434,4,3,0,0
Zone_DH606,4077728599,90.4072537,23.750586,0.0,4,1,0,0
Zone_DH606,10138383192,90.4275264,23.7398718,0.00560625,4,3,0,0
Zone_DH606,387396441,90.4281695,23.7431832,0.0,4,1,0,0
Zone_DH606,4077728603,90.4071821,23.7507633,0.00213847,4,3,0,1
Zone_DH606,4077605756,90.4127698,23.7577691,0.0,4,1,0,0
Zone_DH606,4077605757,90.4131085,23.7578216,0.00357136,4,3,0,1
Zone_DH606,4077605761,90.4106794,23.7567881,0.0,4,1,0,0
Zone_DH606,3346977678,90.4061708,23.7574128,0.00106952,4,2,0,1
Zone_DH606,3738882965,90.4297224,23.747077,0.0,4,1,0,0
Zone_DH606,4903252893,90.4291466,23.7440521,0.00192845,4,3,0,0
Zone_DH606,4903252898,90.4285211,23.7440405,0.00375104,4,4,0,0
Zone_DH606,4903252907,90.4293667,23.7433839,0.0,4,1,0,0
Zone_DH606,4903252909,90.4293948,23.7420411,6.066e-05,4,2,0,0
Zone_DH606,4903252910,90.4293868,23.7427295,0.00160628,4,3,0,0
Zone_DH606,4073132991,90.413467,23.7549604,0.05788219,3,3,0,1
Zone_DH606,11332219839,90.4193746,23.7476647,0.00548722,4,3,0,0
Zone_DH606,11332219840,90.4193183,23.7479124,0.00503,4,3,0,1
Zone_DH606,11332219843,90.4201809,23.7478027,0.05777461,3,3,0,0
Zone_DH606,7056184286,90.4257634,23.7566786,0.01382134,4,3,0,1
Zone_DH606,7056184295,90.4258304,23.7558875,0.02227563,3,3,0,1
Zone_DH606,7056184299,90.4254268,23.757571,0.0,4,1,0,0
Zone_DH606,10083914745,90.4142448,23.7441598,0.02245646,3,4,0,0
Zone_DH606,4077646841,90.4057006,23.7535443,0.0,4,1,0,0
Zone_DH606,6585914372,90.412991,23.7435964,0.01403021,4,3,0,0
Zone_DH606,6585914374,90.4125628,23.7435792,0.01224596,4,3,0,0
Zone_DH606,6585914375,90.4125295,23.7443262,0.00106952,4,3,0,1
Zone_DH606,4948358152,90.423387,23.7412094,0.01395868,4,3,0,0
Zone_DH606,4948358153,90.4221506,23.7419016,0.01181335,4,3,0,1
Zone_DH606,6585914376,90.4122767,23.7443249,0.0,4,1,0,0
Zone_DH606,6585914379,90.413435,23.7436191,0.01604507,4,3,0,1
Zone_DH606,4948358155,90.4232113,23.7409165,0.01135613,4,3,0,0
Zone_DH606,4948358157,90.4260307,23.7405275,0.01234095,4,4,0,0
Zone_DH606,6585914381,90.4122012,23.7435886,0.01271005,4,3,0,1
Zone_DH606,6585914383,90.4117939,23.7437501,0.01323651,4,3,0,1
Zone_DH606,4948358160,90.4241797,23.7387813,0.01273065,4,3,0,0
Zone_DH606,6585914380,90.4134204,23.7438202,0.0,4,1,0,0
Zone_DH606,6585914382,90.4122034,23.7440846,0.0,4,1,0,0
Zone_DH606,4948358163,90.4247324,23.7380856,0.00148039,4,3,0,0
Zone_DH606,4948358164,90.4238588,23.7380775,0.00143289,4,3,0,0
Zone_DH606,4948358165,90.4247549,23.7378299,0.00041602,4,3,0,0
Zone_DH606,4948358166,90.4238558,23.7378318,0.00104892,4,3,0,0
Zone_DH606,4948358167,90.4238522,23.737571,0.00065293,4,3,0,0
Zone_DH606,4948358168,90.4228119,23.7381491,0.00488351,4,3,0,0
Zone_DH606,3890484248,90.4149743,23.7534523,0.04876925,3,3,0,0
Zone_DH606,4948358171,90.4247813,23.7375615,0.0,4,2,0,0
Zone_DH606,387380252,90.4166991,23.7526387,0.02324787,3,3,0,0
Zone_DH606,4073141277,90.4086176,23.7540199,0.00320627,4,3,0,1
Zone_DH606,4073141278,90.4087807,23.7540257,0.0,4,1,0,0
Zone_DH606,4077630492,90.4147488,23.7578152,0.00213847,4,3,0,1
Zone_DH606,4077630491,90.4147596,23.7576951,0.0,4,1,0,0
Zone_DH606,4600837157,90.4074162,23.7582126,0.00427292,4,3,0,1
Zone_DH606,4077630505,90.4132327,23.7528344,0.0,4,1,0,0
Zone_DH606,4077630509,90.4131584,23.7529537,0.00106952,4,3,0,1
Zone_DH606,3890738222,90.4076775,23.7548795,0.03629153,3,3,0,1
Zone_DH606,3890738223,90.408028,23.7549272,0.0,4,1,0,0
Zone_DH606,4077630511,90.4129504,23.7533094,0.00639995,4,3,0,1
Zone_DH606,4077630512,90.4133227,23.7533295,0.00107181,4,3,0,1
Zone_DH606,4601246771,90.4243718,23.7506447,0.01832202,4,3,0,0
Zone_DH606,4077646900,90.4098486,23.7520093,0.06819398,2,3,0,1
Zone_DH606,4077597749,90.4066302,23.7564218,0.0,4,1,0,0
Zone_DH606,4062876730,90.4066958,23.7572639,0.00533615,4,3,0,1
Zone_DH606,4380406843,90.4144747,23.7441107,0.11952973,1,4,0,0
Zone_DH606,4899157078,90.4282073,23.7465124,0.01383164,4,3,0,1
Zone_DH606,4899157079,90.4284036,23.748384,0.00746946,4,3,0,1
Zone_DH606,4899157080,90.4284025,23.748105,0.00692469,4,3,0,1
Zone_DH606,4899157081,90.4284055,23.7477839,0.00770981,4,3,0,1
Zone_DH606,6136419438,90.4172005,23.7442579,0.0781813,2,3,0,0
Zone_DH606,13014807664,90.4084361,23.7473392,0.0,4,1,0,0
Zone_DH606,13014807665,90.4084823,23.7471704,0.0,4,1,0,0
Zone_DH606,11332277370,90.4196106,23.7469231,0.00324575,4,3,0,0
Zone_DH606,11332277371,90.4201999,23.7469379,0.06110219,3,3,0,0
Zone_DH606,7056176267,90.4274371,23.7579755,0.00106952,4,2,0,1
Zone_DH606,3384439950,90.4121556,23.758443,0.02531938,3,3,0,0
Zone_DH606,7056176271,90.4270744,23.7577823,0.00320398,4,3,0,1
Zone_DH606,7056176273,90.4266941,23.7575995,0.00320169,4,3,0,0
Zone_DH606,7056176274,90.4265279,23.7580398,0.00107066,4,3,0,0
Zone_DH606,262624405,90.4051067,23.7441642,0.0021419,4,4,0,1
Zone_DH606,4072821909,90.4089861,23.757879,0.00120743,4,3,0,1
Zone_DH606,262624413,90.4115353,23.7417012,0.05258667,3,3,0,0
Zone_DH606,262624415,90.4123085,23.7412901,0.01858811,4,3,0,0
Zone_DH606,7521776805,90.4208487,23.7505939,0.0,4,1,0,0
Zone_DH606,7521776806,90.420918,23.7505942,0.00613557,4,3,0,1
Zone_DH606,2258490536,90.42436,23.7470864,0.03187212,3,3,0,0
Zone_DH606,2258490538,90.4244175,23.7472389,0.0,4,1,0,0
Zone_DH606,386929836,90.4141977,23.7467924,0.03275737,3,3,0,0
Zone_DH606,12211737780,90.421189,23.7569524,0.0,4,1,0,0
Zone_DH606,12211737798,90.4253708,23.7530155,0.00820422,4,3,0,1
Zone_DH606,12211737800,90.4271222,23.7530419,0.0,4,1,0,0
Zone_DH606,4887033043,90.4210243,23.759511,0.00106952,4,2,0,1
Zone_DH606,4887033052,90.4210919,23.7594061,0.0,4,1,0,0
Zone_DH606,4887033057,90.4183608,23.7593842,0.02213143,3,2,0,0
Zone_DH606,267310343,90.4076193,23.7401559,0.00282687,4,3,0,0
Zone_DH606,4601115915,90.4090022,23.7580732,0.0,4,1,0,0
Zone_DH606,267310348,90.4097083,23.7401992,0.00484002,4,3,0,0
Zone_DH606,262624528,90.4093414,23.7382934,0.01482791,4,3,0,1
Zone_DH606,3429963024,90.4100017,23.7391704,0.01677582,4,3,0,1
Zone_DH606,3429963026,90.4109685,23.7402019,0.01119132,4,3,0,0
Zone_DH606,3429963025,90.4106936,23.7401109,0.02483927,3,3,0,0
Zone_DH606,4072994075,90.4138143,23.7557569,0.0,4,1,0,0
Zone_DH606,4072994076,90.413832,23.7558919,0.00213847,4,3,0,1
Zone_DH606,4073018659,90.4138921,23.7553513,0.0,4,1,0,0
Zone_DH606,4077647142,90.4087716,23.7557798,0.0,4,1,0,0
Zone_DH606,4077647143,90.4091295,23.7558332,0.00229183,4,3,0,1
Zone_DH606,4062876971,90.411827,23.7583712,0.02735656,3,3,0,1
Zone_DH606,4062876972,90.4120513,23.7583944,0.02680549,3,3,0,0
Zone_DH606,4077761837,90.4146025,23.7540387,0.0,4,1,0,0
Zone_DH606,4062876974,90.4118642,23.7586553,0.0,4,1,0,0
Zone_DH606,4062876978,90.4114821,23.7587801,0.00873698,4,3,0,1
Zone_DH606,642725181,90.4289125,23.7413949,0.00131787,4,3,0,0
Zone_DH606,642725182,90.4289125,23.7408349,0.00043204,4,2,0,0
Zone_DH606,6092330344,90.4261547,23.7510967,0.00683943,4,3,0,1
Zone_DH606,6713062761,90.4274162,23.7420483,0.00709007,4,3,0,0
Zone_DH606,6713062762,90.4274404,23.7427739,0.01077301,4,3,0,0
Zone_DH606,6092330345,90.4254758,23.7509837,0.0,4,1,0,0
Zone_DH606,3384407406,90.4080752,23.7575746,0.00106952,4,3,0,1
Zone_DH606,4975015296,90.4143609,23.7564833,0.07684283,2,3,0,1
Zone_DH606,4975015298,90.4139125,23.7574695,0.02558032,3,3,0,1
Zone_DH606,4975015303,90.414563,23.759146,0.00153532,4,3,0,1
Zone_DH606,9162438024,90.4074241,23.7416846,0.02410795,3,4,0,0
Zone_DH606,4072764808,90.4070951,23.7582047,0.0,4,1,0,0
Zone_DH606,4975015304,90.4141011,23.7591491,0.0,4,1,0,0
Zone_DH606,4072764813,90.407174,23.7584329,0.0,4,1,0,0
Zone_DH606,3732731279,90.4181448,23.7500033,0.00612298,4,3,0,0
Zone_DH606,4073035165,90.4159197,23.7596925,0.0,4,2,0,0
Zone_DH606,3304715680,90.4158651,23.7550002,0.05557263,3,3,0,0
Zone_DH606,4077598115,90.4130977,23.754068,0.00108096,4,3,0,1
Zone_DH606,4077598116,90.4133732,23.7540817,0.0,4,1,0,0
Zone_DH606,11302049202,90.4274544,23.7461604,0.0,4,1,0,0
Zone_DH606,11302049203,90.4280288,23.7459394,0.02059381,4,3,0,1
Zone_DH606,3304715720,90.4171426,23.7546419,0.00813326,4,3,0,1
Zone_DH606,3304715722,90.4166457,23.7546552,0.0,4,1,0,0
Zone_DH606,4063057356,90.413778,23.7590535,0.00869406,4,3,0,1
Zone_DH606,4063057362,90.4131682,23.7593407,0.0,4,1,0,0
Zone_DH606,4063057364,90.4138043,23.7593444,0.0066214,4,3,0,1
Zone_DH606,266106327,90.4264538,23.7451074,0.05380211,3,3,0,0
Zone_DH606,4063057372,90.4131787,23.7596705,0.0,4,1,0,0
Zone_DH606,4063057373,90.4138481,23.7596319,0.00468723,4,3,0,1
Zone_DH606,4063057374,90.4138595,23.7597092,0.00297565,4,3,0,1
Zone_DH606,4729312735,90.4135816,23.7403914,0.01463907,4,3,0,0
Zone_DH606,6713071073,90.4267965,23.7427926,0.02738689,3,3,0,0
Zone_DH606,3731445224,90.4192212,23.7520836,0.00744371,4,3,0,0
Zone_DH606,4376753669,90.4120618,23.7413634,0.00990263,4,3,0,0
Zone_DH606,4376753672,90.4147955,23.7394787,0.01027745,4,3,0,0
Zone_DH606,4376753674,90.4161759,23.7387397,0.02115976,3,3,0,0
Zone_DH606,4376753676,90.4184072,23.7371582,0.0,4,2,0,0
Zone_DH606,6136837649,90.4233529,23.7475678,0.00082174,4,3,0,0
Zone_DH606,3888805395,90.406189,23.7498503,0.00427292,4,3,0,1
Zone_DH606,3888805396,90.4059482,23.7492989,0.00427121,4,3,0,1
Zone_DH606,6136837656,90.4223561,23.7468095,0.00169383,4,3,0,0
Zone_DH606,3855078948,90.4153731,23.7577015,0.01148488,4,3,0,1
Zone_DH606,4889155121,90.4189325,23.7417978,0.00503229,4,3,0,0
Zone_DH606,4889155125,90.4203503,23.7418824,0.00512614,4,3,0,0
Zone_DH606,6547994167,90.4217606,23.7596713,0.00213789,4,2,0,1
Zone_DH606,6547994174,90.4218221,23.7580123,0.05025021,3,3,0,0
Zone_DH606,6122550847,90.4169456,23.7495608,0.0,4,1,0,0
Zone_DH606,4889155137,90.4222758,23.7418274,0.01150605,4,3,0,0
Zone_DH606,6122550851,90.4174393,23.7501292,0.00773556,4,3,0,1
Zone_DH606,6122550852,90.4173049,23.7418312,0.02331368,3,3,0,0
Zone_DH606,4889155141,90.4231808,23.742496,0.00889606,4,3,0,1
Zone_DH606,6122550861,90.4140894,23.7442958,0.00139112,4,3,0,0
Zone_DH606,6122550863,90.4141489,23.7443151,0.00715931,4,3,0,0
Zone_DH606,6426039890,90.4166273,23.7554614,0.00213847,4,3,0,1
Zone_DH606,6122550874,90.4122323,23.7422101,0.01883589,4,3,0,0
Zone_DH606,6806394458,90.4081203,23.7471775,0.00178368,4,3,0,1
Zone_DH606,6806394459,90.4081028,23.7473474,0.00247609,4,3,0,1
Zone_DH606,6122550882,90.4123846,23.745582,0.0345399,3,4,0,0
Zone_DH606,3500750448,90.4079409,23.7487762,0.07987113,2,4,0,0
Zone_DH606,4391245428,90.4269223,23.7414277,0.00649723,4,3,0,1
Zone_DH606,4899157638,90.4293868,23.7471772,0.0,4,1,0,0
Zone_DH606,4899157641,90.4283701,23.7472814,0.01207543,4,4,0,1
Zone_DH606,4899157642,90.4294606,23.7468409,0.0,4,1,0,0
Zone_DH606,4899157645,90.4293841,23.7465511,0.0,4,1,0,0
Zone_DH606,5910328976,90.4170725,23.7548121,0.00869749,4,3,0,1
Zone_DH606,4899157649,90.4282723,23.7467677,0.01496296,4,4,0,1
Zone_DH606,5910328977,90.4165276,23.7552713,0.01156099,4,3,0,1
Zone_DH606,4899157650,90.4292648,23.7462478,0.0,4,1,0,0
Zone_DH606,5910328979,90.416693,23.7555968,0.0,4,1,0,0
Zone_DH606,4899157654,90.4289221,23.750181,0.00320512,4,3,0,1
Zone_DH606,4899157660,90.4281628,23.7495383,0.01029233,4,3,0,0
Zone_DH606,4899157666,90.4282456,23.7492633,0.00999534,4,3,0,1
Zone_DH606,4072806054,90.4133487,23.7592121,0.0,4,1,0,0
Zone_DH606,619034319,90.4110226,23.7454479,0.08160674,2,3,0,0
Zone_DH606,4778186460,90.4164633,23.7394195,0.0,4,1,0,0
Zone_DH606,4778186462,90.4151753,23.7393848,0.01140362,4,3,0,0
Zone_DH606,7147902696,90.4112549,23.7435624,0.05618435,3,3,0,1
Zone_DH606,11469059817,90.4115335,23.7417352,0.05641039,3,4,0,0
Zone_DH606,7147902697,90.4109415,23.7435364,0.0,4,1,0,0
Zone_DH606,10083796720,90.4129395,23.7498991,0.06451847,2,3,0,0
Zone_DH606,11469059824,90.4168392,23.7384049,0.04068005,3,4,0,0
Zone_DH606,6782457587,90.4104284,23.746847,0.05212373,3,3,0,0
Zone_DH606,9066985218,90.4127745,23.7424722,0.01136872,4,4,0,0
Zone_DH606,9066985220,90.413377,23.7430906,0.03595105,3,4,0,0
Zone_DH606,9066985222,90.4131771,23.7407102,0.01569486,4,4,0,0
Zone_DH606,9066985223,90.414786,23.7396374,0.01426139,4,4,0,0
Zone_DH606,9066985224,90.4152484,23.7393898,0.01020935,4,4,0,1
Zone_DH606,9066985228,90.4167867,23.7383442,0.02259609,3,3,0,0
Zone_DH606,6159021868,90.4131443,23.7414612,0.00319311,4,3,0,0
Zone_DH606,4899575623,90.4221146,23.7453302,0.00817275,4,3,0,1
Zone_DH606,3604666189,90.4182673,23.7592896,0.02899088,3,3,0,0
Zone_DH606,9899718497,90.4094461,23.7450546,0.0,4,1,0,0
Zone_DH606,4899575687,90.4227839,23.7455241,0.0,4,1,0,0
Zone_DH606,6535321482,90.4268374,23.7420501,0.01673233,4,4,0,0
Zone_DH606,6535321483,90.4266584,23.742043,0.00940249,4,3,0,0
Zone_DH606,4889196430,90.4258418,23.7436769,0.0,4,1,0,0
Zone_DH606,4889196431,90.4252771,23.7429929,0.00551755,4,3,0,0
Zone_DH606,4889196432,90.4241339,23.7429794,0.03447639,3,3,0,0
Zone_DH606,4889196433,90.4213979,23.7431519,0.0,4,1,0,0
Zone_DH606,4889196435,90.422105,23.7428836,0.00827232,4,3,0,0
Zone_DH606,4077655956,90.4127416,23.7565077,0.03301202,3,3,0,1
Zone_DH606,4889196437,90.4218213,23.743134,0.00497449,4,4,0,1
Zone_DH606,4077655957,90.4127608,23.7562607,0.0,4,1,0,0
Zone_DH606,4889196436,90.4218404,23.7426682,0.00978246,4,3,0,0
Zone_DH606,4889196438,90.420991,23.74325,0.0,4,1,0,0
Zone_DH606,6633035673,90.4292738,23.7527005,0.0,4,1,0,0
Zone_DH606,4889196441,90.4208241,23.7439338,0.00925314,4,3,0,1
Zone_DH606,4889196440,90.4208203,23.7443108,0.03881626,3,3,0,0
Zone_DH606,386930588,90.4155621,23.746865,0.01047144,4,3,0,1
Zone_DH606,386930590,90.4164133,23.7469055,0.01722103,4,3,0,0
Zone_DH606,4889196448,90.4172543,23.7435358,0.01344996,4,3,0,0
Zone_DH606,4899575718,90.4174201,23.7456579,0.0,4,1,0,0
Zone_DH606,4899575719,90.4186043,23.7456665,0.04503137,3,3,0,1
Zone_DH606,4072830893,90.4113938,23.7591494,0.00320627,4,3,0,1
Zone_DH606,4072830894,90.4119806,23.7591492,0.0,4,1,0,0
Zone_DH606,4889196470,90.4185708,23.7442776,0.03309156,3,3,0,0
Zone_DH606,4889196473,90.4195458,23.7444258,0.03110016,3,3,0,0
Zone_DH606,4889196479,90.4209422,23.7446785,0.04252782,3,3,0,0
Zone_DH606,642611136,90.4168181,23.7502308,0.01912773,4,3,0,0
Zone_DH606,642611138,90.4161963,23.7503391,0.02000155,4,3,0,0
Zone_DH606,642611141,90.415553,23.7523672,0.03889123,3,3,0,0
Zone_DH606,642611144,90.4190857,23.7494569,0.05785186,3,3,0,0
Zone_DH606,6138640328,90.408019,23.7388681,0.00106952,4,2,0,1
Zone_DH606,642611147,90.4168806,23.7524519,0.08452288,2,3,0,0
Zone_DH606,3489462249,90.4168554,23.7595513,0.0,4,1,0,0
Zone_DH606,9164068843,90.4146286,23.7441172,0.08044394,2,3,0,0
Zone_DH606,4898904044,90.4165121,23.7461822,0.007343,4,3,0,1
Zone_DH606,9164068844,90.4145891,23.744411,0.00143518,4,3,0,0
Zone_DH606,4448065520,90.4089822,23.737812,0.00976587,4,3,0,0
Zone_DH606,4082989055,90.4126509,23.7548601,0.0,4,1,0,0
Zone_DH606,11399763969,90.4066214,23.7546025,0.0,4,1,0,0
Zone_DH606,4898904066,90.4188136,23.747255,0.00106952,4,3,0,1
Zone_DH606,11399763971,90.4065254,23.7557989,0.0,4,1,0,0
Zone_DH606,4444084228,90.4136583,23.7414941,0.0035582,4,3,0,1
Zone_DH606,4898904082,90.4183871,23.7475373,0.00221457,4,3,0,0
Zone_DH606,4898904086,90.4187733,23.7476172,0.00319997,4,3,0,0
Zone_DH606,2692429852,90.4296903,23.7454701,0.0,4,2,0,0
Zone_DH606,4077770781,90.4096669,23.7537983,0.0,4,1,0,0
Zone_DH606,2692429854,90.4296709,23.745745,0.00052131,4,2,0,0
Zone_DH606,4077770783,90.4096911,23.7542606,0.03986747,3,3,0,1
Zone_DH606,6326278173,90.4240386,23.7585552,0.00533615,4,3,0,1
Zone_DH606,9070622766,90.413357,23.7420715,0.0,4,1,0,0
Zone_DH606,4072765508,90.4073078,23.757865,0.00640281,4,3,0,1
Zone_DH606,3734157383,90.4065271,23.7463569,0.02387791,3,3,0,1
Zone_DH606,4072765511,90.4070328,23.7581033,0.0,4,1,0,0
Zone_DH606,4077615180,90.4117922,23.7498019,0.0,4,1,0,0
Zone_DH606,3734157391,90.4084761,23.7462531,0.0,4,1,0,0
Zone_DH606,4975032419,90.4136138,23.7561734,0.0074626,4,3,0,1
Zone_DH606,4975032420,90.414369,23.7582667,0.01619557,4,3,0,0
Zone_DH606,9070622821,90.4140026,23.7421696,0.0,4,1,0,0
Zone_DH606,9070622820,90.4136723,23.7426176,0.0,4,1,0,0
Zone_DH606,4064819305,90.4093562,23.7511925,0.15903726,1,3,0,1
Zone_DH606,4077639797,90.4051947,23.7511187,0.00106952,4,2,0,1
Zone_DH606,4077729931,90.4143468,23.7541186,0.0,4,1,0,0
Zone_DH606,4077729932,90.4143466,23.7542285,0.02675971,3,3,0,1
Zone_DH606,4899575950,90.4195853,23.7462201,0.0,4,1,0,0
Zone_DH606,4899575963,90.420328,23.7463599,0.01637754,4,3,0,1
Zone_DH606,4899575983,90.4237961,23.7470977,0.00105235,4,3,0,0
Zone_DH606,4900411577,90.4270379,23.7448699,0.01052008,4,3,0,0
Zone_DH606,10046520024,90.4084574,23.7380101,0.0,4,1,0,0
Zone_DH606,4900411579,90.4242159,23.7451733,0.03650326,3,3,0,1
Zone_DH606,3523197120,90.4061751,23.7532824,0.00907403,4,3,0,1
Zone_DH606,4899576004,90.4238211,23.7475402,0.03275623,3,3,0,0
Zone_DH606,3489437893,90.4155706,23.7594416,0.0120617,4,3,0,0
Zone_DH606,4900411589,90.4258202,23.7452906,0.0,4,1,0,0
Zone_DH606,3489437895,90.4158988,23.7594671,0.01005771,4,3,0,0
Zone_DH606,4900411588,90.4276232,23.745209,0.0184439,4,3,0,0
Zone_DH606,3489437903,90.4161718,23.7597013,0.00236622,4,3,0,1
Zone_DH606,6782441682,90.4095995,23.745547,0.00106952,4,3,0,1
Zone_DH606,123033811,90.4181246,23.7593558,0.01266541,4,3,0,1
Zone_DH606,4900411612,90.4228945,23.7453632,0.00477936,4,3,0,0
Zone_DH606,4978768104,90.4099186,23.7566846,0.01984704,4,3,0,1
Zone_DH606,4899068159,90.4266263,23.7537039,0.0,4,1,0,0
Zone_DH606,6136641794,90.415254,23.7417766,0.0010741,4,3,0,1
Zone_DH606,3489437955,90.4148123,23.7589094,0.0,4,1,0,0
Zone_DH606,3489437959,90.415711,23.7583232,0.02264187,3,3,0,0
Zone_DH606,3489437960,90.4153947,23.7583073,0.02521352,3,3,0,0
Zone_DH606,4899576086,90.420284,23.7492862,0.00311471,4,3,0,0
Zone_DH606,4072806679,90.4127318,23.7591564,0.00336249,4,3,0,0
Zone_DH606,4077648160,90.4089311,23.7557361,0.0,4,1,0,0
Zone_DH606,4077648161,90.4091443,23.7557564,0.00436792,4,3,0,1
Zone_DH606,3516324154,90.4104349,23.750646,0.00106952,4,3,0,1
Zone_DH606,6546200892,90.42955,23.7437582,0.00260828,4,3,0,1
Zone_DH606,6546200896,90.4298012,23.7439265,0.0,4,1,0,0
Zone_DH606,3516324162,90.4098336,23.7514793,0.03006727,3,3,0,1
Zone_DH606,3516324163,90.409749,23.7511398,0.0,4,1,0,0
Zone_DH606,4898904386,90.4277201,23.7486007,0.0,4,1,0,0
Zone_DH606,11335072073,90.4209638,23.7584822,0.04789887,3,3,0,1
Zone_DH606,4898904394,90.4283582,23.7486782,0.00809664,4,3,0,1
Zone_DH606,7085685068,90.4208592,23.7499925,0.01221506,4,3,0,0
Zone_DH606,11335072074,90.4208679,23.7588658,0.0,4,1,0,0
Zone_DH606,4899576147,90.4233201,23.7503495,0.00472099,4,3,0,0
Zone_DH606,6136404308,90.418235,23.7412896,0.03781484,3,3,0,0
Zone_DH606,1991940448,90.4265777,23.7440982,0.0012904,4,3,0,0
Zone_DH606,4381948264,90.4164454,23.7447076,0.00637305,4,3,0,0
Zone_DH606,2320210285,90.4183591,23.7373108,0.00322687,4,4,0,0
Zone_DH606,7768283502,90.4173795,23.7417693,0.03422059,3,3,0,0
Zone_DH606,7768283501,90.4189821,23.7407176,0.03682543,3,3,0,0
Zone_DH606,5988448633,90.4104701,23.7490372,0.00703284,4,4,0,1
Zone_DH606,7768283515,90.4141715,23.7441942,0.02698747,3,4,0,0
Zone_DH606,5761087868,90.4191789,23.7504671,0.0,4,1,0,0
Zone_DH606,7768283517,90.4124342,23.7454617,0.02736629,3,2,0,0
Zone_DH606,3310532991,90.4160636,23.7566941,0.0098002,4,3,0,1
Zone_DH606,7768283522,90.4091022,23.7481212,0.05492943,3,3,0,0
Zone_DH606,7768283531,90.4140518,23.7442832,0.02743439,3,3,0,0
Zone_DH606,7768283537,90.4127169,23.742506,0.02594484,3,3,0,0
Zone_DH606,2320210325,90.4222627,23.7377205,0.00564001,4,2,0,0
Zone_DH606,6136871319,90.4222813,23.7453328,0.007042,4,3,0,0
Zone_DH606,2320210330,90.4213066,23.7386845,0.03454963,3,4,0,0
Zone_DH606,3220453824,90.4259024,23.7483029,0.01149289,4,3,0,0
Zone_DH606,3220453826,90.4264783,23.748146,0.00477077,4,3,0,0
Zone_DH606,3220453827,90.4265881,23.7478745,0.00285663,4,3,0,0
Zone_DH606,3220453828,90.4266247,23.7475741,0.00226607,4,3,0,0
Zone_DH606,3220453829,90.4266761,23.7472954,0.00177967,4,3,0,0
Zone_DH606,3220453830,90.4266919,23.7469552,0.00165435,4,3,0,0
Zone_DH606,3220453831,90.4266778,23.7466754,0.00158282,4,3,0,0
Zone_DH606,3220453834,90.4262288,23.7460764,0.00425347,4,3,0,0
Zone_DH606,3220453835,90.4259765,23.7480428,0.00572928,4,3,0,0
Zone_DH606,3220453836,90.4260636,23.7477624,0.00454131,4,3,0,0
Zone_DH606,3220453837,90.4261521,23.7474892,0.00396964,4,3,0,0
Zone_DH606,3220453838,90.4262213,23.7472085,0.00352558,4,3,0,0
Zone_DH606,3220453839,90.4262347,23.7466873,0.00261114,4,3,0,0
Zone_DH606,3220453840,90.4256076,23.7486484,0.0256324,3,3,0,0
Zone_DH606,4077648337,90.4142296,23.7544309,0.0,4,1,0,0
Zone_DH606,4077648338,90.4143781,23.7544285,0.0022615,4,3,0,1
Zone_DH606,3220453845,90.4254812,23.7467244,0.01980126,4,3,0,0
Zone_DH606,3220453846,90.4240725,23.7490122,0.03211932,3,3,0,0
Zone_DH606,3220453848,90.4236934,23.7483844,0.05039785,3,3,0,0
Zone_DH606,3220453849,90.4238631,23.748693,0.02999001,3,3,0,0
Zone_DH606,1756862942,90.4096037,23.7507404,0.0,4,1,0,0
Zone_DH606,3220453855,90.4256702,23.7482143,0.00473415,4,3,0,0
Zone_DH606,3220453856,90.4252118,23.7500202,0.0069533,4,3,0,0
Zone_DH606,3220453857,90.4253061,23.7502238,0.04289977,3,4,0,0
Zone_DH606,1756862946,90.4102211,23.7509217,0.00852811,4,3,0,1
Zone_DH606,3220453858,90.4253459,23.7503052,0.04148062,3,3,0,0
Zone_DH606,4898904553,90.4280732,23.7497741,0.01665908,4,4,0,0
Zone_DH606,11539970573,90.4078963,23.7438894,0.0,4,1,0,0
Zone_DH606,4898904594,90.4285924,23.7500156,0.00427121,4,3,0,0
Zone_DH606,4077623834,90.4073363,23.7565134,0.0,4,1,0,0
Zone_DH606,262625825,90.4061102,23.7456444,0.02035061,4,4,0,1
Zone_DH606,4898904611,90.4279004,23.7501603,0.00171558,4,3,0,0
Zone_DH606,4077681190,90.4098807,23.7557182,0.0,4,1,0,0
Zone_DH606,262625831,90.4074482,23.743405,0.01799584,4,3,0,0
Zone_DH606,4077681197,90.4145384,23.7564945,0.07711293,2,3,0,1
Zone_DH606,4077681198,90.4145676,23.7569008,0.0,4,1,0,0
Zone_DH606,10143177278,90.4166537,23.7564114,0.04690661,3,3,0,0
Zone_DH606,7421540927,90.4091708,23.7556235,0.01988652,4,3,0,0
Zone_DH606,7421540932,90.4080696,23.7554821,0.01433464,4,3,0,1
Zone_DH606,3220453961,90.4247231,23.7518506,0.0137109,4,3,0,0
Zone_DH606,3220453962,90.4248363,23.7519214,0.00482228,4,3,0,0
Zone_DH606,3220453963,90.4249265,23.7523328,0.0014924,4,3,0,0
Zone_DH606,3220453964,90.4252292,23.7517545,0.01414523,4,3,0,0
Zone_DH606,3462576716,90.4135892,23.7519457,0.06786265,2,3,0,0
Zone_DH606,3220453966,90.4247991,23.7517536,0.02019782,4,3,0,0
Zone_DH606,3220453965,90.4249068,23.7518189,0.01560673,4,3,0,0
Zone_DH606,262625872,90.4199254,23.739864,0.03739825,3,4,0,0
Zone_DH606,262625873,90.4198373,23.7399294,0.04355842,3,4,0,0
Zone_DH606,4601068113,90.4236791,23.7502199,0.00457907,4,3,0,0
Zone_DH606,9067051594,90.4121063,23.7415365,0.00666661,4,4,0,1
Zone_DH606,9067051595,90.412082,23.7415561,0.0,4,1,0,0
Zone_DH606,262625879,90.4142348,23.7440944,0.11585881,1,5,0,0
Zone_DH606,262625880,90.4133114,23.7431452,0.02667445,3,3,0,0
Zone_DH606,262625886,90.4184517,23.7372381,0.00067524,4,3,0,0
Zone_DH606,3220453983,90.4246132,23.7501993,0.00625917,4,3,0,0
Zone_DH606,3220453984,90.4250162,23.750078,0.00117309,4,3,0,0
Zone_DH606,3220453985,90.4245726,23.7492511,0.003319,4,3,0,0
Zone_DH606,3220453986,90.4256263,23.7478503,0.00429868,4,3,0,1
Zone_DH606,3220453987,90.4246736,23.7479164,0.0,4,1,0,0
Zone_DH606,3220453988,90.4255744,23.7475095,0.00396678,4,3,0,1
Zone_DH606,3220453989,90.4250692,23.7475707,0.0,4,1,0,0
Zone_DH606,387381862,90.4101351,23.7513648,0.03413705,3,3,0,1
Zone_DH606,3220453990,90.4255185,23.7471549,0.00404803,4,3,0,0
Zone_DH606,3220453992,90.4250578,23.7471276,0.01892745,4,3,0,0
Zone_DH606,4077582945,90.409456,23.7503483,0.0,4,1,0,0
Zone_DH606,3220453996,90.4228676,23.7486991,0.00840164,4,3,0,0
Zone_DH606,4072782445,90.4130226,23.7571626,0.0,4,1,0,0
Zone_DH606,3220453997,90.4231888,23.7493816,0.00535732,4,3,0,0
Zone_DH606,3220453998,90.422853,23.7494885,0.00548207,4,3,0,0
Zone_DH606,3220454000,90.4198623,23.749345,0.00362915,4,3,0,0
Zone_DH606,3220453999,90.4225804,23.7487994,0.00824256,4,3,0,0
Zone_DH606,3220454003,90.4171877,23.7501712,0.0079141,4,3,0,0
Zone_DH606,4599200368,90.4140703,23.75076,0.00104033,4,3,0,0
Zone_DH606,4599200367,90.4140384,23.7504896,0.00154448,4,3,0,0
Zone_DH606,3220454008,90.4185936,23.7508413,0.00360283,4,3,0,0
Zone_DH606,3220454009,90.419247,23.7524954,0.05614601,3,3,0,0
Zone_DH606,3220454010,90.4225485,23.7518245,0.04875495,3,3,0,0
Zone_DH606,11182324347,90.4196767,23.7591132,0.02949731,3,3,0,0
Zone_DH606,3220454012,90.4205333,23.7527052,0.04348804,3,3,0,0
Zone_DH606,3220454013,90.4180413,23.752774,0.0325073,3,3,0,0
Zone_DH606,3220454014,90.4181158,23.7524654,0.06947637,2,3,0,0
Zone_DH606,11182324345,90.4195706,23.7589,0.0,4,1,0,0
Zone_DH606,3220454016,90.4146605,23.7531711,0.10730437,1,3,0,0
Zone_DH606,11182324352,90.4199041,23.7585884,0.00231586,4,3,0,1
Zone_DH606,3220454020,90.4127203,23.7499803,0.09298404,2,3,0,0
Zone_DH606,4381940360,90.4166529,23.7442145,0.07143458,2,3,0,0
Zone_DH606,11182324360,90.4185312,23.7582156,0.00363659,4,3,0,1
Zone_DH606,4381940367,90.4162187,23.7452622,0.00871695,4,3,0,0
Zone_DH606,4381940369,90.4165823,23.7443728,0.00648178,4,3,0,1
Zone_DH606,3220454034,90.4234843,23.7481109,0.07083144,2,4,0,0
Zone_DH606,6285580947,90.4060932,23.7491458,0.00315934,4,3,0,0
Zone_DH606,3220454036,90.4160845,23.7494745,0.05247623,3,4,0,0
Zone_DH606,6285580945,90.4065808,23.7481873,0.0,4,1,0,0
Zone_DH606,4381940374,90.4173982,23.7447758,0.0,4,1,0,0
Zone_DH606,3486595741,90.4107065,23.7439793,0.00930464,4,3,0,1
Zone_DH606,3486595745,90.4096995,23.7438404,0.02648675,3,3,0,0
Zone_DH606,9083509418,90.4145071,23.7400408,0.0,4,1,0,0
Zone_DH606,6713154222,90.42651,23.7443024,0.04002312,3,4,0,0
Zone_DH606,11337177799,90.4139318,23.7499475,0.01590487,4,3,0,0
Zone_DH606,4954618577,90.4241239,23.7419955,0.00576132,4,3,0,0
Zone_DH606,4954618578,90.4238148,23.7421102,0.01498127,4,3,0,0
Zone_DH606,387128019,90.4197964,23.7590815,0.04984735,3,3,0,0
Zone_DH606,4954618580,90.4234848,23.7413749,0.01362563,4,3,0,0
Zone_DH606,4894907090,90.4071443,23.7491868,0.01293036,4,3,0,0
Zone_DH606,4954618581,90.4236484,23.7406826,0.00543171,4,3,0,0
Zone_DH606,387128023,90.4277129,23.7548697,0.00320627,4,3,0,1
Zone_DH606,4954618584,90.4239787,23.7425391,0.02402841,3,3,0,0
Zone_DH606,10046520023,90.408419,23.7376148,0.00106952,4,2,0,1
Zone_DH606,4954618586,90.4241855,23.7435842,0.04537987,3,3,0,0
Zone_DH606,4954618587,90.4252508,23.743643,0.00835472,4,3,0,1
Zone_DH606,4954618588,90.4252676,23.743272,0.00635588,4,3,0,0
Zone_DH606,4954618589,90.4241551,23.7432469,0.03517738,3,3,0,0
Zone_DH606,4954618590,90.4237712,23.7419781,0.01466482,4,3,0,0
Zone_DH606,4954618591,90.4229971,23.7423763,0.00904713,4,3,0,0
Zone_DH606,4954618592,90.4217298,23.7421468,0.0,4,1,0,0
Zone_DH606,4954618585,90.4253028,23.7425457,0.00364575,4,3,0,0
Zone_DH606,4954618594,90.4224393,23.7419842,0.00884284,4,3,0,1
Zone_DH606,4954618593,90.4219,23.7422853,0.0,4,1,0,0
Zone_DH606,387128036,90.4176693,23.7500908,0.00690295,4,3,0,0
Zone_DH606,4954618596,90.4226559,23.7421541,0.00891494,4,3,0,1
Zone_DH606,4954618598,90.4229299,23.7423326,0.00920793,4,3,0,1
Zone_DH606,4954618599,90.4226049,23.7428459,0.0,4,1,0,0
Zone_DH606,4954618600,90.4234106,23.7425789,0.0088417,4,3,0,0
Zone_DH606,4954618595,90.4221616,23.742443,0.0,4,1,0,0
Zone_DH606,387128042,90.4264863,23.7489074,0.03039058,3,3,0,0
Zone_DH606,4954618597,90.4223912,23.7426503,0.0,4,1,0,0
Zone_DH606,387128044,90.4257903,23.7486961,0.02498977,3,3,0,0
Zone_DH606,4954618602,90.420903,23.7394814,0.00958447,4,3,0,1
Zone_DH606,387128046,90.4250355,23.748636,0.02660349,3,3,0,0
Zone_DH606,4954618604,90.4218034,23.7407268,0.0,4,1,0,0
Zone_DH606,4954618608,90.4217853,23.7405379,0.00107295,4,3,0,1
Zone_DH606,6196574962,90.4183164,23.7463936,0.0,4,1,0,0
Zone_DH606,387128055,90.4204059,23.75006,0.00707462,4,3,0,0
Zone_DH606,387128056,90.4199624,23.7501247,0.00788205,4,3,0,0
Zone_DH606,6485359358,90.4140432,23.7415549,0.00470497,4,3,0,1
Zone_DH606,6485359359,90.4140009,23.7421428,0.0,4,1,0,0
Zone_DH606,387128069,90.4172669,23.7511228,0.00823913,4,3,0,0
Zone_DH606,6196574981,90.4150755,23.7449099,0.02682152,3,3,0,0
Zone_DH606,4072798981,90.4070942,23.7547854,0.0,4,1,0,0
Zone_DH606,1936366351,90.4173385,23.7429491,0.02107679,3,3,0,0
Zone_DH606,386923280,90.404876,23.7523429,0.00106952,4,2,0,1
Zone_DH606,3940989717,90.4177325,23.7592548,0.01059276,4,3,0,1
Zone_DH606,386923285,90.4062049,23.7533138,0.02256976,3,3,0,1
Zone_DH606,3462576917,90.4118206,23.7535909,0.00773212,4,3,0,0
Zone_DH606,3940989720,90.4176226,23.7595855,0.0,4,1,0,0
Zone_DH606,386923291,90.4077712,23.7539661,0.08033465,2,3,0,0
Zone_DH606,387128097,90.4232567,23.7485556,0.02406904,3,3,0,0
Zone_DH606,3462576933,90.4135278,23.753704,0.0,4,1,0,0
Zone_DH606,4077673259,90.4140045,23.7543535,0.0,4,1,0,0
Zone_DH606,3462576954,90.4124618,23.7538193,0.01459902,4,3,0,0
Zone_DH606,4062829376,90.4114908,23.7584635,0.01078903,4,3,0,1
Zone_DH606,3384425284,90.4159833,23.7575443,0.01411204,4,3,0,0
Zone_DH606,387128133,90.4190363,23.7489876,0.11041393,1,3,0,0
Zone_DH606,387128134,90.4191262,23.7498805,0.04281909,3,3,0,0
Zone_DH606,3462576965,90.413122,23.7538417,0.00213847,4,3,0,1
Zone_DH606,3384425290,90.4156379,23.7569196,0.01573549,4,3,0,1
Zone_DH606,3489487691,90.4197295,23.7592738,0.02197463,3,3,0,1
Zone_DH606,386931532,90.4185613,23.7487535,0.01985562,4,3,0,0
Zone_DH606,3462576971,90.4134827,23.7539749,0.0,4,1,0,0
Zone_DH606,387128143,90.4203572,23.7492762,0.01494064,4,3,0,0
Zone_DH606,387128145,90.4218323,23.7490002,0.00944999,4,3,0,0
Zone_DH606,3462576982,90.4124656,23.7542323,0.00213904,4,3,0,0
Zone_DH606,4073085785,90.4078945,23.7569365,0.00213847,4,3,0,1
Zone_DH606,4073085786,90.4079614,23.7569477,0.0,4,1,0,0
Zone_DH606,4073085788,90.4074323,23.7568783,0.0106557,4,3,0,1
Zone_DH606,387128159,90.4266903,23.7442733,0.08475235,2,5,0,0
Zone_DH606,387128164,90.4281151,23.7462215,0.02135547,3,4,0,0
Zone_DH606,387128165,90.428322,23.7470119,0.01134926,4,4,0,1
Zone_DH606,4072831846,90.4079983,23.7559567,0.01462133,4,3,0,0
Zone_DH606,387128169,90.4283196,23.7489629,0.00874098,4,2,0,0
Zone_DH606,386931564,90.4169913,23.7478682,0.01690801,4,3,0,0
Zone_DH606,6196575085,90.4161538,23.745596,0.00677648,4,3,0,0
Zone_DH606,387128175,90.4295327,23.7504617,0.00213789,4,2,0,1
Zone_DH606,4073110388,90.4095237,23.7553832,0.02360323,3,3,0,1
Zone_DH606,11293023100,90.4276599,23.7452666,0.01848797,4,3,0,0
Zone_DH606,386931582,90.4158761,23.7451431,0.00720795,4,3,0,0
Zone_DH606,387128191,90.4292503,23.7514755,0.0,4,1,0,0
Zone_DH606,3462577022,90.4117758,23.7542131,0.00199483,4,3,0,1
Zone_DH606,10046520193,90.4118261,23.7417032,0.01037473,4,4,0,1
Zone_DH606,10046520192,90.4119888,23.7416238,0.02970046,3,4,0,1
Zone_DH606,10046520191,90.4120435,23.7415822,0.0,4,1,0,0
Zone_DH606,11293023108,90.4288751,23.7440471,0.00261228,4,3,0,0
Zone_DH606,10046520194,90.4117982,23.7417118,0.0,4,1,0,0
Zone_DH606,5195037575,90.4105014,23.7381702,0.01817209,4,3,0,1
Zone_DH606,5195037576,90.4101737,23.737257,0.01733547,4,3,0,0
Zone_DH606,6546045841,90.4112694,23.7463398,0.05214776,3,3,0,0
Zone_DH606,387128210,90.4284031,23.747569,0.01406111,4,4,0,1
Zone_DH606,2753330065,90.4116998,23.7370077,0.00496591,4,2,0,0
Zone_DH606,6546045842,90.4113275,23.7469046,0.0059988,4,3,0,1
Zone_DH606,6546045845,90.4114455,23.7472827,0.00512385,4,3,0,0
Zone_DH606,4599094177,90.4186606,23.7505025,0.00346721,4,3,0,0
Zone_DH606,1223719844,90.4212436,23.738624,0.02136233,3,3,0,1
Zone_DH606,4077582942,90.4094979,23.7501696,0.00640281,4,3,0,1
Zone_DH606,4599094187,90.4191727,23.7502349,0.04932948,3,4,0,1
Zone_DH606,4077582943,90.4094006,23.7501831,0.00852811,4,3,0,1
Zone_DH606,4077582944,90.4093739,23.7503352,0.0,4,1,0,0
Zone_DH606,7603026869,90.4053301,23.7436945,0.0,4,1,0,0
Zone_DH606,4077616054,90.407107,23.7563226,0.0,4,1,0,0
Zone_DH606,4077616055,90.4074844,23.756349,0.02640836,3,3,0,1
Zone_DH606,3499424699,90.4062576,23.7523314,0.0,4,1,0,0
Zone_DH606,4513717180,90.4138494,23.7426868,0.02321468,3,3,0,1
Zone_DH606,1223719882,90.4241882,23.7436181,0.0619886,3,4,0,0
Zone_DH606,1223719886,90.424063,23.7427923,0.03394306,3,4,0,1
Zone_DH606,1223719889,90.4238766,23.7423139,0.01628484,4,3,0,0
Zone_DH606,1223719891,90.4236632,23.7416187,0.013981,4,3,0,1
Zone_DH606,1223719895,90.4224993,23.7396248,0.01320561,4,3,0,0
Zone_DH606,1223719897,90.4218178,23.7388345,0.02509564,3,3,0,0
Zone_DH606,4073110491,90.4094972,23.7556987,0.02206161,3,3,0,1
Zone_DH606,2431695857,90.4057634,23.7400692,0.0,4,2,0,0
Zone_DH606,3499424754,90.4067332,23.7525409,0.0,4,1,0,0
Zone_DH606,4072831999,90.4091334,23.7582064,0.00106952,4,3,0,1
Zone_DH606,4072832002,90.408941,23.7582266,0.0,4,1,0,0
Zone_DH606,3499424782,90.405736,23.7527416,0.00948719,4,3,0,1
Zone_DH606,5956369435,90.4227386,23.7528608,0.0,4,1,0,0
Zone_DH606,4898905122,90.4265292,23.7512534,0.0,4,1,0,0
Zone_DH606,4447853606,90.4114034,23.7399619,0.02680492,3,3,0,0
Zone_DH606,4898905132,90.4251397,23.7513374,0.01392492,4,3,0,0
Zone_DH606,4898905134,90.4254332,23.7513578,0.00793698,4,3,0,1
Zone_DH606,4898905139,90.4260944,23.7513986,0.0107341,4,3,0,1
Zone_DH606,1937562694,90.4131481,23.7406769,0.01429745,4,3,0,0
Zone_DH606,1937562695,90.4141959,23.7421859,0.02018409,4,3,0,1
Zone_DH606,4072848454,90.4093104,23.7582031,0.0037642,4,3,0,0
Zone_DH606,1937562697,90.4143214,23.7409777,0.01272378,4,3,0,0
Zone_DH606,1937562714,90.4142542,23.741575,0.01845936,4,3,0,0
Zone_DH606,4077763700,90.4127235,23.7550308,0.05139984,3,3,0,1
Zone_DH606,3489487994,90.4204577,23.7593551,0.0,4,1,0,0
Zone_DH606,1756855426,90.4129651,23.7499861,0.07856699,2,4,0,0
Zone_DH606,11336588433,90.4134551,23.7453357,0.00106952,4,3,0,1
Zone_DH606,11336588434,90.4135176,23.7447981,0.06478628,2,3,0,0
Zone_DH606,4961148072,90.4283277,23.7407051,0.00105407,4,3,0,0
Zone_DH606,4961148074,90.4282196,23.741362,0.00252015,4,3,0,0
Zone_DH606,4961148075,90.4278478,23.7413743,0.00368294,4,3,0,0
Zone_DH606,4077706429,90.4101818,23.7531506,0.00213847,4,3,0,1
Zone_DH606,4072791230,90.4112937,23.7559498,0.06312564,2,3,0,1
Zone_DH606,4077706430,90.4101881,23.7533518,0.0,4,1,0,0
Zone_DH606,4072791232,90.4128694,23.7560474,0.0,4,1,0,0
Zone_DH606,3885497550,90.4103383,23.7572161,0.01492691,4,3,0,1
Zone_DH606,3885497552,90.4105638,23.7572385,0.01636667,4,3,0,1
Zone_DH606,4444003540,90.4135084,23.7418501,0.0,4,1,0,0
Zone_DH606,4444003541,90.4135266,23.7414773,0.00320341,4,3,0,1
Zone_DH606,4062993629,90.41229,23.7594294,0.00306263,4,3,0,1
Zone_DH606,4062993632,90.4124004,23.7598253,0.0,4,1,0,0
Zone_DH606,4898905332,90.4263758,23.7519169,0.00640281,4,3,0,1
Zone_DH606,2313084153,90.4234518,23.7387454,0.01091493,4,3,0,0
Zone_DH606,871742727,90.4053493,23.7524592,0.0120823,4,3,0,1
Zone_DH606,871742731,90.4054091,23.7520394,0.01286455,4,3,0,1
Zone_DH606,871742732,90.4055888,23.7516705,0.02012973,4,3,0,1
Zone_DH606,11524156196,90.4154769,23.7457292,0.0,4,1,0,0
Zone_DH606,871742738,90.406486,23.7515029,0.02376117,3,3,0,1
Zone_DH606,871742740,90.4064683,23.7517116,0.02572281,3,3,0,1
Zone_DH606,871742742,90.4075102,23.7516332,0.02977199,3,3,0,1
Zone_DH606,4898905368,90.4255522,23.7520642,0.0,4,1,0,0
Zone_DH606,871742747,90.4066358,23.7505972,0.0,4,1,0,0
Zone_DH606,3304725798,90.4054021,23.7550311,0.00106952,4,2,0,1
Zone_DH606,4072889647,90.4145481,23.7572016,0.0,4,1,0,0
Zone_DH606,4072889648,90.4143364,23.7572029,0.00213847,4,3,0,1
Zone_DH606,4072889649,90.414337,23.7572728,0.0,4,1,0,0
Zone_DH606,4072889650,90.4144244,23.7573196,0.0,4,1,0,0
Zone_DH606,4072889651,90.414422,23.7575656,0.00213847,4,3,0,1
Zone_DH606,6136847664,90.4139821,23.7496528,0.07789747,2,3,0,0
Zone_DH606,4072889653,90.4144032,23.7576918,0.0,4,1,0,0
Zone_DH606,6136847663,90.412719,23.7495585,0.04645454,3,3,0,0
Zone_DH606,9913212213,90.4107609,23.7390587,0.0,4,1,0,0
Zone_DH606,4952055100,90.4238535,23.7376619,0.00269297,4,3,0,0
Zone_DH606,4952055101,90.4231751,23.7376541,0.00271071,4,3,0,0
Zone_DH606,10138369343,90.4276369,23.7397138,0.0,4,2,0,0
Zone_DH606,386923840,90.411358,23.7563681,0.07480336,2,3,0,0
Zone_DH606,4077665601,90.4133129,23.7544002,0.0,4,1,0,0
Zone_DH606,386923842,90.4114718,23.7578775,0.02986469,3,3,0,0
Zone_DH606,386923843,90.4114858,23.7583763,0.03244207,3,3,0,0
Zone_DH606,4077665602,90.4135541,23.7544304,0.02253772,3,3,0,1
Zone_DH606,3518725458,90.4050834,23.7544256,0.0,4,1,0,0
Zone_DH606,4077665619,90.4073451,23.7531689,0.0,4,1,0,0
Zone_DH606,4077665621,90.4077231,23.7531953,0.05606189,3,3,0,1
Zone_DH606,4077616476,90.406007,23.7562842,0.0,4,1,0,0
Zone_DH606,6136872285,90.4144349,23.7493268,0.01380818,4,3,0,0
Zone_DH606,4450065757,90.4106281,23.7439762,0.00728749,4,3,0,0
Zone_DH606,4077616477,90.4060026,23.7563746,0.00214533,4,3,0,1
Zone_DH606,6136872294,90.4150956,23.7484147,0.00557077,4,3,0,0
Zone_DH606,871718252,90.4090867,23.75076,0.16413593,1,3,0,1
Zone_DH606,4133944689,90.4117252,23.7597381,0.00106952,4,2,0,1
Zone_DH606,3429973363,90.4123031,23.7460086,0.01870885,4,3,0,0
Zone_DH606,3429973364,90.4122287,23.7457512,0.05065078,3,3,0,0
Zone_DH606,9213066623,90.4052054,23.7443227,0.0,4,1,0,0
Zone_DH606,3456884098,90.4264739,23.7448786,0.00125435,4,3,0,0
Zone_DH606,3499425165,90.4089618,23.7536311,0.00213847,4,3,0,1
Zone_DH606,386923938,90.4099875,23.7443511,0.02090912,3,3,0,1
Zone_DH606,386923939,90.4104565,23.7449012,0.02391224,3,3,0,0
Zone_DH606,3499425187,90.4068644,23.7537312,0.03042435,3,3,0,1
Zone_DH606,11399642544,90.4071471,23.7494869,0.00106952,4,3,0,1
Zone_DH606,11399642545,90.4074921,23.7494329,0.0,4,1,0,0
Zone_DH606,11399642546,90.4066097,23.7503253,0.0,4,1,0,0
Zone_DH606,11399642547,90.406654,23.7499889,0.00213847,4,3,0,1
Zone_DH606,11399642548,90.4068457,23.7500208,0.0,4,1,0,0
Zone_DH606,11399642552,90.4057192,23.7503756,0.0,4,1,0,0
Zone_DH606,3475905977,90.4136116,23.7565521,0.05042017,3,3,0,0
Zone_DH606,11399642554,90.4044195,23.7490295,0.00106952,4,2,0,1
Zone_DH606,3475905979,90.4136001,23.7559414,0.0064051,4,3,0,1
Zone_DH606,3475905980,90.4135502,23.755616,0.0,4,1,0,0
Zone_DH606,11399642553,90.4043993,23.7493575,0.0,4,1,0,0
Zone_DH606,3475905982,90.413986,23.7556659,0.0,4,1,0,0
Zone_DH606,11399642559,90.4055712,23.752582,0.0091221,4,3,0,1
Zone_DH606,11399642561,90.4054298,23.7519924,0.01393579,4,3,0,1
Zone_DH606,7516675522,90.4204016,23.7505405,0.0,4,1,0,0
Zone_DH606,11399642564,90.4059397,23.7521283,0.0,4,1,0,0
Zone_DH606,11399642565,90.4050707,23.7519736,0.0,4,1,0,0
Zone_DH606,6605217223,90.4157747,23.7456073,0.0,4,1,0,0
Zone_DH606,6605217224,90.415787,23.7455035,0.00106952,4,3,0,1
Zone_DH606,11332533742,90.4166467,23.7589233,0.00723713,4,3,0,1
Zone_DH606,2320203247,90.4223533,23.7430947,0.00839878,4,3,0,0
Zone_DH606,11332533748,90.4161718,23.7596317,0.00841767,4,3,0,0
Zone_DH606,10087226876,90.4079297,23.7438397,0.00427292,4,3,0,1
Zone_DH606,386924034,90.4141053,23.7460217,0.03146983,3,3,0,0
Zone_DH606,4073004560,90.4092634,23.7568965,0.0,4,1,0,0
Zone_DH606,4077739546,90.4144101,23.754579,0.03605234,3,3,0,0
Zone_DH606,9757105690,90.4181282,23.7435165,0.00261343,4,3,0,0
Zone_DH606,4077616675,90.4134209,23.7577193,0.0,4,1,0,0
Zone_DH606,4077616676,90.413929,23.7577618,0.02400781,3,3,0,1
Zone_DH606,3941146156,90.4062291,23.7497299,0.00533615,4,3,0,1
Zone_DH606,3499425331,90.4087673,23.7539969,0.0,4,1,0,0
Zone_DH606,3499425352,90.406688,23.7541695,0.00427292,4,3,0,1
Zone_DH606,3499425356,90.4066487,23.7544241,0.00213847,4,3,0,1
Zone_DH606,9067085421,90.4186414,23.7407954,0.03950524,3,3,0,0
Zone_DH606,9067085427,90.4182784,23.740364,0.03116883,3,3,0,0
Zone_DH606,3499425396,90.4112352,23.7557201,0.0697087,2,3,0,1
Zone_DH606,9067085429,90.4174946,23.7388278,0.00176994,4,3,0,0
Zone_DH606,9067085428,90.4185599,23.7401675,0.00049671,4,3,0,0
Zone_DH606,3499425401,90.4105475,23.7558544,0.00427292,4,3,0,1
Zone_DH606,4513791615,90.4117239,23.7412755,0.03726835,3,3,0,0
Zone_DH606,3499425407,90.4105175,23.7560143,0.0,4,1,0,0
Zone_DH606,4513791617,90.412115,23.7418127,0.0359665,3,3,0,0
Zone_DH606,4513791618,90.4121277,23.7414312,0.0203798,4,3,0,0
Zone_DH606,4072832644,90.4063346,23.7541978,0.0,4,1,0,0
Zone_DH606,4077633159,90.4142317,23.7577225,0.0,4,1,0,0
Zone_DH606,4072832648,90.4070693,23.7542576,0.0,4,1,0,0
Zone_DH606,4077633161,90.4141687,23.7578668,0.00852811,4,3,0,1
Zone_DH606,4077649543,90.4146422,23.7541263,0.03168041,3,3,0,1
Zone_DH606,4077649545,90.414661,23.7544167,0.0,4,1,0,0
Zone_DH606,4072832654,90.4063459,23.7543456,0.0,4,1,0,0
Zone_DH606,4073102994,90.4091937,23.7542539,0.03480771,3,3,0,1
Zone_DH606,4073102996,90.4091898,23.7538563,0.0,4,1,0,0
Zone_DH606,4073103000,90.4094104,23.7542346,0.03838079,3,3,0,1
Zone_DH606,4073086618,90.4077886,23.7571498,0.0,4,1,0,0
Zone_DH606,4073086632,90.4076186,23.7575273,0.0,4,1,0,0
Zone_DH606,3429965492,90.4121357,23.745622,0.04362881,3,3,0,0
Zone_DH606,3886923453,90.4099687,23.7563118,0.0,4,1,0,0
Zone_DH606,3499425471,90.4096115,23.7585979,0.00284862,4,3,0,1
Zone_DH606,4077674177,90.4076089,23.7522565,0.0,4,1,0,0
Zone_DH606,4077674180,90.4077897,23.7522808,0.05881323,3,3,0,1
Zone_DH606,4077641417,90.4104307,23.753081,0.06193366,3,3,0,1
Zone_DH606,6281461464,90.4191811,23.7536965,0.00753355,4,3,0,1
Zone_DH606,6281461465,90.418907,23.7541792,0.00106952,4,3,0,1
Zone_DH606,6713106141,90.4285111,23.7420438,0.00233474,4,3,0,0
Zone_DH606,6281461471,90.4187284,23.7549012,0.0,4,1,0,0
Zone_DH606,6281461472,90.4179066,23.7536565,0.01797352,4,3,0,1
Zone_DH606,6281461477,90.418145,23.7531643,0.0,4,1,0,0
Zone_DH606,6547955436,90.4269607,23.7543139,0.0,4,1,0,0
Zone_DH606,4077706993,90.4065868,23.7508932,0.00213847,4,3,0,1
Zone_DH606,4077706995,90.4070045,23.7509052,0.0,4,1,0,0
Zone_DH606,13056294682,90.4124306,23.7492397,0.03107727,3,3,0,1
Zone_DH606,13056294683,90.4122212,23.749255,0.0,4,1,0,0
Zone_DH606,4898905909,90.4268079,23.7535384,0.0,4,1,0,0
Zone_DH606,4072800054,90.412222,23.7580628,0.00827976,4,3,0,1
Zone_DH606,4072881974,90.4114156,23.7568129,0.04864164,3,3,0,1
Zone_DH606,4072800056,90.4124516,23.7581273,0.0,4,1,0,0
Zone_DH606,5956370241,90.4231292,23.7525279,0.01331147,4,3,0,1
Zone_DH606,5956370242,90.4227475,23.7526355,0.0,4,1,0,0
Zone_DH606,387391309,90.420189,23.7527556,0.03087642,3,3,0,0
Zone_DH606,387391310,90.4213738,23.7525517,0.03284378,3,3,0,0
Zone_DH606,387391314,90.4226834,23.7521922,0.02789332,3,3,0,0
Zone_DH606,387391317,90.4229991,23.7521061,0.02533655,3,3,0,0
Zone_DH606,3887857494,90.4054762,23.7558176,0.0,4,1,0,0
Zone_DH606,4077756251,90.4098589,23.7538337,0.0,4,1,0,0
Zone_DH606,3887857501,90.4058585,23.7558591,0.00108669,4,3,0,1
Zone_DH606,4077068126,90.4092436,23.7512527,0.09796254,2,3,0,1
Zone_DH606,4077068125,90.4091666,23.7511205,0.0,4,1,0,0
Zone_DH606,7147929449,90.4117967,23.7431558,0.0,4,1,0,0
Zone_DH606,4077756274,90.4097968,23.7543301,0.04163798,3,3,0,1
Zone_DH606,12595068801,90.4208808,23.7374441,0.00533615,4,2,0,1
Zone_DH606,4077690777,90.409926,23.7554156,0.0,4,1,0,0
Zone_DH606,3518619562,90.4091867,23.7488234,0.00479252,4,3,0,1
Zone_DH606,8780193709,90.4080726,23.7443938,0.0,4,2,0,0
Zone_DH606,8780193713,90.4083325,23.7442902,0.0,4,2,0,0
Zone_DH606,11330731954,90.423143,23.7581625,0.0,4,1,0,0
Zone_DH606,3518619574,90.4098514,23.7489858,0.00475246,4,3,0,1
Zone_DH606,11330731961,90.4223219,23.7589067,0.00383402,4,3,0,1
Zone_DH606,4077658052,90.4102606,23.7566324,0.0,4,1,0,0
Zone_DH606,4077658053,90.4104067,23.7566357,0.00213847,4,3,0,1
Zone_DH606,12318965725,90.4089143,23.7412305,0.0,4,1,0,0
Zone_DH606,12318965726,90.4109466,23.7386834,0.0,4,1,0,0
Zone_DH606,3518619614,90.408973,23.7493295,0.0,4,1,0,0
Zone_DH606,386932713,90.4166641,23.7476549,0.01951972,4,3,0,0
Zone_DH606,12823822324,90.416059,23.7499909,0.02453083,3,3,0,0
Zone_DH606,12823822326,90.4160075,23.7494762,0.06100892,3,4,0,0
Zone_DH606,12823822327,90.4159976,23.7493944,0.05312801,3,3,0,0
Zone_DH606,12823822328,90.4170188,23.7520058,0.00477764,4,3,0,0
Zone_DH606,387129337,90.4293688,23.7510572,0.00106952,4,2,0,1
Zone_DH606,12823822330,90.4169691,23.7520769,0.04497587,3,4,0,0
Zone_DH606,12823822331,90.4170805,23.752053,0.04941875,3,3,0,0
Zone_DH606,4900421630,90.4277799,23.7454553,0.01900413,4,4,0,1
