zone_id,density,transitivity,avg_clustering_coef,avg_degree,n_scc,n_wcc,gscc_pct,gwcc_pct,wcc_fragmentation,orientation_entropy,path_length_p90_norm,mean_in_degree_centrality,mean_out_degree_centrality,hub_dominance_ratio,mean_closeness_centrality,mean_betweenness_centrality,betweenness_gini,mean_katz_centrality,mean_pagerank,mean_local_clustering,mean_strength_norm,global_efficiency,local_efficiency,uffm_bearing_entropy,uffm_angle_entropy,uffm_length_entropy,uffm_dominant_bearing_deg,uffm_angle_p90,uffm_angle_p180,uffm_median_length_m
Zone_DH004,0.6905335191990876,0.6127450980392157,0.3013029315960912,0.3274175737498028,0.0392156862745098,0.0666666666666666,0.5663056206088994,0.5663056206088994,0.4497744977449775,0.5054017991649807,0.230609548971504,0.9275220372184132,0.9275220372184132,0.0,1.0,0.779947793466948,0.0302949061662197,0.9411015218510824,0.8942514601905932,0.3831026948288419,0.9330645161290324,1.0,0.3834614403846854,0.4408699158963871,0.6624050822412747,0.00022432721461837312,0.7714285714285715,0.1333031664901221,0.15133646008833843,0.4761904761904762
Zone_DH005,0.434391802596086,0.636437908496732,0.3705211726384365,0.3991165799021928,0.0392156862745098,0.0666666666666666,0.9334016393442623,0.9334016393442623,0.2738827388273883,0.8069125812421984,0.547398880291879,0.4007471015648133,0.4007471015648133,0.2861675514064312,0.5045499335612654,0.7053336375931565,0.4983914209115281,0.6086250066592084,0.4020220651022987,0.3466860888565186,0.4161290322580645,0.5866713362226211,0.3469381807584423,0.7270205042600629,0.8991027045153019,0.44629143534848825,0.7714285714285715,0.15684873042154737,0.25293702472565005,0.7619047619047618
Zone_DH006,0.3752285605662871,0.5212418300653595,0.512214983713355,0.4762580848714307,0.0392156862745098,0.0666666666666666,0.3095725995316159,0.3095725995316159,0.2263222632226322,0.848964834502647,0.1955085865257595,0.6378607384461198,0.6378607384461198,0.2397339679053023,0.7394444527389182,0.7237283701877321,0.4766756032171581,0.762390567009394,0.6053215834955767,0.6067006554989075,0.6532258064516129,0.7996527017758905,0.6071399949000037,0.794402915859495,0.8833445446879816,0.6977388450993631,0.5142857142857143,0.17315168094449643,0.3922237147670871,1.0
Zone_DH007,0.2434599996379238,0.5383986928104575,0.3745928338762215,0.6175264237261398,0.0392156862745098,0.0666666666666666,0.9663348946135834,0.9663348946135834,0.1357113571135711,0.8480609477897817,0.3809523809523809,0.2141691152464903,0.2141691152464903,0.1790225151015926,0.3971692620074949,0.3960850665939411,0.29142091152815,0.4067444462202333,0.1963145130990197,0.3430444282592862,0.225,0.4286593996702126,0.3428581836727259,0.8113792768090156,0.9308186507335027,0.9854345670940929,0.6285714285714287,0.16026563962277734,0.34179340649332907,0.5238095238095238
Zone_DH008,0.0963484620815757,0.3913398692810457,0.250814332247557,0.3871273071462375,0.4313725490196078,0.1333333333333333,0.6519320843091335,0.936768149882904,0.1049610496104961,0.8877458787070115,0.4754985217336604,0.086265934750093,0.086265934750093,0.3269876136432973,0.1605017990713507,0.2045516527430692,0.657372654155496,0.2594560758617015,0.0918809987362093,0.1660597232337946,0.0911290322580645,0.2627617504997884,0.1715055917817201,0.8863216872502141,0.9395467501665612,0.8692630948822035,0.6000000000000001,0.225688266812016,0.34685920495423705,0.33333333333333326
Zone_DH009,0.0673009033799807,0.3799019607843137,0.2842019543973941,0.4753115633380659,0.3333333333333333,0.2666666666666666,0.8062060889929744,0.9139344262295084,0.1299712997129971,0.817414884001205,0.6866704409637038,0.0624482761238791,0.0624482761238791,0.2510830435047897,0.0927753474969766,0.301412025312933,0.7554959785522787,0.2032923126098769,0.0620965262834306,0.2702112163146394,0.0661290322580645,0.2002363962701922,0.2703653783104441,0.8197323737661144,0.8297889253603279,0.7803995834539854,0.0,0.36391497063874867,0.6172931560493602,0.19047619047619044
Zone_DH010,0.0452323623658055,0.2851307189542484,0.2133550488599348,0.638468212651838,0.2745098039215686,0.1,0.7870316159250587,0.9862412177985947,0.03280032800328,0.7098954073946541,0.2357048499716927,0.0386154325065105,0.0386154325065105,0.1837207883336383,0.1140208124934681,0.1217391788324214,0.6241286863270775,0.1423605561770816,0.0358643303617173,0.1930080116533139,0.0411290322580645,0.1634899093814298,0.19278714800918,0.7315089501556001,0.8070223242693595,0.6601902853331022,0.5142857142857143,0.42051636722646735,0.6283582259459952,0.19047619047619044
Zone_DH011,0.0362981334974745,0.4035947712418301,0.3330618892508143,0.7548903612557185,0.2156862745098039,0.1333333333333333,0.9332552693208432,0.9840456674473068,0.031570315703157,0.6756337967546163,0.5791029754041643,0.0310760843981808,0.0310760843981808,0.3623772042223443,0.0688947281983905,0.1690923966583366,0.6050938337801607,0.1172730985740415,0.026898247771288,0.3015294974508375,0.0330645161290322,0.123681944870055,0.3060362099741358,0.7071108031533044,0.8405541600290946,0.5428405886646027,0.028571428571428574,0.39435605787920247,0.6293315422794955,0.14285714285714285
Zone_DH012,0.0420732480040552,0.4861111111111111,0.4006514657980456,0.779973181889888,0.1372549019607843,0.1,0.7300936768149884,0.7300936768149884,0.027880278802788,0.7565531786682734,0.3584953135811788,0.0455170109863411,0.0455170109863411,0.0979315394471902,0.1289620627360814,0.1716415002977664,0.5525469168900804,0.1489442935023884,0.0383065204768248,0.2927895120174799,0.0483870967741935,0.1542529440091056,0.3035736403045427,0.7665742099058667,0.8926284918956325,0.43834443024759573,0.5142857142857143,0.33219864866254617,0.5430706707344839,0.09523809523809519
Zone_DH013,0.06960913880189,0.5506535947712419,0.497557003257329,0.7335147499605617,0.1176470588235294,0.2,0.9227166276346604,0.9227166276346604,0.0889708897088971,0.8212025997503549,0.5161351198339309,0.0637465928676096,0.0637465928676096,0.1159924339496003,0.1472961674554711,0.2434727919363725,0.5825737265415548,0.1882469412036297,0.0548895037059808,0.4697742170429715,0.0677419354838709,0.1836653095769674,0.4844413682561655,0.8081331068506636,0.9120564216614067,0.5558373051022706,0.5142857142857143,0.25784166520974533,0.5212137425436,0.14285714285714285
Zone_DH014,0.0770950630917682,0.4101307189542484,0.3469055374592834,0.6344849345322606,0.1764705882352941,0.0333333333333333,0.8770491803278688,0.9944379391100704,0.025420254202542,0.9231265871820254,0.7090016984336667,0.0651512045494233,0.0651512045494233,0.1895173592043443,0.1139125696113707,0.2586171391042516,0.6675603217158177,0.200575355601726,0.0608156573419407,0.3117261471230881,0.0693548387096774,0.172945760189117,0.3117117773487305,0.9117477597606384,0.9391378221122354,0.5582045569996839,0.5428571428571429,0.19670495798924278,0.5790036883566323,0.14285714285714285
Zone_DH015,0.048590618607093,0.5669934640522877,0.4771986970684039,0.8293500552137563,0.2745098039215686,0.0333333333333333,0.3978337236533958,0.9966334894613584,0.012710127101271,0.9126673266474412,0.6738378310373025,0.040915958666454,0.040915958666454,0.3264994813594485,0.0562153809402947,0.1538423006495205,0.5734584450402145,0.138143057553318,0.0342931311268231,0.4275309541150764,0.0435483870967741,0.1313896306673087,0.434541546756038,0.9105628777788572,0.8986681409223201,0.4072655499910748,0.37142857142857144,0.345004987813281,0.5881847365784801,0.09523809523809519
Zone_DH016,0.0782537067545304,0.5416666666666666,0.4845276872964169,0.9902981542830098,0.1764705882352941,0.0666666666666666,0.8808548009367683,0.961797423887588,0.034440344403444,0.8840012051822838,0.2581619173428948,0.0689018973646447,0.0689018973646447,0.2252730489962779,0.1940011048239,0.1576548246517245,0.395710455764075,0.1833191270221796,0.0524985483485329,0.4450109249817917,0.0733870967741935,0.2183367625384873,0.4491639648828823,0.8822179875189461,0.9859824460310144,0.5099025794442563,0.0,0.26864259489700426,0.38964528026956874,0.09523809523809519
Zone_DH017,0.6120625667577891,0.326797385620915,0.1506514657980456,0.6341694273544723,0.0196078431372549,0.0333333333333333,0.9186182669789228,0.9186182669789228,0.2222222222222222,0.7312013084836223,0.2381581430458577,0.5635302067436546,0.5635302067436546,0.1598023064250412,0.7625711043759984,0.5526490084654729,0.0,0.6854323158062969,0.4976944359053182,0.1427530954115076,0.5814516129032258,0.7889681740576984,0.1428581836727259,0.7072232724423709,0.8125245351758241,0.5737314257443552,0.5428571428571429,0.09938089410409617,0.18262488046992398,0.42857142857142855
Zone_DH019,0.4869743106975396,0.0,0.0,0.0809275911026976,0.0784313725490196,0.1333333333333333,0.7255562060889931,0.7255562060889931,0.6346863468634687,0.7611156544570223,0.5050638485248788,0.5791479701463074,0.5791479701463074,0.4410885349929832,0.6434143537526688,0.9330053264021462,0.4785522788203754,0.7936888462699554,0.652252621511767,0.0,0.5919354838709677,0.7307213004713333,0.0,0.572228367482388,0.5674588697569923,0.03132674115324335,0.31428571428571433,0.051461892078118396,0.6401006329402122,0.4761904761904762
Zone_DH020,0.3489508843709832,0.0,0.0,0.3571935636535731,0.0980392156862745,0.1666666666666666,0.4200819672131148,0.4200819672131148,0.4583845838458384,0.8562389704299918,0.2818770837264892,0.5767942965173223,0.5767942965173223,0.1995850875587284,0.6613677421281297,0.7116841337778496,0.4257372654155495,0.7085664056256992,0.5290842640980975,0.0,0.5935483870967742,0.7363714631761736,0.0,0.7607241117637181,0.8162963522500308,0.43354619343163814,0.2857142857142857,0.13408733301109663,0.39943536268840213,0.6666666666666666
Zone_DH021,0.4098792476057715,0.5449346405228758,0.3599348534201954,0.4884051112162801,0.0196078431372549,0.0333333333333333,0.7609777517564403,0.7609777517564403,0.1615416154161542,0.8670425687599533,0.4029062087186261,0.4210342497475495,0.4210342497475495,0.2596253584721459,0.5614035742546171,0.6507338412988184,0.495710455764075,0.6163940830714044,0.4119274515831539,0.088856518572469,0.4362903225806451,0.6136934728363175,0.0888492222505555,0.7876745315266187,0.8510280544055554,0.28882157166895983,0.3428571428571429,0.13828840873330112,0.36323482537225094,0.8095238095238094
Zone_DH022,0.2410250375654,0.5571895424836601,0.3094462540716612,0.4272755955197979,0.0588235294117647,0.1,0.8146955503512882,0.8146955503512882,0.2017220172201722,0.8487496233805362,0.6365981002704912,0.2443113226886545,0.2443113226886545,0.265482945878333,0.3474596515325699,0.592421704114743,0.3817694369973191,0.4592634027666791,0.2429039860641459,0.3168244719592133,0.2556451612903225,0.4198864714208583,0.3343703325926196,0.8156744731921971,0.9455391789098607,0.5088547082975531,0.6571428571428571,0.07765048284089389,0.3635080369746369,0.5238095238095238
Zone_DH023,0.1530405344243894,0.6258169934640523,0.4592833876221498,0.5765104906136613,0.0784313725490196,0.1333333333333333,0.9559426229508198,0.9559426229508198,0.1484214842148421,0.9430981793139068,0.704220922186576,0.1367332528528802,0.1367332528528802,0.1941546159009091,0.2323788052971827,0.4352566635684111,0.6286863270777479,0.3161126205316711,0.1277794856030331,0.4231609613983976,0.1443548387096774,0.2923842460855988,0.4330042621398128,0.9349198222846605,0.9335379968712393,0.8425479172596034,0.028571428571428574,0.21442197928771964,0.5021800009107056,0.5714285714285714
Zone_DH024,0.1715788330285859,0.5547385620915033,0.4193811074918566,0.6352342640795078,0.0588235294117647,0.1,0.5834309133489463,0.5834309133489463,0.1275112751127511,0.917014591314079,0.5819336981820469,0.211299151918244,0.211299151918244,0.1571785953993532,0.2797481300108989,0.5606246973635144,0.5490616621983915,0.3980342016941025,0.189466133825187,0.4413692643845593,0.2225806451612903,0.3766288724481607,0.4415576846016539,0.9018532032922423,0.9699624241884883,0.8440117582510455,0.5714285714285714,0.20705338502833284,0.4882689768225491,0.8095238095238094
Zone_DH025,0.1659304451726198,0.4656862745098039,0.3151465798045602,0.605063890203502,0.0980392156862745,0.1666666666666666,0.9414519906323184,0.9414519906323184,0.1910619106191062,0.9198984203503636,0.4044788324841165,0.1514247317950937,0.1514247317950937,0.168161571785954,0.3047410382358649,0.3601137634899343,0.4243967828418231,0.3307761973256619,0.1377019503364416,0.2935178441369264,0.1596774193548387,0.3411490026120328,0.2934537903901497,0.9075153863993397,0.9820896652980375,1.0,0.6285714285714287,0.1330846282793587,0.2910841947088019,0.619047619047619
Zone_DH026,0.0565200861741224,0.196078431372549,0.1099348534201954,0.361807856128727,0.2745098039215686,0.2,0.5923594847775178,0.9557962529274008,0.0906109061090611,0.8555933370636594,0.4881424168082028,0.0501180633062281,0.0501180633062281,0.3416925986942462,0.1025507995043222,0.1449371350969271,0.5831099195710454,0.1871814678670999,0.054479625644704,0.1019664967225054,0.0532258064516129,0.1893592493688803,0.1050453535390332,0.8468538645509335,0.9025919903530457,0.8831165170141768,0.028571428571428574,0.3161656571058342,0.4666909521424343,0.28571428571428564
Zone_DH027,0.0379727356663106,0.3464052287581699,0.2817589576547231,0.4879318504495977,0.2352941176470588,0.1333333333333333,0.7341920374707261,0.9679449648711944,0.038950389503895,0.8100977058494382,0.7401396489903754,0.0329286533190594,0.0329286533190594,0.2706083348587467,0.0415615342122157,0.2182377790517111,0.7780160857908845,0.1361452950473247,0.0335929227721419,0.2308812818645302,0.0354838709677419,0.1088356754074917,0.2309059779243015,0.8235632932046837,0.8269941751894347,0.7778754912393102,0.0,0.4031875726318171,0.6068428122580939,0.19047619047619044
Zone_DH028,0.0319984792801926,0.3594771241830065,0.2923452768729642,0.6849660829783878,0.2745098039215686,0.1333333333333333,0.853337236533958,0.990046838407494,0.029110291102911,0.7457495803383118,0.2818141787758696,0.0272266891404535,0.0272266891404535,0.1600463725669656,0.0864599352035712,0.113808015762143,0.6131367292225199,0.1100145614689325,0.024575605424053,0.2636562272396213,0.0290322580645161,0.1163799267463409,0.2636115259917672,0.775394112931996,0.8624309062914141,0.7718624353021847,0.5142857142857143,0.3888488949679649,0.5416875369974046,0.23809523809523805
Zone_DH029,0.0172800840016655,0.4485294117647059,0.3843648208469055,0.822211705316296,0.1568627450980392,0.0666666666666666,0.9815573770491804,0.9972189695550352,0.006150061500615,0.712865320879783,0.4828584009561552,0.0145168515439339,0.0145168515439339,0.3308926719140887,0.0360859373833589,0.0956526094917933,0.6428954423592491,0.0651048603342034,0.0119547767872391,0.3445010924981792,0.0161290322580645,0.0604357279399962,0.3469746093038505,0.7431032775242217,0.8802694482631385,0.5567275884759075,0.028571428571428574,0.3548520624865021,0.5859364327671782,0.14285714285714285
Zone_DH030,0.0180223400981226,0.5612745098039216,0.4714983713355049,0.7671557027922387,0.2549019607843137,0.2666666666666666,0.4048594847775176,0.9879976580796254,0.031980319803198,0.7946025050574612,0.350820909605586,0.015397581030909,0.015397581030909,0.3550552199646105,0.0262470326520252,0.0508596267622487,0.7485254691689005,0.0695842878198639,0.013064863203197,0.425345957756737,0.0169354838709677,0.0531424652336966,0.4325452624676696,0.8069891190798804,0.8869074711316983,0.5145921319292575,0.5142857142857143,0.3234648333453315,0.5848777378079322,0.09523809523809519
Zone_DH031,0.0276445136412187,0.5155228758169935,0.4234527687296416,0.6599621391386655,0.1568627450980392,0.1666666666666666,0.9821428571428572,0.9888758782201408,0.031570315703157,0.8031679077174708,0.3632131848776498,0.0235671062721605,0.0235671062721605,0.1721276465922265,0.0941563773720121,0.1111420318248354,0.7823056300268095,0.1003720277733383,0.0215869112272432,0.381646030589949,0.025,0.1066876796684615,0.3883137226330553,0.7752589365099019,0.8471597071272374,0.6498296049564727,1.0,0.3320263891317092,0.6011509038750513,0.14285714285714285
Zone_DH032,0.032885565834495,0.4264705882352941,0.3371335504885993,0.6293973812904243,0.2745098039215686,0.1666666666666666,0.7958138173302108,0.9843384074941453,0.038130381303813,0.8882623854000774,0.2758382084670062,0.0281909360787797,0.0281909360787797,0.1867716151076942,0.0912151569895041,0.0933984894612931,0.7160857908847182,0.1151599097899241,0.0262663524268196,0.3051711580480699,0.0298387096774193,0.1274059157436997,0.3096062074241376,0.8657919347992156,0.865258891448829,0.7165289218451273,1.0,0.2703754743564693,0.6435043941532719,0.19047619047619044
Zone_DH033,0.0191266723391929,0.3995098039215686,0.3257328990228013,0.8839722353683547,0.0980392156862745,0.0666666666666666,0.9866803278688524,0.997072599531616,0.006560065600656,0.8551629148194378,0.2859030005661445,0.016073313137295,0.016073313137295,0.2972725608639942,0.0608399647650756,0.0843152205976479,0.713941018766756,0.0683190382327348,0.0127574546572394,0.291332847778587,0.0177419354838709,0.0788016752031986,0.2973297876215803,0.8518747636501541,0.8551083075043048,0.5179662620527609,1.0,0.3857302261484826,0.647659487272893,0.09523809523809519
Zone_DH034,0.015840831326828,0.3553921568627451,0.3151465798045602,0.9568149550402272,0.1568627450980392,0.1,0.4672131147540984,0.995023419203747,0.00820008200082,0.7893083114535359,0.404227212681638,0.0133476072250187,0.0133476072250187,0.2592592592592593,0.0238507591931799,0.0530636552365156,0.7560321715817693,0.0567764104203292,0.0099907777436212,0.2825928623452294,0.014516129032258,0.06715697004188,0.287938508615351,0.8037330132796157,0.8494329096952468,0.4278274772274626,0.0,0.41886061890021287,0.5774099540093803,0.09523809523809519
Zone_DH035,0.0620236435722432,0.4264705882352941,0.3208469055374592,0.7404559078719041,0.1372549019607843,0.1,0.4456967213114755,0.4543325526932085,0.042640426404264,0.7902121981664012,0.291187016418192,0.0896521877776006,0.0896521877776006,0.1008603331502837,0.189313068275131,0.2922174418798804,0.331367292225201,0.2313542166107293,0.0759469891040748,0.211944646758922,0.0951612903225806,0.2465321250857301,0.2119267057666387,0.8085988149847589,0.8514308835331662,0.517509976944293,0.028571428571428574,0.3728878924689162,0.44260279586539775,0.09523809523809519
Zone_DH037,0.2598439451816717,0.6029411764705883,0.3395765472312703,0.3931613819214385,0.0980392156862745,0.1666666666666666,0.8170374707259954,0.8170374707259954,0.3357933579335794,0.93857874574958,0.3197458639994967,0.27112801706793,0.27112801706793,0.2547440356336567,0.4713417638364264,0.480595087688052,0.5477211796246647,0.4836716211176816,0.2664719745875602,0.3466860888565186,0.2838709677419354,0.4926673379153351,0.3469381807584423,0.8832492619136457,0.8869333753173785,0.39755401867084533,0.2285714285714286,0.04471548895996378,0.5073596375392742,0.5238095238095238
Zone_DH038,0.1191773629994387,0.3169934640522876,0.2068403908794788,0.6661145291055369,0.0,0.0,1.0,1.0,0.017220172201722,0.9606594068781474,0.4498962068314776,0.0999096493026292,0.0999096493026292,0.1765818536823479,0.2211327430985831,0.305703201963589,0.4932975871313672,0.259393923250404,0.0918809987362093,0.1849963583394027,0.1056451612903225,0.2520042609698084,0.185231867691523,0.937301634663286,0.9854919068187232,0.8797373305442724,0.942857142857143,0.10267439349218915,0.3478780565548016,0.5714285714285714
Zone_DH039,0.1484059597733403,0.3455882352941176,0.1864820846905537,0.5903533680391228,0.0588235294117647,0.1,0.968237704918033,0.968237704918033,0.1131611316113161,0.9363835923040502,0.4145436245832546,0.1302568541253825,0.1302568541253825,0.1951918970040881,0.2850035085623852,0.34459094678607,0.4565683646112599,0.3075178022836645,0.1218874884721795,0.1711580480699198,0.1379032258064516,0.3147835223044258,0.1709008779279443,0.9247699900307575,0.9716342781785364,0.867191740813887,0.3428571428571429,0.11740901097318919,0.28424821274076767,0.6666666666666666
Zone_DH040,0.1958469866212864,0.4877450980392157,0.4087947882736156,0.5418441394541726,0.0980392156862745,0.1666666666666666,0.9290105386416864,0.9290105386416864,0.2332923329233292,0.8586923772220548,0.3099955966534565,0.1820073039807454,0.1820073039807454,0.194093599365428,0.3677570581824154,0.3869405747171218,0.28686327077748,0.373830199065935,0.1696553608634764,0.3838310269482883,0.1919354838709677,0.395826584365743,0.3841098684929511,0.8211300399476285,0.9806443226443522,0.6392375073347946,1.0,0.1932109176548021,0.34648923090933936,0.5238095238095238
Zone_DH041,0.1594130745695819,0.6977124183006537,0.6343648208469055,0.7074065309985801,0.0784313725490196,0.1333333333333333,0.9358899297423888,0.9358899297423888,0.1439114391143911,0.911333017690354,0.3103730263571743,0.1449103705897091,0.1449103705897091,0.1234974678137776,0.3236126248525657,0.3026921428611184,0.5195710455764075,0.3134578161348179,0.1257642518017556,0.5928623452294246,0.1532258064516129,0.3485998628317938,0.602506283924083,0.9023880341151606,0.9587933345057962,0.8334860721858972,0.5142857142857143,0.21365323899338734,0.4781999908929467,0.4761904761904762
Zone_DH042,0.1390281876278581,0.3562091503267974,0.2842019543973941,0.6676526265972552,0.0980392156862745,0.1666666666666666,0.9139344262295084,0.9139344262295084,0.1549815498154981,0.9231265871820254,0.2670944203308799,0.1293229771693658,0.1293229771693658,0.137470254438953,0.3099329640633631,0.2920282071118878,0.423592493297587,0.2954779535808783,0.1139802575400485,0.269482884195193,0.1370967741935484,0.3290957113047031,0.2698408072565663,0.9133467131422665,0.9614148918960773,0.8226330220864977,0.05714285714285715,0.1969749169554799,0.5549838349801922,0.42857142857142855
Zone_DH043,0.1257490450241686,0.3602941176470588,0.2817589576547231,0.5605773781353525,0.1176470588235294,0.2,0.4293032786885246,0.4293032786885246,0.1746617466174662,0.7484181982524856,0.2525633767377492,0.1859022542119369,0.1859022542119369,0.1836597717981572,0.3459479836963824,0.3978716654329302,0.3482573726541553,0.3761609219895939,0.1714485773815623,0.2629278951201748,0.1959677419354838,0.3898729005238658,0.2628829550836035,0.6640142681557242,0.6919741608130211,0.7744917652473101,0.9142857142857144,0.5090783343788887,0.6138609352943856,0.33333333333333326
Zone_DH044,0.0592447091623368,0.2598039215686274,0.1962540716612377,0.545709102382079,0.3333333333333333,0.2,0.3233313817330212,0.9631147540983608,0.084460844608446,0.7410149356518745,0.3508838145562056,0.0521756296076957,0.0521756296076957,0.2227713710415522,0.1012108272742202,0.1129341963922948,0.7168900804289544,0.1780317155896507,0.0504833145472555,0.1798980335032775,0.0556451612903225,0.1719301317690321,0.180182871297949,0.658487014903005,0.7097250724496804,0.6529511192803298,0.9142857142857144,0.5832013533942841,0.6304186967806568,0.19047619047619044
Zone_DH045,0.068703948440357,0.4820261437908497,0.3705211726384365,0.5020507966556239,0.3333333333333333,0.2,0.7353629976580798,0.8919789227166278,0.1000410004100041,0.8133689149055222,0.5359501792791092,0.0640806626730139,0.0640806626730139,0.2466898529501495,0.1308021917317368,0.2335101379744087,0.7077747989276137,0.2059071617566103,0.0634286299825801,0.3576110706482155,0.0677419354838709,0.184397846167316,0.3579978871443663,0.7818542398106144,0.9462155491873155,0.7635975406328959,0.5428571428571429,0.28534405627487475,0.4027423614589499,0.23809523809523805
Zone_DH046,0.1101707189021851,0.5727124183006536,0.4030944625407166,0.608810537939738,0.1176470588235294,0.2,0.920813817330211,0.920813817330211,0.1492414924149241,0.8223647398097533,0.4754985217336604,0.1018305506837042,0.1018305506837042,0.1698700347794252,0.209013272816853,0.3216156196603792,0.5780160857908845,0.2613517305062774,0.092974006899614,0.381646030589949,0.1080645161290322,0.2375519852908987,0.3816327274051947,0.8135987603599167,0.98608937220354,0.949779592556306,0.5428571428571429,0.15865616997644927,0.37106689130731757,0.42857142857142855
Zone_DH047,0.0273548527255281,0.4885620915032679,0.4413680781758957,0.9317715728032812,0.0980392156862745,0.1666666666666666,0.9806791569086653,0.9806791569086653,0.026650266502665,0.7795807687341281,0.2587280618984714,0.0235063663075416,0.0235063663075416,0.0467996827140154,0.0888748712282954,0.0941442970763228,0.5659517426273458,0.0891667998508337,0.0182566519793694,0.3998543335761106,0.025,0.0930846794787608,0.3998834286546938,0.7917444223413032,0.8688879828898886,0.5125904960861475,0.028571428571428574,0.37306272303752686,0.6178851145211968,0.09523809523809519
Zone_DH048,0.0222224233756358,0.5800653594771241,0.515472312703583,0.910750907083136,0.1568627450980392,0.2333333333333333,0.9852166276346606,0.988436768149883,0.031160311603116,0.7930529849782636,0.2646411272567151,0.0189584614566962,0.0189584614566962,0.0558301299652206,0.0743143373296107,0.0830351030494626,0.6857908847184985,0.076416635590361,0.0147897667110701,0.4646758922068463,0.0201612903225806,0.0734112565483226,0.465017667844523,0.7932018118772179,0.8729121899534525,0.5301535040791916,1.0,0.3553354175879552,0.6344997950912982,0.09523809523809519
Zone_DH049,0.0294729981715154,0.3325163398692811,0.261400651465798,0.8166114529105538,0.0980392156862745,0.1666666666666666,0.9891686182669792,0.9891686182669792,0.030750307503075,0.690052941936039,0.3280493174812858,0.0251159753699443,0.0251159753699443,0.0965281591311246,0.0946714641902685,0.1148265440722208,0.740214477211796,0.0982233232113366,0.0209208593776684,0.2359796067006555,0.0266129032258064,0.1038509244261553,0.2359622600269571,0.6960243434120499,0.7703691278353763,0.6517915791400064,0.5142857142857143,0.47046906013143147,0.7036963253039481,0.14285714285714285
Zone_DH050,0.0366058982203957,0.2883986928104575,0.2280130293159609,0.7657753588894148,0.2745098039215686,0.2666666666666666,0.7431206088992975,0.9651639344262296,0.061910619106191,0.7306417595661342,0.3649116185443795,0.0321390337790128,0.0321390337790128,0.1109280615046677,0.0790396990101375,0.1086541511985796,0.7436997319034853,0.1184983929110507,0.0273764388427776,0.2090313182811362,0.0346774193548387,0.1113134585358023,0.2137481330370478,0.7358291134036417,0.788273495162641,0.7900172455981082,0.5142857142857143,0.40680245174162105,0.7252003551750833,0.19047619047619044
Zone_DH051,0.0226840704600177,0.2287581699346405,0.2035830618892508,0.9366224956617762,0.1568627450980392,0.2666666666666666,0.973507025761124,0.973507025761124,0.036080360803608,0.7108853785563637,0.1393344656224445,0.0197025260232785,0.0197025260232785,0.2595643419366648,0.1068618522223383,0.0650077085339314,0.5474530831099195,0.0775975352050148,0.0150800970044745,0.1857246904588492,0.0209677419354838,0.1012797501787564,0.185712724490911,0.7197215832422433,0.8096907628373975,0.6613345870981586,0.5142857142857143,0.42410810699630797,0.7081132462091891,0.19047619047619044
Zone_DH052,0.0132610387964588,0.2883986928104575,0.25814332247557,1.0,0.1764705882352941,0.0666666666666666,0.9364754098360656,0.9407201405152228,0.003280032800328,0.7086041406619894,0.1187645467698307,0.0119202180564729,0.0119202180564729,0.2303374214412105,0.0754303587691664,0.0398005242916219,0.5469168900804289,0.0499884573721876,0.0084878915189397,0.2155863073561544,0.0129032258064516,0.0695880576106465,0.2176969873592947,0.7325676765755518,0.7897451380951382,0.45698503881819613,0.5142857142857143,0.4671010006479016,0.6997347570693502,0.09523809523809519
Zone_DH053,0.0390408602929196,0.3553921568627451,0.2956026058631921,0.9129594573276544,0.1568627450980392,0.0666666666666666,0.8444086651053866,0.8786592505854801,0.01640016400164,0.7106271252098307,0.2518714222809334,0.0368919360104472,0.0368919360104472,0.0449691866495821,0.1190970304125173,0.1336108776597225,0.5426273458445039,0.1235371938983893,0.0289476380776718,0.224326292789512,0.039516129032258,0.1332399422142451,0.2242468398236858,0.7290484159462964,0.8051353218442882,0.4476920429923972,0.5428571428571429,0.45698910908399065,0.606706206456901,0.09523809523809519
Zone_DH055,0.2100132157792784,0.8284313725490197,0.5431596091205211,0.6113740337592679,0.0196078431372549,0.0333333333333333,0.9707259953161592,0.9707259953161592,0.0762607626076261,0.8757801403176515,0.5107252940806442,0.1820073039807454,0.1820073039807454,0.194093599365428,0.3197046835575329,0.4425422021361266,0.3750670241286862,0.3736437412320422,0.1696553608634764,0.4952658412235979,0.1919354838709677,0.3668665820309649,0.5204109139922044,0.825986506379791,0.9433136575076677,0.7052681109427834,0.05714285714285715,0.13656581342493077,0.5782580483584537,0.6666666666666666
Zone_DH056,0.1107047812154896,0.380718954248366,0.2931596091205211,0.6173292317400221,0.0784313725490196,0.1333333333333333,0.968384074941452,0.968384074941452,0.1049610496104961,0.9705160762708216,0.2904950619613763,0.0971839433903529,0.0971839433903529,0.1805479284886204,0.2769002224577853,0.2525671922569585,0.2908847184986594,0.2557535560172607,0.0897462171670594,0.2680262199563,0.1032258064516129,0.2823563746734959,0.2683472368948308,0.9502415903003635,0.9982005799210945,0.901619730230712,0.08571428571428573,0.10028589940043396,0.3212399253221621,0.619047619047619
Zone_DH057,0.1364302912902583,0.2622549019607842,0.1400651465798045,0.5341142135983593,0.0784313725490196,0.1333333333333333,0.9596018735363,0.9596018735363,0.1357113571135711,0.9398700124822448,0.3400641630496319,0.1212673393617748,0.1212673393617748,0.2211239245835621,0.292128876214933,0.3125546137106155,0.4292225201072384,0.2993802496759185,0.1165078389179219,0.1289147851420247,0.1282258064516129,0.3101723357994425,0.1291756220174128,0.9145687138851101,0.9374114769112941,0.8824753956755582,0.05714285714285715,0.1406434793339984,0.22739173990255462,0.5714285714285714
Zone_DH058,0.1023770298893857,0.4248366013071895,0.3289902280130293,0.6062864805174316,0.0392156862745098,0.0666666666666666,0.9777517564402812,0.9777517564402812,0.056580565805658,0.8982051392415958,0.3536516323834686,0.0882323911046321,0.0882323911046321,0.1976325584233327,0.2345212678600755,0.2649342409181225,0.4383378016085791,0.2437891783424786,0.0829661509034395,0.2986161689730517,0.0935483870967742,0.2492988369887201,0.2989035007832137,0.8973102823070198,0.8930223715854746,0.841572839199167,0.5142857142857143,0.17816006252763866,0.5301784982468923,0.23809523809523805
Zone_DH059,0.0645762803917663,0.3799019607843137,0.2785016286644951,0.6254535415680706,0.1372549019607843,0.2333333333333333,0.9666276346604216,0.9666276346604216,0.1012710127101271,0.9622519691817674,0.4017739196074731,0.0568981618568207,0.0568981618568207,0.1749344072243577,0.1611885814956926,0.2074235686337806,0.6675603217158177,0.18254221938096,0.0523106875704477,0.2549162418062636,0.0604838709677419,0.1776911964277897,0.254999817857273,0.9598144440188452,0.8461424992385633,0.6934278650487011,0.8,0.27273825807048757,0.6479725422339603,0.19047619047619044
Zone_DH060,0.0803628002969024,0.4428104575163398,0.3908794788273615,0.6711626439501498,0.0392156862745098,0.0666666666666666,0.988583138173302,0.988583138173302,0.042230422304223,0.9527396375844704,0.3282380323331446,0.0684919026034667,0.0684919026034667,0.1661480261150771,0.2032353424207587,0.2090376298901881,0.5471849865951742,0.2042024044181628,0.0623697783242818,0.3525127458120903,0.0725806451612903,0.2143092705278057,0.3523806054424247,0.9447633180690924,0.9099615858467082,0.8163551076063773,0.8,0.19963851208901962,0.5876895405491555,0.28571428571428564
Zone_DH061,0.0758730561036986,0.4828431372549019,0.3363192182410423,0.5781274648998265,0.1568627450980392,0.1,0.8865632318501172,0.8865632318501172,0.057810578105781,0.8266689622519691,0.6008051833679311,0.0717035282326948,0.0717035282326948,0.1928122521203246,0.1452731453142029,0.2859393001653021,0.7128686327077746,0.2137561486690462,0.0671516890391775,0.3262927895120174,0.0758064516129032,0.190281486669877,0.3265309096207788,0.7858830402756638,0.8058780369253674,0.8380052145223298,0.9142857142857144,0.4258049919269414,0.5286473748918538,0.33333333333333326
Zone_DH062,0.0667487372594456,0.4379084967320262,0.3542345276872963,0.4874585896829153,0.2745098039215686,0.1666666666666666,0.6817915690866512,0.7931791569086653,0.0832308323083231,0.7157061076916454,0.4129710008177644,0.0665102612577728,0.0665102612577728,0.2716456159619257,0.1438547903074098,0.2741065614372936,0.6024128686327076,0.2140891090867117,0.0674420193325818,0.3175528040786599,0.0709677419354838,0.2246056414072874,0.3176642016684274,0.6845565892209212,0.7199570781097572,0.7592963815343646,0.9142857142857144,0.524828511780495,0.651797504667365,0.23809523809523805
Zone_DH063,0.1551586798703767,0.6078431372549019,0.3876221498371335,0.5026818110112005,0.1372549019607843,0.2333333333333333,0.7444379391100704,0.7444379391100704,0.2546125461254613,0.9394395902380236,0.7931685223627098,0.1708918904554738,0.1708918904554738,0.1954359631460125,0.2103345824810761,0.5838170878995498,0.6179624664879355,0.3605162218315486,0.1595962701096424,0.3503277494537509,0.1798387096774193,0.3074172977863386,0.3502750355178318,0.9117367832857463,0.9697048171393633,0.8507876146134569,0.5142857142857143,0.15432911340333405,0.3042780383406948,0.33333333333333326
Zone_DH064,0.1183536397704437,0.6299019607843138,0.4120521172638436,0.664182047641584,0.0588235294117647,0.1,0.909543325526932,0.909543325526932,0.0865108651086511,0.8660525975982437,0.6358432408630559,0.1090434214822069,0.1090434214822069,0.1517481237415339,0.1816800788306782,0.3597297282254788,0.6093833780160857,0.2693516594747216,0.0976534480991904,0.392571012381646,0.1153225806451613,0.2313414758715288,0.3926414338275473,0.8684978924703032,0.9717186294199641,0.8809038259088832,0.5428571428571429,0.16528944743256166,0.5211055962843222,0.33333333333333326
Zone_DH065,0.0504462588482357,0.4240196078431373,0.3648208469055374,0.8951727401798393,0.0,0.0,1.0,1.0,0.003690036900369,0.759437007704558,0.284833616405611,0.0422598303836488,0.0422598303836488,0.069314784306547,0.1387001896116693,0.1425772662254899,0.6686327077747989,0.138134178608847,0.0342931311268231,0.3262927895120174,0.0451612903225806,0.1458214770389178,0.3263924811482278,0.7555037130669455,0.8494648246060917,0.725250503344091,1.0,0.3757006077933297,0.6977938163107328,0.19047619047619044
Zone_DH066,0.0259608595687673,0.4428104575163398,0.3941368078175895,0.9477441236788136,0.1372549019607843,0.2333333333333333,0.9871194379391102,0.9871194379391102,0.035670356703567,0.7271122971635173,0.2623136440837894,0.0221928645726563,0.0221928645726563,0.0401488803465739,0.0840338016393197,0.0883670709240779,0.6144772117962466,0.084776161809884,0.0170270177955391,0.3554260742898762,0.0241935483870967,0.0862612908403741,0.3555134603475283,0.7521108183615897,0.7974676732244392,0.590725985912863,1.0,0.44930941925398765,0.6811677519238651,0.14285714285714285
Zone_DH067,0.0248927349421583,0.3178104575163398,0.3175895765472312,0.9192301624861968,0.1176470588235294,0.2,0.9837529274004686,0.9837529274004686,0.029520295202952,0.6984892179227821,0.121972699251431,0.0213349125724134,0.0213349125724134,0.0519250716944291,0.1129794413174278,0.0697107490913948,0.5900804289544236,0.0833422122778044,0.0166342179868155,0.2869628550619082,0.0225806451612903,0.1044433743378715,0.2869549378893301,0.7312167712512241,0.7537083613460946,0.6543597590139202,1.0,0.49261597951397107,0.6994786211921133,0.14285714285714285
Zone_DH068,0.0356192407263247,0.2647058823529412,0.2223127035830618,0.8342009780722512,0.196078431372549,0.3333333333333333,0.974677985948478,0.974677985948478,0.072160721607216,0.6922050531571472,0.21010253506951,0.0310533069114487,0.0310533069114487,0.0796265788028556,0.1273234894519177,0.103678389946068,0.4825737265415549,0.1127581553104966,0.0253953615466065,0.2024763292061179,0.0330645161290322,0.1293437814647813,0.2027394266146953,0.7284891839186407,0.8371792082799646,0.8354840298205303,0.5428571428571429,0.3766801731851044,0.7048517827057056,0.23809523809523805
Zone_DH069,0.036723572967395,0.3243464052287582,0.2801302931596091,0.8824341378766368,0.0392156862745098,0.0666666666666666,0.994877049180328,0.994877049180328,0.015580155801558,0.7986915163775663,0.1851292696735233,0.0310001594424071,0.0310001594424071,0.0715723961193483,0.1364196240612729,0.0928085222434338,0.5962466487935656,0.1118391845577397,0.0250879530006489,0.2512745812090313,0.0330645161290322,0.1364152402632462,0.2513059633528833,0.8163571367669419,0.9070074043656102,0.8212291133280045,0.0,0.2677787262050454,0.6712638313373708,0.23809523809523805
Zone_DH070,0.0294005829425928,0.3651960784313725,0.3420195439739413,0.9469947941315664,0.0196078431372549,0.0333333333333333,0.9979508196721314,0.9979508196721314,0.005740057400574,0.7681745792622562,0.1616028181417877,0.0246907956176115,0.0246907956176115,0.0469217157849777,0.1233297003538422,0.0769517618313472,0.4517426273458445,0.092536359277609,0.0192130341223486,0.3066278222869628,0.0266129032258064,0.1214551503742941,0.306531638191687,0.7873952551599334,0.8824767021167708,0.67521525451683,0.0,0.34900295155136424,0.6630959428077048,0.19047619047619044
Zone_DH071,0.0717634918623386,0.3194444444444445,0.256514657980456,0.8847610033128253,0.0,0.0,1.0,1.0,0.007380073800738,0.7023199758963542,0.2814996540227715,0.0601401574683582,0.0601401574683582,0.0737079748611874,0.1935382731901043,0.1643670931869917,0.4391420911528149,0.1756388400546943,0.0492707586159784,0.2294246176256373,0.0637096774193548,0.2053583154576894,0.2298349786893009,0.7093811970229554,0.8215414678472163,0.5426778211099619,0.5428571428571429,0.4021385892201528,0.6760222667455946,0.14285714285714285
Zone_DH072,1.0,0.94281045751634,1.0,0.3274175737498028,0.0196078431372549,0.0333333333333333,0.8458723653395785,0.8458723653395785,0.4259942599425995,0.6765376834674816,0.3701327294458074,1.0,1.0,0.0363658551467448,0.9302654563370608,0.9939500531527068,0.2091152815013404,1.0,1.0,1.0,1.0,0.979696187015716,1.0,0.5522861608663557,0.614739144546515,0.09023771699946255,0.05714285714285715,0.014174131246336248,0.15433040389781888,0.619047619047619
Zone_DH073,0.2241070297083476,0.9901960784313726,0.6644951140065146,0.6127149392648682,0.0588235294117647,0.1,0.953307962529274,0.953307962529274,0.1689216892168921,0.94176387035682,0.3476756620746052,0.2009126179684,0.2009126179684,0.1723717127341509,0.371732184714612,0.3911315682553111,0.2270777479892762,0.390598085699572,0.1830617891177375,0.6132556445739257,0.2112903225806451,0.4035050854382816,0.6405012567848166,0.901987724423012,0.9297260563790484,0.5946742264522358,0.8857142857142858,0.0858983720188817,0.5719457219616593,0.6666666666666666
Zone_DH074,0.1239296123974871,0.7026143790849673,0.4731270358306189,0.4902587158857862,0.0588235294117647,0.1,0.9716042154566744,0.9716042154566744,0.1000410004100041,0.943915981577928,0.6663521419135685,0.1082462094465829,0.1082462094465829,0.2566965647690524,0.2026082802072291,0.376677371417758,0.6010723860589812,0.2857333120238666,0.1077466953581309,0.4311726147123088,0.114516129032258,0.2468823417823111,0.4313941204327711,0.9309909365301857,0.9291835322882925,0.8821416686598785,1.0,0.11355245431265877,0.4578343426984199,0.4761904761904762
Zone_DH075,0.1208791208791208,0.6830065359477124,0.504885993485342,0.5486669821738445,0.0784313725490196,0.1333333333333333,0.9017857142857144,0.9017857142857144,0.1193111931119311,0.7688202126285886,0.2901805372082783,0.112642264385881,0.112642264385881,0.2092257001647446,0.2801139163021245,0.2971208486622771,0.5281501340482573,0.2843526361586134,0.1070123304983434,0.4836125273124544,0.1193548387096774,0.2916196062980635,0.4841280827656551,0.7496111034593824,0.843069349508899,0.7894037725665056,0.028571428571428574,0.30989232493803803,0.5405093119621146,0.33333333333333326
Zone_DH076,0.0309756141716603,0.2916666666666667,0.2320846905537459,0.6932481463953305,0.0980392156862745,0.1666666666666666,0.9759953161592508,0.9759953161592508,0.034850348503485,0.9721086385744416,0.1675158835000314,0.0267559544146565,0.0267559544146565,0.1527854048447129,0.1335194613236984,0.1003055584930233,0.6887399463806968,0.1078880542681086,0.0239437100795846,0.2112163146394756,0.0290322580645161,0.1245954267536371,0.2111835634403118,0.9683286728254811,0.8694585761392267,0.5886249145878639,0.9714285714285714,0.31417824490677415,0.6226378580210374,0.14285714285714285
Zone_DH077,0.0163748936401325,0.3047385620915033,0.2557003257328989,0.7562707051585422,0.1372549019607843,0.2333333333333333,0.8171838407494146,0.8171838407494146,0.025830258302583,0.9838591658416904,0.2061395231804742,0.0164301604294315,0.0164301604294315,0.3657941302092866,0.0779722002418668,0.0717978972677838,0.8319034852546915,0.073633086498677,0.0141407931140485,0.2134013109978149,0.0177419354838709,0.0759153059288768,0.2135295617645987,0.9777687625179772,0.7973767711828657,0.47074548015578394,0.5142857142857143,0.40868959346750733,0.7171975319885252,0.09523809523809519
Zone_DH078,0.0293281677136701,0.213235294117647,0.1636807817589576,0.8721801545985173,0.1176470588235294,0.2,0.3155737704918033,0.3155737704918033,0.035670356703567,0.7308139284638229,0.1962005409825753,0.0541724559445444,0.0541724559445444,0.0222710354506071,0.1355275534122635,0.1815540627034969,0.609651474530831,0.1566423383588159,0.0415513884619325,0.1376547705753823,0.0580645161290322,0.1675378306994119,0.1444027539980328,0.7512408641595121,0.4746180480509933,0.3886597693961258,0.028571428571428574,0.7189804292604668,0.8638438595692364,0.09523809523809519
Zone_DH079,0.0345239603888697,0.2401960784313725,0.1669381107491856,0.5757217226691907,0.5490196078431373,0.5333333333333333,0.6572014051522249,0.7808840749414521,0.1279212792127921,0.754788447466965,0.6617600805183368,0.0365578662050429,0.0365578662050429,0.1833546891207517,0.0520909538810671,0.2057538500926694,0.8126005361930293,0.136828973771598,0.0339344878232059,0.1755280407865986,0.0387096774193548,0.1111033285178537,0.1809114422061127,0.7604074194539127,0.7150370070592149,0.4912069271194204,0.028571428571428574,0.5511816489607866,0.6312212558626656,0.09523809523809519
Zone_DH080,0.0305592266053551,0.3129084967320261,0.2190553745928338,0.4906136614607983,0.3725490196078431,0.4,0.8565573770491804,0.8990046838407494,0.0910209102091021,0.8223647398097533,0.4690193118198402,0.0286996332824636,0.0286996332824636,0.2494355970467997,0.0784387643888382,0.1650127176895548,0.6900804289544236,0.1222941416724379,0.0286743860368207,0.1871813546977421,0.0306451612903225,0.1126442819828102,0.1917307201923427,0.8194930775590832,0.8897698515801884,0.4125585098820099,1.0,0.3242721392062693,0.4954920085606302,0.047619047619047596
Zone_DH081,0.1328728931694335,0.6258169934640523,0.4079804560260586,0.4653336488405112,0.1764705882352941,0.2666666666666666,0.5598653395784545,0.5803571428571429,0.2521525215252153,0.926828218482331,0.8719255205384663,0.1668299053215801,0.1668299053215801,0.2404051497955946,0.1754243867480852,0.6481569090170367,0.4608579088471849,0.364640491538366,0.1628240598421969,0.3335761107064821,0.1758064516129032,0.2900932451954647,0.351193034862118,0.9070934410572528,0.890174579638373,0.602712220624769,0.5142857142857143,0.22032508201610493,0.4250489504120942,0.14285714285714285
Zone_DH082,0.1351358690732661,0.9109477124183007,0.7182410423452769,0.6161066414260925,0.1568627450980392,0.2666666666666666,0.2633196721311476,0.2633196721311476,0.2353423534235342,0.932768045452589,0.2162043152796124,0.2455261219810339,0.2455261219810339,0.1585819757154188,0.3798914585168486,0.4722131006116736,0.2831099195710455,0.4343579635252961,0.2201045189056255,0.4311726147123088,0.257258064516129,0.4361978140641188,0.4313941204327711,0.9205149097296558,0.9353052883279419,0.765573217180261,0.5428571428571429,0.22186770468031722,0.5075588543326807,0.23809523809523805
Zone_DH083,0.1158281586617665,0.7173202614379085,0.5382736156351792,0.6358652784350843,0.0,0.0,1.0,1.0,0.017220172201722,0.8667843154134204,0.9147637919104232,0.0971004259390019,0.0971004259390019,0.1926902190493624,0.1434852715030084,0.4235908966945138,0.6426273458445039,0.2575648606893612,0.0908050688253577,0.4814275309541151,0.1032258064516129,0.2079470005399174,0.4816436559688172,0.8703719186147083,0.9710574398589717,0.94388324076506,0.5428571428571429,0.0805660396762549,0.5977072993033105,0.42857142857142855
Zone_DH084,0.0414486666545974,0.3872549019607843,0.3412052117263843,0.8563259189146553,0.0588235294117647,0.1,0.9915105386416864,0.9915105386416864,0.026240262402624,0.6370249214479404,0.1985909291061205,0.0351836245055387,0.0351836245055387,0.0805418268350723,0.1464787470699771,0.10505869060672,0.5627345844504021,0.1228313178129383,0.028879325067459,0.3073561544064093,0.0379032258064516,0.143979920909396,0.311901205784853,0.6767457283645539,0.6762479058082687,0.6863945291298862,0.9714285714285714,0.5413037218342812,0.7368459997267885,0.19047619047619044
Zone_DH085,0.0314553650632728,0.4019607843137255,0.3550488599348534,0.8385786401640637,0.0980392156862745,0.1666666666666666,0.9568208430913352,0.9568208430913352,0.032390323903239,0.6985753023716265,0.2225577152921934,0.0275987214237447,0.0275987214237447,0.3128317774116785,0.1214261186341987,0.0968214124705712,0.4916890080428952,0.103843695061531,0.0226628411380947,0.3153678077203204,0.0298387096774193,0.1200105065008974,0.3192816290845507,0.7352486738343882,0.7278650866038062,0.7041819277404525,0.9714285714285714,0.5020491171056286,0.7523621419789629,0.19047619047619044
Zone_DH086,0.0530622589930662,0.4910130718954248,0.4144951140065146,0.6927354472314247,0.0980392156862745,0.1666666666666666,0.9691159250585484,0.9691159250585484,0.059040590405904,0.8202987130374896,0.2787318361955086,0.0461623731104176,0.0461623731104176,0.1502837268899871,0.1605764493348661,0.1663429267939734,0.5906166219839141,0.1564869568305719,0.0412952146736345,0.3328477785870357,0.0491935483870967,0.1622378846911527,0.3329496193217005,0.8280864449707765,0.8903750676177407,0.8434921337109583,0.5142857142857143,0.24750866439729732,0.6820215381813214,0.23809523809523805
Zone_DH087,0.0996795626120173,0.4101307189542484,0.3184039087947883,0.6977441236788137,0.0784313725490196,0.1333333333333333,0.9656030444964872,0.9656030444964872,0.0906109061090611,0.865320879783067,0.4955652009813172,0.0875111040247819,0.0875111040247819,0.1407651473549332,0.1989093596500395,0.2667431026709931,0.5967828418230561,0.2338669578960453,0.0775011100864159,0.2920611798980335,0.0927419354838709,0.2336178843993054,0.2918946486466796,0.8745251438216642,0.9692772582665597,0.8961365185073545,0.0,0.0523334738833983,0.6439540549155323,0.33333333333333326
Zone_DH088,0.1307547477234462,0.6200980392156863,0.4600977198697068,0.8079350055213755,0.0196078431372549,0.0333333333333333,0.9916569086651056,0.9916569086651056,0.041410414104141,0.8328670425687599,0.314965087752406,0.1109491378721272,0.1109491378721272,0.1019586307889438,0.291132295197002,0.2339053046958051,0.2168900804289544,0.2634072061513327,0.0941011715681251,0.4136926438455936,0.1177419354838709,0.3108552583577755,0.4211358420458271,0.8377675089591228,1.0,0.8770542851031506,0.0,0.1264025011055462,0.560954646874004,0.42857142857142855
Zone_DH089,0.4060050328584101,1.0,0.6384364820846905,0.5439343745070202,0.0,0.0,1.0,1.0,0.074620746207462,0.7617612878233547,0.2970371768258161,0.3404930566627945,0.3404930566627945,0.2449813899566782,0.5653227130891773,0.4912701548942233,0.331367292225201,0.5456954877204198,0.3302592478737575,0.5710123816460305,0.3548387096774193,0.584374498387544,0.5952351462606098,0.6929009061491704,0.9445238577208376,0.6937759013880651,1.0,0.06008001069551715,0.4989868403078184,0.5238095238095238
Zone_DH090,0.1877093252711045,0.6805555555555556,0.5407166123778502,0.5538334122101276,0.2352941176470588,0.1,0.8373829039812647,0.8373829039812647,0.1459614596145961,0.9297120475186158,0.3517015789142604,0.193244197435255,0.193244197435255,0.1563853804380987,0.3534839277982651,0.3991907430804081,0.3410187667560322,0.3787402553584429,0.1732930286573077,0.5440640932265113,0.2032258064516129,0.390620029476572,0.5439000400714,0.8816192756085252,0.9393800751101191,0.8726910062162809,0.8,0.13408990404887025,0.41498565639087476,0.3809523809523808
Zone_DH091,0.128310733747307,0.6511437908496732,0.4495114006514658,0.5374270389651363,0.3137254901960784,0.2333333333333333,0.7148711943793912,0.7148711943793912,0.2070520705207052,0.931950243188568,0.2139397370573064,0.149427905458245,0.149427905458245,0.1482091646836293,0.3336978754535003,0.3004324571021478,0.3241286863270776,0.3245298598902562,0.1331249786521842,0.4406409322651128,0.1580645161290322,0.3522333610588218,0.4406688280936943,0.9133353139242614,0.9598622649000292,0.918982856566325,0.8,0.13268611742443717,0.4385615409134374,0.5238095238095238
Zone_DH092,0.129324546952224,0.7173202614379085,0.4788273615635178,0.3390124625335226,0.196078431372549,0.3333333333333333,0.7094555035128807,0.7094555035128807,0.3259532595325953,0.8766840270305168,0.4212115493489337,0.1486079159358889,0.1486079159358889,0.0102507779608273,0.2745114140252915,0.4461821885557491,0.523592493297587,0.3507049881910039,0.1520647607336817,0.3787327021121631,0.1564516129032258,0.3064366910359118,0.3787694437361116,0.8564172177944582,0.849840310038819,0.7521590264842428,0.028571428571428574,0.1882462437138126,0.4196644050817358,0.28571428571428564
Zone_DH093,0.0569907851621195,0.5392156862745099,0.4535830618892508,0.6254929799652942,0.196078431372549,0.3333333333333333,0.5319086651053864,0.5319086651053864,0.1254612546125461,0.9410321525416432,0.1147386299301755,0.0747633039503754,0.0747633039503754,0.1704191835987553,0.2346519058212275,0.2077408151565917,0.5222520107238606,0.2162200557597713,0.0683813232230078,0.4930808448652585,0.0790322580645161,0.2342453559806797,0.5033550690320936,0.9386783257695461,0.8181799671526254,0.6682125119043549,0.028571428571428574,0.3427270483457943,0.6495719684895953,0.14285714285714285
Zone_DH094,0.017651212049894,0.3553921568627451,0.2557003257328989,0.6945101751064835,0.2156862745098039,0.3666666666666666,0.2958138173302108,0.2958138173302108,0.045920459204592,0.9821374768648043,0.0744794615336226,0.0334221655315885,0.0334221655315885,0.1509549087802795,0.1259424595768823,0.1328038470315187,0.7042895442359248,0.1258324010441638,0.0298869419680978,0.2454479242534595,0.0354838709677419,0.1315122065111121,0.2453098247786966,0.9815302319061163,0.8012385517970789,0.4170944538822514,0.7714285714285715,0.3898490286619291,0.6869450389326534,0.09523809523809519
Zone_DH095,0.0065083186994224,0.2459150326797385,0.1815960912052117,0.7400220855024451,0.196078431372549,0.3333333333333333,0.275175644028103,0.275175644028103,0.018450184501845,0.9204579692678516,0.0581870793231427,0.0162859030134614,0.0162859030134614,0.3367502593202758,0.0686446498156138,0.0854172348347813,0.785254691689008,0.0713867135474934,0.0135601325272398,0.2068463219227968,0.0177419354838709,0.0688526025478264,0.2114677060944956,0.9289911326330808,0.7704941751326349,0.24302034507382966,0.5714285714285714,0.4364413751966844,0.6961545466964164,0.047619047619047596
Zone_DH096,0.0046255227474337,0.1544117647058823,0.1262214983713355,0.8233948572330021,0.2156862745098039,0.3666666666666666,0.94306206088993,0.94306206088993,0.015580155801558,0.6732664744113975,0.1746241429200478,0.0042517975233279,0.0042517975233279,0.324119836475685,0.0262171725466191,0.0277952479810319,0.8246648793565684,0.0214426508976612,0.0031423984697885,0.1150764748725418,0.0048387096774193,0.0202863021494549,0.1192233434118975,0.7161454487860146,0.5496682494380719,0.1624547385871061,0.6000000000000001,0.6705832142085832,0.8218831109694459,0.0
Zone_DH097,0.0032858410123649,0.1870915032679738,0.1433224755700325,0.693642530367566,0.2941176470588235,0.3333333333333333,0.9875585480093676,0.9916569086651056,0.012710127101271,0.8031679077174708,0.314965087752406,0.0027788533813179,0.0027788533813179,0.1580328268960889,0.0025605040385792,0.0341735728080769,0.9203753351206432,0.0165015182995045,0.0023567988523414,0.1289147851420247,0.0032258064516129,0.0105152563148448,0.1297511930348621,0.8286747507651608,0.6265607269285834,0.10507914212898925,0.08571428571428573,0.6076133570554418,0.7384795774327217,0.0
Zone_DH098,0.0020909897351413,0.1617647058823529,0.1213355048859934,0.6001735289477836,0.5098039215686274,0.3666666666666666,0.973507025761124,0.9939988290398128,0.01230012300123,0.8819351784100201,0.1090771843744102,0.0017538664783727,0.0017538664783727,0.2081884190615656,0.0181437465474253,0.0146768259763679,0.823592493297587,0.0124615985651625,0.001724903507873,0.1085214857975236,0.0024193548387096,0.0161070495702549,0.1095697788787293,0.8921394594095733,0.6727541441241531,0.0,0.6857142857142858,0.5617306169462243,0.6813897363508038,0.0
Zone_DH099,0.0057751145065807,0.1919934640522876,0.1563517915309446,0.7401404006941158,0.2352941176470588,0.3333333333333333,0.9830210772833724,0.9859484777517568,0.017220172201722,0.8308010157964963,0.2535069509970434,0.0049275296297139,0.0049275296297139,0.3756788089572275,0.0207378432045865,0.0398394843909145,0.7445040214477211,0.0271207358869177,0.0040987806127677,0.13401310997815,0.0056451612903225,0.024637744604474,0.1359149029179265,0.83351438356463,0.5218841415103226,0.10688853342923463,0.6857142857142858,0.6981884467846602,0.7761770866536132,0.0
Zone_DH100,0.0163748936401325,0.3112745098039216,0.2402280130293159,0.8237103644107904,0.3333333333333333,0.1666666666666666,0.9278395784543324,0.9660421545667448,0.017220172201722,0.7443291869323806,0.2138139271560671,0.0142435217031486,0.0142435217031486,0.3249130514369394,0.0628555218799922,0.0613120648296052,0.6471849865951742,0.0636043187185907,0.0116302899887283,0.2126729788783685,0.0153225806451612,0.0648659691517459,0.2189428436122545,0.7174221191767776,0.6135041919713647,0.27740203795463336,0.0,0.6259345722307353,0.7466759255043031,0.047619047619047596
Zone_DH101,0.0413038361967521,0.3488562091503268,0.3013029315960912,0.5750118315191669,0.3137254901960784,0.2333333333333333,0.9244730679156912,0.9770199063231852,0.067650676506765,0.6930658976455902,0.6957287538529281,0.0358593566119247,0.0358593566119247,0.2102019647324425,0.0630197524597261,0.2257515124867118,0.772386058981233,0.1382540443592065,0.0342931311268231,0.2738528769118718,0.0387096774193548,0.1228472617432036,0.2793705147353466,0.6747202525877908,0.5819425750711941,0.5466044220700317,0.4571428571428572,0.6133904789329165,0.8323789900277766,0.09523809523809519
Zone_DH102,0.0281242645328312,0.3627450980392157,0.3143322475570033,0.6577930272913708,0.1372549019607843,0.0666666666666666,0.9186182669789228,0.9366217798594848,0.013120131201312,0.4370507467825937,0.3698182046927092,0.024660425635302,0.024660425635302,0.1865885655012508,0.082999895489631,0.1333604198785558,0.7431635388739943,0.104984639426065,0.0229873279366055,0.2272396212672978,0.0266129032258064,0.1198266427351924,0.2344249754107319,0.3640670591273517,0.4197450017072271,0.5037380737065311,0.4571428571428572,0.7746459680985633,0.791875369974045,0.09523809523809519
Zone_DH103,0.0389322374495356,0.5580065359477124,0.4796416938110749,0.6583451648525005,0.2352941176470588,0.3333333333333333,0.2100409836065574,0.2546838407494145,0.0861008610086101,0.6670253518701846,0.2423727747373718,0.0720300055425217,0.0720300055425217,0.1757276221856123,0.1201458666149091,0.2065608807208731,0.5112600536193029,0.2122955623035533,0.0662465416538579,0.3780043699927167,0.0766129032258064,0.2170322053437231,0.3778878729372337,0.6515505043998382,0.6644042200622386,0.6039621423110736,0.4571428571428572,0.567219782593046,0.6666533855471063,0.14285714285714285
Zone_DH104,0.0886452921049296,0.4893790849673203,0.3631921824104234,0.5844770468528158,0.1568627450980392,0.2666666666666666,0.3073770491803279,0.3073770491803279,0.1590815908159081,0.875651013644385,0.3448449392967226,0.1441435285363946,0.1441435285363946,0.2346695954603697,0.2343458397408142,0.4925001808861752,0.555764075067024,0.3342700619750324,0.1401270621989958,0.4013109978150036,0.1524193548387097,0.2879802711260926,0.4013332847619395,0.8558649668275613,0.8541841705466625,0.5924255087233049,0.028571428571428574,0.3093884015343954,0.5522175675060336,0.14285714285714285
Zone_DH105,0.1377699730253272,0.3333333333333333,0.2084690553745928,0.5259899037703107,0.1372549019607843,0.2333333333333333,0.7543911007025762,0.7543911007025762,0.2234522345223452,0.7222054835793912,0.3459143234572561,0.1497467902724946,0.1497467902724946,0.1874427969979864,0.2985413338509085,0.3713676664570242,0.7281501340482572,0.3317750785786585,0.1388974280151655,0.224326292789512,0.1580645161290322,0.3330414860861825,0.2244872682233798,0.6561991304266149,0.7966414579127163,0.6419078053315759,0.028571428571428574,0.4684945031212399,0.42910158918082064,0.28571428571428564
Zone_DH106,0.2701269076886869,0.0,0.0,0.0,0.2352941176470588,0.4,0.2819086651053864,0.2819086651053864,1.0,0.864503077519046,0.1955085865257595,0.5791479701463074,0.5791479701463074,0.0871926292025139,0.7048701831917467,0.8109878611462061,0.4024128686327076,0.7776401541384761,0.6279161116234587,0.0,0.5927419354838709,0.7431452377825447,0.0,0.7264380740581373,0.7679575247856875,0.4663365896293212,0.1142857142857143,0.16419675637874476,0.12283707481444389,0.7142857142857142
Zone_DH107,0.6389557723989354,0.0,0.0,0.2105616027764631,0.0392156862745098,0.0666666666666666,0.6747658079625294,0.6747658079625294,0.4497744977449775,0.8176731373477379,0.4727307039063974,0.7543599905853056,0.7543599905853056,0.0871926292025139,0.7814874811508085,0.958936055345604,0.315817694369973,0.8916990748139861,0.808638180141408,0.0,0.7629032258064516,0.8499992703818822,0.0,0.6266578585664812,0.5613373151704343,0.35323241748961326,0.0,0.12864958811974866,0.00261258594781659,0.5238095238095238
Zone_DH108,0.1598928254611945,0.4901960784313725,0.4690553745928338,0.6986117684177316,0.0784313725490196,0.0666666666666666,0.956967213114754,0.9784836065573772,0.0848708487084871,0.8538286058623509,0.5290935396615714,0.1382517519683545,0.1382517519683545,0.1452803709805357,0.2614214903178608,0.3687517740759499,0.6077747989276138,0.3094400937616536,0.1228438706151586,0.4260742898761835,0.1459677419354839,0.3081848560463454,0.425907981494299,0.781053194930721,0.8063190437595195,0.8272290367177111,0.0,0.3144276355708218,0.5485462865989709,0.42857142857142855
Zone_DH109,0.0810054854535908,0.6217320261437909,0.4486970684039087,0.6628017037387599,0.1372549019607843,0.1666666666666666,0.9077868852459018,0.9193501170960188,0.0910209102091021,0.9213188137562948,0.4120274265584701,0.0740040543926383,0.0740040543926383,0.1547379339801086,0.1818331118708848,0.2406843619727167,0.6804289544235923,0.2126418411379255,0.0665539501998155,0.3947560087399854,0.0782258064516129,0.2082388477870682,0.4123492768933737,0.871167126977568,0.8951318926147577,0.8947628242875748,0.0,0.2663183767495912,0.5244410545967852,0.33333333333333326
Zone_DH110,0.0476944801491753,0.3815359477124183,0.2850162866449511,0.5199558289951096,0.2745098039215686,0.2,0.834748243559719,0.9347189695550352,0.06970069700697,0.952094004218138,0.3099326917028369,0.0428596375342611,0.0428596375342611,0.2410153151504057,0.1359530599143014,0.1383862726873006,0.6627345844504021,0.1588709534210572,0.0423028315742733,0.2665695557174071,0.0459677419354838,0.1590538312247369,0.2718808057994245,0.9431200306968563,0.9322563981299481,0.6846469287114126,0.5428571428571429,0.2228087045054866,0.4573846819361595,0.14285714285714285
Zone_DH111,0.0123558484349258,0.1977124183006536,0.1881107491856677,0.8755324183625178,0.2352941176470588,0.1333333333333333,0.4164227166276347,0.4164227166276347,0.009430094300943,1.0,0.1726740894508397,0.0216765748733951,0.0216765748733951,0.0341082433339435,0.0763858821421639,0.1009233543532345,0.7182305630026807,0.0828494308596593,0.0164805137138367,0.1150764748725418,0.0233870967741935,0.0898189087831429,0.1154347746894466,1.0,0.7771103781471523,0.28087531045893693,0.0,0.43653650359431084,0.747580938937207,0.047619047619047596
Zone_DH112,0.005702699277658,0.2312091503267974,0.2117263843648208,0.8552610821896198,0.3137254901960784,0.4,0.8894906323185013,0.8922716627634661,0.019680196801968,0.9965996642706494,0.1209033150908975,0.0056260392228321,0.0056260392228321,0.0749283055708097,0.0401394466922468,0.0269381257965948,0.8139410187667561,0.02742705947117,0.004132937117874,0.1747997086671522,0.0064516129032258,0.0321294634388361,0.1747987322866198,0.9990898129159964,0.7664852793697375,0.15299025239460642,0.9142857142857144,0.4663348313913428,0.7266005646373116,0.0
Zone_DH113,0.0036207614461321,0.2753267973856209,0.2109120521172638,0.6572408897302412,0.4313725490196078,0.4333333333333333,0.9134953161592508,0.9234484777517564,0.018860188601886,0.8835707829380621,0.1292696735233063,0.0034394004965492,0.0034394004965492,0.6811275855756909,0.0257953985577569,0.0237823577538946,0.760053619302949,0.0212695114804752,0.0031082419646821,0.1755280407865986,0.0040322580645161,0.0221220213340337,0.1767658737386616,0.8880561884441995,0.8195858645642071,0.23395803526800088,0.05714285714285715,0.40672017853286296,0.608595920040071,0.047619047619047596
Zone_DH114,0.002878505349675,0.2214052287581699,0.1677524429967426,0.7297681022243256,0.6274509803921569,0.7333333333333333,0.9777517564402812,0.986094847775176,0.029930299302993,0.7333534197047302,0.1422280933509467,0.0024979310449551,0.0024979310449551,0.6179144548172556,0.0210998969826363,0.0158734575974976,0.7731903485254692,0.0139310638751265,0.0019469207910646,0.1514930808448652,0.0032258064516129,0.0180069751492069,0.156540745328039,0.7608226563988952,0.6336728904781381,0.1979008403381094,0.6000000000000001,0.6036976665261167,0.752504439688539,0.047619047619047596
Zone_DH115,0.001728913590528,0.2483660130718954,0.1758957654723127,0.6299495188515539,0.5882352941176471,0.7666666666666667,0.9664812646370023,0.9705796252927402,0.028290282902829,0.753152842938923,0.1839969805623702,0.0015792390800932,0.0015792390800932,0.1868326316431753,0.0082227265262246,0.0177546738204829,0.834048257372654,0.0104815939481114,0.0014345732144686,0.1602330662782228,0.0024193548387096,0.0096309591559777,0.1634548832465119,0.7849546486825267,0.6479648064435877,0.11131324749196538,0.6000000000000001,0.5974243343583204,0.7044135057602113,0.0
Zone_DH116,0.0,0.1609477124183006,0.1213355048859934,0.6196560971762106,0.6862745098039216,0.4333333333333333,0.9634074941451992,0.9906323185011712,0.009840098400984,0.92601041621831,0.0816506259042586,0.0,0.0,0.1974495088168894,0.0053972140521656,0.0033839629099854,0.80455764075067,0.0,0.0,0.1092498179169701,0.0,0.0004582001780268,0.1099704928782193,0.9290916501141897,0.7452018162786326,0.022297924287386004,0.5142857142857143,0.49760122175715016,0.6214937844360459,0.0
Zone_DH117,0.000796567518149,0.1111111111111111,0.0993485342019544,0.8196876478939895,0.392156862745098,0.3,0.9853629976580796,0.9942915690866512,0.005740057400574,0.805406103387423,0.1526703151538025,0.0006529546196539,0.0006529546196539,0.3312587711269754,0.0,0.0066176511512709,0.8369973190348524,0.0009500470584057,0.0001195477678723,0.0895848506919155,0.0008064516129032,0.0,0.0908017922844341,0.7981423602079717,0.4396015478973201,0.025280663309805503,0.5714285714285714,0.7788856093873733,0.8057977778789673,0.0
Zone_DH118,0.0043268099281278,0.1658496732026143,0.1433224755700325,0.8887048430351788,0.4509803921568627,0.4666666666666667,0.926668618266979,0.9862412177985947,0.019680196801968,0.5632505487883612,0.1544945587217714,0.0037127303373345,0.0037127303373345,0.2894624443224113,0.0171620955821973,0.0184392584223386,0.795710455764075,0.0173139417186084,0.0024763466202138,0.1296431172614712,0.0040322580645161,0.0272877176086036,0.1332119048486394,0.5923974912686479,0.32501872472470733,0.18621188534907665,0.5142857142857143,0.8548032127688019,0.8801454851782706,0.047619047619047596
Zone_DH119,0.0130528450133063,0.2998366013071896,0.2467426710097719,0.6813377504338225,0.2352941176470588,0.1666666666666666,0.941598360655738,0.9888758782201408,0.015170151701517,0.6439116773554857,0.2370258539347046,0.0110926360385395,0.0110926360385395,0.1638293977667947,0.0474141148718254,0.0620968325439275,0.7702412868632705,0.0564967236694901,0.0099907777436212,0.2221412964311726,0.0120967741935483,0.0603160705686643,0.226767695165932,0.5800455969218717,0.4720778975980953,0.43571978766964414,0.4571428571428572,0.7342523936361672,0.8166977824324942,0.047619047619047596
Zone_DH120,0.0126093017361551,0.3235294117647059,0.2833876221498371,0.6596860703581008,0.196078431372549,0.3,0.9767271662763466,0.9778981264637004,0.02870028700287,0.4531054964920585,0.2324337925394728,0.0108952311535278,0.0108952311535278,0.1709683324180853,0.0532069753206228,0.0660707626717722,0.6273458445040214,0.0562791895299486,0.0099053864808552,0.257101238164603,0.0120967741935483,0.0745407053947963,0.2571053877818659,0.39190960648815143,0.4302146714588407,0.45284211166644833,0.4571428571428572,0.7865395888396393,0.7784481580984473,0.047619047619047596
Zone_DH121,0.0166464507485924,0.3063725490196078,0.251628664495114,0.6758558132197506,0.1372549019607843,0.2,0.9673594847775178,0.9688231850117096,0.023370233702337,0.69246330650368,0.265144366861672,0.0144485190837376,0.0144485190837376,0.4133260113490756,0.0629413696830349,0.0833467838438034,0.6134048257372652,0.0695398930975085,0.013064863203197,0.2301529497450837,0.0153225806451612,0.0781450188971092,0.2300316928345051,0.7106209950261202,0.7049532363725157,0.4788285422595994,0.9714285714285714,0.5489294198710368,0.6878557442739403,0.09523809523809519
Zone_DH122,0.031817441207886,0.2214052287581699,0.1726384364820846,0.6790108849976336,0.0980392156862745,0.1666666666666666,0.9653103044496486,0.9653103044496486,0.036080360803608,0.7611586966814443,0.6696231993457885,0.0277809413176016,0.0277809413176016,0.4051497955946062,0.0672449573746995,0.1737342142026259,0.8450402144772117,0.1113552820840658,0.0250367182429893,0.1580480699198834,0.0298387096774193,0.08778181499803,0.1581071727805909,0.7889520781828018,0.8275976644637631,0.5468995194119329,0.028571428571428574,0.410859549348499,0.506386321205774,0.14285714285714285
Zone_DH123,0.0388688741242283,0.2124183006535947,0.1433224755700325,0.5547010569490455,0.1372549019607843,0.2333333333333333,0.9653103044496486,0.9653103044496486,0.064780647806478,0.8066112856712435,0.3793797571868905,0.0340978976379746,0.0340978976379746,0.2212459576545244,0.1139461622299526,0.1693205915256218,0.7839142091152815,0.1345959192371211,0.0330122621853331,0.1310997815003641,0.0362903225806451,0.1205416684907119,0.1364030454263961,0.8062420941108789,0.870025496507403,0.7467517322840934,0.028571428571428574,0.3651362135812499,0.3564045353125997,0.28571428571428564
Zone_DH124,0.0559317124391259,0.2377450980392157,0.1441368078175895,0.5186149234895093,0.1176470588235294,0.2,0.8580210772833724,0.8580210772833724,0.081180811808118,0.8122928592949683,0.4392023652261432,0.0532689489708372,0.0532689489708372,0.2446763072792727,0.1524843607697935,0.2201746525594002,0.6683646112600535,0.1832081402162911,0.0527034873791713,0.1179898033503277,0.0564516129032258,0.1652088896671482,0.1181669155950603,0.8232633432489833,0.8614043523926882,0.8770418636414893,0.05714285714285715,0.30888447813075265,0.4282022676562998,0.33333333333333326
Zone_DH125,0.1698137118235965,0.4485294117647059,0.2793159609120521,0.3716280170373875,0.0980392156862745,0.1666666666666666,0.6169496487119438,0.6169496487119438,0.2242722427224272,0.7583609520940041,0.720513304397056,0.1971847026399107,0.1971847026399107,0.0536945512233815,0.2739627345884531,0.644528054054355,0.515817694369973,0.4245422904125157,0.2115653926290262,0.246176256372906,0.207258064516129,0.3508733528870989,0.2459291100506357,0.7405183272160616,0.7600800438763161,0.7839520446509038,0.0,0.29155568353610256,0.42980738582031786,0.3809523809523808
Zone_DH126,0.1503521190506363,0.3717320261437908,0.3216612377850162,0.5728032812746491,0.0588235294117647,0.1,0.7180913348946136,0.7180913348946136,0.1156211562115621,0.7877157491499159,0.4787695791658802,0.1666704629144554,0.1666704629144554,0.1720666300567453,0.2850632287731975,0.4462155829265713,0.5715817694369972,0.3508204144691279,0.1520647607336817,0.3561544064093226,0.1758064516129032,0.3392169738358943,0.3564897453644676,0.7768688014288349,0.807673254636196,0.8246729644844978,0.0,0.2569443730267285,0.5643071809116161,0.28571428571428564
Zone_DH127,0.046562992197259,0.2450980392156862,0.1954397394136807,0.8337277173055688,0.1176470588235294,0.0666666666666666,0.9808255269320842,0.9935597189695552,0.021320213202132,0.7209142168467266,0.1509089765364534,0.0393898670554024,0.0393898670554024,0.0917078528281164,0.1703705639080906,0.1080474867953092,0.80455764075067,0.1342629588194555,0.0328414796598012,0.1755280407865986,0.0419354838709677,0.1711421442017248,0.1797457287530509,0.6768133271232328,0.6272592386983077,0.6539157569149012,0.5428571428571429,0.6069011795921306,0.7361629707208234,0.19047619047619044
Zone_DH128,0.0152343537846009,0.2982026143790849,0.2426710097719869,0.793776620918126,0.5490196078431373,0.4333333333333333,0.9436475409836066,0.9685304449648712,0.045510455104551,0.87974002496449,0.2943951688997924,0.0133627922161735,0.0133627922161735,0.1006772835438404,0.066517117305424,0.0633825158205831,0.7359249329758712,0.0609672722106796,0.01099839464426,0.2221412964311726,0.014516129032258,0.0790205606385618,0.2236566973880733,0.868417846102423,0.8362532646293914,0.42668801917153,0.5428571428571429,0.418991741826671,0.598316333500296,0.09523809523809519
Zone_DH129,0.0042091351811285,0.2312091503267974,0.1978827361563517,0.8137718883104591,0.5098039215686274,0.3666666666666666,0.9464285714285716,0.9648711943793912,0.015170151701517,0.9790384367064088,0.3817701453104359,0.0037203228329119,0.0037203228329119,0.1002501677954726,0.0050612878663461,0.0329658097300065,1.0,0.0191696411130644,0.002749598661065,0.1755280407865986,0.0040322580645161,0.0130222241678705,0.175935302903355,0.9801545209910284,0.868146865682749,0.19291729737203317,1.0,0.35184394829128834,0.6332532671554121,0.047619047619047596
Zone_DH130,0.0010862284338396,0.3218954248366013,0.2483713355048859,0.7044486512068151,0.7058823529411765,0.5333333333333333,0.8856850117096019,0.9120316159250584,0.015580155801558,0.957560366719752,0.0757375605460149,0.0012299842835341,0.0012299842835341,0.4014888034657392,0.0162438973409576,0.0067790572769116,0.8573726541554959,0.0069788503542698,0.0009393038904259,0.2250546249089584,0.0016129032258064,0.0099607465452582,0.2270008378565444,0.9589756072950525,0.8487338056237289,0.04572441869588556,1.0,0.3759114328907721,0.6529301944355905,0.0
Zone_DH131,0.0028060901207523,0.4861111111111111,0.3656351791530944,0.5367171478151129,0.6470588235294118,0.4666666666666667,0.958430913348946,0.9847775175644028,0.020090200902009,0.9155511556837256,0.0957413348430521,0.0024220060891814,0.0024220060891814,0.7782659100616267,0.0264261932844622,0.0177379766350718,0.7415549597855227,0.018139683554419,0.0025958943880862,0.3255644573925709,0.0032258064516129,0.0303900538458171,0.3281847655823103,0.9208119240674808,0.8533869346628074,0.3177671789882053,0.4857142857142857,0.3893373921449655,0.6093472519466328,0.047619047619047596
Zone_DH132,0.0054311421691981,0.4150326797385621,0.3298045602605863,0.5211389809118158,0.7450980392156863,0.3666666666666666,0.9549180327868856,0.97980093676815,0.021320213202132,0.8676451599018636,0.1242372774737371,0.0047149397535475,0.0047149397535475,0.7893099029837086,0.0373363292972424,0.027450172815869,0.6412868632707774,0.0317555449008222,0.0049185367353212,0.2993445010924981,0.0056451612903225,0.0557078025361525,0.3022476412516848,0.8800973686836384,0.7871274053074315,0.46249889928538473,0.0,0.46892129539167193,0.6478302445243842,0.09523809523809519
Zone_DH133,0.0065354744102684,0.3774509803921568,0.2801302931596091,0.5180233475311563,0.5686274509803921,0.4,0.9680913348946136,0.984923887587822,0.026650266502665,0.8257220333146817,0.1699691765741963,0.0056108542316774,0.0056108542316774,0.2524254072853743,0.0377245106675226,0.0444312103789704,0.7308310991957103,0.0366300854154458,0.0058407623731939,0.2534595775673707,0.0064516129032258,0.0505742094587692,0.2575716731630906,0.8436104054829394,0.7569921530009,0.436524158365353,0.05714285714285715,0.5113202793175439,0.6418537407221895,0.047619047619047596
Zone_DH134,0.0040371490124373,0.2777777777777778,0.2157980456026058,0.6284508597570595,0.7450980392156863,0.4333333333333333,0.9613583138173304,0.9913641686182668,0.02050020500205,0.9209314337364952,0.2551424797131534,0.0034242155053944,0.0034242155053944,0.1906766733784855,0.0151278759014019,0.0281792832454875,0.8715817694369972,0.0217933692042689,0.0031936332274481,0.1944646758922068,0.0040322580645161,0.0223438252418684,0.1976977159302029,0.9216654283927025,0.796229350445215,0.276657871397308,0.4571428571428572,0.4627867992636548,0.6055905924138245,0.047619047619047596
Zone_DH135,0.0037746438075927,0.2442810457516339,0.2141693811074918,0.7397460167218802,0.7254901960784313,0.5666666666666667,0.9609192037470728,0.9840456674473068,0.025010250102501,0.8504713123574225,0.2240674341070642,0.0032647730982696,0.0032647730982696,0.1316126670327659,0.013116051299661,0.0275169615575134,0.7916890080428952,0.0180864098875925,0.0025958943880862,0.1937363437727603,0.0040322580645161,0.0192911030366706,0.1956504316782631,0.8455558050886903,0.6295924653756004,0.1906380635020123,0.5714285714285714,0.6197486553472444,0.7148809252766269,0.047619047619047596
Zone_DH136,0.0072053152778029,0.2148692810457516,0.1929967426710097,0.760135668086449,0.3137254901960784,0.4333333333333333,0.9522833723653396,0.9711651053864168,0.026650266502665,0.6861360995136229,0.1008366358432408,0.0063245488159503,0.0063245488159503,0.1199585087558729,0.0457008913241463,0.0296820299324877,0.8075067024128685,0.0330296734324223,0.0051747105236192,0.1762563729060451,0.007258064516129,0.0538954311313458,0.1783833011547849,0.7092330523100998,0.5397497990219187,0.23401746592039852,0.028571428571428574,0.6992837088762508,0.7735758845225628,0.047619047619047596
Zone_DH137,0.0164201531582091,0.2924836601307189,0.2182410423452768,0.6135037072093389,0.4313725490196078,0.3333333333333333,0.8543618266978923,0.9439402810304452,0.0410004100041,0.8258942022123703,0.3952318047430333,0.0147598114024098,0.0147598114024098,0.4438342790896332,0.0277885605936188,0.091010791947504,0.8201072386058981,0.0723234421891925,0.0137992280629845,0.2024763292061179,0.0161290322580645,0.0445358899152183,0.206090852792248,0.7896371448732837,0.683713173069069,0.4445054884011327,0.4571428571428572,0.5425146806256879,0.7088133509403033,0.09523809523809519
Zone_DH138,0.00986657494071,0.2214052287581699,0.2076547231270358,0.7942893200820318,0.3333333333333333,0.1666666666666666,0.9307669789227166,0.9619437939110072,0.010660106601066,0.5669521800886668,0.1697175567717179,0.0086478524626259,0.0086478524626259,0.3424858136555007,0.0515161468519983,0.0390881110474144,0.6321715817694368,0.0429474544066201,0.0070703965570242,0.1660597232337946,0.0096774193548387,0.0597090282945906,0.165997595716003,0.5611130205635609,0.393723237796159,0.37598695406956784,0.4857142857142857,0.8024208891677037,0.8509858385319431,0.047619047619047596
Zone_DH139,0.0100023534949399,0.2026143790849673,0.1750814332247556,0.7724010096229691,0.5686274509803921,0.3333333333333333,0.8678278688524591,0.9800936768149884,0.025010250102501,0.6397796238109584,0.1107127130905201,0.0086326674714711,0.0086326674714711,0.3518213435841112,0.0554800758446677,0.0332273989681139,0.7107238605898121,0.0433026121854634,0.007138709567237,0.1587764020393299,0.0096774193548387,0.0669497584964029,0.1587847437251831,0.6331844506343514,0.5814353610285501,0.4256956450752605,0.4857142857142857,0.6648832234643193,0.7754940576476483,0.09523809523809519
Zone_DH140,0.0190633090138856,0.2851307189542484,0.2117263843648208,0.7034626912762265,0.2745098039215686,0.2333333333333333,0.8283079625292741,0.9644320843091334,0.030340303403034,0.7710584082985408,0.1946908221677045,0.0166731202879074,0.0166731202879074,0.3911770089694307,0.0660617506979799,0.0690261644895392,0.7227882037533511,0.0761014330616376,0.0147556102059637,0.1937363437727603,0.0177419354838709,0.0833340629514512,0.1941204327711194,0.7958413107259361,0.8235498183246021,0.5568569671407033,0.0,0.40481503954256093,0.561614908246437,0.14285714285714285
Zone_DH141,0.0187917519054257,0.2426470588235294,0.1653094462540716,0.5903533680391228,0.3725490196078431,0.4666666666666667,0.4389637002341921,0.4407201405152225,0.06560065600656,0.7983041363577669,0.0401962634459331,0.028115011123006,0.028115011123006,0.2293001403380316,0.1389204078890398,0.1133182316567503,0.587935656836461,0.1188890664677783,0.0274959866106499,0.1187181354697742,0.0298387096774193,0.1370777335142786,0.1186914866489381,0.8179346979456136,0.8308149116474307,0.6609877952217731,0.6000000000000001,0.4061956868270309,0.48316333500295977,0.14285714285714285
Zone_DH142,0.0216974129659467,0.2924836601307189,0.2247557003257329,0.6549929010884996,0.2941176470588235,0.2666666666666666,0.2470725995316159,0.3444086651053865,0.040590405904059,0.7946455472818835,0.0390010693841604,0.0403161515158417,0.0403161515158417,0.1057416559887729,0.143981695755386,0.1033834063371384,0.4206434316353886,0.1381297391366114,0.0342077398640571,0.2898761835396941,0.0427419354838709,0.1623400312276554,0.2897745073039234,0.8172985733365138,0.9086477460279333,0.6357508736474053,0.0,0.27808087456420905,0.5505156868995036,0.19047619047619044
Zone_DH143,0.0593714358129514,0.3937908496732026,0.3192182410423452,0.7251932481463955,0.1372549019607843,0.0666666666666666,0.6058255269320842,0.6058255269320842,0.029520295202952,0.7701114793612533,0.1103352833868025,0.0748240439149944,0.0748240439149944,0.0871926292025139,0.2404970214544857,0.1853721524341713,0.3067024128686326,0.2043755438353488,0.0623697783242818,0.3139111434814275,0.0798387096774193,0.2499788410745816,0.3142836326545481,0.7847977911168214,0.9164603198169802,0.5015061650696463,0.0,0.2893882986928844,0.5641421155685078,0.14285714285714285
Zone_DH144,0.126228795915781,0.2491830065359477,0.1848534201954397,0.6821265183782931,0.0,0.0,1.0,1.0,0.018450184501845,0.6821331726423621,0.4720387494495816,0.1058242033574015,0.1058242033574015,0.1682836048569162,0.2309492527508622,0.3212093214820422,0.5806970509383376,0.2666702182444551,0.0964408921679133,0.1653313911143481,0.1120967741935484,0.260032978738928,0.1652544533896761,0.7044289622763517,0.7812134445732191,0.5334040720156088,0.028571428571428574,0.4048330368069768,0.6569771412959338,0.14285714285714285
Zone_DH145,0.0267664789905317,0.190359477124183,0.1701954397394136,0.83073039911658,0.1176470588235294,0.0,0.9879976580796254,1.0,0.0,0.7220333146817026,0.1771403409448324,0.0223978619532454,0.0223978619532454,0.0970773079504545,0.1065221935233431,0.0774860717645029,0.811260053619303,0.0902722284374833,0.0186323735355398,0.1522214129643117,0.0241935483870967,0.1053101606619095,0.1519944628610979,0.722139974491769,0.6286530034007095,0.5799817279411956,0.5428571428571429,0.6062918436397667,0.7440804152816357,0.14285714285714285
Zone_DH146,0.0102377029889385,0.2704248366013072,0.2214983713355048,0.8106168165325761,0.2745098039215686,0.3,0.902956674473068,0.9079332552693208,0.022140221402214,0.908578315327336,0.1912310498836258,0.0095969144097973,0.0095969144097973,0.0956739276343889,0.0539161528240194,0.0469357881906373,0.8348525469168898,0.0460684033882052,0.0077193701540458,0.2061179898033503,0.0104838709677419,0.062128441973471,0.2076354231175549,0.9127881780817338,0.8083763788698476,0.35829409700297155,0.5428571428571429,0.44515462221170965,0.6127567050680753,0.047619047619047596
Zone_DH147,0.0027246229882144,0.2933006535947712,0.2312703583061889,0.7290187726770784,0.4705882352941176,0.4,0.9780444964871194,0.9928278688524592,0.014350143501435,0.9273877673998192,0.1245518022268352,0.0023005261599435,0.0023005261599435,0.8663737872963574,0.0233506024276265,0.0130627647199603,0.9077747989276136,0.0130032141778985,0.001810294770639,0.2075746540422432,0.0024193548387096,0.0200557428242058,0.2092892790790864,0.9364463956219958,0.8889905909722244,0.13925384443260444,1.0,0.3437040426997954,0.5836824370474933,0.0
Zone_DH148,0.0008146713253797,0.3782679738562092,0.2817589576547231,0.5914182047641585,0.9607843137254902,0.5,0.8979800936768151,0.935304449648712,0.014760147601476,0.9206301381655404,0.0481222872240045,0.0008883219825524,0.0008883219825524,1.0,0.0223726839755744,0.0029554018177669,0.7680965147453083,0.0070898371601584,0.0009563821429791,0.2541879096868172,0.0016129032258064,0.0245064133432561,0.2578558158172744,0.9253523979961672,0.8737800628750755,0.08546644880133461,1.0,0.3610405504077666,0.6107360775920951,0.0
Zone_DH149,0.0007332041928417,0.4101307189542484,0.3013029315960912,0.5077299258558133,0.8431372549019608,0.4666666666666667,0.9664812646370023,0.9872658079625292,0.013940139401394,0.9214909826539834,0.0798892872869094,0.0006301771329218,0.0006301771329218,0.5345048508145707,0.0214582182475104,0.0039572329424336,0.7643431635388738,0.0069699714097988,0.0009393038904259,0.2680262199563,0.0008064516129032,0.0285922748033679,0.270146807037995,0.9235978749047268,0.826036499772685,0.16110817504916133,1.0,0.423393358495223,0.6396225126360366,0.0
Zone_DH150,0.0010952803374549,0.3415032679738562,0.2467426710097719,0.4676210758794763,1.0,0.6,0.953161592505855,0.9872658079625292,0.021320213202132,0.9076744286144708,0.0087437881361263,0.0009490619471714,0.0009490619471714,0.5637927878455061,0.0310059869511339,0.0,0.8075067024128685,0.0100864809191483,0.001383338456809,0.2221412964311726,0.0016129032258064,0.0356433042945322,0.2224909839350115,0.9193978196680852,0.8442007934891985,0.1861461474296354,0.9714285714285714,0.37502442485884996,0.614156914530304,0.0
Zone_DH151,0.0032315295906729,0.3390522875816993,0.257328990228013,0.6321580690960721,0.7843137254901961,0.2666666666666666,0.9610655737704918,0.9920960187353632,0.009430094300943,0.8017905565359618,0.1460023903881235,0.0027257059122763,0.0027257059122763,0.4457257916895479,0.0228429806357216,0.0166971854111125,0.720107238605898,0.0176868573863939,0.0025446596304266,0.2316096139839767,0.0032258064516129,0.029161376935312,0.2330625478124658,0.8259433443578345,0.774549088473774,0.28142129398682986,1.0,0.5029566934397401,0.6396395883611858,0.047619047619047596
Zone_DH152,0.0054401940728135,0.2745098039215686,0.2239413680781758,0.7139533049376874,0.8823529411764706,0.6333333333333333,0.9039812646370023,0.9716042154566744,0.034850348503485,0.7667111436319028,0.1353085487827892,0.0047984572048986,0.0047984572048986,0.1416193788516687,0.029027754967975,0.0238157521247168,0.6777479892761392,0.0268232912471365,0.0040475458551081,0.201019664967225,0.0056451612903225,0.0356783259641903,0.2054205675567375,0.7905335981448417,0.6578055953767283,0.3467749039119047,1.0,0.6015379947962194,0.7195369063339557,0.09523809523809519
Zone_DH153,0.0089975921936383,0.4387254901960784,0.3558631921824104,0.5936267550086763,0.6862745098039216,0.4666666666666667,0.9540398126463702,0.9755562060889932,0.037310373103731,0.9176602246804116,0.135497263634648,0.0078430479314245,0.0078430479314245,0.2047714930746233,0.0528859791875065,0.0402179539268997,0.7892761394101877,0.0449940511072043,0.0074973528708542,0.3233794610342316,0.0088709677419354,0.0706270338105036,0.3247531966048596,0.9236507587446817,0.8725697024996057,0.5254978252007417,0.0,0.3830049261083744,0.5325975593096853,0.09523809523809519
Zone_DH154,0.0151528866520629,0.4722222222222222,0.3900651465798045,0.565546616185518,0.6862745098039216,0.1,0.9354508196721312,0.995608899297424,0.010660106601066,0.9025093616838118,0.2413662955274579,0.0127629850655611,0.0127629850655611,0.2290560741961071,0.0586452470177219,0.0739407027288766,0.8206434316353886,0.0673823095910358,0.0125695938791542,0.3503277494537509,0.0137096774193548,0.0857943352449328,0.352555462460384,0.8986400863508962,0.877253194670112,0.5407301175899893,0.028571428571428574,0.35195450291555685,0.5861185738354356,0.09523809523809519
Zone_DH155,0.0211180911345656,0.315359477124183,0.258957654723127,0.5795866855970974,0.4117647058823529,0.4,0.7661007025761124,0.8709016393442625,0.062320623206232,0.8525373391296862,0.3140844184437315,0.0203554806429325,0.0203554806429325,0.2028799804747086,0.0621052867316621,0.1030717255427976,0.6986595174262733,0.0927894091950349,0.0193496601427741,0.2199563000728332,0.021774193548387,0.1020210421865196,0.2196932716476631,0.8675166130291043,0.7890586918846015,0.5216318196401469,0.7142857142857143,0.4535901971471765,0.6304869996812532,0.09523809523809519
Zone_DH156,0.0083458551333345,0.1928104575163398,0.1636807817589576,0.7451096387442814,0.4705882352941176,0.3,0.9278395784543324,0.9909250585480092,0.019680196801968,0.6819179615202512,0.1130401962634459,0.0070837983736874,0.0070837983736874,0.1313075843553603,0.0565289120470595,0.0259140317580466,0.7445040214477211,0.0373492799176033,0.0059773883936195,0.1471230881281864,0.0080645161290322,0.060911438952852,0.1474627518123201,0.6436255213605769,0.5661681937509897,0.3370917648122537,0.0,0.6671354525540689,0.7636264286690042,0.047619047619047596
Zone_DH157,0.0094863949888661,0.2205882352941176,0.1807817589576547,0.7024767313456379,0.2352941176470588,0.2,0.927254098360656,0.9890222482435596,0.013940139401394,0.7029225670382644,0.193306913254073,0.0080632303031683,0.0080632303031683,0.1532125205930808,0.0495528449215425,0.040958195813459,0.8155495978552277,0.043045122795802,0.0070874748095774,0.1631463947560087,0.0088709677419354,0.0663222869150286,0.1631270263378383,0.6907252288608761,0.6790291036171647,0.3961218706436811,0.0,0.5699836481997594,0.6805701015436455,0.047619047619047596
Zone_DH158,0.019705994170574,0.2851307189542484,0.2141693811074918,0.6432796971131095,0.1176470588235294,0.1,0.9588700234192036,0.994877049180328,0.013530135301353,0.8173287995523607,0.3221991570736616,0.0166275653144432,0.0166275653144432,0.1851241686497041,0.0636505471864315,0.0979234267077046,0.7855227882037532,0.078765116402962,0.0154558185606448,0.1922796795338674,0.0177419354838709,0.0857476396853886,0.192626862409384,0.8304557775916123,0.8532391833096634,0.6303872958850731,0.6000000000000001,0.37616596563036697,0.5390294157825236,0.14285714285714285
Zone_DH159,0.0232905480022448,0.3733660130718954,0.262214983713355,0.5954014828837356,0.5294117647058824,0.4666666666666667,0.4666276346604216,0.8575819672131147,0.0783107831078311,0.819825248568846,0.2725671510347864,0.0227774867321139,0.0227774867321139,0.1899444749527122,0.0560362203078576,0.075432317958936,0.7482573726541553,0.0993331912702217,0.0212965809338388,0.2301529497450837,0.0241935483870967,0.0892702359584993,0.2303304069068522,0.8312091821146907,0.809979299812629,0.6130271137153667,0.08571428571428573,0.42042380986661454,0.6016973270798234,0.14285714285714285
Zone_DH160,0.0354200988467874,0.4199346405228758,0.3273615635179153,0.7239312194352421,0.2745098039215686,0.1333333333333333,0.7183840749414522,0.9442330210772834,0.031570315703157,0.7992080230706321,0.3349688620494432,0.0316379290709063,0.0316379290709063,0.1308194520715113,0.1063840905358396,0.0953576258828637,0.5378016085790882,0.119346332108039,0.0276155343785223,0.3044428259286234,0.0338709677419354,0.1208130864305622,0.3047174966303596,0.8182593080157023,0.9180281616531917,0.6813542731326397,0.0,0.2847784279646637,0.5589454032147898,0.19047619047619044
Zone_DH161,0.0967195901298043,0.5114379084967321,0.4193811074918566,0.8216595677551662,0.0196078431372549,0.0333333333333333,0.9937060889929742,0.9937060889929742,0.029520295202952,0.7685619592820557,0.2460212618733094,0.0818167323417534,0.0818167323417534,0.0971383244859356,0.2512727869929381,0.1870641338891641,0.3552278820375334,0.2177605526255039,0.0689961403149229,0.3765477057538237,0.0870967741935483,0.2604649126647113,0.3768460165385596,0.7802723081718913,0.9341148910664168,0.5302571907252536,0.0,0.29531711179900655,0.5309298301534539,0.14285714285714285
Zone_DH162,0.1051378604920614,0.2434640522875817,0.1620521172638436,0.6053399589840669,0.0588235294117647,0.1,0.2871779859484777,0.2871779859484777,0.079130791307913,0.8302414668790082,0.0929106120651694,0.1844900500345458,0.1844900500345458,0.1704191835987553,0.3981023903014378,0.3264077118733686,0.3120643431635388,0.37136629197521,0.167896300850497,0.1471230881281864,0.1943548387096774,0.4175429380262371,0.1471858948672179,0.8076297821042581,0.9203098220622662,0.7492710512713449,1.0,0.19244989047379088,0.6236054824461547,0.19047619047619044
Zone_DH163,0.0276626174484494,0.2459150326797385,0.1978827361563517,0.7860466950623125,0.0980392156862745,0.1666666666666666,0.8725117096018737,0.8725117096018737,0.029520295202952,0.8019627254336503,0.1699691765741963,0.025784114980753,0.025784114980753,0.3556043687839404,0.1229004613386285,0.0921295033700485,0.695710455764075,0.1019258430557775,0.0221163370563923,0.1711580480699198,0.0274193548387096,0.1202469027710896,0.173873447233252,0.7659511575383496,0.7491029218117047,0.6914618975774443,1.0,0.48133683680080636,0.7613895086744684,0.14285714285714285
Zone_DH164,0.0076488585549541,0.343954248366013,0.273615635179153,0.8159410001577535,0.392156862745098,0.5,0.9651639344262296,0.9701405152224826,0.031160311603116,0.866095639822666,0.1475750141536138,0.0067117660903962,0.0067117660903962,0.3254011837207884,0.0447155078457426,0.0324426312537916,0.8981233243967828,0.0335402127395095,0.005243023533832,0.2367079388201019,0.007258064516129,0.0413284886690306,0.237106116352774,0.8660591882799217,0.81577648564803,0.24059704953618183,1.0,0.4279209560146858,0.6949364783024453,0.047619047619047596
Zone_DH165,0.0033401524340568,0.2712418300653595,0.2206840390879478,0.704527528001262,0.4509803921568627,0.3,0.8889051522248244,0.8972482435597191,0.011070110701107,0.8691946799810614,0.0111341762596715,0.003333105558466,0.003333105558466,0.8940752944047837,0.045607578494752,0.0118939617411824,0.7546916890080428,0.0196579830589739,0.0028349899238309,0.1879096868171886,0.0040322580645161,0.0418742430212027,0.1892827219409129,0.8829574659397469,0.870778454448533,0.18629632894040102,0.0,0.3669693635138887,0.6150163926961432,0.047619047619047596
Zone_DH166,0.0038017995184387,0.2785947712418301,0.2149837133550488,0.558487143082505,0.7058823529411765,0.5333333333333333,0.9413056206088994,0.9676522248243564,0.026240262402624,0.9008307149313476,0.1117820972510536,0.0033786605319302,0.0033786605319302,0.2280798096284093,0.0312112751758013,0.0232090877214464,0.6890080428954422,0.0232317582085841,0.0034327287631929,0.1849963583394027,0.0040322580645161,0.0395890790760116,0.1877745801610142,0.9074466202861273,0.8501965395579898,0.3062085142860219,0.0,0.4023237039398583,0.6046628113473885,0.047619047619047596
Zone_DH167,0.0023353911327552,0.2524509803921568,0.1840390879478827,0.6161855182205395,0.6666666666666666,0.5666666666666667,0.9623829039812648,0.9800936768149884,0.022140221402214,0.903413248396677,0.0303201861986538,0.0020575663014676,0.0020575663014676,0.4515223625602539,0.0390159602263395,0.0053931908877893,0.8281501340482573,0.0138467139026512,0.0019298425385114,0.166788055353241,0.0024193548387096,0.0375928439054998,0.1678918800772285,0.9054610826244188,0.7965931215208751,0.21736926154409028,0.4857142857142857,0.45617151907195824,0.6572503528983198,0.047619047619047596
Zone_DH168,0.0018194326266813,0.2181372549019608,0.1571661237785016,0.6116106641426093,0.6274509803921569,0.6,0.9625292740046838,0.9844847775175644,0.021730217302173,0.893599621228425,0.1205258853871799,0.0015868315756706,0.0015868315756706,0.4553664042955642,0.0175353468997745,0.0129458844220825,0.8514745308310993,0.010978814838492,0.0015199644772346,0.1420247632920611,0.0024193548387096,0.0192268966422974,0.1417726130195621,0.90605174066558,0.7874677092720659,0.20069584374505067,0.4857142857142857,0.458817116941082,0.6400778653066799,0.0
Zone_DH169,0.0038380071329,0.2352941176470588,0.1824104234527687,0.6811405584477045,0.5686274509803921,0.4666666666666667,0.8274297423887588,0.9866803278688524,0.020910209102091,0.8358369560538887,0.187771277599547,0.0032951430805791,0.0032951430805791,0.4097260357556898,0.0096821391779512,0.0242498789454057,0.8538873994638068,0.0196890593646227,0.0028520681763841,0.1646030589949016,0.0040322580645161,0.0196763414029097,0.1647007394994718,0.8568878236741373,0.7884059298500625,0.24147079601135,1.0,0.4797685037588572,0.6228256909976777,0.047619047619047596
Zone_DH170,0.0046617303618951,0.2197712418300653,0.1783387622149837,0.7219987379712888,0.4117647058823529,0.4666666666666667,0.9487704918032788,0.9743852459016392,0.022550225502255,0.7789351353677957,0.2062653330817135,0.0040923551162031,0.0040923551162031,0.139605833180792,0.0215440660505531,0.0317190865526434,0.746112600536193,0.0230541793191625,0.0033985722580865,0.1624180626365622,0.0048387096774193,0.0245764566825723,0.1622454555389603,0.8018130009477703,0.7967381000206543,0.26875830810077755,0.0,0.4648307742937359,0.6066208278311555,0.047619047619047596
Zone_DH171,0.0063634882415772,0.2058823529411765,0.1799674267100977,0.6632355261082189,0.6274509803921569,0.4666666666666667,0.9458430913348947,0.9724824355971896,0.028290282902829,0.6239400852236042,0.1694030320186197,0.0055804842493679,0.0055804842493679,0.1682836048569162,0.0348206154167724,0.0309844103945544,0.6630026809651474,0.0321906131799051,0.0050039279980872,0.1646030589949016,0.0064516129032258,0.0460885172700608,0.1644093111362063,0.6359991630489642,0.6498682123720148,0.43125044177154864,0.0,0.6188873576930594,0.7317858931742635,0.047619047619047596
Zone_DH172,0.0121114470373119,0.2867647058823529,0.2557003257328989,0.6739233317557973,0.8235294117647058,0.4333333333333333,0.9336943793911008,0.9762880562060888,0.040590405904059,0.6205397494942538,0.2199786123167892,0.0105156063746592,0.0105156063746592,0.1622429678442858,0.0459360396542199,0.0573548318871715,0.7332439678284182,0.0540461349954717,0.0094271954093657,0.2265112891478514,0.0112903225806451,0.0745290315049103,0.2262795526574623,0.6450774212686471,0.5800642570430381,0.509687895323222,0.0,0.6381521437312957,0.8547652656982834,0.047619047619047596
Zone_DH173,0.0189275304596556,0.3415032679738562,0.258957654723127,0.5875532418362519,0.4705882352941176,0.3666666666666666,0.7243852459016394,0.8407494145199065,0.051660516605166,0.8895106099083199,0.171164370635969,0.0190192014213151,0.0190192014213151,0.1904326072365611,0.0900692754445423,0.0663713120091723,0.7203753351206433,0.0872622662617867,0.0177955391604331,0.224326292789512,0.0201612903225806,0.1012768317062849,0.2278751229463407,0.8886306223634991,0.8961841058906578,0.6118861690378027,1.0,0.33731501383218326,0.550413232548609,0.14285714285714285
Zone_DH174,0.0130709488205369,0.2769607843137255,0.1913680781758957,0.5884603249723932,0.1568627450980392,0.2666666666666666,0.9713114754098364,0.9713114754098364,0.027060270602706,0.8780183359876037,0.180600113228911,0.0113507808881701,0.0113507808881701,0.2111782293001403,0.0702011078099105,0.0614122479420719,0.6514745308310992,0.0605854775984231,0.0109300816340472,0.1624180626365622,0.0120967741935483,0.0638532592041325,0.1646278824086554,0.8916896126317315,0.9244394487014708,0.48922526445052983,0.028571428571428574,0.2266781163548855,0.4721551841901553,0.14285714285714285
Zone_DH175,0.0139037239531473,0.3897058823529412,0.265472312703583,0.6218646474207288,0.1372549019607843,0.2333333333333333,0.5058548009367682,0.5058548009367682,0.024190241902419,0.8291223690440321,0.1321633012518084,0.0195506761117311,0.0195506761117311,0.2206357922997131,0.0960674241180071,0.0958863700875489,0.74798927613941,0.0914531280521371,0.0189739385866038,0.2032046613255644,0.0209677419354838,0.0934757547899429,0.2029434264689811,0.8515280457547331,0.9233264642101812,0.4190915736859637,0.028571428571428574,0.2480408692164505,0.4871647465962388,0.09523809523809519
Zone_DH176,0.0382895522928471,0.3725490196078431,0.2451140065146579,0.4889966871746332,0.3529411764705882,0.6,0.6936475409836065,0.6936475409836065,0.1660516605166052,0.8830542762449963,0.3603824620997672,0.0444388766143543,0.0444388766143543,0.2213069741900055,0.1267038922647397,0.2013457931441356,0.7404825737265412,0.1604514055369097,0.042968883423848,0.2265112891478514,0.0475806451612903,0.1432327919566899,0.2333831190120578,0.890121238297588,0.9639759430490112,0.6938099569623131,0.5428571428571429,0.1871201291689378,0.367924957879878,0.19047619047619044
Zone_DH177,0.0829606966345022,0.0776143790849673,0.0333876221498371,0.3039911657990219,0.3529411764705882,0.6,0.5869437939110072,0.5869437939110072,0.3800738007380074,0.8295097490638316,0.4779518148078253,0.1107441404915381,0.1107441404915381,0.2848251876258467,0.2162916735096074,0.4176856587874504,0.5798927613941017,0.2939818514375011,0.1131775796700481,0.0415149308084486,0.1169354838709677,0.2621167680835851,0.0418709700921642,0.8408407224253649,0.9045550053706896,0.8921520422320898,0.5428571428571429,0.1450013883603978,0.43235166886753795,0.33333333333333326
Zone_DH178,0.1169143870956062,0.207516339869281,0.1351791530944625,0.5672819056633539,0.0784313725490196,0.0333333333333333,0.8801229508196723,0.9915105386416864,0.042230422304223,0.7810442043644815,0.2739510599484179,0.0992339171962432,0.0992339171962432,0.2250289828543535,0.2548559996416787,0.1947448391782758,0.4107238605898121,0.2662173920764299,0.0958431533285514,0.12163146394756,0.1048387096774193,0.2931897444877351,0.1214309132636334,0.7870771754818064,0.8776058361042032,0.9817467598536792,0.4857142857142857,0.22541059473245775,0.4681822321387915,0.5238095238095238
Zone_DH179,0.2769610949182613,0.4950980392156863,0.25814332247557,0.2773308092759111,0.1176470588235294,0.1333333333333333,0.512148711943794,0.7677107728337237,0.3198031980319804,0.6963801489260965,0.4553060325847644,0.2981497088277946,0.2981497088277946,0.053938617365306,0.3727362307588946,0.4837898158300449,0.1501340482573726,0.5348676149379362,0.3176213409843905,0.2745812090313183,0.3112903225806451,0.5421383647798743,0.2749335179046301,0.6414092946432135,0.6914245609573173,0.7393181212151554,0.0,0.2948980326418955,0.5641990346523382,0.42857142857142855
Zone_DH180,0.1374984159168673,0.3668300653594771,0.3102605863192182,0.4851711626439502,0.1568627450980392,0.2666666666666666,0.6131440281030445,0.6131440281030445,0.2578925789257892,0.8575732793870786,0.1953827766245203,0.1714461426326219,0.1714461426326219,0.2022087985844163,0.3620425805103092,0.3546370866750895,0.5873994638069705,0.3626338500879015,0.1612016258496431,0.3772760378732702,0.1806451612903225,0.377974288257526,0.3772540162471313,0.8420833327077223,0.9222468826611918,0.7596935900490854,0.5428571428571429,0.13699517673313658,0.5769033741632895,0.33333333333333326
Zone_DH181,0.0218060358093307,0.4150326797385621,0.3167752442996742,0.6433191355103329,0.3529411764705882,0.6,0.5417154566744731,0.5417154566744731,0.0930709307093071,0.9015193905221022,0.0417059822608039,0.030324427336021,0.030324427336021,0.1446091890902435,0.1506069066423804,0.1000996265396196,0.6501340482573725,0.1171843091293307,0.026898247771288,0.2600145666423889,0.032258064516129,0.1393424681521691,0.2598812429419693,0.8962852190897452,0.8691821112535391,0.4784517881282085,0.0,0.32447525119039056,0.6060231774509358,0.09523809523809519
Zone_DH182,0.0054764016872748,0.3055555555555556,0.2451140065146579,0.814205710679918,0.5686274509803921,0.4666666666666667,0.8916861826697893,0.9124707259953162,0.023370233702337,0.8509447768260663,0.1070642259545826,0.0052843769218504,0.0052843769218504,0.0910976874733052,0.037571477627316,0.0251181325867836,0.7184986595174261,0.0266457123577149,0.0040133893500017,0.2177713037144938,0.0056451612903225,0.0317267142377679,0.2176168445593967,0.8638822159297821,0.8077892908784579,0.15425261069719545,0.5142857142857143,0.4242495140738608,0.6910659806019762,0.047619047619047596
Zone_DH183,0.0051505331571229,0.2393790849673202,0.1978827361563517,0.7794604827259821,0.6666666666666666,0.3,0.9361826697892272,0.9938524590163936,0.013530135301353,0.7908147893083114,0.1442410517707744,0.0043504999658337,0.0043504999658337,0.3526145585453658,0.0275944699084787,0.0213390029554018,0.6930294906166219,0.0232095608474064,0.0034327287631929,0.1777130371449381,0.0048387096774193,0.0376307840476294,0.1779461586098867,0.8185819109540597,0.8044833273934417,0.2469446307953723,0.5428571428571429,0.41210393163096354,0.7033832703428807,0.047619047619047596
Zone_DH184,0.0115683328203921,0.3227124183006536,0.2312703583061889,0.6339327969711309,0.5294117647058824,0.3,0.9178864168618268,0.9660421545667448,0.027060270602706,0.789910902595446,0.4124048562621877,0.0101511665869454,0.0101511665869454,0.4360241625480504,0.0205138924140402,0.0833189552014515,0.8571045576407507,0.0537930850780459,0.0093930389042593,0.211944646758922,0.0112903225806451,0.0370616819156853,0.2154602746712323,0.8077039503215376,0.7993528822090791,0.422651971574327,0.0,0.4424704587759803,0.6555086289331087,0.09523809523809519
Zone_DH185,0.0105454677118598,0.2246732026143791,0.1571661237785016,0.6788136930115161,0.3725490196078431,0.5,0.9784836065573772,0.9838992974238876,0.042640426404264,0.7974002496449015,0.1699691765741963,0.0091034021972682,0.0091034021972682,0.405698944413936,0.0553382403439884,0.0524681222901859,0.8184986595174261,0.0478219949212437,0.0081121699627694,0.1427530954115076,0.0096774193548387,0.0472004552817055,0.1424938982186441,0.8104586025982466,0.801650736205282,0.4060675195381054,0.0,0.43812283390067563,0.6382792222576386,0.09523809523809519
Zone_DH186,0.0104730524829371,0.1789215686274509,0.1416938110749185,0.743610979649787,0.3137254901960784,0.4666666666666667,0.9657494145199064,0.9688231850117096,0.037720377203772,0.7345155597641286,0.2413662955274579,0.0091945121441966,0.0091945121441966,0.3646348160351456,0.0459061795488138,0.0463847810720706,0.8238605898123322,0.0462459822776268,0.0077706049117054,0.1245447924253459,0.0104838709677419,0.046669293291891,0.1249499107500637,0.7581010117172123,0.6449024662215724,0.4045379540234289,0.9714285714285714,0.5937991710974218,0.7356677746914987,0.047619047619047596
Zone_DH187,0.0150442638086789,0.1666666666666666,0.1319218241042345,0.7246805489824893,0.392156862745098,0.6333333333333333,0.9543325526932084,0.9556498829039812,0.069290692906929,0.6034950286230791,0.7236585519280366,0.0134842721454114,0.0134842721454114,0.3658551467447679,0.0185916481285178,0.1183774788363174,0.9404825737265412,0.063204766217392,0.0115448987259623,0.12163146394756,0.014516129032258,0.0387427220592741,0.1217733415904703,0.6495365030987998,0.574164605556714,0.3919959753667324,0.9714285714285714,0.6576431810936169,0.7448488229133463,0.047619047619047596
Zone_DH188,0.0102829625070152,0.2622549019607842,0.1905537459283387,0.6514040069411581,0.4117647058823529,0.7,0.9235948477751758,0.9235948477751758,0.060680606806068,0.726724917143718,0.3227023966786185,0.0096272843921068,0.0096272843921068,0.4099090853621332,0.0383627704205795,0.0658648307183685,0.7756032171581767,0.0503302967343242,0.0086245175393653,0.1740713765477057,0.0104838709677419,0.0438938259714865,0.1741430184692725,0.7465611453865926,0.7495606117518451,0.38938928326663863,0.5142857142857143,0.47968623055009924,0.6432197987341197,0.047619047619047596
Zone_DH189,0.0077665333019534,0.1462418300653594,0.1433224755700325,0.7286243887048429,0.9215686274509804,1.0,0.9041276346604216,0.9686768149882906,0.070110701107011,0.2307924073516119,0.1490218280178649,0.0069471334532947,0.0069471334532947,0.1255720300201354,0.0450477015183863,0.0300048421837692,0.7391420911528149,0.0363637170813133,0.0057895276155343,0.1310997815003641,0.0080645161290322,0.0506851114126866,0.1312593348147608,0.23036966888479773,0.23120721842375258,0.4288591381231188,0.5142857142857143,0.8905380667852772,0.9176210099722235,0.047619047619047596
Zone_DH190,0.0139580353748393,0.2140522875816993,0.2166123778501628,0.7759504653730871,0.6666666666666666,0.7,0.8946135831381734,0.9243266978922716,0.070520705207052,0.3241509921232728,0.2367113291816066,0.0129072424815312,0.0129072424815312,0.103117944963085,0.0631466579077024,0.0645012272431277,0.6243967828418231,0.0594178964004759,0.010656829593196,0.1922796795338674,0.0137096774193548,0.0796597061098221,0.1966267166952024,0.26560622887762936,0.20000751002972783,0.534081159931643,0.5142857142857143,0.8995778355975607,0.9704760712171581,0.047619047619047596
Zone_DH191,0.0390589641001502,0.309640522875817,0.2174267100977198,0.5387679444707366,0.2941176470588235,0.2666666666666666,0.5790398126463701,0.6014344262295082,0.074620746207462,0.8155640683510523,0.4437944266213751,0.0458966357652096,0.0458966357652096,0.2676185246201721,0.100300094059332,0.2465061139527246,0.74798927613941,0.1690329053682098,0.0465211599549134,0.1944646758922068,0.0491935483870967,0.123159538297655,0.2021419984700011,0.7898593251154127,0.8085556741979759,0.6817752895726592,1.0,0.38034647305038205,0.5684565821228541,0.14285714285714285
Zone_DH192,0.0368955591360863,0.3602941176470588,0.2174267100977198,0.4858416153967502,0.1568627450980392,0.2666666666666666,0.9718969555035132,0.9718969555035132,0.072980729807298,0.917014591314079,0.3184248600364848,0.0322377362215186,0.0322377362215186,0.2616999206785039,0.1300706191492855,0.1416366581139972,0.6477211796246647,0.1334549748725871,0.0326023841240564,0.1981063364894391,0.0346774193548387,0.1319383034919523,0.2063458526101053,0.9233128376446291,0.9634969641969862,0.7060414988000258,0.4857142857142857,0.16298065551179072,0.38114156914530306,0.19047619047619044
Zone_DH193,0.0369227148469323,0.3709150326797386,0.2157980456026058,0.4797681022243257,0.1568627450980392,0.2666666666666666,0.8681206088992974,0.8681206088992974,0.073390733907339,0.8690225110833728,0.261873309429452,0.0349027021691759,0.0349027021691759,0.272865946671548,0.1395698651816241,0.1485715557880793,0.6887399463806968,0.1417878642586969,0.035659391331079,0.1485797523670794,0.0370967741935483,0.1357469100672708,0.1489198936286474,0.876189361260498,0.9418281697209585,0.5732229566560871,0.028571428571428574,0.19306179746392835,0.43664336778835217,0.14285714285714285
Zone_DH194,0.1073827325886633,0.576797385620915,0.2785016286644951,0.3274175737498028,0.2941176470588235,0.5,0.0,0.0,0.4018040180401804,0.86338397968407,0.0,0.304762772475685,0.304762772475685,0.3687839404478614,0.5232274294928261,0.5461259746981983,0.6206434316353886,0.5456200166924157,0.3302592478737575,0.0,0.317741935483871,0.5392490770330809,0.0,0.852386111607739,0.9373744441372338,0.7347416180565337,0.1142857142857143,0.19991104209303043,0.2730066936842585,0.23809523809523805
Zone_DH195,0.1643101544254757,0.0,0.0,0.4690014197823,0.0392156862745098,0.0333333333333333,0.9625292740046838,0.9875585480093676,0.064370643706437,0.8895536521327422,0.5510473674278165,0.1402409858096258,0.1402409858096258,0.2822014766001587,0.2782066020693053,0.3966750338118004,0.4959785522788203,0.3375996661516879,0.1426204870717628,0.0,0.1483870967741935,0.3366487180609669,0.0,0.8419802088918,0.9450482224286013,0.7769120669917372,0.5428571428571429,0.05280140275820929,0.5017303401484449,0.5238095238095238
Zone_DH196,0.1478537936528051,0.2532679738562091,0.2109120521172638,0.5435794289320082,0.0588235294117647,0.0333333333333333,0.8482142857142857,0.9891686182669792,0.054940549405494,0.8672147376576421,0.5870289991822356,0.1258987616639713,0.1258987616639713,0.2372322899505766,0.2239843831648725,0.3507856025735928,0.257372654155496,0.3093024701223519,0.1228438706151586,0.190094683175528,0.1330645161290322,0.3210348903383969,0.1902954355032603,0.824826560664233,0.9523679552300455,0.8404113740947083,0.4857142857142857,0.14182358567212067,0.48285597195027546,0.5238095238095238
Zone_DH197,0.3877926027843655,0.9076797385620916,0.7223127035830619,0.3274175737498028,0.0784313725490196,0.1,0.3460187353629977,0.3460187353629977,0.3431734317343173,0.7685189170576334,0.4217776939045102,0.602510079037879,0.602510079037879,0.0871926292025139,0.639588527747503,0.9608339687540004,0.261930294906166,0.7949407774403778,0.652252621511767,0.0,0.6153225806451612,0.825189335901589,0.0,0.6829468564047675,0.8411306191865504,0.6061825650877636,0.0,0.22540802369468407,0.36677519238650336,0.42857142857142855
Zone_DH198,0.1143979578905443,0.3161764705882353,0.2109120521172638,0.4880107272440446,0.1568627450980392,0.2666666666666666,0.8685597189695551,0.8685597189695551,0.2152521525215252,0.8644169930702017,0.380449141347424,0.1122094921379708,0.1122094921379708,0.2199035938739398,0.2500559876976366,0.327420674454976,0.5865951742627347,0.2855912489123293,0.1077466953581309,0.2075746540422432,0.1185483870967741,0.2738636197814064,0.2077082802083713,0.856582504400284,0.9483318003054567,0.7008838358333707,0.0,0.18606857471949978,0.43104252993943826,0.23809523809523805
Zone_DH199,0.019705994170574,0.3366013071895425,0.2557003257328989,0.6943524215175894,0.1372549019607843,0.2333333333333333,0.9866803278688524,0.9866803278688524,0.031570315703157,0.8457797098954073,0.1202742655847014,0.0168553401817643,0.0168553401817643,0.153883702483373,0.1077912480031054,0.0601376961223569,0.6780160857908845,0.0772645747873492,0.0150459404993681,0.2301529497450837,0.0185483870967741,0.0949291540807541,0.2305635495974645,0.8519757167008433,0.8775521638194387,0.4715307147602386,0.0,0.3302086654257124,0.5857087564318565,0.09523809523809519
Zone_DH200,0.010771765302243,0.2589869281045752,0.1954397394136807,0.7180548982489351,0.3529411764705882,0.3333333333333333,0.9754098360655736,0.9893149882903984,0.027060270602706,0.7865966513149399,0.2528779014908472,0.0091869196486193,0.0091869196486193,0.1429007260967722,0.0428044610997476,0.0592137851962754,0.792225201072386,0.0473114556141565,0.0079755439423438,0.1762563729060451,0.0104838709677419,0.0430387135373345,0.1762850169392736,0.8081937716635171,0.8001475558704275,0.376364758795395,0.5142857142857143,0.4023134197887636,0.6665907745548928,0.09523809523809519
Zone_DH201,0.0125459384108478,0.3333333333333333,0.258957654723127,0.7331992427827734,0.392156862745098,0.3666666666666666,0.968237704918033,0.9859484777517568,0.033620336203362,0.7358929109456376,0.2354532301692143,0.0107585662331351,0.0107585662331351,0.3743364451766428,0.0542894041415966,0.0553010780816047,0.6536193029490615,0.0532248326318967,0.0092564128838337,0.233794610342316,0.0120967741935483,0.0587138291818062,0.2361516884630796,0.7636337097462036,0.7920038773963662,0.4453945727064206,0.5714285714285714,0.39897878379629154,0.7131790446700972,0.09523809523809519
Zone_DH202,0.0263319876169958,0.4305555555555555,0.3574918566775244,0.6517195141189464,0.3529411764705882,0.5,0.9140807962529274,0.9205210772833724,0.0906109061090611,0.7184177678302414,0.2033088004025916,0.0244098732812488,0.0244098732812488,0.4014277869302582,0.1150845787485629,0.0983965136276861,0.7209115281501338,0.101322074831744,0.021911398025754,0.3379461034231609,0.0266129032258064,0.1162340031227655,0.3416560416742559,0.7317481040075212,0.7423913234043313,0.5707180982798734,0.0,0.48858202124705624,0.7235952370110651,0.14285714285714285
Zone_DH203,0.0378731647265419,0.1854575163398693,0.1197068403908794,0.4954645843192932,0.2156862745098039,0.3666666666666666,0.821867681498829,0.821867681498829,0.1012710127101271,0.8055352300606894,0.3254702145058816,0.0380156253558982,0.0380156253558982,0.2437000427115748,0.1229751116021439,0.1798398183346227,0.7573726541554959,0.1469287731074529,0.0376575468798032,0.0917698470502549,0.0403225806451612,0.1334267244524216,0.0919747914465775,0.7982417558279588,0.7706577042032666,0.6238616135107639,0.0,0.4219844297952426,0.6102067301124722,0.14285714285714285
Zone_DH204,0.0380270470880026,0.1633986928104575,0.1148208469055374,0.6924199400536364,0.0784313725490196,0.1333333333333333,0.2710772833723654,0.2710772833723654,0.034440344403444,0.6048723798045883,0.0891992199786122,0.0623343886902185,0.0623343886902185,0.2529135395692233,0.2077964735215515,0.1990360158289317,0.5855227882037533,0.2034432546658853,0.0620965262834306,0.1092498179169701,0.0661290322580645,0.2129550993010258,0.109096207788423,0.6531021996298316,0.5762874045891833,0.5284605623499914,0.4571428571428572,0.6097910260497547,0.7058535585811211,0.09523809523809519
Zone_DH205,0.0509531654506942,0.1821895424836601,0.1416938110749185,0.8258005994636378,0.1372549019607843,0.2333333333333333,0.8331381733021077,0.8331381733021077,0.072160721607216,0.1762148667843153,0.3013776184185696,0.0510291627755126,0.0510291627755126,0.2854353529806577,0.1507972648143447,0.1654412787817733,0.6927613941018766,0.1563404542467991,0.0411756669057622,0.1303714493809177,0.0540322580645161,0.1884866260998993,0.1302174784160868,0.2941214646839657,0.28448013880445877,0.33933830688967087,0.4571428571428572,0.8639021154498803,0.8656595783434271,0.047619047619047596
Zone_DH206,0.0285859116172131,0.1919934640522876,0.1644951140065146,0.647893989588263,0.1764705882352941,0.1666666666666666,0.8155737704918035,0.9815573770491804,0.03280032800328,0.4808246890199284,0.3280493174812858,0.0245541306972188,0.0245541306972188,0.4287631948257978,0.0796630287104913,0.1036449955752458,0.7884718498659515,0.1036883135332871,0.0226286846329883,0.1493080844865258,0.0266129032258064,0.1174568430883275,0.1491238934829332,0.5063724262028512,0.41566806032835035,0.5955779303754657,0.5142857142857143,0.7615465306416281,0.8569281908838395,0.047619047619047596
Zone_DH207,0.0169180078570523,0.1111111111111111,0.0855048859934853,0.7202240100962298,0.1372549019607843,0.1,0.9853629976580796,0.995608899297424,0.010660106601066,0.0,0.4998427376234509,0.0142511141987259,0.0142511141987259,0.1460735859417902,0.0397848579405485,0.0956025179355599,0.8375335120643429,0.0672136096460852,0.012552515626601,0.0772032046613255,0.0153225806451612,0.0605758146186286,0.0768860879385086,0.0,0.0,0.4988872228791037,0.5142857142857143,1.0,1.0,0.047619047619047596
Zone_DH208,0.02165215344787,0.2475490196078431,0.1970684039087947,0.7112320555292634,0.3137254901960784,0.1666666666666666,0.9714578454332554,0.9910714285714288,0.024190241902419,0.4430766582016958,0.4476945335597911,0.0183890242883933,0.0183890242883933,0.1474769662578559,0.0554875408710192,0.1131289968887577,0.708042895442359,0.0816552128282989,0.0162926529357516,0.1777130371449381,0.0201612903225806,0.0728392359439069,0.1851881534370332,0.3538605072923331,0.21485716464231752,0.569755386438521,0.5142857142857143,0.8580375782881003,0.9712444788488684,0.09523809523809519
Zone_DH209,0.030695005159585,0.3292483660130719,0.261400651465798,0.4495582899510965,0.6666666666666666,0.2666666666666666,0.6532494145199065,0.7488290398126465,0.063140631406314,0.5907114879696982,0.8899792413662955,0.0324351411065303,0.0324351411065303,0.2925742876319482,0.0355857806178055,0.2673330698888524,0.5595174262734585,0.1370820236890238,0.0338490965604399,0.2658412235979606,0.0346774193548387,0.1130645420187074,0.2740373756875888,0.5102912931927526,0.6065533927871586,0.5284159253379734,0.4857142857142857,0.5956503182944765,0.6882712535859025,0.09523809523809519
Zone_DH210,0.0571989789452721,0.315359477124183,0.1995114006514658,0.3191749487300835,0.2352941176470588,0.2,0.4900468384074941,0.5307377049180328,0.0943009430094301,0.6889768863254851,0.4696483613260362,0.0727816626046815,0.0727816626046815,0.4017328696076636,0.1395026799444602,0.3309660434906022,0.397319034852547,0.2440244703709622,0.0829661509034395,0.1755280407865986,0.0774193548387096,0.2544090822863313,0.1756074459946814,0.6423328035816553,0.827269604578288,0.6881019935475859,0.4857142857142857,0.4549168526383989,0.4214744319475434,0.09523809523809519
Zone_DH211,0.1207976537465829,0.3570261437908497,0.1636807817589576,0.2938554977125729,0.1764705882352941,0.3,0.3875878220140515,0.3875878220140515,0.2849528495284953,0.9310893987001246,0.4048562621878341,0.1962963806573583,0.1962963806573583,0.3090487522118493,0.3104816435002015,0.5479904937357727,0.5680965147453083,0.4151039724397564,0.2036581616968951,0.2520029133284777,0.2064516129032258,0.3685826438442119,0.2517431058977815,0.900902768169661,0.9627653253993653,0.9512570028777757,0.08571428571428573,0.0,0.1670005919584719,0.4761904761904762
Zone_DH212,0.2537610659521697,0.25,0.1026058631921824,0.2198690645212179,0.1372549019607843,0.2,0.6008489461358315,0.6008489461358315,0.4292742927429275,0.8475444410967159,0.3559791155563943,0.3316553918107343,0.3316553918107343,0.3434620782231984,0.4987160154675347,0.6188756115344157,0.6195710455764075,0.5641858895814466,0.351180107251426,0.1267297887836853,0.3451612903225806,0.5500561805950765,0.126487195366289,0.7785449199874349,0.8920347407842425,0.5901862809063965,0.05714285714285715,0.10604502401349283,0.20879058330677108,0.8095238095238094
Zone_DH213,0.1550772127378387,0.2124183006535947,0.1343648208469055,0.4317321344060577,0.1372549019607843,0.0333333333333333,0.5040983606557379,0.9032494145199064,0.061910619106191,0.8959669435716436,0.4764420959929547,0.1414861550843147,0.1414861550843147,0.3022759167734456,0.2071283536630884,0.2661809640954856,0.5099195710455763,0.3432688721964733,0.1465314069064453,0.1289147851420247,0.1491935483870967,0.3309781260488261,0.1289497650358821,0.875582166586375,0.9540337144265186,0.8367626840011771,0.05714285714285715,0.06440963830640598,0.3629388461363327,0.5714285714285714
Zone_DH214,0.2047721635860021,0.142156862745098,0.0879478827361563,0.4376873323868119,0.0784313725490196,0.0666666666666666,0.8426522248243561,0.8897833723653397,0.1266912669126691,0.8898549477036973,0.4826696861042963,0.1914144060011085,0.1914144060011085,0.2825065592775642,0.3350639752758327,0.4045338424119641,0.525201072386059,0.4039076234617229,0.1939747924992314,0.0844865258557902,0.2016129032258064,0.4118840199039823,0.0847182252012677,0.8336836066596548,0.9473402521830829,0.770588620836228,0.08571428571428573,0.11236977693676276,0.3021777241473521,0.5714285714285714
Zone_DH216,0.2418940203124717,0.5735294117647058,0.4894136807817589,0.5842404164694748,0.0980392156862745,0.1666666666666666,0.7277517564402812,0.7277517564402812,0.2804428044280443,0.8824947273275082,0.5217336604390764,0.2749166723610383,0.2749166723610383,0.1317347001037281,0.3852102897923229,0.5262674555159153,0.4101876675603216,0.4557961749507219,0.2393687877856337,0.5375091041514931,0.2879032258064515,0.4666374819419516,0.5377581873155806,0.8113607225004116,0.9827423396112327,0.5517043299868553,0.9714285714285714,0.18081594454785732,0.3886662720276854,0.19047619047619044
Zone_DH217,0.0842460669478791,0.3488562091503268,0.2809446254071661,0.7107982331598045,0.0980392156862745,0.1666666666666666,0.9591627634660422,0.9591627634660422,0.0922509225092251,0.7601256832953127,0.6557212052588538,0.0745051591007448,0.0745051591007448,0.1324668985295015,0.1537534152495558,0.2604426980425333,0.5806970509383376,0.2104753786869816,0.0653755507736448,0.2585579024034959,0.0790322580645161,0.1963781756628581,0.2587811008706422,0.7665117866489087,0.8390326708770185,0.5761095530587333,0.4857142857142857,0.3301829550479756,0.6545011611493102,0.14285714285714285
Zone_DH218,0.0477849991853286,0.2941176470588235,0.2394136807817589,0.7283088815270546,0.3137254901960784,0.1666666666666666,0.4455503512880562,0.9276932084309136,0.052070520705207,0.7786338397968405,0.541674529785494,0.0431405598706238,0.0431405598706238,0.1292330221490023,0.0698427865450365,0.1428165925497158,0.635656836461126,0.1472839308862962,0.0376575468798032,0.2075746540422432,0.0459677419354838,0.1264194720483299,0.2073877090087793,0.7861521880953518,0.8002583245120133,0.3806883214996475,1.0,0.40312329668747493,0.6534253904649152,0.14285714285714285
Zone_DH219,0.044779767185039,0.3954248366013072,0.3135179153094462,0.6703738760056792,0.2745098039215686,0.1,0.711943793911007,0.989900468384075,0.031980319803198,0.6689192097447596,0.5273322010442222,0.0380991428072493,0.0380991428072493,0.1674903898956617,0.0805476343331492,0.1604042945160877,0.6369973190348523,0.1394127466126827,0.0347371656932062,0.2825928623452294,0.0403225806451612,0.1235914722234382,0.2825835124403483,0.6901893659936758,0.7269828305952938,0.4063715893484904,0.5714285714285714,0.46327529644065524,0.7361743545375895,0.14285714285714285
Zone_DH220,0.0911526694063761,0.2540849673202614,0.1498371335504885,0.4980675185360466,0.0784313725490196,0.1,0.5989461358313817,0.6059718969555036,0.072980729807298,0.6617311582662591,0.2457067371202113,0.1105619205976812,0.1105619205976812,0.2349136616022942,0.2901954343898834,0.2896961668828025,0.3884718498659516,0.285506898939854,0.1077466953581309,0.1835396941005098,0.1169354838709677,0.3066380656364459,0.1837382973297876,0.6775523605294669,0.7230138015301053,0.6313602610976554,0.028571428571428574,0.4091780906445078,0.7053640544601795,0.19047619047619044
Zone_DH221,0.2356210511070478,0.0,0.0,0.3063969080296576,0.0588235294117647,0.1,0.2583430913348946,0.2583430913348946,0.2127921279212792,0.7147161365299358,0.15795433100585,0.4397193813634604,0.4397193813634604,0.3296723412044664,0.6207617312889114,0.652904475402263,0.3005361930294906,0.6533438104878093,0.4569628035659391,0.0,0.4548387096774193,0.6594288549373258,0.0,0.5879862157408466,0.7807049059353537,0.6034345356254923,0.0,0.26111716733342244,0.5011611493101409,0.28571428571428564
Zone_DH222,0.4944240273729565,0.0,0.0,0.1882394699479413,0.0588235294117647,0.1,0.6986241217798596,0.6986241217798596,0.4764247642476425,0.5178840442474066,0.5830659872931999,0.5791479701463074,0.5791479701463074,0.0871926292025139,0.5822272652622463,1.0,0.3268096514745306,0.7784037433629891,0.6279161116234587,0.0,0.5927419354838709,0.6904434618920456,0.0,0.4219672379457111,0.45002445257595997,0.5450708340450588,0.5142857142857143,0.45735162541008056,0.4529336095806203,0.4761904761904762
Zone_DH224,0.1345746510491156,0.0,0.0,0.3151916706105063,0.1372549019607843,0.0666666666666666,0.4553571428571429,0.9773126463700236,0.0897908979089791,0.5997073128739293,0.6672957161728628,0.1165751770949593,0.1165751770949593,0.3827567270730367,0.1635102046910225,0.2778801253402052,0.4648793565683647,0.3196109246532772,0.1298630324145233,0.0,0.1233870967741935,0.2805819434108188,0.0,0.5854012799704993,0.7215149820683537,0.5195069639664327,0.5142857142857143,0.46749436942727557,0.5676824825827603,0.09523809523809519
Zone_DH225,0.0647844741749189,0.0,0.0,0.4835147499605617,0.1372549019607843,0.0666666666666666,0.6380269320843092,0.9896077283372368,0.037720377203772,0.1190547927516892,1.0,0.0551291103872932,0.0551291103872932,0.2745744096650191,0.074015736275549,0.2774515642479866,0.6042895442359248,0.1908395929891854,0.0561703726474707,0.0,0.0588709677419354,0.1461454274832553,0.0,0.041325846471732944,0.18901308400096142,0.5147424967169294,0.5142857142857143,0.8813491777821201,0.8873457492828196,0.047619047619047596
Zone_DH226,0.0725510074768723,0.2908496732026144,0.1693811074918566,0.435557658936741,0.2941176470588235,0.3333333333333333,0.563231850117096,0.5927985948477753,0.1763017630176302,0.5687169112899754,0.5827514625401018,0.0880425787151979,0.0880425787151979,0.2921471718835805,0.1415331671120799,0.3971147263609597,0.5383378016085791,0.2575914975227745,0.0908050688253577,0.2104879825200291,0.0935483870967742,0.2264938930963534,0.2170777020873556,0.4639139074606304,0.3764854748348881,0.6726766960802467,0.5142857142857143,0.7037367463002767,0.9180649788261008,0.09523809523809519
Zone_DH227,0.0484005286311711,0.2785947712418301,0.2271986970684039,0.3972629752326866,0.3725490196078431,0.1666666666666666,0.8745608899297426,0.9707259953161592,0.064370643706437,0.3737356346575991,0.7483172925709253,0.0421611279411429,0.0421611279411429,0.3234486545853926,0.0717090431329222,0.2747354887544456,0.4860589812332438,0.166054019498162,0.0451719780032107,0.2075746540422432,0.0451612903225806,0.1679726830976667,0.2109941350041893,0.26105561247446973,0.4216124209024043,0.3391752539932445,0.4857142857142857,0.7869483838456556,0.7791881061882427,0.047619047619047596
Zone_DH228,0.0820464543693538,0.2532679738562091,0.250814332247557,0.2803281274648997,0.2941176470588235,0.0666666666666666,0.8252341920374708,0.9853629976580796,0.055350553505535,0.4111823699048765,0.613511983393093,0.0702609540729942,0.0702609540729942,0.4172920861553481,0.1267561474492005,0.280624029476098,0.3321715817694368,0.2409124003338483,0.08120709089046,0.2272396212672978,0.0741935483870967,0.2532271009353704,0.2269935521474627,0.33057075173881884,0.5974245618659381,0.39245396706200303,0.4857142857142857,0.6996230858623775,0.5501798643049042,0.047619047619047596
Zone_DH229,0.405289932472799,0.7001633986928105,0.4723127035830619,0.3617289793342798,0.0588235294117647,0.1,0.6181206088992974,0.6181206088992974,0.3509635096350963,0.8235699220935736,0.3389947788890985,0.5093957132769971,0.5093957132769971,0.2638354994203429,0.614953940787411,0.724719069855458,0.34343163538874,0.685383481611706,0.4976944359053182,0.5710123816460305,0.5249999999999999,0.6676151702199069,0.5714254489818222,0.7466025869844378,0.9050812290908581,0.6148741687563866,0.08571428571428573,0.07188107407674034,0.0,0.7142857142857142
Zone_DH230,0.4863587812516972,0.5106209150326798,0.1995114006514658,0.1650102539832781,0.0980392156862745,0.1333333333333333,0.6555913348946136,0.6555913348946136,0.5973759737597376,0.7143287565101363,0.4751839969805624,0.6258721879294505,0.6258721879294505,0.3470620538165843,0.6617447259588827,0.9087443159997995,0.411260053619303,0.7933381279633477,0.652252621511767,0.233794610342316,0.6395161290322581,0.7667615170219907,0.2335142617755273,0.6440061200629922,0.7883238816212298,0.22490221724280593,0.3428571428571429,0.05726215329555619,0.20946222849597015,0.9523809523809522
Zone_DH231,0.3329109111646179,0.3455882352941176,0.1661237785016286,0.1664300362833255,0.1764705882352941,0.1666666666666666,0.1636416861826698,0.1636416861826698,0.4961049610496105,0.8349330693410235,0.1332955903629615,0.7905154545247477,0.7905154545247477,0.0455793520043931,0.8745502321623196,0.8278130583121373,0.3319034852546915,0.8916147248415108,0.808638180141408,0.3466860888565186,0.7999999999999999,0.9059580615505844,0.3469381807584423,0.7579705460873722,0.8440224351858909,0.4562454547432969,0.05714285714285715,0.13358855168300135,0.038130094258002886,0.619047619047619
Zone_DH232,0.5587649582707244,0.5702614379084968,0.263029315960912,0.2256270705158541,0.0588235294117647,0.1,0.8583138173302107,0.8583138173302107,0.5231652316523165,0.711229716351741,0.4080644146694345,0.577606693544101,0.577606693544101,0.0556470803587772,0.6940794876005913,0.7860255689565928,0.4378016085790883,0.7624660380373981,0.6053215834955767,0.2600145666423889,0.5919354838709677,0.7453399290811189,0.2602018141415613,0.5597276485734068,0.7390004985420815,0.16554996100272343,0.05714285714285715,0.19932741651840347,0.007940212194344562,0.5714285714285714
