zone_id,node_id,lon,lat,bc,tier,degree,is_master,is_art_pt
Zone_DH571,12823822338,90.4164678,23.7515438,0.01776745,4,3,0,0
Zone_DH571,3095068675,90.4110598,23.7515521,0.02591939,3,3,0,1
Zone_DH571,3095068676,90.4108928,23.7519151,0.0,4,1,0,0
Zone_DH571,12823822342,90.4160734,23.7493845,0.00264204,4,3,0,0
Zone_DH571,3518619655,90.4097528,23.7496706,0.0,4,1,0,0
Zone_DH571,4900421638,90.4185865,23.745511,0.00356012,4,3,0,1
Zone_DH571,4954431497,90.4124653,23.7427307,0.00180511,4,3,0,1
Zone_DH571,4954431499,90.4123067,23.7429352,0.0,4,1,0,0
Zone_DH571,4954431500,90.4120936,23.7429463,0.0,4,1,0,0
Zone_DH571,10055950376,90.4059504,23.7491453,0.06150721,3,3,0,0
Zone_DH571,10055950377,90.4061995,23.7492922,0.04024315,3,4,0,0
Zone_DH571,10055950378,90.4061884,23.7491427,0.06403422,3,3,0,0
Zone_DH571,10055950381,90.408023,23.74888,0.247817,1,4,0,0
Zone_DH571,1551032380,90.3988814,23.7569793,0.00151226,4,4,0,0
Zone_DH571,6605070401,90.4150115,23.7451788,0.02993114,3,3,0,1
Zone_DH571,6605070405,90.4140393,23.7448713,0.0,4,1,0,0
Zone_DH571,1551032398,90.3991564,23.7585238,0.00010444,4,2,0,0
Zone_DH571,11510939736,90.4060452,23.7554468,0.0,4,1,0,0
Zone_DH571,11235024990,90.399227,23.7571653,0.00201611,4,3,0,0
Zone_DH571,3525271648,90.40566,23.7523486,0.0,4,1,0,0
Zone_DH571,11510939744,90.4067701,23.7547573,0.0,4,1,0,0
Zone_DH571,3429949538,90.4092496,23.737963,0.00972418,4,3,0,0
Zone_DH571,4077592676,90.4092209,23.7551636,0.02799054,3,3,0,0
Zone_DH571,11510939749,90.4067651,23.7554655,0.00748226,4,3,0,1
Zone_DH571,4900421737,90.4193328,23.7462777,0.0,4,1,0,0
Zone_DH571,11308843118,90.4185016,23.7444057,0.00927749,4,3,0,1
Zone_DH571,11510939759,90.4070133,23.75242,0.0,4,1,0,0
Zone_DH571,4443619440,90.4136045,23.7412009,0.0,4,1,0,0
Zone_DH571,4072783990,90.4138078,23.7553521,0.00237459,4,3,0,1
Zone_DH571,8642379900,90.4009005,23.7384821,9.244e-05,4,2,0,0
Zone_DH571,3429941372,90.4087472,23.7375233,0.01660167,4,4,0,0
Zone_DH571,4072783999,90.4138126,23.7554804,0.0,4,1,0,0
Zone_DH571,9083494529,90.4167911,23.7384813,0.0,4,1,0,0
Zone_DH571,3429941380,90.4053313,23.7374749,0.0064054,4,3,0,0
Zone_DH571,9083494536,90.4166008,23.7385645,0.00611748,4,3,0,0
Zone_DH571,9083494537,90.4166281,23.7385946,0.00515636,4,4,0,1
Zone_DH571,9083494538,90.4165968,23.7390335,0.00237459,4,3,0,1
Zone_DH571,9083494539,90.4170741,23.7389614,0.0,4,1,0,0
Zone_DH571,6353633422,90.4114011,23.7396926,0.02419754,3,3,0,1
Zone_DH571,6353633423,90.4125791,23.7397509,0.0,4,1,0,0
Zone_DH571,6353633424,90.4114391,23.7394848,0.02206641,3,3,0,1
Zone_DH571,6353633425,90.4126163,23.7395585,0.0,4,1,0,0
Zone_DH571,6353633426,90.4114467,23.7388684,0.0257592,3,3,0,0
Zone_DH571,5195038867,90.4156079,23.7502841,0.01290324,4,3,0,0
Zone_DH571,4443734164,90.4108977,23.7417944,0.0474883,3,3,0,1
Zone_DH571,4443734165,90.4108757,23.7422428,0.0,4,1,0,0
Zone_DH571,5195038868,90.4151381,23.7503002,0.01389965,4,3,0,0
Zone_DH571,6353633436,90.4139291,23.7375157,0.00118765,4,2,0,1
Zone_DH571,6353633437,90.414318,23.7374445,0.0,4,1,0,0
Zone_DH571,9083494568,90.4163758,23.7390627,0.0,4,1,0,0
Zone_DH571,4077707435,90.4109834,23.7572629,0.01168172,4,3,0,1
Zone_DH571,4077707445,90.4111783,23.7574909,0.0,4,1,0,0
Zone_DH571,4077707449,90.4106174,23.7576028,0.0,4,1,0,0
Zone_DH571,10836132036,90.4136261,23.7524469,0.0,4,1,0,0
Zone_DH571,4900421829,90.4193807,23.7476652,0.00194554,4,3,0,1
Zone_DH571,4900421831,90.4196339,23.7477403,0.0,4,1,0,0
Zone_DH571,10836132043,90.4140127,23.7520171,0.0580861,3,3,0,1
Zone_DH571,3855081677,90.4148712,23.7582821,0.00490302,4,3,0,1
Zone_DH571,5738832084,90.3945274,23.7501635,0.00237459,4,3,0,1
Zone_DH571,4900421856,90.4196602,23.7480148,0.00463345,4,2,0,0
Zone_DH571,3429949668,90.409094,23.7375936,0.00358129,4,3,0,0
Zone_DH571,1813496039,90.411135,23.748997,0.00661287,4,3,0,0
Zone_DH571,371704044,90.3997874,23.737296,0.0,4,2,0,0
Zone_DH571,1813496045,90.4074561,23.7499622,0.0,4,1,0,0
Zone_DH571,225181943,90.394774,23.7458756,0.00865861,4,4,0,0
Zone_DH571,1813496063,90.4124411,23.7480687,0.0288564,3,3,0,0
Zone_DH571,4073095426,90.4082303,23.7541298,0.07423897,2,3,0,0
Zone_DH571,871751944,90.4078379,23.7516129,0.07571665,2,3,0,0
Zone_DH571,3940950286,90.4093061,23.7580511,0.00453607,4,3,0,0
Zone_DH571,9083494682,90.4153332,23.7398957,0.00237459,4,3,0,1
Zone_DH571,9083494687,90.4164987,23.7401019,0.0,4,1,0,0
Zone_DH571,4073095456,90.4088265,23.753836,0.0,4,1,0,0
Zone_DH571,4599095589,90.4195845,23.7501762,0.002002,4,3,0,0
Zone_DH571,4599095591,90.4198853,23.7501379,0.00082282,4,2,0,0
Zone_DH571,3518619949,90.4050546,23.7523701,0.06711308,3,3,0,1
Zone_DH571,9162432815,90.4098231,23.7418324,0.04693081,3,3,0,0
Zone_DH571,269304113,90.4069385,23.7374958,0.0062311,4,3,0,1
Zone_DH571,4488151348,90.4035431,23.7487075,0.0675887,3,4,0,0
Zone_DH571,3885474116,90.4103665,23.7583573,0.0,4,1,0,0
Zone_DH571,269304142,90.4087675,23.7369294,0.0,4,2,0,0
Zone_DH571,3518619985,90.4070722,23.752982,0.0,4,1,0,0
Zone_DH571,2480791891,90.4147991,23.7571718,0.0,4,1,0,0
Zone_DH571,4077068633,90.4088575,23.7511442,0.00237459,4,3,0,1
Zone_DH571,2320154970,90.3981249,23.737958,0.00710825,4,3,0,1
Zone_DH571,4077068634,90.4089026,23.7511452,0.0,4,1,0,0
Zone_DH571,4077068636,90.4088484,23.7513369,0.07811453,2,3,0,1
Zone_DH571,3518620001,90.4068174,23.7537046,0.09085758,2,3,0,1
Zone_DH571,12823814498,90.4155372,23.7544543,0.02322089,3,3,0,0
Zone_DH571,4072800611,90.4064034,23.7551243,0.0,4,1,0,0
Zone_DH571,4072800615,90.4068134,23.7551789,0.00237459,4,3,0,1
Zone_DH571,3525034349,90.4037163,23.7488046,0.11481378,2,3,0,0
Zone_DH571,11182432638,90.406919,23.7457323,0.00024699,4,3,0,0
Zone_DH571,11182432639,90.4070363,23.7451528,0.0,4,1,0,0
Zone_DH571,11182432640,90.4064212,23.7452568,0.01939402,4,3,0,0
Zone_DH571,11182432642,90.4069962,23.7453506,0.00276483,4,4,0,1
Zone_DH571,11182432643,90.4072613,23.7453939,0.0,4,1,0,0
Zone_DH571,4072792453,90.4111317,23.7547237,0.13469684,1,3,0,0
Zone_DH571,4072792454,90.4111612,23.75464,0.0,4,1,0,0
Zone_DH571,2480791947,90.4075781,23.7553691,0.0464566,3,3,0,0
Zone_DH571,3518620047,90.4071274,23.7544811,0.0,4,1,0,0
Zone_DH571,5833179539,90.4101277,23.7445704,0.02648887,3,3,0,0
Zone_DH571,5833179544,90.409608,23.743742,0.02961288,3,3,0,1
Zone_DH571,5833179545,90.4090528,23.7450679,0.0,4,1,0,0
Zone_DH571,2480791966,90.4076061,23.7539671,0.12301229,1,3,0,0
Zone_DH571,2320163233,90.4053816,23.7376205,0.02225553,3,3,0,0
Zone_DH571,2480791984,90.4170323,23.7572847,0.00037754,4,2,0,0
Zone_DH571,4734386608,90.4117318,23.7415639,0.06519012,3,3,0,0
Zone_DH571,2320163251,90.4051758,23.7377112,0.02842312,3,3,0,0
Zone_DH571,2320163260,90.4040932,23.7376279,0.00066474,4,3,0,0
Zone_DH571,2320163264,90.4051145,23.737668,0.02958042,3,3,0,0
Zone_DH571,2320163275,90.4051162,23.7374957,0.00494254,4,3,0,0
Zone_DH571,2320163282,90.4053682,23.7376503,0.02314821,3,3,0,0
Zone_DH571,7074464214,90.4139803,23.7492491,0.03432607,3,3,0,0
Zone_DH571,7074464218,90.414456,23.74927,0.00925914,4,3,0,0
Zone_DH571,3888677362,90.4101894,23.7545055,0.07391436,2,3,0,0
Zone_DH571,9077522932,90.4139959,23.7437416,0.05388099,3,3,0,0
Zone_DH571,9077522933,90.4140369,23.7437135,0.03642263,3,4,0,1
Zone_DH571,9077522936,90.413814,23.7430806,0.00118765,4,3,0,1
Zone_DH571,9077522938,90.4135691,23.7432719,0.03336495,3,4,0,0
Zone_DH571,9077522939,90.4135099,23.7433151,0.01619521,4,3,0,0
Zone_DH571,9077522943,90.4142121,23.7427618,0.0,4,1,0,0
Zone_DH571,4077593092,90.4102607,23.7564269,0.0,4,1,0,0
Zone_DH571,4072874511,90.4124441,23.7554587,0.00237459,4,3,0,1
Zone_DH571,4072874512,90.4128032,23.7553201,0.0,4,1,0,0
Zone_DH571,4072792596,90.4081001,23.7578631,0.00580699,4,4,0,1
Zone_DH571,4072792602,90.4075666,23.7579029,0.0,4,1,0,0
Zone_DH571,3371475495,90.4166823,23.7384116,0.00474142,4,2,0,0
Zone_DH571,4077634101,90.4126614,23.7536323,0.0,4,1,0,0
Zone_DH571,4077634102,90.4124959,23.753642,0.01291241,4,3,0,1
Zone_DH571,6353642043,90.4116579,23.7381203,0.00553742,4,3,0,1
Zone_DH571,6353642044,90.4109652,23.7379896,0.0,4,1,0,0
Zone_DH571,4072743489,90.4113387,23.7592903,0.00118765,4,2,0,1
Zone_DH571,4072743492,90.4116433,23.7594511,0.0,4,1,0,0
Zone_DH571,386933318,90.4141187,23.7483252,0.03273266,3,3,0,0
Zone_DH571,8772215367,90.4090139,23.7480465,0.08825152,2,4,0,0
Zone_DH571,386933324,90.415242,23.7492036,0.01086808,4,3,0,0
Zone_DH571,386933325,90.4152532,23.7490452,0.00145298,4,3,0,1
Zone_DH571,386933327,90.4153063,23.7484055,0.00872495,4,3,0,0
Zone_DH571,10891493973,90.4195378,23.7486298,0.00580416,4,2,0,0
Zone_DH571,6150029910,90.3989052,23.7568113,0.00414936,4,5,0,0
Zone_DH571,8778506840,90.4013162,23.7402072,0.00449373,4,3,0,0
Zone_DH571,8778506841,90.401312,23.7403876,0.00260535,4,3,0,1
Zone_DH571,8778506845,90.4014614,23.7405841,0.01955139,4,3,0,0
Zone_DH571,8778506853,90.4028617,23.7410013,0.02133463,4,3,0,1
Zone_DH571,8778506855,90.4026104,23.7406755,0.0,4,1,0,0
Zone_DH571,8778506865,90.4017235,23.7402102,0.0,4,1,0,0
Zone_DH571,11595293299,90.4040796,23.7541701,0.04154088,3,3,0,1
Zone_DH571,4077609591,90.4108592,23.756778,0.00237459,4,3,0,1
Zone_DH571,4077609592,90.4108334,23.7564673,0.0,4,1,0,0
Zone_DH571,3888808569,90.4116933,23.7459058,0.11798225,1,3,0,0
Zone_DH571,6003581572,90.4123816,23.7421547,0.02608663,3,3,0,0
Zone_DH571,6003581575,90.4122275,23.7419601,0.02935178,3,3,0,0
Zone_DH571,4958233260,90.4147448,23.7404907,0.01031836,4,3,0,1
Zone_DH571,5735899821,90.4189425,23.7512183,0.00737993,4,3,0,0
Zone_DH571,3515450028,90.405836,23.7509759,0.0,4,1,0,0
Zone_DH571,4778173100,90.4147652,23.7402532,0.0082592,4,3,0,1
Zone_DH571,4958233264,90.4158241,23.7403429,0.0,4,1,0,0
Zone_DH571,4065026737,90.4126413,23.7498488,0.08675832,2,3,0,0
Zone_DH571,3515450034,90.4059036,23.7514956,0.01951963,4,3,0,1
Zone_DH571,3515450036,90.4051658,23.7516555,0.0,4,1,0,0
Zone_DH571,4958233268,90.413145,23.7409292,0.0057717,4,3,0,0
Zone_DH571,6353633981,90.415878,23.7378183,0.00237459,4,3,0,1
Zone_DH571,3608994494,90.4110039,23.7481481,0.00364763,4,3,0,1
Zone_DH571,3608994493,90.4112111,23.747917,0.00445492,4,3,0,0
Zone_DH571,6353633982,90.4155357,23.7378152,0.0,4,1,0,0
Zone_DH571,3608994497,90.4115083,23.7489436,0.0034324,4,3,0,1
Zone_DH571,3608994500,90.4122053,23.7497495,0.0,4,1,0,0
Zone_DH571,3608994501,90.4125694,23.7497265,0.08803771,2,3,0,1
Zone_DH571,1990877903,90.4166595,23.7566338,0.00144381,4,3,0,0
Zone_DH571,1990877914,90.4154729,23.7546021,0.0318414,3,3,0,0
Zone_DH571,4889182950,90.4194198,23.7430096,0.0,4,1,0,0
Zone_DH571,4889182954,90.4191377,23.7431472,0.00118906,4,3,0,1
Zone_DH571,4889182956,90.4182206,23.7421689,0.00240987,4,3,0,0
Zone_DH571,4889182962,90.4181287,23.74321,0.0071767,4,4,0,0
Zone_DH571,4889182965,90.4191384,23.7431567,0.00237106,4,2,0,0
Zone_DH571,3525313272,90.4035091,23.751757,0.06695218,3,3,0,1
Zone_DH571,3525313273,90.4037088,23.7517578,0.0,4,1,0,0
Zone_DH571,4077675271,90.4075121,23.7526172,0.0,4,1,0,0
Zone_DH571,4077675272,90.4077656,23.7526191,0.05227559,3,3,0,1
Zone_DH571,3220521737,90.4020792,23.755039,0.00684292,4,3,0,0
Zone_DH571,4889182985,90.4195305,23.7418031,0.0,4,1,0,0
Zone_DH571,2320163606,90.4043067,23.737426,0.0056475,4,4,0,0
Zone_DH571,2320163609,90.404004,23.7370018,0.0,4,2,0,0
Zone_DH571,3384410923,90.4093346,23.7584976,0.01020968,4,3,0,0
Zone_DH571,2433745708,90.3958274,23.7426909,0.01213829,4,3,0,0
Zone_DH571,2433663798,90.3979687,23.7433252,0.01184543,4,3,0,0
Zone_DH571,2433663799,90.3978394,23.7435054,0.00677447,4,3,0,0
Zone_DH571,2433663803,90.397972,23.7435354,0.00496794,4,3,0,0
Zone_DH571,2433663806,90.3979245,23.7434557,0.00614783,4,3,0,0
Zone_DH571,2433663808,90.3983659,23.743649,0.0052862,4,2,0,0
Zone_DH571,3940983618,90.4107095,23.7481554,0.0,4,1,0,0
Zone_DH571,2433663811,90.3984885,23.743689,0.0057216,4,2,0,0
Zone_DH571,2433663814,90.3985896,23.7437201,0.00738628,4,3,0,1
Zone_DH571,4978770761,90.4113773,23.7599111,0.0,4,1,0,0
Zone_DH571,2433663819,90.3973067,23.7433494,0.005759,4,2,0,0
Zone_DH571,4380377932,90.3996049,23.745693,0.04278075,3,3,0,1
Zone_DH571,2433663822,90.3971857,23.7433037,0.00478517,4,2,0,0
Zone_DH571,2433663823,90.3969682,23.7432376,0.00409926,4,3,0,0
Zone_DH571,4380377934,90.3994804,23.7460515,0.0,4,1,0,0
Zone_DH571,8779907924,90.4151211,23.7420163,0.0,4,1,0,0
Zone_DH571,2433663829,90.3966638,23.7443395,0.0049757,4,3,0,0
Zone_DH571,317358935,90.3993022,23.7584664,7.06e-06,4,2,0,0
Zone_DH571,317358951,90.4039824,23.7463264,0.00713224,4,3,0,0
Zone_DH571,7129711468,90.4075214,23.7450052,0.0,4,1,0,0
Zone_DH571,3516883825,90.4048929,23.752167,0.0,4,1,0,0
Zone_DH571,3516883827,90.4051018,23.7521279,0.0,4,1,0,0
Zone_DH571,4381967227,90.4163234,23.7441749,0.02532874,3,3,0,1
Zone_DH571,4381967232,90.4161655,23.7449567,0.0,4,1,0,0
Zone_DH571,9725961092,90.3992568,23.7375801,0.0,4,1,0,0
Zone_DH571,3011756933,90.398264,23.7434127,0.02691086,3,3,0,1
Zone_DH571,10036126597,90.4162652,23.7559489,0.00263569,4,3,0,0
Zone_DH571,3011756934,90.398266,23.7428985,0.00237459,4,3,0,1
Zone_DH571,3890504583,90.4130085,23.7556936,0.0,4,1,0,0
Zone_DH571,3011756937,90.3984661,23.7429495,0.0,4,1,0,0
Zone_DH571,4077593482,90.4094749,23.7551934,0.04253165,3,3,0,0
Zone_DH571,642581388,90.3945111,23.7502026,0.0,4,2,0,0
Zone_DH571,2433672080,90.3986655,23.7446025,0.03394219,3,3,0,0
Zone_DH571,6136398767,90.415984,23.7394107,0.00237459,4,3,0,1
Zone_DH571,6136398768,90.4159761,23.7397393,0.0,4,1,0,0
Zone_DH571,4077757367,90.4129623,23.7547274,0.0,4,1,0,0
Zone_DH571,4077757369,90.4129737,23.7549439,0.03638946,3,3,0,1
Zone_DH571,2320196539,90.4160466,23.7429466,0.01832493,4,3,0,0
Zone_DH571,11612636091,90.4021531,23.7509911,0.04937527,3,3,0,0
Zone_DH571,8786297789,90.4030277,23.737764,7.1e-07,4,2,0,0
Zone_DH571,11049403327,90.4012286,23.7471659,0.04860114,3,3,0,1
Zone_DH571,2320196545,90.4135206,23.7436225,0.02586434,3,3,0,0
Zone_DH571,2320196551,90.4143738,23.744185,0.02758266,3,3,0,0
Zone_DH571,2433713105,90.3989214,23.7436017,0.0271148,3,3,0,0
Zone_DH571,8778621906,90.4019605,23.7445077,0.00590931,4,2,0,0
Zone_DH571,6782510037,90.4057122,23.7434188,0.05756249,3,4,0,1
Zone_DH571,8778621909,90.4023775,23.7446313,0.00682175,4,2,0,0
Zone_DH571,11612554202,90.3956012,23.7504816,0.01078622,4,3,0,0
Zone_DH571,11612554207,90.3946088,23.7501846,0.00355659,4,3,0,0
Zone_DH571,11612554208,90.3945639,23.7503249,0.00228144,4,3,0,1
Zone_DH571,11612554209,90.3945956,23.7502257,0.00412325,4,4,0,0
Zone_DH571,7591904227,90.3952047,23.7420814,0.0,4,1,0,0
Zone_DH571,7591904228,90.3957505,23.742187,0.00269285,4,3,0,1
Zone_DH571,3516924905,90.404685,23.752371,0.0,4,1,0,0
Zone_DH571,11612554221,90.4021752,23.7537901,0.0266554,3,3,0,0
Zone_DH571,6784812017,90.4081265,23.7407132,0.0,4,1,0,0
Zone_DH571,6784812018,90.4081775,23.7401784,0.00669684,4,3,0,1
Zone_DH571,4073137145,90.4134623,23.7551556,0.00711107,4,3,0,1
Zone_DH571,3888792570,90.4076587,23.7521155,0.0,4,1,0,0
Zone_DH571,3888792571,90.4078052,23.7521401,0.05451398,3,3,0,1
Zone_DH571,11612554241,90.3990122,23.7565923,0.00107615,4,3,0,0
Zone_DH571,11612554243,90.3994082,23.756699,0.00418888,4,3,0,0
Zone_DH571,2265981956,90.4008677,23.7404013,0.01932769,4,3,0,0
Zone_DH571,11612554252,90.3992048,23.7565188,0.01162879,4,3,0,0
Zone_DH571,2258486285,90.3956201,23.7506203,0.00552331,4,3,0,1
Zone_DH571,4073096210,90.4149954,23.7537138,0.05864429,3,3,0,0
Zone_DH571,3512304667,90.4069487,23.7516485,0.02219696,3,3,0,1
Zone_DH571,4077593652,90.4124638,23.7540001,0.00846808,4,3,0,0
Zone_DH571,4077593653,90.4131043,23.7540169,0.00592131,4,3,0,1
Zone_DH571,9952306245,90.4037808,23.7481734,0.04282873,3,3,0,0
Zone_DH571,4601037894,90.4150608,23.7545628,0.05122837,3,3,0,0
Zone_DH571,11398595656,90.3967975,23.7465242,0.01166549,4,3,0,1
Zone_DH571,11398595663,90.3964796,23.747344,0.0,4,1,0,0
Zone_DH571,11398595666,90.3960411,23.7475858,0.0,4,1,0,0
Zone_DH571,9952306263,90.4051881,23.7442331,0.10266914,2,3,0,0
Zone_DH571,9952306273,90.405573,23.7376098,0.03155348,3,3,0,0
Zone_DH571,6557238369,90.404857,23.7502039,0.0,4,1,0,0
Zone_DH571,6557238373,90.4048976,23.7504301,0.0,4,1,0,0
Zone_DH571,2446124135,90.3960671,23.7414669,0.00605327,4,4,0,0
Zone_DH571,6557238382,90.4035496,23.7504817,0.07250795,2,3,0,1
Zone_DH571,2446124154,90.3960827,23.7413782,0.00584227,4,4,0,0
Zone_DH571,9952306305,90.4052123,23.7374195,0.00210996,4,3,0,0
Zone_DH571,3341501571,90.4058318,23.7417601,0.08854156,2,4,0,0
Zone_DH571,9952306309,90.4095727,23.7372355,0.00217136,4,3,0,0
Zone_DH571,3341501575,90.404302,23.7451131,0.10314053,2,3,0,0
Zone_DH571,1683350665,90.3956647,23.7425763,0.00181217,4,2,0,0
Zone_DH571,9952306314,90.408694,23.7373633,0.00170632,4,4,0,0
Zone_DH571,9952306313,90.4089419,23.7373017,5.363e-05,4,3,0,0
Zone_DH571,9952306316,90.4088329,23.7373231,0.00071838,4,4,0,0
Zone_DH571,4073137293,90.4085631,23.7542526,0.07434905,2,3,0,0
Zone_DH571,3384435866,90.412687,23.7585597,0.01813228,4,3,0,0
Zone_DH571,7074456732,90.4134984,23.7459099,0.00835447,4,3,0,1
Zone_DH571,7074456733,90.4134172,23.7462667,0.0,4,1,0,0
Zone_DH571,4077634730,90.413609,23.7531185,0.0,4,1,0,0
Zone_DH571,4077634731,90.4126943,23.7532794,0.01546272,4,3,0,1
Zone_DH571,3512304815,90.4072842,23.7520773,0.0,4,1,0,0
Zone_DH571,1937564848,90.4112363,23.7439769,0.07672788,2,3,0,0
Zone_DH571,10139575489,90.394846,23.7459857,0.00898463,4,3,0,0
Zone_DH571,10139575490,90.3948726,23.7459011,0.00349661,4,3,0,0
Zone_DH571,6150038725,90.3997385,23.7554218,0.01284043,4,3,0,0
Zone_DH571,10139575501,90.3959064,23.7413976,0.00429332,4,4,0,1
Zone_DH571,10139575509,90.3984543,23.7422413,0.026033,3,3,0,0
Zone_DH571,4418610390,90.4024222,23.7523088,0.0,4,1,0,0
Zone_DH571,13478806755,90.4073868,23.7507814,0.00474424,4,3,0,1
Zone_DH571,9066603749,90.4135781,23.7418441,0.0,4,1,0,0
Zone_DH571,11898053875,90.3969117,23.7533915,0.0,4,1,0,0
Zone_DH571,60916997,90.39616,23.7408061,0.00474213,4,3,0,1
Zone_DH571,366232837,90.3946046,23.7499756,0.00118765,4,2,0,1
Zone_DH571,4979123483,90.4150105,23.757041,0.0,4,1,0,0
Zone_DH571,11511112993,90.4075164,23.7507201,0.00710825,4,3,0,1
Zone_DH571,11511112994,90.4075236,23.7510413,0.0,4,1,0,0
Zone_DH571,4979123491,90.4146786,23.7578144,0.00711107,4,3,0,1
Zone_DH571,11511112996,90.4075101,23.7518499,0.0,4,1,0,0
Zone_DH571,11511112997,90.4078663,23.7459013,0.0,4,1,0,0
Zone_DH571,11511113001,90.4056141,23.7455017,0.05416114,3,3,0,1
Zone_DH571,11511113002,90.4054798,23.7460989,0.0,4,1,0,0
Zone_DH571,1990878508,90.4127657,23.750058,0.0738826,2,3,0,0
Zone_DH571,6585943344,90.4111602,23.7450267,0.0736208,2,3,0,1
Zone_DH571,6585943345,90.411871,23.7449362,0.0,4,1,0,0
Zone_DH571,6585943346,90.412478,23.745382,0.03947467,3,3,0,1
Zone_DH571,9066964275,90.4146757,23.7423666,0.0,4,1,0,0
Zone_DH571,6585943347,90.4124269,23.7450221,0.0,4,1,0,0
Zone_DH571,6585943348,90.4131025,23.7449001,0.03810707,3,3,0,1
Zone_DH571,9077294390,90.4142881,23.741274,0.01283338,4,3,0,1
Zone_DH571,6585943351,90.4079679,23.7429943,0.01957891,4,3,0,1
Zone_DH571,6585943350,90.4130647,23.7443844,0.0,4,1,0,0
Zone_DH571,6585943352,90.4080898,23.7425718,0.0,4,1,0,0
Zone_DH571,9077294389,90.4141275,23.7412627,0.0,4,1,0,0
Zone_DH571,898245949,90.4080874,23.7514313,0.07412747,2,3,0,1
Zone_DH571,898245950,90.4080519,23.7512349,0.0,4,1,0,0
Zone_DH571,6136702291,90.4191054,23.7478709,0.0,4,1,0,0
Zone_DH571,9077269847,90.4132818,23.7409353,0.00422487,4,3,0,1
Zone_DH571,9077269848,90.4132735,23.7410843,0.0,4,1,0,0
Zone_DH571,3514754396,90.4040598,23.7541036,0.03826585,3,3,0,0
Zone_DH571,6060746077,90.409876,23.7418306,0.05016068,3,3,0,0
Zone_DH571,3514754401,90.4018569,23.755864,0.0002611,4,3,0,0
Zone_DH571,4077659489,90.4101112,23.7517447,0.0,4,1,0,0
Zone_DH571,4077659492,90.410273,23.7520613,0.00710825,4,3,0,1
Zone_DH571,4077659493,90.4098851,23.7520701,0.11637332,1,3,0,1
Zone_DH571,4077659494,90.4104871,23.7521024,0.00474424,4,3,0,1
Zone_DH571,4077659495,90.4109142,23.752198,0.0,4,1,0,0
Zone_DH571,9080841573,90.4147692,23.7401342,0.00688314,4,3,0,1
Zone_DH571,4077659497,90.4106547,23.7523355,0.00237459,4,3,0,1
Zone_DH571,4077659498,90.4107115,23.7524144,0.0,4,1,0,0
Zone_DH571,4077659499,90.4104404,23.7528712,0.0,4,1,0,0
Zone_DH571,9080841574,90.4151898,23.740146,0.0,4,1,0,0
Zone_DH571,3797640558,90.4076811,23.7369229,0.0,4,1,0,0
Zone_DH571,11618002292,90.3995895,23.7528254,0.01500826,4,2,0,0
Zone_DH571,9104442741,90.4099584,23.7372925,0.01357081,4,3,0,1
Zone_DH571,9104442742,90.409975,23.7378439,0.0,4,1,0,0
Zone_DH571,4073137527,90.4130295,23.7553579,0.0,4,1,0,0
Zone_DH571,11462804859,90.4161645,23.7575311,0.00218194,4,3,0,0
Zone_DH571,11462804861,90.4162739,23.7583387,0.00109873,4,2,0,0
Zone_DH571,4073145734,90.4133618,23.7560344,0.0,4,1,0,0
Zone_DH571,4072777095,90.41038,23.7558422,0.00237459,4,3,0,1
Zone_DH571,4072777097,90.410048,23.7560031,0.0,4,1,0,0
Zone_DH571,4072777101,90.4121408,23.7573795,0.0,4,1,0,0
Zone_DH571,4072777102,90.4114614,23.7573922,0.03629279,3,3,0,1
Zone_DH571,2432124330,90.419485,23.7494003,0.00119612,4,3,0,1
Zone_DH571,3734160815,90.4070475,23.7473122,0.06501511,3,3,0,0
Zone_DH571,3073983937,90.4167441,23.7511468,2.682e-05,4,3,0,0
Zone_DH571,3073983939,90.4170075,23.7516312,5.504e-05,4,3,0,0
Zone_DH571,3073983944,90.4179509,23.7520244,0.00072332,4,3,0,0
Zone_DH571,3073983947,90.4184285,23.7520906,0.00225604,4,3,0,0
Zone_DH571,3073983951,90.4168598,23.7504277,0.01730311,4,3,0,0
Zone_DH571,3073983952,90.4166418,23.7508421,0.0,4,3,0,0
Zone_DH571,3073983953,90.4169437,23.750727,0.01617262,4,3,0,0
Zone_DH571,3073983954,90.417063,23.7509615,0.01392082,4,3,0,0
Zone_DH571,3073983956,90.4174518,23.7519038,0.0011199,4,3,0,0
Zone_DH571,3073983957,90.4175919,23.751204,0.00975946,4,3,0,0
Zone_DH571,3073983960,90.4180504,23.7512446,0.0074004,4,3,0,0
Zone_DH571,4077086168,90.4087481,23.7510328,0.0,4,1,0,0
Zone_DH571,3073983962,90.418417,23.7512485,0.0069403,4,3,0,0
Zone_DH571,4077086171,90.4086723,23.7513359,0.07510694,2,3,0,1
Zone_DH571,3073983964,90.4188161,23.7512251,0.0098512,4,3,0,0
Zone_DH571,3073983965,90.4196683,23.7520604,8.47e-06,4,2,0,0
Zone_DH571,3073983963,90.4188232,23.7524991,0.00206762,4,3,0,0
Zone_DH571,4077635039,90.4131665,23.7530586,0.0,4,1,0,0
Zone_DH571,4077635040,90.4131372,23.753331,0.0035573,4,3,0,1
Zone_DH571,2320164331,90.408994,23.7375245,0.01413535,4,4,0,0
Zone_DH571,4073145846,90.4135858,23.7558482,0.00237459,4,3,0,1
Zone_DH571,366233079,90.3949424,23.7500803,0.0,4,1,0,0
Zone_DH571,4073145847,90.413177,23.7558634,0.0,4,1,0,0
Zone_DH571,3014895101,90.4016439,23.7389528,1.905e-05,4,3,0,0
Zone_DH571,6991570430,90.4050178,23.7376348,0.02553268,3,3,0,0
Zone_DH571,4072769031,90.4114697,23.7577718,0.03435501,3,3,0,1
Zone_DH571,5266515466,90.4104605,23.738732,0.0,4,1,0,0
Zone_DH571,4072769035,90.4120919,23.7578354,0.0,4,1,0,0
Zone_DH571,3525215770,90.4053785,23.7523056,0.01062603,4,3,0,1
Zone_DH571,4878968346,90.40219,23.749524,0.0,4,1,0,0
Zone_DH571,4878968349,90.4022108,23.7482724,0.05266935,3,3,0,1
Zone_DH571,4077651489,90.4103897,23.750625,0.0,4,1,0,0
Zone_DH571,4077651496,90.4103882,23.7507351,0.0035573,4,3,0,1
Zone_DH571,4077651501,90.4104419,23.7507687,0.0,4,1,0,0
Zone_DH571,4077651504,90.4102777,23.7508575,0.00710754,4,3,0,1
Zone_DH571,3525191243,90.4059771,23.752561,0.00237459,4,3,0,1
Zone_DH571,3525191246,90.4064289,23.7528641,0.0,4,1,0,0
Zone_DH571,4077069912,90.4088043,23.7511008,0.0,4,1,0,0
Zone_DH571,8780195417,90.4080241,23.744194,0.00237459,4,3,0,1
Zone_DH571,4069631590,90.4124682,23.7574189,0.00757047,4,3,0,0
Zone_DH571,3889948268,90.4141198,23.7519773,0.03260564,3,3,0,0
Zone_DH571,4069631597,90.4131833,23.7575178,0.0070151,4,3,0,0
Zone_DH571,4417308305,90.4008223,23.7534833,0.05976984,3,4,0,0
Zone_DH571,4417308308,90.4007096,23.7536732,0.02640207,3,3,0,0
Zone_DH571,4417308326,90.4017433,23.7540353,0.01405702,4,3,0,0
Zone_DH571,4417308330,90.4019075,23.7542747,0.03055707,3,3,0,0
Zone_DH571,6559549099,90.3960663,23.7397208,0.0,4,1,0,0
Zone_DH571,7299065518,90.4127732,23.7453395,0.0496032,3,3,0,0
Zone_DH571,6559549102,90.3961154,23.7403088,0.00118765,4,2,0,1
Zone_DH571,6559549103,90.3972432,23.7406517,0.0,4,1,0,0
Zone_DH571,7299065519,90.4138185,23.7457078,0.0,4,1,0,0
Zone_DH571,7299065522,90.4137013,23.7448362,0.00167456,4,3,0,1
Zone_DH571,6356272819,90.4174725,23.7577837,0.0,4,1,0,0
Zone_DH571,7299065523,90.4137871,23.7453689,0.0,4,1,0,0
Zone_DH571,9163654840,90.4078147,23.7463238,0.00237459,4,3,0,1
Zone_DH571,7127910079,90.4073778,23.7437608,0.01713022,4,3,0,1
Zone_DH571,9163654849,90.4076078,23.7463237,0.00474424,4,3,0,1
Zone_DH571,9163654850,90.4076119,23.7460978,0.0,4,1,0,0
Zone_DH571,6136710877,90.4172783,23.7471994,0.00683445,4,3,0,0
Zone_DH571,10083796719,90.4129881,23.7499792,0.03897011,3,3,0,0
Zone_DH571,10083796720,90.4129395,23.7498991,0.04572058,3,3,0,0
Zone_DH571,3384436466,90.4123519,23.7577354,0.00487973,4,3,0,0
Zone_DH571,10083796723,90.4128231,23.7497593,0.03092473,3,3,0,0
Zone_DH571,10083796724,90.4121185,23.7456328,0.06100335,3,3,0,0
Zone_DH571,10083796725,90.4124412,23.7454094,0.04004556,3,3,0,0
Zone_DH571,10083796726,90.4125326,23.745521,0.04306302,3,3,0,0
Zone_DH571,4965345023,90.4005892,23.7535459,0.01880338,4,3,0,0
Zone_DH571,11054016264,90.4104933,23.7585217,0.0,4,1,0,0
Zone_DH571,2449147674,90.3960008,23.7418512,0.01150883,4,3,0,0
Zone_DH571,3525355303,90.4028509,23.7517428,0.0433968,3,3,0,0
Zone_DH571,60917544,90.4041428,23.7451525,0.01266472,4,3,0,0
Zone_DH571,4077020978,90.4089087,23.7507283,0.00946661,4,3,0,1
Zone_DH571,4077020979,90.4089022,23.7508837,0.0,4,1,0,0
Zone_DH571,4072769348,90.4120325,23.7552681,0.03981621,3,3,0,1
Zone_DH571,4072769354,90.4115842,23.7557966,0.0,4,1,0,0
Zone_DH571,8780195658,90.4175375,23.7395076,0.00935652,4,3,0,0
Zone_DH571,8780195661,90.4180101,23.7400485,0.00072684,4,3,0,0
Zone_DH571,8780195662,90.4185311,23.7406611,0.00289256,4,3,0,0
Zone_DH571,8780195663,90.4180553,23.7410063,0.01910258,4,3,0,0
Zone_DH571,8780195664,90.4172285,23.7390087,0.0094405,4,3,0,0
Zone_DH571,6353594218,90.4067867,23.7369269,0.00118765,4,2,0,1
Zone_DH571,6353594221,90.4073282,23.7369522,0.0,4,1,0,0
Zone_DH571,4676167546,90.4030554,23.7567482,0.00123352,4,3,0,1
Zone_DH571,4072802172,90.4122067,23.7582424,0.00410561,4,3,0,1
Zone_DH571,4072802173,90.4122889,23.7582593,0.0,4,1,0,0
Zone_DH571,3384412037,90.4092359,23.7575698,0.01812734,4,3,0,0
Zone_DH571,4077766534,90.4134874,23.7548217,0.03382222,3,3,0,0
Zone_DH571,3384412039,90.4096537,23.7577457,0.0,4,1,0,0
Zone_DH571,6307088264,90.4079779,23.7435508,0.01024003,4,3,0,1
Zone_DH571,11462821770,90.4173689,23.7552686,0.0,4,1,0,0
Zone_DH571,6307088266,90.4146183,23.7414735,0.0,4,1,0,0
Zone_DH571,11462821773,90.4169492,23.7554565,0.0,4,1,0,0
Zone_DH571,3714869135,90.4086044,23.746758,0.00113049,4,3,0,0
Zone_DH571,11462821775,90.4173837,23.7548685,0.0,4,1,0,0
Zone_DH571,6307088271,90.4128735,23.7419048,0.00118765,4,3,0,1
Zone_DH571,3940984723,90.4114552,23.7479328,0.00270202,4,3,0,1
Zone_DH571,6307088276,90.4144552,23.7422024,0.02118008,4,3,0,1
Zone_DH571,3940984725,90.4114983,23.7477682,0.0,4,1,0,0
Zone_DH571,11462821780,90.4191632,23.7532009,0.0,4,1,0,0
Zone_DH571,2445461404,90.3985031,23.7419456,0.02873785,3,3,0,0
Zone_DH571,2480777117,90.4118733,23.7414784,0.05745664,3,4,0,0
Zone_DH571,2445461412,90.398642,23.7418744,0.03992489,3,3,0,0
Zone_DH571,4073015230,90.4130863,23.7553226,0.00237459,4,3,0,1
Zone_DH571,7174686660,90.4144988,23.7529136,0.05721248,3,3,0,1
Zone_DH571,7174686663,90.4143366,23.7530178,0.00237459,4,3,0,1
Zone_DH571,10972448711,90.4109499,23.7474907,0.0,4,1,0,0
Zone_DH571,10972448716,90.4109842,23.7432532,0.0,4,1,0,0
Zone_DH571,7174686668,90.4138853,23.753553,0.0,4,1,0,0
Zone_DH571,7174686670,90.414008,23.7530749,0.0,4,1,0,0
Zone_DH571,10972448718,90.4156814,23.7435263,0.0,4,1,0,0
Zone_DH571,10972448721,90.4157251,23.7431902,0.01610417,4,3,0,1
Zone_DH571,9836136403,90.4188213,23.7524482,0.01226954,4,4,0,0
Zone_DH571,4072777692,90.4114556,23.7571211,0.04963213,3,3,0,1
Zone_DH571,4072777696,90.4120826,23.757235,0.0,4,1,0,0
Zone_DH571,3512829923,90.4155929,23.7561068,0.04949453,3,3,0,0
Zone_DH571,4241623012,90.3998838,23.7459311,0.0456726,3,3,0,1
Zone_DH571,4077668327,90.410141,23.7511091,0.01181933,4,3,0,1
Zone_DH571,4077668328,90.4104275,23.7511343,0.0,4,1,0,0
Zone_DH571,4062914541,90.4063757,23.7568054,0.0,4,1,0,0
Zone_DH571,4062914546,90.406472,23.7573477,0.00828813,4,3,0,1
Zone_DH571,4072851451,90.4103916,23.7553796,0.0,4,1,0,0
Zone_DH571,4072851454,90.411198,23.7553672,0.13866766,1,4,0,1
Zone_DH571,387393537,90.4194318,23.7536781,0.00592766,4,3,0,1
Zone_DH571,3500730381,90.412309,23.7456921,0.09833983,2,6,0,0
Zone_DH571,5749884945,90.4031089,23.7567304,0.00228215,4,2,0,0
Zone_DH571,7142762532,90.4088283,23.7577306,0.00529255,4,3,0,0
Zone_DH571,7142762533,90.4081421,23.7584815,0.01407677,4,3,0,0
Zone_DH571,7142762534,90.4092649,23.7570525,0.02009476,4,3,0,1
Zone_DH571,7142762535,90.4098783,23.7570636,0.02759324,3,3,0,0
Zone_DH571,5056776237,90.4081264,23.7430206,0.02571756,3,3,0,0
Zone_DH571,1937565754,90.4114881,23.7425678,0.06082905,3,3,0,0
Zone_DH571,4963125325,90.4166407,23.7401972,0.00946167,4,3,0,1
Zone_DH571,4963125327,90.4148316,23.7432615,0.0,4,1,0,0
Zone_DH571,4963125329,90.4146759,23.7410927,0.0,4,1,0,0
Zone_DH571,4963125330,90.4158723,23.7424849,0.00118765,4,3,0,1
Zone_DH571,4963125331,90.4149545,23.7414325,0.00592554,4,3,0,1
Zone_DH571,4963125333,90.4170749,23.7398568,0.01685572,4,3,0,1
Zone_DH571,2320164950,90.410441,23.7370683,0.00614077,4,4,0,0
Zone_DH571,4418758749,90.3958404,23.7484295,0.0,4,1,0,0
Zone_DH571,4715260007,90.3985372,23.7421411,0.03767167,3,3,0,0
Zone_DH571,4715260008,90.398491,23.7420836,0.03118865,3,3,0,0
Zone_DH571,4963125363,90.4181624,23.7411375,0.0209825,4,3,0,0
Zone_DH571,4963125364,90.4175373,23.740372,0.0147521,4,3,0,0
Zone_DH571,7030671478,90.3958216,23.7456942,0.0,4,1,0,0
Zone_DH571,7030671479,90.3956824,23.7461174,0.00730513,4,3,0,1
Zone_DH571,3311184000,90.4092414,23.749318,0.0,4,1,0,0
Zone_DH571,4077676680,90.4111981,23.752738,0.0,4,1,0,0
Zone_DH571,4077676681,90.411509,23.7527494,0.00237459,4,3,0,1
Zone_DH571,4077676684,90.4117892,23.7527596,0.0,4,1,0,0
Zone_DH571,4889331855,90.4195592,23.7451431,0.0,4,1,0,0
Zone_DH571,4077676688,90.4113928,23.7529658,0.01595034,4,3,0,1
Zone_DH571,4889331856,90.4195726,23.7449891,0.00118765,4,2,0,1
Zone_DH571,4889331858,90.4180196,23.7444416,0.01280938,4,3,0,0
Zone_DH571,4889331861,90.417656,23.745316,0.0,4,1,0,0
Zone_DH571,9370020012,90.4020277,23.7501872,0.0238066,3,3,0,1
Zone_DH571,9370020013,90.4020778,23.7499063,0.0,4,1,0,0
Zone_DH571,9370020016,90.4022963,23.7502128,0.02577684,3,3,0,1
Zone_DH571,1756866737,90.4096194,23.7516276,0.15379165,1,4,0,1
Zone_DH571,1756866739,90.4085734,23.7522047,0.0,4,1,0,0
Zone_DH571,4072999093,90.4091759,23.7575691,0.00934312,4,3,0,1
Zone_DH571,4072999094,90.4091798,23.7576688,0.0,4,1,0,0
Zone_DH571,3518720193,90.4113596,23.753538,0.03411861,3,3,0,0
Zone_DH571,10031925444,90.4190412,23.7490589,0.00404915,4,3,0,0
Zone_DH571,3797649612,90.4090796,23.7386202,0.00321999,4,3,0,1
Zone_DH571,10031925457,90.4132589,23.7497679,0.04011824,3,3,0,0
Zone_DH571,9066973412,90.4123762,23.7412988,0.02957901,3,4,0,0
Zone_DH571,9066973414,90.412161,23.7414906,0.00748296,4,3,0,0
Zone_DH571,9066973416,90.4123298,23.7419318,0.00898111,4,4,0,0
Zone_DH571,3501312263,90.3987828,23.7421056,0.02963264,3,3,0,0
Zone_DH571,4072884496,90.4113973,23.7566686,0.0557602,3,3,0,1
Zone_DH571,4072884497,90.4111189,23.7566583,0.0,4,1,0,0
Zone_DH571,2433739035,90.39667,23.7429405,0.0046645,4,3,0,0
Zone_DH571,4072843548,90.4136534,23.7574313,0.0,4,1,0,0
Zone_DH571,2433739037,90.4008819,23.7454745,0.00303087,4,3,0,0
Zone_DH571,2433739038,90.4012344,23.7442926,0.00521352,4,3,0,0
Zone_DH571,1990879519,90.4129201,23.7499059,0.07213535,2,4,0,0
Zone_DH571,11462207810,90.4040064,23.7409692,0.0,4,1,0,0
Zone_DH571,3304728902,90.4167509,23.7557114,0.0,4,1,0,0
Zone_DH571,11428243782,90.4185528,23.7561911,0.0,4,1,0,0
Zone_DH571,11462207821,90.4034136,23.7411693,0.02494203,3,3,0,1
Zone_DH571,4073089371,90.4055511,23.7516627,0.01366607,4,3,0,1
Zone_DH571,9864628573,90.3980307,23.7516198,0.01311988,4,3,0,1
Zone_DH571,4073089374,90.4056246,23.7513626,0.01339157,4,4,0,1
Zone_DH571,4073089376,90.4054221,23.7513761,0.0,4,1,0,0
Zone_DH571,4072851810,90.4103596,23.7541512,0.0,4,1,0,0
Zone_DH571,4073089380,90.4056554,23.7509072,0.0,4,1,0,0
Zone_DH571,2320165228,90.410294,23.7370925,0.00257006,4,4,0,0
Zone_DH571,7074449773,90.4133891,23.7494649,0.00629743,4,3,0,0
Zone_DH571,4072851830,90.4104617,23.7545538,0.05411034,3,3,0,1
Zone_DH571,3524790652,90.4049075,23.753565,0.00118765,4,3,0,1
Zone_DH571,1806068099,90.4136015,23.7388304,0.01389259,4,3,0,0
Zone_DH571,4077652358,90.4075026,23.7534752,0.0,4,1,0,0
Zone_DH571,4077652361,90.4077324,23.7534939,0.05120861,3,3,0,1
Zone_DH571,1760545182,90.4114102,23.7428752,0.0620661,3,3,0,1
Zone_DH571,1760545183,90.4112749,23.7431169,0.06309638,3,4,0,1
Zone_DH571,7074458019,90.4147005,23.745553,0.03081747,3,3,0,1
Zone_DH571,386935203,90.4153812,23.756245,0.04962649,3,3,0,0
Zone_DH571,3429968293,90.41252,23.7458451,0.02606193,3,3,0,0
Zone_DH571,386935206,90.4156359,23.7561624,0.00498699,4,3,0,0
Zone_DH571,4065798563,90.41146,23.7572696,0.04855104,3,3,0,0
Zone_DH571,7074458024,90.414639,23.7464797,0.0,4,1,0,0
Zone_DH571,6137350572,90.4092107,23.7390102,0.0,4,1,0,0
Zone_DH571,3518720442,90.4072241,23.7568018,0.01652193,4,3,0,1
Zone_DH571,9163647419,90.4059101,23.7463268,0.0,4,1,0,0
Zone_DH571,5444078011,90.4018786,23.7518039,0.06793589,3,3,0,0
Zone_DH571,3518720443,90.4074368,23.7568361,0.03053661,3,3,0,1
Zone_DH571,642607564,90.4190804,23.7553123,0.00355871,4,2,0,1
Zone_DH571,4599114191,90.4060709,23.7563738,0.008545,4,3,0,1
Zone_DH571,3518720464,90.4053242,23.7570282,0.0,4,1,0,0
Zone_DH571,386927071,90.4117067,23.7368395,0.0,4,1,0,0
Zone_DH571,3714755041,90.4075032,23.7410924,0.00809619,4,3,0,1
Zone_DH571,4449372644,90.408881,23.737664,0.01197175,4,4,0,0
Zone_DH571,6138563079,90.4083458,23.7393209,0.0,4,1,0,0
Zone_DH571,386935321,90.4151027,23.7549968,0.06269979,3,3,0,0
Zone_DH571,10083781146,90.4112481,23.741749,0.04695975,3,3,0,0
Zone_DH571,386935323,90.4158202,23.7564306,0.00344792,4,3,0,0
Zone_DH571,10083781158,90.4140112,23.744259,0.03671407,3,3,0,0
Zone_DH571,10083781161,90.4107097,23.7399303,0.0137437,4,3,0,0
Zone_DH571,3516467753,90.405534,23.7493025,0.03522228,3,3,0,1
Zone_DH571,12042938926,90.4102908,23.736947,0.0,4,2,0,0
Zone_DH571,12042938927,90.4104364,23.7369368,0.00119047,4,3,0,0
Zone_DH571,12042938928,90.4101845,23.7371067,0.00495524,4,3,0,0
Zone_DH571,12042938929,90.410211,23.7372529,0.01466672,4,3,0,0
Zone_DH571,12042938931,90.410559,23.7372031,0.00325527,4,3,0,0
Zone_DH571,12042938932,90.4105334,23.7370558,0.00238659,4,3,0,0
Zone_DH571,12042938933,90.4104321,23.7368542,0.0,4,2,0,0
Zone_DH571,7497157179,90.3974937,23.7425156,0.0,4,1,0,0
Zone_DH571,12042938943,90.4110663,23.7369818,0.00118765,4,3,0,1
Zone_DH571,12042938949,90.4105088,23.7372105,0.00086092,4,3,0,0
Zone_DH571,10083781190,90.4131971,23.7458832,0.00915329,4,3,0,0
Zone_DH571,12042938951,90.4102743,23.7372433,0.00956046,4,3,0,0
Zone_DH571,12042938952,90.4102452,23.7370988,0.00373019,4,3,0,0
Zone_DH571,12042938953,90.4102917,23.7369892,0.001182,4,3,0,0
Zone_DH571,12042938954,90.4104373,23.7369769,0.00237812,4,3,0,0
Zone_DH571,12042938950,90.4104879,23.7370619,0.00143111,4,3,0,0
Zone_DH571,10083781205,90.4124012,23.7454391,0.04031371,3,3,0,0
Zone_DH571,12042938967,90.4089759,23.7376295,0.01116799,4,4,0,0
Zone_DH571,11612555870,90.4023771,23.7570764,4.94e-05,4,3,0,0
Zone_DH571,11612555874,90.4016577,23.7569088,0.00019265,4,3,0,0
Zone_DH571,387385975,90.4177899,23.7536479,0.00790778,4,3,0,0
Zone_DH571,387385978,90.4184188,23.7536943,0.00789507,4,3,0,0
Zone_DH571,386927229,90.4150183,23.7386715,0.0067286,4,2,0,0
Zone_DH571,387385982,90.4189445,23.7537169,0.00620569,4,3,0,0
Zone_DH571,4077660801,90.4136665,23.753729,0.0,4,1,0,0
Zone_DH571,2433665670,90.3966716,23.7431475,0.0001496,4,2,0,0
Zone_DH571,4077644442,90.4127078,23.7529001,0.02568228,3,3,0,0
Zone_DH571,11521354405,90.4068085,23.7551996,0.00474424,4,3,0,1
Zone_DH571,386927275,90.4145538,23.7386671,0.00507026,4,3,0,0
Zone_DH571,3518720685,90.4093088,23.7578544,0.00726703,4,3,0,0
Zone_DH571,2320165562,90.4103838,23.7372291,0.00843068,4,4,0,0
Zone_DH571,4072884923,90.4113679,23.7564758,0.05782924,3,3,0,1
Zone_DH571,4072884924,90.4111011,23.7564822,0.0,4,1,0,0
Zone_DH571,386927293,90.4135241,23.7403181,0.02664623,3,4,0,0
Zone_DH571,4062890690,90.4121371,23.7595101,0.00401387,4,3,0,1
Zone_DH571,9154996941,90.3988568,23.7393746,0.01064367,4,3,0,1
Zone_DH571,4077603537,90.4128318,23.7542234,0.00120035,4,3,0,1
Zone_DH571,4077603540,90.4127896,23.7544495,0.0,4,1,0,0
Zone_DH571,9154996948,90.3972819,23.7383508,0.0,4,1,0,0
Zone_DH571,9154996949,90.397462,23.7383158,0.00237459,4,3,0,1
Zone_DH571,9154996952,90.397509,23.7388154,0.0,4,1,0,0
Zone_DH571,6136867550,90.4139782,23.748946,0.03396124,3,3,0,0
Zone_DH571,6353644255,90.4115892,23.7383278,0.02268387,3,3,0,0
Zone_DH571,6136867553,90.413216,23.7490181,0.00620569,4,3,0,0
Zone_DH571,6136867557,90.4140396,23.7485741,0.03355125,3,3,0,1
Zone_DH571,3331312358,90.4105805,23.7591747,0.01057311,4,3,0,1
Zone_DH571,6136867561,90.4133546,23.7484835,0.0,4,1,0,0
Zone_DH571,3738815215,90.4035147,23.751544,0.07224897,2,3,0,1
Zone_DH571,387377923,90.4153293,23.7518602,0.00345568,4,3,0,0
Zone_DH571,2432133896,90.4184832,23.7512445,0.00568491,4,3,0,0
Zone_DH571,2432133901,90.418712,23.7503107,0.00521916,4,3,0,0
Zone_DH571,3940944655,90.4122187,23.754838,0.0,4,1,0,0
Zone_DH571,386935570,90.4140408,23.7564915,0.0498269,3,3,0,0
Zone_DH571,3518720795,90.4074634,23.7583646,0.0,4,1,0,0
Zone_DH571,3305163550,90.4089073,23.7542716,0.07115023,2,3,0,0
Zone_DH571,386935583,90.4128011,23.7586017,0.01775192,4,3,0,0
Zone_DH571,9353415455,90.4008878,23.7499003,0.0247021,3,3,0,1
Zone_DH571,11524156192,90.4131691,23.7478575,0.00191731,4,3,0,0
Zone_DH571,9353415454,90.4006603,23.7506727,0.0,4,1,0,0
Zone_DH571,3518720804,90.4072411,23.7586874,0.0,4,2,0,0
Zone_DH571,4824861476,90.4048398,23.7443666,0.01126608,4,3,0,0
Zone_DH571,7074442021,90.414251,23.7473455,0.03328238,3,3,0,0
Zone_DH571,386935590,90.4138544,23.7583044,0.0102866,4,3,0,0
Zone_DH571,7074442023,90.4142484,23.7477436,0.03270232,3,3,0,1
Zone_DH571,386935591,90.4142781,23.758269,0.00628614,4,3,0,0
Zone_DH571,4824861477,90.4048419,23.7440702,0.02803994,3,3,0,0
Zone_DH571,7074442020,90.4131474,23.7473865,0.00393766,4,3,0,0
Zone_DH571,11524156204,90.4153503,23.7449205,0.01297875,4,3,0,1
Zone_DH571,12042939181,90.4089642,23.7374007,0.00397788,4,4,0,0
Zone_DH571,11524156205,90.4106596,23.7448245,0.0,4,1,0,0
Zone_DH571,11524156206,90.4111748,23.7474828,0.0031593,4,3,0,1
Zone_DH571,12042939183,90.4086172,23.7374134,0.01162879,4,4,0,0
Zone_DH571,12042939185,90.409027,23.7376117,0.00369349,4,3,0,0
Zone_DH571,6281464626,90.4173665,23.7559366,0.00118765,4,3,0,1
Zone_DH571,12042939182,90.4086349,23.7375338,0.0171394,4,4,0,0
Zone_DH571,11524156207,90.4118009,23.7470507,0.0,4,1,0,0
Zone_DH571,11524156213,90.4107163,23.7478793,0.0,4,1,0,0
Zone_DH571,9353415472,90.400531,23.7493956,0.0117544,4,3,0,1
Zone_DH571,12042939190,90.4086147,23.7373944,0.00159764,4,3,0,0
Zone_DH571,12042939189,90.4085744,23.7374194,0.00567855,4,3,0,0
Zone_DH571,6353718075,90.4130302,23.7389279,0.00939957,4,3,0,1
Zone_DH571,6353718079,90.412934,23.7376507,0.0,4,1,0,0
Zone_DH571,6353718080,90.4130156,23.7381235,0.00237459,4,3,0,1
Zone_DH571,6353718081,90.4126115,23.7381504,0.0,4,1,0,0
Zone_DH571,4072860497,90.4076849,23.7547446,0.04617574,3,3,0,1
Zone_DH571,4072860498,90.4080244,23.7547489,0.0,4,1,0,0
Zone_DH571,4513696597,90.4142391,23.74177,0.01910258,4,3,0,1
Zone_DH571,4513696598,90.4146898,23.7417842,0.0,4,1,0,0
Zone_DH571,10010667870,90.4018682,23.7480213,0.07674764,2,3,0,0
Zone_DH571,10010667873,90.3993742,23.7472556,0.03267056,3,3,0,0
Zone_DH571,10010667874,90.3994023,23.7471516,0.02384047,3,3,0,0
Zone_DH571,5854407527,90.4017827,23.7535308,0.00118765,4,3,0,0
Zone_DH571,386927464,90.4114499,23.7387383,0.02431398,3,3,0,1
Zone_DH571,5854407529,90.4011792,23.7535311,0.00946167,4,3,0,1
Zone_DH571,5854407528,90.4013956,23.753498,0.00355236,4,3,0,0
Zone_DH571,7454313323,90.4178297,23.7571842,0.0,4,1,0,0
Zone_DH571,5854407532,90.4013487,23.753614,0.00355236,4,3,0,0
Zone_DH571,386927470,90.4114311,23.7408536,0.03862433,3,3,0,0
Zone_DH571,5854407534,90.4017065,23.7537344,0.00118906,4,3,0,0
Zone_DH571,386845552,90.4038649,23.7591854,0.0,4,1,0,0
Zone_DH571,7454313328,90.4182793,23.7559597,0.00237459,4,3,0,1
Zone_DH571,5854407538,90.4015878,23.7535009,0.00236965,4,3,0,0
Zone_DH571,5854407539,90.401932,23.7535702,0.0,4,2,0,0
Zone_DH571,5854407540,90.4016147,23.7537146,0.00237106,4,3,0,0
Zone_DH571,5854407536,90.4019618,23.7537596,0.0,4,2,0,0
Zone_DH571,5854407563,90.4006898,23.753151,0.0,4,1,0,0
Zone_DH571,6003583888,90.4137195,23.7437864,0.02530192,3,3,0,0
Zone_DH571,5854407571,90.3984344,23.7518825,0.00683586,4,3,0,1
Zone_DH571,9451776928,90.4003549,23.7470637,0.0,4,1,0,0
Zone_DH571,10040322976,90.4102057,23.7394366,0.03176519,3,3,0,1
Zone_DH571,10040322978,90.409791,23.7394355,0.0,4,1,0,0
Zone_DH571,318917540,90.3997114,23.7551056,0.01539638,4,3,0,0
Zone_DH571,9451776933,90.3985447,23.7469145,0.01662637,4,3,0,0
Zone_DH571,13056404399,90.4125212,23.7496219,0.0900764,2,3,0,0
Zone_DH571,4072901553,90.4075151,23.7538661,0.0,4,1,0,0
Zone_DH571,3014896572,90.4027359,23.736677,1.835e-05,4,2,0,0
Zone_DH571,3014896576,90.4028007,23.7387657,0.0011686,4,2,0,0
Zone_DH571,4072901570,90.4075058,23.7539647,0.09076443,2,3,0,1
Zone_DH571,4072762308,90.4071387,23.7583291,0.00237459,4,3,0,1
Zone_DH571,387394503,90.4194841,23.7547845,0.00474213,4,2,0,1
Zone_DH571,3305163722,90.4075284,23.755942,0.03878593,3,3,0,1
Zone_DH571,1719798752,90.413728,23.758564,0.02163948,4,5,0,1
Zone_DH571,11308952564,90.4133393,23.7509789,0.03691237,3,3,0,0
Zone_DH571,11332250636,90.4180031,23.7484035,0.00265827,4,3,0,0
Zone_DH571,4062825497,90.4063827,23.7573783,0.00592413,4,3,0,1
Zone_DH571,7031917622,90.4077386,23.7489933,0.05603824,3,3,0,0
Zone_DH571,6136425529,90.4173078,23.7431356,0.00968325,4,3,0,0
Zone_DH571,4348136527,90.4139025,23.749751,0.03823339,3,3,0,0
Zone_DH571,10084412523,90.4037422,23.7487985,0.08511833,2,3,0,0
Zone_DH571,10084412525,90.4021732,23.750953,0.04596686,3,3,0,0
Zone_DH571,10084412526,90.4023387,23.7510134,0.06121929,3,3,0,0
Zone_DH571,10084412527,90.4029118,23.7500284,0.06746309,3,3,0,0
Zone_DH571,10084412528,90.4027628,23.7499471,0.05235674,3,3,0,0
Zone_DH571,7074458749,90.4131186,23.7469817,0.00383886,4,3,0,0
Zone_DH571,7074458750,90.4125964,23.7470371,0.0356471,3,3,0,0
Zone_DH571,7074458751,90.4126361,23.7484107,0.03514466,3,3,0,0
Zone_DH571,7074458752,90.4130637,23.748336,0.00873341,4,3,0,0
Zone_DH571,4072770690,90.4114739,23.7580121,0.03339741,3,3,0,1
Zone_DH571,7074458754,90.4149327,23.7490564,0.0,4,1,0,0
Zone_DH571,4072770692,90.4118914,23.7582327,0.0,4,1,0,0
Zone_DH571,6785150097,90.3981981,23.7528999,0.0,4,1,0,0
Zone_DH571,6785150099,90.3981824,23.7525465,0.00474424,4,3,0,1
Zone_DH571,6785150109,90.3991616,23.7525302,0.01391659,4,3,0,1
Zone_DH571,3803655329,90.4192436,23.7524406,0.00162869,4,3,0,0
Zone_DH571,1683369131,90.4075043,23.7429095,0.02726652,3,3,0,0
Zone_DH571,387394765,90.4181846,23.7560669,0.0,4,1,0,0
Zone_DH571,13304556759,90.3990868,23.7569373,0.00618876,4,3,0,0
Zone_DH571,4824681695,90.4184836,23.7528167,0.00940804,4,3,0,0
Zone_DH571,257379551,90.3954063,23.7440029,0.0097136,4,3,0,0
Zone_DH571,13304556769,90.3991475,23.7566689,0.00981168,4,3,0,0
Zone_DH571,13304556768,90.3989927,23.7566284,0.00089762,4,3,0,0
Zone_DH571,5988461808,90.4105746,23.7498569,0.0,4,1,0,0
Zone_DH571,5988461809,90.4105148,23.7494772,0.00237459,4,3,0,1
Zone_DH571,5988461810,90.4108643,23.7494548,0.0,4,1,0,0
Zone_DH571,11595320569,90.3978314,23.7499814,0.0,4,1,0,0
Zone_DH571,11595320574,90.3995792,23.7489672,0.0,4,1,0,0
Zone_DH571,11428228352,90.4159228,23.7588899,0.0,4,1,0,0
Zone_DH571,11595320577,90.4012193,23.7485364,0.0,4,1,0,0
Zone_DH571,11595320578,90.4013362,23.7479548,0.02553832,3,3,0,1
Zone_DH571,11428228354,90.4159798,23.758329,0.00142334,4,3,0,1
Zone_DH571,11595320581,90.3996304,23.7503539,0.00237459,4,3,0,1
Zone_DH571,9886878983,90.4032759,23.7461291,0.00192931,4,2,0,0
Zone_DH571,11595320584,90.3999815,23.7507017,0.0,4,1,0,0
Zone_DH571,11595320583,90.4002698,23.7504869,0.0,4,1,0,0
Zone_DH571,6192827661,90.3957559,23.747662,0.0073009,4,2,0,0
Zone_DH571,9886878989,90.4028302,23.7460081,0.00095266,4,2,0,0
Zone_DH571,6192827663,90.3958505,23.7479987,0.00812018,4,3,0,0
Zone_DH571,3745639714,90.4104913,23.7577351,0.00416347,4,3,0,1
Zone_DH571,4444032331,90.4053638,23.7417302,0.03578329,3,3,0,0
Zone_DH571,4444032333,90.4057467,23.742697,0.02078561,4,3,0,0
Zone_DH571,4444032334,90.4051647,23.7422497,0.0,4,3,0,0
Zone_DH571,4073139535,90.4071701,23.7554349,0.01848159,4,3,0,0
Zone_DH571,4444032336,90.4049752,23.7416171,0.03439594,3,3,0,0
Zone_DH571,9354841428,90.4016465,23.7510985,0.02583259,3,3,0,0
Zone_DH571,4073139541,90.4067681,23.755848,0.00972347,4,3,0,1
Zone_DH571,1813499223,90.4152257,23.7441723,0.05668887,3,3,0,0
Zone_DH571,9354841433,90.4004849,23.7495545,0.01296887,4,3,0,0
Zone_DH571,387386716,90.4177663,23.7541217,0.00220946,4,3,0,0
Zone_DH571,6559427932,90.4161394,23.7573237,0.0,4,1,0,0
Zone_DH571,9354841437,90.4010451,23.7494246,0.0,4,1,0,0
Zone_DH571,9354841439,90.4005825,23.7492267,0.0115794,4,3,0,1
Zone_DH571,9354841436,90.4006226,23.7490813,0.01216511,4,3,0,0
Zone_DH571,9354841440,90.4011195,23.7492481,0.0,4,1,0,0
Zone_DH571,9354841442,90.400072,23.7488466,0.0,4,1,0,0
Zone_DH571,9354841443,90.4006739,23.7489271,0.01325043,4,3,0,1
Zone_DH571,4073139556,90.4060706,23.7562831,0.0,4,1,0,0
Zone_DH571,9354841450,90.3999691,23.7484687,0.0,4,1,0,0
Zone_DH571,9354841451,90.4007801,23.7485674,0.01417345,4,3,0,1
Zone_DH571,4073139564,90.4059271,23.7563747,0.00835306,4,3,0,0
Zone_DH571,9066999151,90.4141621,23.7438316,0.0,4,1,0,0
Zone_DH571,11897802108,90.4013098,23.7586562,0.00474142,4,3,0,1
Zone_DH571,11897802109,90.4020082,23.7585689,0.00237459,4,3,0,1
Zone_DH571,11897802111,90.4024441,23.7585542,0.0,4,1,0,0
Zone_DH571,4072795527,90.4059375,23.754061,0.02505423,3,3,0,1
Zone_DH571,4072795531,90.4058367,23.7541939,0.02312351,3,3,0,1
Zone_DH571,11897802124,90.4025568,23.7590427,0.0,4,1,0,0
Zone_DH571,6136696205,90.4178278,23.7451444,0.00121588,4,3,0,1
Zone_DH571,11897802125,90.3996266,23.7571083,0.00154331,4,3,0,1
Zone_DH571,11897802126,90.3998008,23.7581418,0.0,4,1,0,0
Zone_DH571,3384438160,90.4131001,23.7586115,0.01690088,4,3,0,0
Zone_DH571,6136696208,90.4172883,23.7449496,0.00343169,4,3,0,1
Zone_DH571,4072795541,90.4057863,23.7542759,0.02119702,4,3,0,1
Zone_DH571,4072795543,90.4052503,23.7543375,0.0,4,1,0,0
Zone_DH571,6136696219,90.4170573,23.7458972,0.0,4,1,0,0
Zone_DH571,4072795550,90.4057335,23.75438,0.01927335,4,3,0,1
Zone_DH571,3749547425,90.4155641,23.74743,0.0,4,1,0,0
Zone_DH571,4072795561,90.4059463,23.754536,0.0,4,1,0,0
Zone_DH571,3797265836,90.4087007,23.7374052,0.01159633,4,4,0,0
Zone_DH571,4366699963,90.4139826,23.749386,0.06203717,3,4,0,0
Zone_DH571,4072885723,90.4125108,23.7567301,0.00891618,4,3,0,1
Zone_DH571,4072885724,90.4121293,23.756714,0.0,4,1,0,0
Zone_DH571,4072795629,90.4124821,23.7571734,0.00588391,4,3,0,1
Zone_DH571,4072844794,90.41379,23.7570715,0.0,4,1,0,0
Zone_DH571,1806069249,90.4140185,23.7386492,0.00851254,4,3,0,0
Zone_DH571,4065398274,90.4125366,23.7564947,0.04552652,3,3,0,0
Zone_DH571,6136630785,90.4147554,23.7411839,0.00237459,4,3,0,1
Zone_DH571,1676766727,90.3995137,23.7451087,0.04322462,3,3,0,0
Zone_DH571,1676766740,90.4012803,23.7467537,0.04663796,3,3,0,1
Zone_DH571,6782660116,90.4046073,23.745212,0.05317955,3,3,0,0
Zone_DH571,6782660121,90.4041928,23.7455882,0.06553307,3,3,0,0
Zone_DH571,1676766756,90.4164366,23.7533738,0.02209393,3,3,0,0
Zone_DH571,11350126121,90.4076311,23.7375118,0.0056094,4,3,0,1
Zone_DH571,4072853039,90.406888,23.7571812,0.01181933,4,3,0,1
Zone_DH571,4072853043,90.4068397,23.7576145,0.0,4,1,0,0
Zone_DH571,9083457088,90.4152787,23.7393911,0.00711107,4,3,0,1
Zone_DH571,2036248129,90.4198727,23.7511501,0.00038318,4,2,0,0
Zone_DH571,9083457090,90.4156386,23.739917,0.0,4,1,0,0
Zone_DH571,3327520331,90.4082993,23.752847,0.0,4,1,0,0
Zone_DH571,3327520332,90.4084656,23.7529648,0.0,4,1,0,0
Zone_DH571,3327520333,90.408443,23.7527687,0.00237459,4,3,0,1
Zone_DH571,4077653619,90.4109778,23.7509052,0.00118765,4,3,0,1
Zone_DH571,4077653620,90.4109994,23.7509118,0.0,4,1,0,0
Zone_DH571,13540789877,90.4093185,23.7463491,0.0,4,1,0,0
Zone_DH571,4055936633,90.4035812,23.7496375,0.05088753,3,3,0,1
Zone_DH571,4055936638,90.4035285,23.7500548,0.05106818,3,3,0,1
Zone_DH571,2433683082,90.3951986,23.7445816,0.00919987,4,3,0,0
Zone_DH571,2433683087,90.3964207,23.7447862,0.00165622,4,3,0,1
Zone_DH571,2433683091,90.3974317,23.7446432,0.00642869,4,3,0,0
Zone_DH571,2433683093,90.3974779,23.7445597,0.00834247,4,3,0,0
Zone_DH571,1806069407,90.4148062,23.7386695,0.00909613,4,3,0,0
Zone_DH571,1806069409,90.4157302,23.7386468,0.0085944,4,3,0,0
Zone_DH571,1806069412,90.4157103,23.7390275,0.00676176,4,3,0,0
Zone_DH571,3886927531,90.4098424,23.75717,0.01191318,4,3,0,0
Zone_DH571,2249805493,90.412394,23.7471965,0.02341989,3,3,0,0
Zone_DH571,2249805494,90.413961,23.7519225,0.0819915,2,4,0,0
Zone_DH571,5852950198,90.4060707,23.7485493,0.00393766,4,3,0,0
Zone_DH571,2249805496,90.414388,23.75243,0.03228456,3,3,0,0
Zone_DH571,2249805497,90.4147932,23.7531143,0.04984242,3,4,0,0
Zone_DH571,5852950202,90.4063683,23.7481892,0.00458899,4,3,0,1
Zone_DH571,4035874491,90.4056945,23.7417762,0.04883896,3,4,0,0
Zone_DH571,2249805500,90.4156001,23.7547741,0.03095507,3,3,0,0
Zone_DH571,10294996667,90.3994502,23.7449364,0.0,4,1,0,0
Zone_DH571,5852950205,90.4073524,23.747802,0.06636153,3,3,0,0
Zone_DH571,4077694652,90.411873,23.7529873,0.01474364,4,3,0,0
Zone_DH571,4077694656,90.4118702,23.7530602,0.00162305,4,3,0,1
Zone_DH571,5773782721,90.4101634,23.7500891,0.00237459,4,3,0,1
Zone_DH571,4077694651,90.4118976,23.7529834,0.0,4,1,0,0
Zone_DH571,5773782720,90.4101737,23.7501929,0.0,4,1,0,0
Zone_DH571,4077694674,90.4117988,23.753846,0.01707306,4,3,0,0
Zone_DH571,4824526555,90.4180576,23.7473928,0.0052361,4,3,0,0
Zone_DH571,2320158431,90.3988016,23.7419837,0.03441781,3,3,0,0
Zone_DH571,7714090720,90.4074178,23.7435867,0.01695239,4,3,0,1
Zone_DH571,4824526560,90.4190004,23.7470404,0.0,4,1,0,0
Zone_DH571,414035691,90.4001661,23.7473889,0.02054215,4,3,0,1
Zone_DH571,414035697,90.3993199,23.7487708,0.0,4,1,0,0
Zone_DH571,1813524215,90.3973173,23.7497202,0.00971289,4,3,0,0
Zone_DH571,2320191223,90.4095974,23.7477195,0.06375901,3,3,0,0
Zone_DH571,2320191225,90.4125248,23.7460979,0.03597382,3,3,0,0
Zone_DH571,1813524219,90.3980785,23.7480977,0.01012924,4,3,0,0
Zone_DH571,2320191227,90.4107931,23.7466997,0.05603259,3,3,0,1
Zone_DH571,4380372736,90.4147558,23.7441267,0.04892152,3,3,0,0
Zone_DH571,4380372739,90.4147002,23.7444198,0.00130973,4,3,0,1
Zone_DH571,4380372742,90.4141142,23.7443781,0.04617927,3,3,0,0
Zone_DH571,2320379658,90.3944221,23.7502918,0.0,4,1,0,0
Zone_DH571,2320191251,90.4125858,23.7454784,0.05980442,3,3,0,0
Zone_DH571,1756851989,90.4138179,23.7584966,0.01512258,4,3,0,0
Zone_DH571,1813524247,90.4027921,23.7502302,0.06780393,3,3,0,0
Zone_DH571,1813524257,90.3970345,23.7473689,0.0,4,1,0,0
Zone_DH571,4073082662,90.4079445,23.7540125,0.07573782,2,3,0,1
Zone_DH571,1813524264,90.4004113,23.7497835,0.02357937,3,3,0,0
Zone_DH571,6782005032,90.4090933,23.7394385,0.0,4,1,0,0
Zone_DH571,2320191276,90.4086687,23.7484646,0.07492841,2,3,0,0
Zone_DH571,1813524271,90.3997244,23.7500767,0.00948213,4,3,0,1
Zone_DH571,4073082672,90.4084442,23.7542086,0.07408654,2,3,0,1
Zone_DH571,2320191282,90.4102091,23.7472449,0.05563389,3,3,0,0
Zone_DH571,11373039416,90.4164279,23.7562344,0.00182628,4,3,0,0
Zone_DH571,4077752120,90.4142241,23.756469,0.04471712,3,3,0,0
Zone_DH571,4073082683,90.4081828,23.7543524,0.0,4,1,0,0
Zone_DH571,2320191294,90.4118836,23.7459804,0.05644823,3,3,0,0
Zone_DH571,4073082688,90.4083775,23.7545753,0.0,4,1,0,0
Zone_DH571,4073115462,90.4095216,23.7559936,0.0264938,3,3,0,1
Zone_DH571,4073115463,90.4097534,23.755992,0.0,4,1,0,0
Zone_DH571,4077662036,90.4133606,23.7565396,0.03644451,3,3,0,1
Zone_DH571,4077702997,90.4106555,23.7535207,0.1297423,1,3,0,0
Zone_DH571,4381822814,90.4160146,23.7441719,0.02928404,3,3,0,0
Zone_DH571,9102184298,90.410176,23.7391789,0.01134441,4,3,0,1
Zone_DH571,11182419831,90.4062358,23.7454878,0.01943354,4,3,0,0
Zone_DH571,5444382587,90.4043585,23.7541598,0.00710825,4,3,0,1
Zone_DH571,5444382588,90.4040894,23.7542028,0.03660258,3,3,0,0
Zone_DH571,4077621135,90.4071839,23.7567663,0.00237459,4,3,0,1
Zone_DH571,3341512594,90.4056206,23.7433985,0.03127121,3,4,0,1
Zone_DH571,4959358872,90.4021278,23.747244,0.0,4,1,0,0
Zone_DH571,1806069666,90.4153412,23.7386565,0.00580416,4,3,0,1
Zone_DH571,1806069668,90.4158088,23.7386457,0.00776311,4,3,0,1
Zone_DH571,1806069670,90.4153026,23.7380956,0.0,4,1,0,0
Zone_DH571,1806069671,90.4158691,23.7376513,0.0,4,1,0,0
Zone_DH571,4073099180,90.4087227,23.7542724,0.07070919,2,3,0,0
Zone_DH571,4952010680,90.4163455,23.755861,0.00583521,4,3,0,1
Zone_DH571,6136467400,90.4171574,23.7428587,0.01014547,4,3,0,1
Zone_DH571,6416510920,90.4056522,23.7497569,0.0,4,1,0,0
Zone_DH571,6136467401,90.4169859,23.7432728,0.0,4,1,0,0
Zone_DH571,6416510929,90.4015155,23.750078,0.02826011,3,3,0,1
Zone_DH571,6416510930,90.401292,23.7500572,0.02647757,3,3,0,1
Zone_DH571,3014922201,90.4004558,23.7385483,0.00362787,4,3,0,1
Zone_DH571,387379189,90.4164586,23.7531581,0.00013619,4,2,0,0
Zone_DH571,9769496575,90.4099823,23.7456108,0.00740816,4,3,0,0
Zone_DH571,2320175104,90.4003016,23.7532653,0.01616416,4,3,0,0
Zone_DH571,2320175108,90.4037005,23.7488063,0.09392937,2,3,0,0
Zone_DH571,386912264,90.3975411,23.755437,0.01214746,4,3,0,0
Zone_DH571,4072845321,90.4108115,23.7539209,0.11615315,2,3,0,0
Zone_DH571,386912267,90.3970419,23.7560597,0.01133523,4,3,0,1
Zone_DH571,2320175117,90.4007228,23.753334,0.03306574,3,4,0,0
Zone_DH571,4072845326,90.4099679,23.7543917,0.07945954,2,3,0,0
Zone_DH571,2320175124,90.4026238,23.7501757,0.04706419,3,3,0,0
Zone_DH571,4077703193,90.4091653,23.7532778,0.0,4,1,0,0
Zone_DH571,4072886300,90.408803,23.7549594,0.0,4,1,0,0
Zone_DH571,2320175137,90.4003908,23.7531654,0.00645691,4,3,0,0
Zone_DH571,3475902499,90.4035344,23.7502372,0.07270766,2,3,0,0
Zone_DH571,13056446507,90.4087404,23.7501406,0.26433117,1,4,1,0
Zone_DH571,13056446508,90.4116038,23.7497035,0.0,4,1,0,0
Zone_DH571,6634844206,90.4139474,23.7377382,0.00237389,4,3,0,1
Zone_DH571,4114583603,90.4020453,23.7555316,0.00232519,4,3,0,0
Zone_DH571,4114583607,90.4021647,23.7559592,0.00013549,4,3,0,0
Zone_DH571,13056446519,90.4035737,23.7508393,0.09095073,2,3,0,0
Zone_DH571,4376752187,90.4119413,23.7415618,0.05902394,3,4,0,0
Zone_DH571,4848971845,90.4142562,23.7474395,0.03312078,3,3,0,0
Zone_DH571,4077580363,90.4099048,23.7568007,0.02356667,3,3,0,1
Zone_DH571,4077580364,90.410154,23.7568011,0.0,4,1,0,0
Zone_DH571,4848971856,90.4153431,23.7484014,0.00831072,4,3,0,0
Zone_DH571,4967387217,90.3980679,23.7467905,0.01249677,4,3,0,0
Zone_DH571,4077678679,90.4137661,23.7565533,0.03610649,3,3,0,1
Zone_DH571,4952256609,90.399074,23.7571871,0.00117777,4,3,0,0
Zone_DH571,387395681,90.4174583,23.7543739,0.00311061,4,3,0,0
Zone_DH571,4952256610,90.3998706,23.7551921,0.02312633,3,3,0,0
Zone_DH571,387395684,90.416799,23.7551309,0.00944544,4,3,0,1
Zone_DH571,4952256613,90.3963705,23.7557674,0.00829096,4,3,0,1
Zone_DH571,387395686,90.4160409,23.7553187,0.02182719,3,3,0,0
Zone_DH571,9354973308,90.3961077,23.7463352,0.00909754,4,3,0,1
Zone_DH571,9952309380,90.4028447,23.7391335,0.01861143,4,3,0,0
Zone_DH571,9952309381,90.4029308,23.7392123,0.02268246,3,3,0,0
Zone_DH571,11347595413,90.4038941,23.7473454,0.00850619,4,3,0,1
Zone_DH571,11347595414,90.4028918,23.7472379,0.0,4,1,0,0
Zone_DH571,4077580450,90.4097697,23.7548854,0.0,4,1,0,0
Zone_DH571,4077580451,90.4091811,23.7548857,0.01499274,4,3,0,1
Zone_DH571,4072902826,90.410249,23.7557457,0.0,4,1,0,0
Zone_DH571,4077645999,90.4149641,23.7540568,0.05518155,3,3,0,0
Zone_DH571,4077646000,90.4146178,23.754133,0.01931781,4,3,0,1
Zone_DH571,4077719729,90.4087206,23.7534831,0.0,4,1,0,0
Zone_DH571,4636840114,90.3981478,23.7482972,0.00129209,4,3,0,0
Zone_DH571,4077646002,90.4136451,23.7541423,0.01623896,4,3,0,1
Zone_DH571,4077580470,90.4088266,23.7502857,0.22028727,1,3,0,1
Zone_DH571,4077646008,90.4143788,23.7542247,0.01856627,4,3,0,0
Zone_DH571,4636840121,90.3973041,23.7494337,0.00859863,4,3,0,0
Zone_DH571,4965462201,90.3964158,23.7509554,0.00703062,4,3,0,1
Zone_DH571,7147901154,90.4112638,23.7432645,0.06517953,3,4,0,1
Zone_DH571,7147901155,90.4117341,23.7433056,0.0,4,1,0,0
Zone_DH571,11585704165,90.4143945,23.7389449,0.0,4,1,0,0
Zone_DH571,11585704166,90.4148023,23.7389658,0.00625438,4,3,0,1
Zone_DH571,4073099495,90.4089083,23.7544685,0.01550365,4,3,0,0
Zone_DH571,5773742311,90.4097062,23.750142,0.00474424,4,3,0,1
Zone_DH571,5773742312,90.409738,23.7502896,0.0,4,1,0,0
Zone_DH571,10269774063,90.4134374,23.7507609,0.03323299,3,3,0,0
Zone_DH571,4077629680,90.4138892,23.7578754,0.02008347,4,3,0,1
Zone_DH571,4077629681,90.4147879,23.7580777,0.0,4,1,0,0
Zone_DH571,7725691142,90.4151813,23.7506227,0.00128362,4,3,0,0
Zone_DH571,4073124132,90.4082929,23.756127,0.00126245,4,3,0,1
Zone_DH571,6139867432,90.4088557,23.7374098,0.0079734,4,4,0,0
Zone_DH571,6139867433,90.4089194,23.7375355,0.0173017,4,4,0,0
Zone_DH571,4073124137,90.4081592,23.7566645,0.0,4,1,0,0
Zone_DH571,6139867434,90.4088116,23.7376914,0.01591011,4,3,0,0
Zone_DH571,6139867435,90.4086425,23.7376092,0.01572946,4,3,0,0
Zone_DH571,6139867437,90.4092481,23.7374724,0.01453405,4,3,0,0
Zone_DH571,5790708033,90.4085674,23.7498494,0.21690709,1,4,0,1
Zone_DH571,8725123437,90.3991812,23.7375157,0.0082839,4,2,0,1
Zone_DH571,8725123464,90.3986029,23.7417746,0.0,4,1,0,0
Zone_DH571,4965462418,90.4009771,23.7532405,0.05732397,3,3,0,1
Zone_DH571,4965462420,90.4008478,23.7531242,0.02657778,3,3,0,0
Zone_DH571,4077605276,90.4144463,23.7538552,0.0,4,1,0,0
Zone_DH571,3500724637,90.4126242,23.7479285,0.03194866,3,3,0,0
Zone_DH571,4077605281,90.414014,23.7541682,0.01672799,4,4,0,1
Zone_DH571,7521710509,90.4198824,23.7503699,1.552e-05,4,2,0,0
Zone_DH571,7521710511,90.4189556,23.7502713,0.00676106,4,3,0,0
Zone_DH571,386912696,90.3958978,23.754415,0.0,4,1,0,0
Zone_DH571,7595127237,90.3954341,23.7430697,0.0,4,1,0,0
Zone_DH571,7595127240,90.3953415,23.7435853,0.00295959,4,3,0,1
Zone_DH571,4077728226,90.4070576,23.7507483,0.0,4,1,0,0
Zone_DH571,4077728228,90.4074013,23.7509703,0.0,4,1,0,0
Zone_DH571,386912759,90.3995511,23.7537126,0.0,4,1,0,0
Zone_DH571,11578577409,90.4077308,23.744143,0.0,4,1,0,0
Zone_DH571,8778543641,90.4071366,23.7420012,0.0,4,1,0,0
Zone_DH571,4450054690,90.4094204,23.7436033,0.03018942,3,3,0,0
Zone_DH571,4072780325,90.4112398,23.7557484,0.09659117,2,3,0,1
Zone_DH571,4072780327,90.4115345,23.7558467,0.0,4,1,0,0
Zone_DH571,8778543656,90.4071355,23.7416873,0.06693172,3,3,0,1
Zone_DH571,4376752692,90.4147903,23.7395847,0.00796353,4,3,0,0
Zone_DH571,5785047605,90.4136248,23.7409482,0.0026498,4,3,0,1
Zone_DH571,2446094902,90.3948956,23.7455321,0.00972489,4,3,0,0
Zone_DH571,4069634627,90.4119837,23.7568988,0.0,4,1,0,0
Zone_DH571,4069634631,90.4124951,23.7569301,0.00803198,4,4,0,1
Zone_DH571,4069634637,90.4134226,23.7565427,0.04161074,3,3,0,0
Zone_DH571,4069634641,90.413187,23.756531,0.03619188,3,3,0,0
Zone_DH571,9154998872,90.3986917,23.7379723,0.0,4,1,0,0
Zone_DH571,9154998874,90.3981318,23.7379849,0.00474424,4,3,0,1
Zone_DH571,11609551461,90.3988509,23.7422344,0.02557925,3,3,0,0
Zone_DH571,2320200297,90.41257,23.7426994,0.01893534,4,3,0,0
Zone_DH571,2320200299,90.4117826,23.7416397,0.10322309,2,4,0,0
Zone_DH571,11166118511,90.4142335,23.7442894,0.04367201,3,3,0,0
Zone_DH571,4077638257,90.4052193,23.7507487,0.0,4,1,0,0
Zone_DH571,6136459889,90.4148344,23.7447982,0.0,4,1,0,0
Zone_DH571,6485406322,90.4107828,23.7417966,0.04779032,3,3,0,1
Zone_DH571,6485406323,90.4107741,23.7415202,0.0,4,1,0,0
Zone_DH571,3940938357,90.4088096,23.7575896,0.00742368,4,3,0,0
Zone_DH571,4966044277,90.3952624,23.7460018,0.00821263,4,3,0,0
Zone_DH571,2320200320,90.417474,23.7418712,0.00775041,4,4,0,0
Zone_DH571,2320200324,90.4165675,23.7425599,0.01678727,4,3,0,0
Zone_DH571,4077097608,90.4096475,23.7511328,0.0,4,1,0,0
Zone_DH571,2320200331,90.4119514,23.7418708,0.01869682,4,3,0,0
Zone_DH571,2320200338,90.4141831,23.744135,0.04943102,3,4,0,0
Zone_DH571,11612582548,90.4056294,23.7529165,0.0,4,1,0,0
Zone_DH571,642577048,90.4008729,23.7534118,0.05600366,3,4,0,0
Zone_DH571,642577049,90.416211,23.753657,0.00037965,4,2,0,0
Zone_DH571,3486610074,90.4112506,23.7437385,0.07500533,2,3,0,0
Zone_DH571,642577051,90.4160197,23.7541738,0.02240584,3,3,0,0
Zone_DH571,642577053,90.4194096,23.7528177,0.00412819,4,2,0,0
Zone_DH571,4072829598,90.4123566,23.7551866,0.04002933,3,4,0,1
Zone_DH571,4072829601,90.4124696,23.755817,0.0,4,1,0,0
Zone_DH571,4123808428,90.4086176,23.7538188,0.00118765,4,3,0,1
Zone_DH571,3525210797,90.4059546,23.7540269,0.02698636,3,3,0,1
Zone_DH571,10009064138,90.3966464,23.7416017,0.01022027,4,3,0,0
Zone_DH571,10009064139,90.3966784,23.7415193,0.00826203,4,3,0,0
Zone_DH571,5956948704,90.4155909,23.7545283,0.04934563,3,4,0,0
Zone_DH571,2432078572,90.419646,23.7511696,0.00155954,4,3,0,0
Zone_DH571,5956948718,90.4170362,23.7521197,0.03152455,3,4,0,0
Zone_DH571,2432078574,90.4188082,23.7521059,0.00873059,4,3,0,0
Zone_DH571,2432078576,90.4191622,23.751205,0.00351143,4,3,0,0
Zone_DH571,871707389,90.4093632,23.7512052,0.21914831,1,3,0,0
Zone_DH571,871707391,90.4077374,23.7529601,0.05153181,3,3,0,1
Zone_DH571,4889277184,90.418153,23.7440009,0.0,4,1,0,0
Zone_DH571,4889277185,90.4181231,23.7444243,0.01156952,4,3,0,1
Zone_DH571,4072747787,90.4061758,23.7576332,0.00237459,4,3,0,1
Zone_DH571,3608990487,90.4121539,23.7480421,0.00556988,4,3,0,0
Zone_DH571,7074442022,90.4138112,23.7477504,0.0,4,1,0,0
Zone_DH571,386913060,90.4000935,23.7535011,0.0,4,1,0,0
Zone_DH571,386913069,90.396487,23.754163,0.00118765,4,3,0,1
Zone_DH571,4967387955,90.3995968,23.7473146,0.02987539,3,3,0,0
Zone_DH571,4967387962,90.4049612,23.749159,0.01634551,4,3,0,0
Zone_DH571,2320167742,90.4041717,23.7377436,0.01829106,4,3,0,0
Zone_DH571,6782571332,90.4135108,23.7465916,0.0,4,1,0,0
Zone_DH571,6782571333,90.4141503,23.7466498,0.03432043,3,3,0,1
Zone_DH571,4967387976,90.4034698,23.7489647,0.00557623,4,3,0,0
Zone_DH571,11150750539,90.4102573,23.7395017,0.03790102,3,3,0,0
Zone_DH571,11150750540,90.4103644,23.7394359,0.017675,4,3,0,0
Zone_DH571,4967387987,90.4009312,23.7530848,0.00018277,4,3,0,0
Zone_DH571,4077728599,90.4072537,23.750586,0.0,4,1,0,0
Zone_DH571,4077728603,90.4071821,23.7507633,0.00237459,4,3,0,1
Zone_DH571,3047502690,90.4051516,23.7374662,0.00519376,4,3,0,0
Zone_DH571,9952318306,90.4024712,23.7563222,0.00577241,4,3,0,0
Zone_DH571,2320159602,90.396149,23.740948,0.00592413,4,3,0,0
Zone_DH571,2320159609,90.4006055,23.7403941,0.04781573,3,3,0,1
Zone_DH571,4077605756,90.4127698,23.7577691,0.0,4,1,0,0
Zone_DH571,4077605757,90.4131085,23.7578216,0.00256301,4,3,0,1
Zone_DH571,4077605761,90.4106794,23.7567881,0.0,4,1,0,0
Zone_DH571,3346977678,90.4061708,23.7574128,0.00474424,4,3,0,1
Zone_DH571,386913205,90.3949848,23.7551843,0.00118765,4,2,0,1
Zone_DH571,4073132991,90.413467,23.7549604,0.03886779,3,3,0,1
Zone_DH571,11332219839,90.4193746,23.7476647,0.00393554,4,3,0,0
Zone_DH571,11332219840,90.4193183,23.7479124,0.00425733,4,3,0,1
Zone_DH571,10973246439,90.4044077,23.7542271,0.0,4,1,0,0
Zone_DH571,6785381353,90.3974091,23.7417444,0.00919422,4,3,0,0
Zone_DH571,10083914745,90.4142448,23.7441598,0.01589953,4,4,0,0
Zone_DH571,4077646841,90.4057006,23.7535443,0.0,4,1,0,0
Zone_DH571,6585914372,90.412991,23.7435964,0.00521069,4,3,0,0
Zone_DH571,6585914374,90.4125628,23.7435792,0.00509426,4,3,0,0
Zone_DH571,6585914375,90.4125295,23.7443262,0.00118765,4,3,0,1
Zone_DH571,6585914376,90.4122767,23.7443249,0.0,4,1,0,0
Zone_DH571,6585914379,90.413435,23.7436191,0.00735594,4,3,0,1
Zone_DH571,6585914380,90.4134204,23.7438202,0.0,4,1,0,0
Zone_DH571,6585914381,90.4122012,23.7435886,0.0065924,4,3,0,1
Zone_DH571,6585914382,90.4122034,23.7440846,0.0,4,1,0,0
Zone_DH571,6585914383,90.4117939,23.7437501,0.00841022,4,3,0,1
Zone_DH571,6585914384,90.411799,23.7441734,0.0,4,1,0,0
Zone_DH571,3417642003,90.4006767,23.7534102,0.04645025,3,4,0,0
Zone_DH571,3417642006,90.4005128,23.7536615,0.01768206,4,3,0,1
Zone_DH571,3890484248,90.4149743,23.7534523,0.02345094,3,3,0,0
Zone_DH571,4077630491,90.4147596,23.7576951,0.0,4,1,0,0
Zone_DH571,387380252,90.4166991,23.7526387,0.0052241,4,3,0,0
Zone_DH571,4073141277,90.4086176,23.7540199,0.00356012,4,3,0,1
Zone_DH571,4073141278,90.4087807,23.7540257,0.0,4,1,0,0
Zone_DH571,4077630492,90.4147488,23.7578152,0.00237459,4,3,0,1
Zone_DH571,4600837157,90.4074162,23.7582126,0.00474424,4,3,0,1
Zone_DH571,3397973032,90.4038293,23.7486017,0.07400962,2,3,0,0
Zone_DH571,4077630505,90.4132327,23.7528344,0.0,4,1,0,0
Zone_DH571,4077630509,90.4131584,23.7529537,0.00118765,4,3,0,1
Zone_DH571,3890738222,90.4076775,23.7548795,0.04397545,3,3,0,1
Zone_DH571,3397973038,90.4035925,23.7485553,0.0714946,2,3,0,0
Zone_DH571,3890738223,90.408028,23.7549272,0.0,4,1,0,0
Zone_DH571,4077630511,90.4129504,23.7533094,0.00710472,4,3,0,1
Zone_DH571,4077630512,90.4133227,23.7533295,0.00119047,4,3,0,1
Zone_DH571,4077646900,90.4098486,23.7520093,0.11848752,1,3,0,1
Zone_DH571,3397973045,90.4036322,23.7485337,0.07180157,2,3,0,0
Zone_DH571,4077597749,90.4066302,23.7564218,0.0,4,1,0,0
Zone_DH571,6179574839,90.3964479,23.7456292,0.0,4,1,0,0
Zone_DH571,4062876730,90.4066958,23.7572639,0.00946167,4,3,0,1
Zone_DH571,4380406843,90.4144747,23.7441107,0.06823862,3,4,0,0
Zone_DH571,4077597757,90.4026564,23.7513377,0.0,4,1,0,0
Zone_DH571,4077597759,90.4025627,23.7516696,0.0412572,3,3,0,1
Zone_DH571,6136419438,90.4172005,23.7442579,0.0188563,4,3,0,0
Zone_DH571,13014807664,90.4084361,23.7473392,0.0,4,1,0,0
Zone_DH571,13014807665,90.4084823,23.7471704,0.0,4,1,0,0
Zone_DH571,11332277370,90.4196106,23.7469231,0.0,4,2,0,0
Zone_DH571,1720308864,90.3946178,23.7458414,0.00439987,4,3,0,0
Zone_DH571,3384439950,90.4121556,23.758443,0.02319619,3,3,0,0
Zone_DH571,6784291986,90.404456,23.7430789,0.0,4,1,0,0
Zone_DH571,6784291987,90.4041863,23.7438722,0.02705764,3,3,0,1
Zone_DH571,262624405,90.4051067,23.7441642,0.06272661,3,4,0,0
Zone_DH571,4072821909,90.4089861,23.757879,0.0012688,4,3,0,1
Zone_DH571,3341431963,90.4040922,23.7475007,0.0631606,3,3,0,1
Zone_DH571,262624413,90.4115353,23.7417012,0.09296119,2,3,0,0
Zone_DH571,262624415,90.4123085,23.7412901,0.03332472,3,3,0,0
Zone_DH571,3311187104,90.4041878,23.7515974,0.00237459,4,3,0,1
Zone_DH571,386929836,90.4141977,23.7467924,0.03503669,3,3,0,0
Zone_DH571,2320176315,90.4038445,23.7486482,0.0931489,2,3,0,0
Zone_DH571,6264886523,90.4043437,23.7373346,0.00196248,4,3,0,0
Zone_DH571,2445571335,90.3986276,23.7436184,0.0,4,1,0,0
Zone_DH571,267310343,90.4076193,23.7401559,0.00682175,4,3,0,0
Zone_DH571,4601115915,90.4090022,23.7580732,0.0,4,1,0,0
Zone_DH571,267310348,90.4097083,23.7401992,0.0070518,4,3,0,0
Zone_DH571,262624528,90.4093414,23.7382934,0.02872867,3,3,0,0
Zone_DH571,3429963024,90.4100017,23.7391704,0.02998548,3,3,0,1
Zone_DH571,3429963026,90.4109685,23.7402019,0.01348401,4,3,0,0
Zone_DH571,3429963025,90.4106936,23.7401109,0.03493013,3,3,0,0
Zone_DH571,3711522072,90.3998416,23.7462562,0.0,4,1,0,0
Zone_DH571,4072994075,90.4138143,23.7557569,0.0,4,1,0,0
Zone_DH571,4072994076,90.413832,23.7558919,0.00237459,4,3,0,1
Zone_DH571,4073018659,90.4138921,23.7553513,0.0,4,1,0,0
Zone_DH571,4077647142,90.4087716,23.7557798,0.0,4,1,0,0
Zone_DH571,4077647143,90.4091295,23.7558332,0.00190885,4,3,0,1
Zone_DH571,4062876971,90.411827,23.7583712,0.02963052,3,3,0,1
Zone_DH571,4062876972,90.4120513,23.7583944,0.02788539,3,3,0,0
Zone_DH571,4077761837,90.4146025,23.7540387,0.0,4,1,0,0
Zone_DH571,4062876974,90.4118642,23.7586553,0.0,4,1,0,0
Zone_DH571,4062876978,90.4114821,23.7587801,0.01515504,4,3,0,1
Zone_DH571,11376997700,90.3956121,23.746098,0.00896276,4,3,0,0
Zone_DH571,11376997701,90.3955897,23.7461807,0.00773348,4,3,0,0
Zone_DH571,11376997702,90.3972289,23.7465506,0.00847796,4,3,0,0
Zone_DH571,11376997703,90.3972021,23.7466367,0.01416146,4,3,0,0
Zone_DH571,11376997704,90.397932,23.746748,0.01294417,4,3,0,0
Zone_DH571,11376997705,90.397905,23.7468327,0.01741179,4,3,0,0
Zone_DH571,11376997713,90.4015386,23.749729,0.0,4,1,0,0
Zone_DH571,11376997715,90.4012329,23.7502752,0.0,4,1,0,0
Zone_DH571,11376997717,90.4017615,23.7490011,0.00474424,4,3,0,1
Zone_DH571,11376997718,90.4009955,23.7489925,0.0,4,1,0,0
Zone_DH571,11376997719,90.4012181,23.748839,0.0,4,1,0,0
Zone_DH571,11376997720,90.4012154,23.748995,0.00237459,4,3,0,1
Zone_DH571,11376997721,90.4034316,23.7486722,0.05518437,3,3,0,0
Zone_DH571,11376997725,90.4034763,23.7488001,0.03168474,3,3,0,0
Zone_DH571,11617965411,90.3977527,23.7520494,0.0,4,1,0,0
Zone_DH571,11617965413,90.3978075,23.7523619,0.00237459,4,3,0,1
Zone_DH571,11617965415,90.3970683,23.7524335,0.0,4,1,0,0
Zone_DH571,3384407406,90.4080752,23.7575746,0.00118765,4,3,0,1
Zone_DH571,4975015296,90.4143609,23.7564833,0.04588642,3,3,0,1
Zone_DH571,4975015298,90.4139125,23.7574695,0.0221144,3,3,0,1
Zone_DH571,4975015303,90.414563,23.759146,0.00118765,4,2,0,1
Zone_DH571,9162438024,90.4074241,23.7416846,0.07346414,2,4,0,0
Zone_DH571,4072764808,90.4070951,23.7582047,0.0,4,1,0,0
Zone_DH571,4975015304,90.4141011,23.7591491,0.0,4,1,0,0
Zone_DH571,4072764813,90.407174,23.7584329,0.0,4,1,0,0
Zone_DH571,3732731279,90.4181448,23.7500033,0.00599328,4,3,0,0
Zone_DH571,3304715680,90.4158651,23.7550002,0.02287511,3,3,0,0
Zone_DH571,4077598115,90.4130977,23.754068,0.00120176,4,3,0,1
Zone_DH571,4077598116,90.4133732,23.7540817,0.0,4,1,0,0
Zone_DH571,3003241910,90.3990711,23.7571011,0.0054972,4,4,0,0
Zone_DH571,3711522239,90.4021336,23.7469046,0.0,4,1,0,0
Zone_DH571,11330254277,90.4037786,23.7522869,0.06651749,3,3,0,1
Zone_DH571,3304715720,90.4171426,23.7546419,0.00515212,4,3,0,1
Zone_DH571,3304715722,90.4166457,23.7546552,0.0,4,1,0,0
Zone_DH571,4063057356,90.413778,23.7590535,0.00946661,4,3,0,1
Zone_DH571,4063057362,90.4131682,23.7593407,0.0,4,1,0,0
Zone_DH571,4063057364,90.4138043,23.7593444,0.00710825,4,3,0,1
Zone_DH571,4063057372,90.4131787,23.7596705,0.0,4,1,0,0
Zone_DH571,4063057373,90.4138481,23.7596319,0.00474424,4,3,0,1
Zone_DH571,4063057374,90.4138595,23.7597092,0.00237389,4,2,0,1
Zone_DH571,4729312735,90.4135816,23.7403914,0.01555375,4,3,0,0
Zone_DH571,3731445224,90.4192212,23.7520836,0.0012194,4,3,0,0
Zone_DH571,2320176638,90.3970671,23.7466027,0.0134212,4,3,0,1
Zone_DH571,2320176644,90.4018324,23.7481364,0.05951509,3,4,0,1
Zone_DH571,4376753669,90.4120618,23.7413634,0.01885418,4,3,0,0
Zone_DH571,4376753672,90.4147955,23.7394787,0.01471823,4,3,0,0
Zone_DH571,4376753674,90.4161759,23.7387397,0.00543863,4,3,0,0
Zone_DH571,2320176651,90.4009641,23.7478186,0.03023811,3,3,0,0
Zone_DH571,2320176654,90.4001181,23.7475125,0.0219408,3,3,0,1
Zone_DH571,9355073041,90.398943,23.7487555,0.0,4,1,0,0
Zone_DH571,9355073042,90.3990359,23.7485616,0.00237459,4,3,0,1
Zone_DH571,3888805395,90.406189,23.7498503,0.00474424,4,3,0,1
Zone_DH571,3888805396,90.4059482,23.7492989,0.03525474,3,3,0,0
Zone_DH571,3855078948,90.4153731,23.7577015,0.00369208,4,3,0,1
Zone_DH571,3341473316,90.40543,23.7380131,0.02144895,4,3,0,0
Zone_DH571,4889155121,90.4189325,23.7417978,0.00118765,4,3,0,1
Zone_DH571,6122550847,90.4169456,23.7495608,0.0,4,1,0,0
Zone_DH571,6122550851,90.4174393,23.7501292,0.01030354,4,3,0,1
Zone_DH571,6122550852,90.4173049,23.7418312,0.01758397,4,3,0,0
Zone_DH571,6122550861,90.4140894,23.7442958,0.00046504,4,3,0,0
Zone_DH571,8718825037,90.4031603,23.7410904,0.02308046,3,3,0,1
Zone_DH571,6122550863,90.4141489,23.7443151,0.00263428,4,3,0,0
Zone_DH571,8718825038,90.4034211,23.7403554,0.0,4,1,0,0
Zone_DH571,6426039890,90.4166273,23.7554614,0.00237459,4,3,0,1
Zone_DH571,3525301844,90.4042662,23.754907,0.03697941,3,3,0,0
Zone_DH571,6122550874,90.4122323,23.7422101,0.01864672,4,3,0,0
Zone_DH571,6806394458,90.4081203,23.7471775,0.00192084,4,3,0,1
Zone_DH571,6806394459,90.4081028,23.7473474,0.00328138,4,3,0,1
Zone_DH571,6122550882,90.4123846,23.745582,0.02613744,3,4,0,0
Zone_DH571,3500750448,90.4079409,23.7487762,0.18093962,1,4,0,0
Zone_DH571,5910328976,90.4170725,23.7548121,0.00728467,4,3,0,1
Zone_DH571,5910328977,90.4165276,23.7552713,0.01391941,4,3,0,1
Zone_DH571,5910328979,90.416693,23.7555968,0.0,4,1,0,0
Zone_DH571,10008721051,90.3981741,23.746922,0.02538307,3,3,0,0
Zone_DH571,10008721052,90.4010719,23.7477175,0.07045867,2,3,0,0
Zone_DH571,10008721057,90.3951333,23.7460558,0.01002762,4,3,0,0
Zone_DH571,4072806054,90.4133487,23.7592121,0.0,4,1,0,0
Zone_DH571,4878972587,90.401389,23.7491418,0.0,4,1,0,0
Zone_DH571,619034319,90.4110226,23.7454479,0.09632725,2,3,0,0
Zone_DH571,4778186460,90.4164633,23.7394195,0.0,4,1,0,0
Zone_DH571,4778186462,90.4151753,23.7393848,0.00639199,4,3,0,0
Zone_DH571,7147902696,90.4112549,23.7435624,0.06631566,3,3,0,1
Zone_DH571,11469059817,90.4115335,23.7417352,0.06703122,3,4,0,0
Zone_DH571,7147902697,90.4109415,23.7435364,0.0,4,1,0,0
Zone_DH571,11469059824,90.4168392,23.7384049,0.01008972,4,3,0,0
Zone_DH571,6782457587,90.4104284,23.746847,0.08558478,2,3,0,0
Zone_DH571,3014907638,90.3992851,23.7376088,0.00120741,4,3,0,1
Zone_DH571,3014907642,90.3991254,23.739364,0.00014537,4,3,0,0
Zone_DH571,3014907650,90.3990318,23.739464,0.00131044,4,3,0,0
Zone_DH571,9066985218,90.4127745,23.7424722,0.00965361,4,4,0,0
Zone_DH571,9066985220,90.413377,23.7430906,0.033384,3,4,0,0
Zone_DH571,9066985222,90.4131771,23.7407102,0.02178908,4,4,0,0
Zone_DH571,9066985223,90.414786,23.7396374,0.01514446,4,4,0,0
Zone_DH571,9066985224,90.4152484,23.7393898,0.01288842,4,4,0,1
Zone_DH571,9066985228,90.4167867,23.7383442,0.00500322,4,2,0,0
Zone_DH571,6159021868,90.4131443,23.7414612,0.00675965,4,3,0,0
Zone_DH571,5721012014,90.4039776,23.7482145,0.07239716,2,4,0,0
Zone_DH571,9899718497,90.4094461,23.7450546,0.0,4,1,0,0
Zone_DH571,2449348458,90.3980943,23.737862,0.0,4,1,0,0
Zone_DH571,4967405443,90.4039756,23.7466727,0.00763398,4,3,0,0
Zone_DH571,4967405444,90.4040905,23.7466618,0.06576665,3,3,0,0
Zone_DH571,10008672139,90.396888,23.7568387,0.00138524,4,3,0,1
Zone_DH571,6787233679,90.3989223,23.7461889,0.0,4,1,0,0
Zone_DH571,6787233680,90.3989183,23.74702,0.01746471,4,3,0,1
Zone_DH571,4077655956,90.4127416,23.7565077,0.03608391,3,3,0,1
Zone_DH571,4077655957,90.4127608,23.7562607,0.0,4,1,0,0
Zone_DH571,10008672150,90.3968914,23.756747,0.00267591,4,3,0,0
Zone_DH571,386930588,90.4155621,23.746865,0.00409502,4,3,0,1
Zone_DH571,386930590,90.4164133,23.7469055,0.00998881,4,3,0,0
Zone_DH571,4889196448,90.4172543,23.7435358,0.00435259,4,3,0,0
Zone_DH571,4899575718,90.4174201,23.7456579,0.0,4,1,0,0
Zone_DH571,4899575719,90.4186043,23.7456665,0.00118765,4,2,0,1
Zone_DH571,4072830893,90.4113938,23.7591494,0.00356012,4,3,0,1
Zone_DH571,4072830894,90.4119806,23.7591492,0.0,4,1,0,0
Zone_DH571,4889196470,90.4185708,23.7442776,0.00364763,4,3,0,1
Zone_DH571,4889196473,90.4195458,23.7444258,0.00237389,4,2,0,1
Zone_DH571,642611136,90.4168181,23.7502308,0.03177718,3,3,0,0
Zone_DH571,642611138,90.4161963,23.7503391,0.03408544,3,3,0,0
Zone_DH571,642611141,90.415553,23.7523672,0.00775676,4,3,0,0
Zone_DH571,642611144,90.4190857,23.7494569,0.00358412,4,3,0,0
Zone_DH571,6138640328,90.408019,23.7388681,0.00231955,4,3,0,1
Zone_DH571,642611147,90.4168806,23.7524519,0.01416357,4,3,0,0
Zone_DH571,9164068843,90.4146286,23.7441172,0.05051564,3,3,0,0
Zone_DH571,4898904044,90.4165121,23.7461822,0.00767561,4,3,0,1
Zone_DH571,9164068844,90.4145891,23.744411,0.00212549,4,3,0,0
Zone_DH571,4448065518,90.4082544,23.7375787,0.03131991,3,3,0,0
Zone_DH571,4448065520,90.4089822,23.737812,0.02492862,3,3,0,0
Zone_DH571,4082989055,90.4126509,23.7548601,0.0,4,1,0,0
Zone_DH571,3014899711,90.399698,23.7404768,0.00237389,4,3,0,0
Zone_DH571,11399763969,90.4066214,23.7546025,0.0,4,1,0,0
Zone_DH571,3014899714,90.3985804,23.7417354,0.00118765,4,3,0,1
Zone_DH571,11399763971,90.4065254,23.7557989,0.0,4,1,0,0
Zone_DH571,4444084228,90.4136583,23.7414941,0.00545133,4,3,0,1
Zone_DH571,3014899717,90.4017006,23.7377175,0.00120388,4,3,0,0
Zone_DH571,4898904066,90.4188136,23.747255,0.00118765,4,3,0,1
Zone_DH571,4898904082,90.4183871,23.7475373,0.00321858,4,3,0,0
Zone_DH571,4898904086,90.4187733,23.7476172,0.00205492,4,3,0,0
Zone_DH571,4077770781,90.4096669,23.7537983,0.0,4,1,0,0
Zone_DH571,4077770783,90.4096911,23.7542606,0.0577382,3,3,0,1
Zone_DH571,9070622766,90.413357,23.7420715,0.0,4,1,0,0
Zone_DH571,251492407,90.4041184,23.7370812,0.0,4,2,0,0
Zone_DH571,4077574202,90.4022524,23.7522528,0.0,4,1,0,0
Zone_DH571,4072765508,90.4073078,23.757865,0.00710825,4,3,0,1
Zone_DH571,4316690502,90.4005304,23.7556639,0.0141297,4,3,0,1
Zone_DH571,3734157383,90.4065271,23.7463569,0.06292067,3,3,0,1
Zone_DH571,4072765511,90.4070328,23.7581033,0.0,4,1,0,0
Zone_DH571,4316690506,90.4016054,23.7552789,0.0,4,1,0,0
Zone_DH571,7030560843,90.4059228,23.7369205,0.0,4,1,0,0
Zone_DH571,4077615180,90.4117922,23.7498019,0.0,4,1,0,0
Zone_DH571,3734157391,90.4084761,23.7462531,0.0,4,1,0,0
Zone_DH571,7030560853,90.4052724,23.737414,0.00168797,4,3,0,1
Zone_DH571,7030560856,90.40625,23.7374766,0.00540828,4,3,0,0
Zone_DH571,4975032419,90.4136138,23.7561734,0.0082839,4,3,0,1
Zone_DH571,4975032420,90.414369,23.7582667,0.00512248,4,3,0,0
Zone_DH571,9070622821,90.4140026,23.7421696,0.0,4,1,0,0
Zone_DH571,9070622820,90.4136723,23.7426176,0.0,4,1,0,0
Zone_DH571,4064819305,90.4093562,23.7511925,0.20958926,1,3,0,1
Zone_DH571,3501316204,90.3986711,23.7421741,0.02313621,3,3,0,0
Zone_DH571,3341441133,90.4038279,23.7479182,0.00944262,4,2,0,0
Zone_DH571,4077639792,90.4035704,23.7510681,0.0802139,2,3,0,0
Zone_DH571,4077639797,90.4051947,23.7511187,0.0119908,4,3,0,1
Zone_DH571,4077729931,90.4143468,23.7541186,0.0,4,1,0,0
Zone_DH571,4077729932,90.4143466,23.7542285,0.01656075,4,3,0,1
Zone_DH571,4729338010,90.3981223,23.7395341,0.0,4,1,0,0
Zone_DH571,3714873523,90.4069475,23.737621,0.03121405,3,3,0,0
Zone_DH571,2433677500,90.3966249,23.7430616,0.00015807,4,2,0,0
Zone_DH571,3523197120,90.4061751,23.7532824,0.06839811,2,3,0,1
Zone_DH571,6782441682,90.4095995,23.745547,0.00118765,4,3,0,1
Zone_DH571,262641880,90.3977033,23.7419354,0.01229213,4,3,0,1
Zone_DH571,3011762394,90.3989409,23.7425722,0.0,4,1,0,0
Zone_DH571,642586845,90.3969699,23.7574939,0.0,4,1,0,0
Zone_DH571,3311188190,90.4028609,23.7522622,0.00118765,4,3,0,1
Zone_DH571,3311188189,90.4035078,23.7516135,0.09037348,2,3,0,0
Zone_DH571,642586848,90.4011211,23.7575722,0.01180098,4,3,0,0
Zone_DH571,642586849,90.4012436,23.7582002,0.0106465,4,4,0,1
Zone_DH571,642586850,90.4027172,23.759311,0.00118906,4,3,0,1
Zone_DH571,642586852,90.4014333,23.7595068,5.65e-06,4,2,0,0
Zone_DH571,4978768104,90.4099186,23.7566846,0.02486088,3,3,0,1
Zone_DH571,11612592367,90.3981094,23.7516671,0.01944977,4,3,0,0
Zone_DH571,1760524530,90.4010143,23.7569107,0.01458274,4,4,0,0
Zone_DH571,2320185600,90.3947461,23.745957,0.00827332,4,3,0,0
Zone_DH571,6136641794,90.415254,23.7417766,0.00119329,4,3,0,1
Zone_DH571,3489437955,90.4148123,23.7589094,0.0,4,1,0,0
Zone_DH571,3311188229,90.4049246,23.7518217,0.0,4,1,0,0
Zone_DH571,2320185607,90.3945913,23.7459183,0.00247833,4,2,0,0
Zone_DH571,3489437959,90.415711,23.7583232,0.00150873,4,2,0,0
Zone_DH571,3489437960,90.4153947,23.7583073,0.00456288,4,3,0,0
Zone_DH571,3311188240,90.4024366,23.7516356,0.04162274,3,3,0,1
Zone_DH571,4072806679,90.4127318,23.7591564,0.00174795,4,3,0,0
Zone_DH571,3014924576,90.4010143,23.7384145,0.00241764,4,4,0,0
Zone_DH571,4077648161,90.4091443,23.7557564,0.00420087,4,3,0,1
Zone_DH571,4077648160,90.4089311,23.7557361,0.0,4,1,0,0
Zone_DH571,3516324154,90.4104349,23.750646,0.00118765,4,3,0,1
Zone_DH571,3516324162,90.4098336,23.7514793,0.03722145,3,3,0,1
Zone_DH571,3516324163,90.409749,23.7511398,0.0,4,1,0,0
Zone_DH571,6546045255,90.4032772,23.738937,0.02314609,3,3,0,0
Zone_DH571,4077615434,90.4042898,23.7512106,0.0,4,1,0,0
Zone_DH571,6546045264,90.4042438,23.7414091,0.03343693,3,3,0,0
Zone_DH571,11330640209,90.4048687,23.7475208,0.0,4,1,0,0
Zone_DH571,6136404308,90.418235,23.7412896,0.00150167,4,3,0,0
Zone_DH571,4381948264,90.4164454,23.7447076,0.00726703,4,3,0,0
Zone_DH571,7768283501,90.4189821,23.7407176,8.891e-05,4,2,0,0
Zone_DH571,7768283502,90.4173795,23.7417693,0.02209181,3,3,0,0
Zone_DH571,5988448633,90.4104701,23.7490372,0.01021533,4,4,0,1
Zone_DH571,7768283515,90.4141715,23.7441942,0.02191116,3,4,0,0
Zone_DH571,5761087868,90.4191789,23.7504671,0.0,4,1,0,0
Zone_DH571,7768283517,90.4124342,23.7454617,0.02314327,3,3,0,0
Zone_DH571,3310532991,90.4160636,23.7566941,0.00192437,4,3,0,1
Zone_DH571,7768283522,90.4091022,23.7481212,0.06509838,3,3,0,0
Zone_DH571,7768283531,90.4140518,23.7442832,0.02302683,3,3,0,0
Zone_DH571,3014891917,90.3988586,23.7394672,0.01181297,4,4,0,1
Zone_DH571,3014891918,90.3988559,23.7396515,0.01518256,4,3,0,0
Zone_DH571,8723274126,90.4005932,23.7385272,0.00127021,4,2,0,0
Zone_DH571,7768283537,90.4127169,23.742506,0.01505484,4,3,0,0
Zone_DH571,3014891922,90.399976,23.7401191,0.0326628,3,4,0,0
Zone_DH571,3014891923,90.4002687,23.7402225,0.04189866,3,4,0,1
Zone_DH571,3516938645,90.4045386,23.753486,0.00118765,4,3,0,1
Zone_DH571,3516938646,90.4049431,23.7535726,0.0,4,1,0,0
Zone_DH571,8723274141,90.4019641,23.7393712,0.00352131,4,3,0,0
Zone_DH571,9152928187,90.398828,23.7438419,0.03402687,3,3,0,0
Zone_DH571,4676295120,90.4061347,23.758302,0.01492217,4,3,0,0
Zone_DH571,4077648337,90.4142296,23.7544309,0.0,4,1,0,0
Zone_DH571,4077648338,90.4143781,23.7544285,0.00225674,4,3,0,1
Zone_DH571,3501308373,90.3961647,23.7406733,0.00356012,4,3,0,1
Zone_DH571,1756862942,90.4096037,23.7507404,0.0,4,1,0,0
Zone_DH571,1756862946,90.4102211,23.7509217,0.00946661,4,3,0,1
Zone_DH571,11539970573,90.4078963,23.7438894,0.0,4,1,0,0
Zone_DH571,4077623834,90.4073363,23.7565134,0.0,4,1,0,0
Zone_DH571,262625825,90.4061102,23.7456444,0.06693031,3,4,0,1
Zone_DH571,4077681190,90.4098807,23.7557182,0.0,4,1,0,0
Zone_DH571,262625831,90.4074482,23.743405,0.01692487,4,3,0,0
Zone_DH571,4077681197,90.4145384,23.7564945,0.04397828,3,3,0,1
Zone_DH571,4077681198,90.4145676,23.7569008,0.0,4,1,0,0
Zone_DH571,7768488501,90.3954281,23.7504501,0.00504839,4,3,0,0
Zone_DH571,10143177278,90.4166537,23.7564114,0.00346839,4,3,0,1
Zone_DH571,7421540927,90.4091708,23.7556235,0.01533358,4,3,0,0
Zone_DH571,7421540932,90.4080696,23.7554821,0.01048984,4,3,0,1
Zone_DH571,9067051594,90.4121063,23.7415365,0.006953,4,4,0,1
Zone_DH571,9067051595,90.412082,23.7415561,0.0,4,1,0,0
Zone_DH571,3462576716,90.4135892,23.7519457,0.05083601,3,3,0,0
Zone_DH571,6782646869,90.4031977,23.7459311,0.0,4,1,0,0
Zone_DH571,6782646871,90.4035304,23.7449728,0.00887878,4,3,0,1
Zone_DH571,262625879,90.4142348,23.7440944,0.08265483,2,5,0,0
Zone_DH571,262625880,90.4133114,23.7431452,0.01556575,4,3,0,0
Zone_DH571,4077582942,90.4094979,23.7501696,0.00710825,4,3,0,1
Zone_DH571,4077582943,90.4094006,23.7501831,0.00946661,4,3,0,1
Zone_DH571,4077582944,90.4093739,23.7503352,0.0,4,1,0,0
Zone_DH571,4077582945,90.409456,23.7503483,0.0,4,1,0,0
Zone_DH571,11789687390,90.4159697,23.7430072,0.01665813,4,3,0,0
Zone_DH571,387381862,90.4101351,23.7513648,0.03725109,3,3,0,1
Zone_DH571,3514030700,90.4045173,23.7536249,0.00474213,4,3,0,1
Zone_DH571,4072782445,90.4130226,23.7571626,0.0,4,1,0,0
Zone_DH571,4599200367,90.4140384,23.7504896,0.00132949,4,3,0,0
Zone_DH571,3220454000,90.4198623,23.749345,0.0,4,1,0,0
Zone_DH571,4599200368,90.4140703,23.75076,0.00064993,4,3,0,0
Zone_DH571,3220454003,90.4171877,23.7501712,0.01224343,4,3,0,0
Zone_DH571,11595315829,90.3991964,23.7498486,0.00502933,4,3,0,1
Zone_DH571,11595315831,90.3990521,23.7502414,0.0,4,1,0,0
Zone_DH571,3220454008,90.4185936,23.7508413,0.00079106,4,3,0,0
Zone_DH571,3220454009,90.419247,23.7524954,0.0,4,2,0,0
Zone_DH571,11595315833,90.4027881,23.7484715,0.05443636,3,3,0,1
Zone_DH571,11595315832,90.402682,23.7493812,0.0,4,1,0,0
Zone_DH571,3220454013,90.4180413,23.752774,0.01053218,4,3,0,0
Zone_DH571,3220454014,90.4181158,23.7524654,0.01303449,4,3,0,0
Zone_DH571,3220454016,90.4146605,23.7531711,0.07631859,2,3,0,0
Zone_DH571,386914947,90.3991189,23.7567776,0.01188213,4,4,0,0
Zone_DH571,386914948,90.4008709,23.7562077,0.01981602,4,4,0,0
Zone_DH571,3220454020,90.4127203,23.7499803,0.09775483,2,3,0,0
Zone_DH571,2320038535,90.3992105,23.7512982,0.02107282,4,3,0,0
Zone_DH571,4381940360,90.4166529,23.7442145,0.02528357,3,3,0,0
Zone_DH571,4381940367,90.4162187,23.7452622,0.0097143,4,3,0,0
Zone_DH571,4381940369,90.4165823,23.7443728,0.00730937,4,3,0,1
Zone_DH571,6285580945,90.4065808,23.7481873,0.0,4,1,0,0
Zone_DH571,6285580947,90.4060932,23.7491458,0.06281411,3,3,0,0
Zone_DH571,3220454036,90.4160845,23.7494745,0.03505927,3,4,0,0
Zone_DH571,4381940374,90.4173982,23.7447758,0.0,4,1,0,0
Zone_DH571,3486595741,90.4107065,23.7439793,0.00638211,4,3,0,1
Zone_DH571,3011697310,90.3945339,23.7517098,0.0,4,1,0,0
Zone_DH571,2320038559,90.3959129,23.748064,0.00687538,4,3,0,0
Zone_DH571,3486595745,90.4096995,23.7438404,0.02949715,3,3,0,0
Zone_DH571,9083509418,90.4145071,23.7400408,0.0,4,1,0,0
Zone_DH571,11337177799,90.4139318,23.7499475,0.01572311,4,3,0,0
Zone_DH571,4894907090,90.4071443,23.7491868,0.03892777,3,3,0,0
Zone_DH571,10046520023,90.408419,23.7376148,0.01520232,4,3,0,1
Zone_DH571,10046520024,90.4084574,23.7380101,0.0,4,1,0,0
Zone_DH571,387128036,90.4176693,23.7500908,0.00800869,4,3,0,0
Zone_DH571,6784809701,90.3991455,23.7478745,0.0,4,1,0,0
Zone_DH571,6784809702,90.3999535,23.7480691,0.00474424,4,3,0,1
Zone_DH571,6196574962,90.4183164,23.7463936,0.0,4,1,0,0
Zone_DH571,4062780149,90.4061569,23.7580304,0.0,4,1,0,0
Zone_DH571,6485359358,90.4140432,23.7415549,0.00535959,4,3,0,1
Zone_DH571,6485359359,90.4140009,23.7421428,0.0,4,1,0,0
Zone_DH571,387128069,90.4172669,23.7511228,0.01169654,4,3,0,0
Zone_DH571,6196574981,90.4150755,23.7449099,0.03893342,3,3,0,0
Zone_DH571,4072798981,90.4070942,23.7547854,0.0,4,1,0,0
Zone_DH571,386923274,90.4035821,23.752111,0.06650761,3,3,0,0
Zone_DH571,1936366351,90.4173385,23.7429491,0.01070648,4,3,0,0
Zone_DH571,386923280,90.404876,23.7523429,0.06646103,3,3,0,1
Zone_DH571,386915091,90.4026068,23.7585373,0.00355307,4,3,0,1
Zone_DH571,386923285,90.4062049,23.7533138,0.09145599,2,3,0,0
Zone_DH571,3462576917,90.4118206,23.7535909,0.01837644,4,3,0,0
Zone_DH571,386923291,90.4077712,23.7539661,0.11759343,1,3,0,0
Zone_DH571,386915102,90.4032927,23.7586288,0.0,4,1,0,0
Zone_DH571,3462576933,90.4135278,23.753704,0.0,4,1,0,0
Zone_DH571,4077673259,90.4140045,23.7543535,0.0,4,1,0,0
Zone_DH571,3462576954,90.4124618,23.7538193,0.01774839,4,3,0,0
Zone_DH571,4062829376,90.4114908,23.7584635,0.01670117,4,3,0,1
Zone_DH571,3384425284,90.4159833,23.7575443,0.00701439,4,3,0,0
Zone_DH571,387128133,90.4190363,23.7489876,0.00178183,4,2,0,0
Zone_DH571,387128134,90.4191262,23.7498805,0.00102887,4,3,0,0
Zone_DH571,3462576965,90.413122,23.7538417,0.00237459,4,3,0,1
Zone_DH571,3384425290,90.4156379,23.7569196,0.00885338,4,3,0,1
Zone_DH571,3462576971,90.4134827,23.7539749,0.0,4,1,0,0
Zone_DH571,386931532,90.4185613,23.7487535,0.00923091,4,3,0,0
Zone_DH571,3011689293,90.394429,23.7532231,0.0,4,1,0,0
Zone_DH571,3462576982,90.4124656,23.7542323,0.0023753,4,3,0,0
Zone_DH571,4878949207,90.3968354,23.7549165,0.00474213,4,3,0,1
Zone_DH571,4073085785,90.4078945,23.7569365,0.00237459,4,3,0,1
Zone_DH571,4073085786,90.4079614,23.7569477,0.0,4,1,0,0
Zone_DH571,4878949211,90.3963864,23.754209,0.00356012,4,3,0,1
Zone_DH571,4073085788,90.4074323,23.7568783,0.01182779,4,3,0,1
Zone_DH571,4072831846,90.4079983,23.7559567,0.01231894,4,3,0,0
Zone_DH571,386931564,90.4169913,23.7478682,0.00958093,4,3,0,0
Zone_DH571,6196575085,90.4161538,23.745596,0.00686197,4,3,0,0
Zone_DH571,4073110388,90.4095237,23.7553832,0.03032561,3,3,0,1
Zone_DH571,2753330039,90.4054702,23.7382709,0.02417496,3,3,0,0
Zone_DH571,386931582,90.4158761,23.7451431,0.01077775,4,3,0,0
Zone_DH571,3462577022,90.4117758,23.7542131,0.00334489,4,3,0,1
Zone_DH571,10046520192,90.4119888,23.7416238,0.02534426,3,4,0,1
Zone_DH571,10046520193,90.4118261,23.7417032,0.01164361,4,4,0,1
Zone_DH571,10046520191,90.4120435,23.7415822,0.0,4,1,0,0
Zone_DH571,10046520194,90.4117982,23.7417118,0.0,4,1,0,0
Zone_DH571,5195037575,90.4105014,23.7381702,0.01602655,4,3,0,1
Zone_DH571,5195037576,90.4101737,23.737257,0.02141084,4,3,0,0
Zone_DH571,6546045841,90.4112694,23.7463398,0.05916084,3,3,0,0
Zone_DH571,2753330065,90.4116998,23.7370077,0.00357776,4,2,0,0
Zone_DH571,6546045842,90.4113275,23.7469046,0.00582039,4,3,0,1
Zone_DH571,6546045845,90.4114455,23.7472827,0.00418817,4,3,0,0
Zone_DH571,4599094177,90.4186606,23.7505025,0.00047421,4,3,0,0
Zone_DH571,4599094187,90.4191727,23.7502349,0.00558682,4,4,0,1
Zone_DH571,7603026869,90.4053301,23.7436945,0.0,4,1,0,0
Zone_DH571,4077616054,90.407107,23.7563226,0.0,4,1,0,0
Zone_DH571,4077616055,90.4074844,23.756349,0.03273972,3,3,0,1
Zone_DH571,3499424699,90.4062576,23.7523314,0.0,4,1,0,0
Zone_DH571,4513717180,90.4138494,23.7426868,0.02277773,3,3,0,1
Zone_DH571,6195862484,90.3977619,23.7496655,0.00322987,4,3,0,1
Zone_DH571,4073110491,90.4094972,23.7556987,0.02837513,3,3,0,1
Zone_DH571,3714874332,90.40694,23.7382648,0.00171549,4,3,0,0
Zone_DH571,5720972265,90.3948271,23.745197,0.00310496,4,2,0,0
Zone_DH571,2431695857,90.4057634,23.7400692,0.02472539,3,3,0,0
Zone_DH571,3499424754,90.4067332,23.7525409,0.0,4,1,0,0
Zone_DH571,4072831999,90.4091334,23.7582064,0.00118765,4,3,0,1
Zone_DH571,4072832002,90.408941,23.7582266,0.0,4,1,0,0
Zone_DH571,3499424782,90.405736,23.7527416,0.07012136,2,3,0,1
Zone_DH571,4072750097,90.405861,23.7577681,0.0,4,1,0,0
Zone_DH571,4447853606,90.4114034,23.7399619,0.02520172,3,3,0,0
Zone_DH571,6559513646,90.3965662,23.7514483,0.0,4,1,0,0
Zone_DH571,1937562694,90.4131481,23.7406769,0.0146773,4,3,0,0
Zone_DH571,1937562695,90.4141959,23.7421859,0.02012157,4,3,0,1
Zone_DH571,4072848454,90.4093104,23.7582031,0.00419735,4,3,0,0
Zone_DH571,1937562697,90.4143214,23.7409777,0.01207901,4,3,0,0
Zone_DH571,1937562714,90.4142542,23.741575,0.01849288,4,3,0,0
Zone_DH571,8780389477,90.4040359,23.7413485,0.02683888,3,3,0,1
Zone_DH571,8780389478,90.4038077,23.7419832,0.0,4,1,0,0
Zone_DH571,3014909035,90.400715,23.73909,0.01516422,4,3,0,0
Zone_DH571,4965686387,90.3956078,23.7512623,0.00355871,4,2,0,1
Zone_DH571,4077763700,90.4127235,23.7550308,0.03694836,3,3,0,1
Zone_DH571,1756855426,90.4129651,23.7499861,0.06848984,2,4,0,0
Zone_DH571,11336588433,90.4134551,23.7453357,0.00118765,4,3,0,1
Zone_DH571,11336588434,90.4135176,23.7447981,0.04829488,3,3,0,0
Zone_DH571,9353419936,90.4007095,23.7511023,0.01614087,4,3,0,0
Zone_DH571,9353419937,90.4016194,23.7507939,0.0093657,4,3,0,0
Zone_DH571,9353419938,90.401614,23.7501002,0.03078994,3,3,0,0
Zone_DH571,371702966,90.3994062,23.7377227,0.00236401,4,3,0,0
Zone_DH571,4077706429,90.4101818,23.7531506,0.00237459,4,3,0,1
Zone_DH571,4072791230,90.4112937,23.7559498,0.09470985,2,3,0,1
Zone_DH571,4077706430,90.4101881,23.7533518,0.0,4,1,0,0
Zone_DH571,4072791232,90.4128694,23.7560474,0.0,4,1,0,0
Zone_DH571,371702978,90.4002938,23.7385924,0.01065073,4,4,0,0
Zone_DH571,3885497550,90.4103383,23.7572161,0.01080245,4,3,0,1
Zone_DH571,3885497552,90.4105638,23.7572385,0.01074176,4,3,0,1
Zone_DH571,4444003540,90.4135084,23.7418501,0.0,4,1,0,0
Zone_DH571,4444003541,90.4135266,23.7414773,0.00630802,4,3,0,1
Zone_DH571,4062993629,90.41229,23.7594294,0.00220805,4,3,0,1
Zone_DH571,4062993632,90.4124004,23.7598253,0.0,4,1,0,0
Zone_DH571,11595226350,90.3992065,23.747209,0.02647687,3,3,0,1
Zone_DH571,11595226352,90.3995843,23.7476693,0.0,4,1,0,0
Zone_DH571,11595226354,90.3975807,23.7480772,0.00723809,4,3,0,0
Zone_DH571,11595226356,90.3972874,23.7480491,0.00627132,4,3,0,1
Zone_DH571,265518325,90.3980777,23.7433558,0.03154784,3,3,0,0
Zone_DH571,11595226358,90.3972601,23.7475024,0.0,4,1,0,0
Zone_DH571,11595226362,90.3959852,23.7479767,0.00352837,4,3,0,0
Zone_DH571,871742727,90.4053493,23.7524592,0.07401668,2,3,0,0
Zone_DH571,265518345,90.3983259,23.7420939,0.01329136,4,3,0,0
Zone_DH571,871742731,90.4054091,23.7520394,0.01076717,4,3,0,1
Zone_DH571,871742732,90.4055888,23.7516705,0.02227317,3,3,0,0
Zone_DH571,11524156196,90.4154769,23.7457292,0.0,4,1,0,0
Zone_DH571,11897765138,90.4007963,23.7560494,0.01285949,4,3,0,0
Zone_DH571,871742738,90.406486,23.7515029,0.02137697,4,3,0,1
Zone_DH571,871742740,90.4064683,23.7517116,0.02138543,4,3,0,1
Zone_DH571,11897765142,90.4010072,23.7561244,0.01059851,4,3,0,0
Zone_DH571,871742742,90.4075102,23.7516332,0.02317926,3,3,0,1
Zone_DH571,11897765146,90.4022952,23.7562184,0.00842998,4,3,0,0
Zone_DH571,871742747,90.4066358,23.7505972,0.0,4,1,0,0
Zone_DH571,9370058017,90.402333,23.7499682,0.0,4,1,0,0
Zone_DH571,11897765154,90.4029652,23.7566351,0.00233296,4,3,0,1
Zone_DH571,3304725798,90.4054021,23.7550311,0.01747389,4,3,0,1
Zone_DH571,265518375,90.3992562,23.747112,0.01933475,4,3,0,1
Zone_DH571,11897765162,90.4034218,23.7579196,0.0,4,1,0,0
Zone_DH571,265518380,90.399274,23.7465006,0.0,4,1,0,0
Zone_DH571,4072889647,90.4145481,23.7572016,0.0,4,1,0,0
Zone_DH571,6136847664,90.4139821,23.7496528,0.06375478,3,3,0,0
Zone_DH571,4072889648,90.4143364,23.7572029,0.00237459,4,3,0,1
Zone_DH571,4072889649,90.414337,23.7572728,0.0,4,1,0,0
Zone_DH571,4072889650,90.4144244,23.7573196,0.0,4,1,0,0
Zone_DH571,4072889651,90.414422,23.7575656,0.00237459,4,3,0,1
Zone_DH571,4072889653,90.4144032,23.7576918,0.0,4,1,0,0
Zone_DH571,6136847663,90.412719,23.7495585,0.03043005,3,3,0,0
Zone_DH571,9913212213,90.4107609,23.7390587,0.0,4,1,0,0
Zone_DH571,11897765168,90.4021124,23.7564989,0.0012067,4,3,0,1
Zone_DH571,10982792511,90.4007929,23.7375447,0.0,4,1,0,0
Zone_DH571,386923840,90.411358,23.7563681,0.09855718,2,3,0,0
Zone_DH571,4077665601,90.4133129,23.7544002,0.0,4,1,0,0
Zone_DH571,386923842,90.4114718,23.7578775,0.03554901,3,3,0,0
Zone_DH571,386923843,90.4114858,23.7583763,0.03974282,3,3,0,0
Zone_DH571,4077665602,90.4135541,23.7544304,0.01643655,4,3,0,1
Zone_DH571,3518725458,90.4050834,23.7544256,0.0,4,1,0,0
Zone_DH571,4077665619,90.4073451,23.7531689,0.0,4,1,0,0
Zone_DH571,4077665621,90.4077231,23.7531953,0.05118461,3,3,0,1
Zone_DH571,4077616476,90.406007,23.7562842,0.0,4,1,0,0
Zone_DH571,6136872285,90.4144349,23.7493268,0.0215555,4,3,0,0
Zone_DH571,4450065757,90.4106281,23.7439762,0.00453042,4,3,0,0
Zone_DH571,4077616477,90.4060026,23.7563746,0.007948,4,3,0,1
Zone_DH571,6136872294,90.4150956,23.7484147,0.00845538,4,3,0,0
Zone_DH571,871718252,90.4090867,23.75076,0.21651897,1,3,0,1
Zone_DH571,4133944689,90.4117252,23.7597381,0.00118765,4,2,0,1
Zone_DH571,3429973363,90.4123031,23.7460086,0.02206429,3,3,0,0
Zone_DH571,3429973364,90.4122287,23.7457512,0.05579619,3,3,0,0
Zone_DH571,9213066623,90.4052054,23.7443227,0.0,4,1,0,0
Zone_DH571,3499425165,90.4089618,23.7536311,0.00237459,4,3,0,1
Zone_DH571,10019872148,90.3966558,23.7480158,0.00469908,4,3,0,1
Zone_DH571,9984531861,90.3998366,23.7490053,0.00118765,4,3,0,1
Zone_DH571,10019872149,90.396641,23.7484513,0.0,4,1,0,0
Zone_DH571,9984531867,90.3959919,23.7475424,0.0068535,4,3,0,1
Zone_DH571,9984531869,90.3960139,23.7468494,0.0,4,1,0,0
Zone_DH571,3711622559,90.3996658,23.7461461,0.0,4,1,0,0
Zone_DH571,3711622560,90.399848,23.7461823,0.00237459,4,3,0,1
Zone_DH571,386923938,90.4099875,23.7443511,0.02627152,3,3,0,1
Zone_DH571,386923939,90.4104565,23.7449012,0.02751633,3,3,0,0
Zone_DH571,3499425187,90.4068644,23.7537312,0.08997831,2,3,0,1
Zone_DH571,11233156518,90.4017061,23.755932,0.02042642,4,4,0,0
Zone_DH571,11399642535,90.4016073,23.7505796,0.01036493,4,3,0,1
Zone_DH571,11399642536,90.4012357,23.750575,0.0,4,1,0,0
Zone_DH571,11399642543,90.4055773,23.7501803,0.0,4,1,0,0
Zone_DH571,11399642544,90.4071471,23.7494869,0.00118765,4,3,0,1
Zone_DH571,11233156529,90.4020684,23.7549059,0.02912103,3,3,0,0
Zone_DH571,11399642545,90.4074921,23.7494329,0.0,4,1,0,0
Zone_DH571,11399642547,90.406654,23.7499889,0.00237459,4,3,0,1
Zone_DH571,11399642546,90.4066097,23.7503253,0.0,4,1,0,0
Zone_DH571,11399642548,90.4068457,23.7500208,0.0,4,1,0,0
Zone_DH571,7558438327,90.4038542,23.7477371,0.0087941,4,2,0,0
Zone_DH571,11399642552,90.4057192,23.7503756,0.0,4,1,0,0
Zone_DH571,3475905977,90.4136116,23.7565521,0.04150842,3,3,0,0
Zone_DH571,11399642554,90.4044195,23.7490295,0.03478617,3,3,0,1
Zone_DH571,3475905979,90.4136001,23.7559414,0.00711107,4,3,0,1
Zone_DH571,3475905980,90.4135502,23.755616,0.0,4,1,0,0
Zone_DH571,11399642555,90.4025884,23.7516774,0.0416679,3,3,0,1
Zone_DH571,3475905982,90.413986,23.7556659,0.0,4,1,0,0
Zone_DH571,11399642559,90.4055712,23.752582,0.07035847,2,3,0,1
Zone_DH571,11399642557,90.4041052,23.7531776,0.0,4,1,0,0
Zone_DH571,11399642561,90.4054298,23.7519924,0.01163091,4,3,0,1
Zone_DH571,11399642553,90.4043993,23.7493575,0.0,4,1,0,0
Zone_DH571,11399642556,90.402467,23.7520426,0.0,4,1,0,0
Zone_DH571,11399642564,90.4059397,23.7521283,0.0,4,1,0,0
Zone_DH571,11399642565,90.4050707,23.7519736,0.0,4,1,0,0
Zone_DH571,6605217223,90.4157747,23.7456073,0.0,4,1,0,0
Zone_DH571,6605217224,90.415787,23.7455035,0.00118765,4,3,0,1
Zone_DH571,5269913075,90.4042154,23.7586994,0.0,4,1,0,0
Zone_DH571,10087226876,90.4079297,23.7438397,0.00474424,4,3,0,1
Zone_DH571,386924034,90.4141053,23.7460217,0.03592584,3,3,0,0
Zone_DH571,4073004560,90.4092634,23.7568965,0.0,4,1,0,0
Zone_DH571,4418846227,90.4105645,23.7600135,0.0,4,1,0,0
Zone_DH571,4077739546,90.4144101,23.754579,0.01797633,4,3,0,0
Zone_DH571,9757105690,90.4181282,23.7435165,0.00118271,4,3,0,0
Zone_DH571,4077616675,90.4134209,23.7577193,0.0,4,1,0,0
Zone_DH571,4077616676,90.413929,23.7577618,0.02028247,4,3,0,1
Zone_DH571,3941146156,90.4062291,23.7497299,0.00592413,4,3,0,1
Zone_DH571,3499425331,90.4087673,23.7539969,0.0,4,1,0,0
Zone_DH571,3499425352,90.406688,23.7541695,0.00474424,4,3,0,1
Zone_DH571,3499425356,90.4066487,23.7544241,0.00237459,4,3,0,1
Zone_DH571,9067085421,90.4186414,23.7407954,0.0,4,2,0,0
Zone_DH571,9067085427,90.4182784,23.740364,0.00225463,4,3,0,0
Zone_DH571,3499425396,90.4112352,23.7557201,0.10270089,2,3,0,1
Zone_DH571,9067085429,90.4174946,23.7388278,0.00026604,4,2,0,0
Zone_DH571,9067085428,90.4185599,23.7401675,0.0,4,2,0,0
Zone_DH571,3499425401,90.4105475,23.7558544,0.00474424,4,3,0,1
Zone_DH571,4513791615,90.4117239,23.7412755,0.03958758,3,3,0,0
Zone_DH571,3499425407,90.4105175,23.7560143,0.0,4,1,0,0
Zone_DH571,4513791617,90.412115,23.7418127,0.02966157,3,3,0,0
Zone_DH571,4513791618,90.4121277,23.7414312,0.03665339,3,3,0,0
Zone_DH571,4072832644,90.4063346,23.7541978,0.0,4,1,0,0
Zone_DH571,4077633159,90.4142317,23.7577225,0.0,4,1,0,0
Zone_DH571,4072832648,90.4070693,23.7542576,0.0,4,1,0,0
Zone_DH571,4077633161,90.4141687,23.7578668,0.00946661,4,3,0,1
Zone_DH571,4077649543,90.4146422,23.7541263,0.02043701,4,3,0,1
Zone_DH571,4077649545,90.414661,23.7544167,0.0,4,1,0,0
Zone_DH571,4072832654,90.4063459,23.7543456,0.0,4,1,0,0
Zone_DH571,4073102994,90.4091937,23.7542539,0.0559966,3,3,0,1
Zone_DH571,4073102996,90.4091898,23.7538563,0.0,4,1,0,0
Zone_DH571,4073103000,90.4094104,23.7542346,0.05794144,3,3,0,1
Zone_DH571,4073086618,90.4077886,23.7571498,0.0,4,1,0,0
Zone_DH571,4073086632,90.4076186,23.7575273,0.0,4,1,0,0
Zone_DH571,4077608619,90.4048801,23.7563429,0.02224001,3,3,0,0
Zone_DH571,3011690162,90.3950518,23.7522533,0.00237459,4,3,0,1
Zone_DH571,3429965492,90.4121357,23.745622,0.05676085,3,3,0,0
Zone_DH571,3886923453,90.4099687,23.7563118,0.0,4,1,0,0
Zone_DH571,3499425471,90.4096115,23.7585979,0.0098759,4,3,0,1
Zone_DH571,4077674177,90.4076089,23.7522565,0.0,4,1,0,0
Zone_DH571,4077674180,90.4077897,23.7522808,0.05329881,3,3,0,1
Zone_DH571,4077641417,90.4104307,23.753081,0.11051058,2,3,0,1
Zone_DH571,7594843850,90.4010761,23.7545067,0.0,4,1,0,0
Zone_DH571,7594843852,90.4006708,23.7537347,0.02530898,3,3,0,1
Zone_DH571,6281461464,90.4191811,23.7536965,0.00415783,4,3,0,1
Zone_DH571,6281461465,90.418907,23.7541792,0.00118765,4,3,0,1
Zone_DH571,6281461471,90.4187284,23.7549012,0.0,4,1,0,0
Zone_DH571,6281461472,90.4179066,23.7536565,0.00657053,4,3,0,1
Zone_DH571,6281461477,90.418145,23.7531643,0.0,4,1,0,0
Zone_DH571,2433670886,90.3990201,23.744977,0.04165379,3,3,0,0
Zone_DH571,2433670887,90.3990952,23.7447173,0.0356351,3,3,0,1
Zone_DH571,2433670888,90.3967339,23.7440837,0.00290667,4,3,0,0
Zone_DH571,3014901489,90.3997674,23.7380884,0.00470261,4,3,0,0
Zone_DH571,4077706993,90.4065868,23.7508932,0.00237459,4,3,0,1
Zone_DH571,4077706995,90.4070045,23.7509052,0.0,4,1,0,0
Zone_DH571,6122077944,90.4041941,23.737384,0.00251573,4,4,0,0
Zone_DH571,6122077946,90.4042335,23.7372881,0.00093855,4,3,0,0
Zone_DH571,3525385995,90.4020127,23.7515775,0.07782449,2,3,0,0
Zone_DH571,13056294682,90.4124306,23.7492397,0.02892908,3,3,0,1
Zone_DH571,13056294683,90.4122212,23.749255,0.0,4,1,0,0
Zone_DH571,4072800054,90.412222,23.7580628,0.0042792,4,3,0,1
Zone_DH571,4072881974,90.4114156,23.7568129,0.053845,3,3,0,1
Zone_DH571,4072800056,90.4124516,23.7581273,0.0,4,1,0,0
Zone_DH571,11897790269,90.4023033,23.7568088,0.0,4,1,0,0
Zone_DH571,11897790270,90.401661,23.7567378,0.00044951,4,3,0,0
Zone_DH571,6559096648,90.3964665,23.7464344,0.00977428,4,3,0,0
Zone_DH571,6559096649,90.3964979,23.7463454,0.00760787,4,3,0,0
Zone_DH571,3887857494,90.4054762,23.7558176,0.0,4,1,0,0
Zone_DH571,4077756251,90.4098589,23.7538337,0.0,4,1,0,0
Zone_DH571,3887857501,90.4058585,23.7558591,0.00184392,4,3,0,1
Zone_DH571,4077068126,90.4092436,23.7512527,0.07890629,2,3,0,1
Zone_DH571,4077068125,90.4091666,23.7511205,0.0,4,1,0,0
Zone_DH571,7147929449,90.4117967,23.7431558,0.0,4,1,0,0
Zone_DH571,4077756274,90.4097968,23.7543301,0.05859066,3,3,0,1
Zone_DH571,4077690777,90.409926,23.7554156,0.0,4,1,0,0
Zone_DH571,3501293480,90.3959349,23.7412028,0.0,4,1,0,0
Zone_DH571,3518619562,90.4091867,23.7488234,0.01138886,4,3,0,1
Zone_DH571,8780193709,90.4080726,23.7443938,0.0,4,2,0,0
Zone_DH571,8780193713,90.4083325,23.7442902,0.0,4,2,0,0
Zone_DH571,3518619574,90.4098514,23.7489858,0.00998175,4,3,0,1
Zone_DH571,4077658052,90.4102606,23.7566324,0.0,4,1,0,0
Zone_DH571,4077658053,90.4104067,23.7566357,0.00237459,4,3,0,1
Zone_DH571,12318965725,90.4089143,23.7412305,0.0,4,1,0,0
Zone_DH571,12318965726,90.4109466,23.7386834,0.0,4,1,0,0
Zone_DH571,3518619614,90.408973,23.7493295,0.0,4,1,0,0
Zone_DH571,386932713,90.4166641,23.7476549,0.01342897,4,3,0,0
Zone_DH571,12823822324,90.416059,23.7499909,0.0069904,4,3,0,0
Zone_DH571,12823822326,90.4160075,23.7494762,0.04338198,3,4,0,0
Zone_DH571,12823822327,90.4159976,23.7493944,0.02531321,3,3,0,0
Zone_DH571,12823822328,90.4170188,23.7520058,0.00417406,4,3,0,0
Zone_DH571,12823822330,90.4169691,23.7520769,0.02165782,4,4,0,0
Zone_DH571,12823822331,90.4170805,23.752053,0.01577886,4,3,0,0
