zone_id,node_id,lon,lat,bc,tier,degree,is_master,is_art_pt
Zone_DH398,11416870913,90.3671615,23.7731549,0.00982947,4,3,0,0
Zone_DH398,4894744578,90.3458616,23.7726842,0.0,4,1,0,0
Zone_DH398,4894744579,90.3463506,23.7723431,0.00278572,4,3,0,0
Zone_DH398,4881195012,90.3464865,23.7706553,0.01043589,4,3,0,0
Zone_DH398,4881195013,90.3466085,23.7728115,0.001207,4,3,0,1
Zone_DH398,4894744582,90.3491739,23.775115,0.00241327,4,3,0,1
Zone_DH398,4894744583,90.3550778,23.7700199,0.02695708,3,4,0,0
Zone_DH398,4894744584,90.3515135,23.7743064,0.02839731,3,3,0,1
Zone_DH398,4974870537,90.3529551,23.7636433,0.03051248,3,4,0,0
Zone_DH398,4881195014,90.3467629,23.7722902,0.00465016,4,3,0,0
Zone_DH398,4894744581,90.3488662,23.7749758,0.0,4,1,0,0
Zone_DH398,11416870915,90.366961,23.7734323,0.01312176,4,3,0,0
Zone_DH398,3015655442,90.3668884,23.774739,0.00361809,4,3,0,1
Zone_DH398,3015655443,90.367694,23.7752076,0.0,4,1,0,0
Zone_DH398,373383188,90.3580063,23.7632593,0.01606127,4,3,0,1
Zone_DH398,3009478682,90.3650262,23.7754804,0.0072092,4,2,0,0
Zone_DH398,1813536818,90.3646854,23.7708368,0.00495264,4,3,0,0
Zone_DH398,1813536820,90.3640476,23.7692457,0.03974356,3,3,0,0
Zone_DH398,1813536821,90.3646315,23.7700328,0.01828285,4,3,0,0
Zone_DH398,1813536822,90.3642114,23.7710717,0.01575588,4,3,0,0
Zone_DH398,1813536824,90.3635379,23.7706052,0.07046303,2,3,0,0
Zone_DH398,4536352826,90.3674073,23.7597494,0.0,4,1,0,0
Zone_DH398,4536352827,90.3676998,23.7596798,0.0,4,1,0,0
Zone_DH398,5763227708,90.3637927,23.7699256,0.03087035,3,3,0,0
Zone_DH398,1813536828,90.3628795,23.7729274,0.01127919,4,3,0,0
Zone_DH398,11529429054,90.3607352,23.7544298,0.00175656,4,4,0,1
Zone_DH398,11529429055,90.3604756,23.7548313,0.00249563,4,3,0,0
Zone_DH398,4536352829,90.3676956,23.7597509,0.00241327,4,4,0,1
Zone_DH398,11529429057,90.3592001,23.7548775,0.0019519,4,3,0,0
Zone_DH398,4536352831,90.3676832,23.7598933,0.01081053,4,3,0,1
Zone_DH398,4929822786,90.370326,23.7679883,0.0,4,1,0,0
Zone_DH398,4536352836,90.3688147,23.7591727,0.0,4,1,0,0
Zone_DH398,11529429061,90.3581034,23.7542075,0.0017449,4,4,0,0
Zone_DH398,4536352838,90.3685374,23.7589934,0.0,4,1,0,0
Zone_DH398,4536352839,90.3685067,23.7591176,0.00241327,4,4,0,1
Zone_DH398,4929822788,90.3699684,23.7696028,0.0,4,1,0,0
Zone_DH398,4536352841,90.3683872,23.7599337,0.00360788,4,2,0,0
Zone_DH398,1551032394,90.3673186,23.7582399,0.00850002,4,4,0,1
Zone_DH398,4929822789,90.3690988,23.7686667,0.00944391,4,4,0,1
Zone_DH398,1551032400,90.3574109,23.7585412,0.00656416,4,3,0,0
Zone_DH398,10026631256,90.3639734,23.7549709,0.00044825,4,2,0,0
Zone_DH398,373375067,90.3641971,23.7659724,0.04574928,3,3,0,0
Zone_DH398,10026631261,90.3600883,23.7568432,0.02555911,3,4,0,0
Zone_DH398,10026631269,90.3602597,23.7551615,0.00639725,4,3,0,0
Zone_DH398,1551032432,90.3572699,23.7678375,0.09798644,2,4,0,1
Zone_DH398,2984706160,90.3672967,23.7731995,0.01143516,4,3,0,0
Zone_DH398,4527792242,90.3699544,23.7613414,0.00097231,4,2,0,0
Zone_DH398,1551032435,90.3566211,23.7689201,0.07285152,2,4,0,1
Zone_DH398,5762998385,90.3636934,23.7720224,0.00511153,4,3,0,0
Zone_DH398,1551032437,90.3563993,23.7693046,0.07796233,2,4,0,1
Zone_DH398,1551032439,90.3561764,23.7696638,0.0750352,2,4,0,1
Zone_DH398,5763121271,90.362595,23.772634,0.00705979,4,3,0,0
Zone_DH398,3269787769,90.3471417,23.7591452,0.00722378,4,3,0,1
Zone_DH398,3269787773,90.3479346,23.7591136,0.0,4,1,0,0
Zone_DH398,3269787774,90.3475093,23.7592852,0.0,4,1,0,0
Zone_DH398,3269787776,90.3469796,23.7594406,0.00962029,4,3,0,1
Zone_DH398,1551032449,90.355198,23.7713309,0.10496241,2,4,0,0
Zone_DH398,3269787780,90.3472964,23.7595634,0.0,4,1,0,0
Zone_DH398,5913043078,90.3595912,23.7606698,0.01836594,4,3,0,0
Zone_DH398,3269787783,90.3464877,23.7603365,0.0143878,4,3,0,1
Zone_DH398,1551032456,90.3549154,23.7717755,0.09611471,2,4,0,1
Zone_DH398,3269787784,90.3468149,23.7597405,0.01201097,4,3,0,1
Zone_DH398,3269787789,90.3474189,23.7599879,0.0,4,1,0,0
Zone_DH398,3269787790,90.3466618,23.7600193,0.01319683,4,2,0,1
Zone_DH398,3269787798,90.3463198,23.7606422,0.00620847,4,4,0,1
Zone_DH398,373375127,90.3620873,23.766397,0.04524066,3,3,0,0
Zone_DH398,3010601116,90.3585738,23.7660111,0.15477815,1,3,0,0
Zone_DH398,13022314677,90.3680504,23.7599154,0.00601241,4,3,0,0
Zone_DH398,11684626618,90.3652545,23.7731344,0.0,4,2,0,0
Zone_DH398,373383355,90.3572381,23.7596852,0.04882522,3,4,0,1
Zone_DH398,11684626619,90.3652084,23.7731184,0.00158965,4,3,0,0
Zone_DH398,6289555648,90.3581916,23.7709189,0.00313412,4,3,0,0
Zone_DH398,11477082307,90.3610288,23.7549943,0.00482144,4,3,0,1
Zone_DH398,5762752707,90.3650201,23.7735962,0.00033382,4,3,0,0
Zone_DH398,5781684421,90.3637257,23.7701043,0.0294549,3,3,0,0
Zone_DH398,5781684422,90.3645005,23.7703676,0.01172817,4,3,0,0
Zone_DH398,11477082308,90.3610582,23.7548785,0.00241327,4,3,0,1
Zone_DH398,11477082309,90.360732,23.7548063,0.0,4,1,0,0
Zone_DH398,11477082310,90.3613827,23.7549356,0.0,4,1,0,0
Zone_DH398,5769576650,90.3656078,23.7721842,0.00389068,4,3,0,0
Zone_DH398,5776351435,90.362446,23.7711265,0.01532439,4,3,0,0
Zone_DH398,5769576652,90.3664516,23.7717412,0.00660352,4,3,0,0
Zone_DH398,5769576651,90.3662247,23.7723853,0.0,4,1,0,0
Zone_DH398,11476263124,90.3704935,23.7621078,0.001207,4,2,0,1
Zone_DH398,11476263125,90.3705386,23.761963,0.0,4,1,0,0
Zone_DH398,5862580449,90.3614173,23.7687955,0.0034643,4,3,0,1
Zone_DH398,12829638889,90.3627285,23.7577939,0.00488558,4,3,0,0
Zone_DH398,373375212,90.3639823,23.7665764,0.05238135,3,3,0,0
Zone_DH398,373375213,90.3626672,23.7661649,0.00168817,4,3,0,0
Zone_DH398,373375214,90.3622153,23.7660321,0.00367567,4,3,0,0
Zone_DH398,379896062,90.3526173,23.7732564,0.05262187,3,3,0,1
Zone_DH398,12836757758,90.3615738,23.756928,0.00924128,4,3,0,0
Zone_DH398,379896067,90.3537339,23.7738127,0.02528287,3,3,0,0
Zone_DH398,379896068,90.3515112,23.775018,0.0061006,4,3,0,0
Zone_DH398,379863302,90.3569402,23.7663285,0.05252566,3,4,0,0
Zone_DH398,379896071,90.3509177,23.7759824,0.001207,4,4,0,1
Zone_DH398,12836757768,90.3616627,23.7570103,0.02980402,3,4,0,0
Zone_DH398,12836757769,90.3614805,23.7570458,0.06582454,2,3,0,0
Zone_DH398,12836757767,90.3615815,23.7570813,0.05262042,3,3,0,0
Zone_DH398,379863309,90.3553506,23.7661575,0.06332963,3,3,0,0
Zone_DH398,379863322,90.3537807,23.7661486,0.0,4,1,0,0
Zone_DH398,379863326,90.3524262,23.7657792,0.03680915,3,3,0,0
Zone_DH398,373375283,90.3628713,23.7655829,0.0040316,4,3,0,0
Zone_DH398,379904312,90.3521765,23.7665135,0.02149788,4,4,0,0
Zone_DH398,3733659965,90.3576727,23.7708077,0.00533165,4,3,0,0
Zone_DH398,10015539521,90.3478737,23.7643296,0.04118744,3,3,0,0
Zone_DH398,7432282434,90.3501886,23.7677723,0.02923259,3,3,0,0
Zone_DH398,7021764937,90.3525749,23.7767589,0.0,4,1,0,0
Zone_DH398,5769519446,90.3654203,23.7725135,0.0026538,4,3,0,0
Zone_DH398,5769519447,90.3655158,23.7725389,0.00429156,4,3,0,0
Zone_DH398,12809298271,90.3663874,23.756003,0.00485789,4,3,0,0
Zone_DH398,12809298273,90.3660127,23.7553052,0.00275948,4,3,0,0
Zone_DH398,4967973238,90.3463114,23.7650491,0.0026691,4,3,0,0
Zone_DH398,4967973239,90.3475409,23.7656461,3.717e-05,4,2,0,0
Zone_DH398,5763383675,90.3655237,23.7703257,0.00554593,4,3,0,0
Zone_DH398,4967973244,90.348044,23.7657723,0.00119388,4,3,0,0
Zone_DH398,4967973245,90.3478838,23.766285,0.0003433,4,3,0,0
Zone_DH398,4967973251,90.3478813,23.7657331,1.895e-05,4,2,0,0
Zone_DH398,4967973252,90.348313,23.7667453,0.0,4,1,0,0
Zone_DH398,13450559877,90.352871,23.7752936,0.01811376,4,3,0,0
Zone_DH398,4914536838,90.3659446,23.7601327,0.01046577,4,3,0,0
Zone_DH398,4967973254,90.3486555,23.7659285,0.01028939,4,3,0,1
Zone_DH398,4914536837,90.3656696,23.7608544,0.00706489,4,3,0,0
Zone_DH398,4967973256,90.3462825,23.7672123,0.02072965,4,3,0,1
Zone_DH398,4967973258,90.3461293,23.7674984,0.01900516,4,3,0,1
Zone_DH398,4967973259,90.34903,23.7657168,0.02157586,4,3,0,0
Zone_DH398,4967973255,90.3471166,23.7674394,0.0,4,1,0,0
Zone_DH398,4967973257,90.3466299,23.767661,0.0,4,1,0,0
Zone_DH398,11477082507,90.3630725,23.7550546,0.00241327,4,3,0,1
Zone_DH398,373383568,90.3571648,23.7600976,0.05170205,3,4,0,1
Zone_DH398,4967973265,90.3482907,23.7658361,0.00816985,4,3,0,0
Zone_DH398,11477082510,90.3630706,23.755001,0.0,4,1,0,0
Zone_DH398,11477082509,90.3626797,23.755288,0.0,4,1,0,0
Zone_DH398,4368294299,90.3628339,23.7635046,0.042487,3,3,0,0
Zone_DH398,4368294300,90.3630973,23.7629906,0.0,4,1,0,0
Zone_DH398,11477082529,90.3622655,23.7542919,0.0,4,1,0,0
Zone_DH398,373375396,90.3604205,23.7657502,0.05223849,3,3,0,0
Zone_DH398,11477082535,90.3620545,23.7547776,0.0,4,1,0,0
Zone_DH398,4881195435,90.347057,23.7720197,0.02012178,4,3,0,0
Zone_DH398,4362813908,90.3534416,23.7609077,0.0,4,1,0,0
Zone_DH398,11414200801,90.3575848,23.7557434,0.00635789,4,3,0,0
Zone_DH398,11414200805,90.3558263,23.758828,0.0201626,4,3,0,1
Zone_DH398,11414200808,90.3525183,23.764752,0.01052408,4,3,0,0
Zone_DH398,4979360235,90.3537344,23.7703075,0.0,4,1,0,0
Zone_DH398,373375470,90.3605416,23.7653374,0.03149353,3,3,0,0
Zone_DH398,3733660144,90.3571938,23.7706913,0.01181053,4,3,0,0
Zone_DH398,373375475,90.361818,23.7657123,0.00864361,4,3,0,0
Zone_DH398,10015474167,90.3647332,23.7665849,0.02333826,4,3,0,0
Zone_DH398,11477082617,90.3620364,23.7552292,0.0,4,1,0,0
Zone_DH398,10015474172,90.3654801,23.7642934,0.0264148,3,4,0,0
Zone_DH398,11477082627,90.3616399,23.7552105,0.01544319,4,3,0,1
Zone_DH398,3448979971,90.3649753,23.7588725,0.0151101,4,3,0,0
Zone_DH398,10015474181,90.3662402,23.7628727,0.03220563,3,4,0,0
Zone_DH398,4903617035,90.3687552,23.7566864,1.749e-05,4,2,0,0
Zone_DH398,12791046705,90.3471064,23.7724139,0.02585285,3,3,0,1
Zone_DH398,373375554,90.359474,23.7625435,0.05557378,3,3,0,0
Zone_DH398,373375555,90.3591421,23.7653716,0.0338208,3,3,0,0
Zone_DH398,373383755,90.3566669,23.7581605,0.0,4,1,0,0
Zone_DH398,373383764,90.358645,23.7579342,0.04993309,3,4,0,1
Zone_DH398,10658046557,90.3677491,23.7734845,0.01073764,4,3,0,1
Zone_DH398,9567519326,90.3588304,23.7564575,0.03210286,3,3,0,0
Zone_DH398,10027000418,90.3640125,23.755079,0.00805396,4,3,0,0
Zone_DH398,9567519339,90.3560308,23.7554305,0.01687541,4,3,0,0
Zone_DH398,4305666684,90.3608563,23.7677498,0.00214724,4,3,0,0
Zone_DH398,4305666686,90.3610007,23.7683008,0.00490891,4,3,0,0
Zone_DH398,6784262792,90.3682968,23.7641175,0.0,4,1,0,0
Zone_DH398,6784262793,90.3680845,23.764607,0.0132719,4,3,0,1
Zone_DH398,12775563920,90.3578117,23.7678626,0.0,4,1,0,0
Zone_DH398,373383849,90.3571203,23.7571594,0.0,4,1,0,0
Zone_DH398,373383864,90.3588516,23.7574308,0.0300788,3,3,0,1
Zone_DH398,5907473098,90.3613649,23.7616728,0.02751393,3,3,0,0
Zone_DH398,5907473099,90.3617891,23.7618073,0.01834207,4,3,0,0
Zone_DH398,379904743,90.3529501,23.767833,0.02987764,3,3,0,0
Zone_DH398,7048569575,90.3657329,23.7734788,0.00235205,4,3,0,0
Zone_DH398,5770207981,90.3647506,23.7723291,0.01705909,4,3,0,0
Zone_DH398,154346248,90.3657964,23.7634106,0.0202005,4,3,0,0
Zone_DH398,3250938684,90.3622721,23.7565318,0.02411159,3,3,0,0
Zone_DH398,373375813,90.3592563,23.7639881,0.06392438,3,4,0,0
Zone_DH398,373375819,90.3608409,23.7644294,0.06236826,3,3,0,0
Zone_DH398,373384013,90.3554326,23.7587612,0.0,4,1,0,0
Zone_DH398,373384025,90.3575448,23.7576403,0.01792134,4,3,0,0
Zone_DH398,9830728539,90.3477568,23.7607002,0.0,4,1,0,0
Zone_DH398,9734226782,90.3698191,23.7664391,0.00961737,4,3,0,0
Zone_DH398,4364084072,90.3482954,23.7732613,0.0,4,1,0,0
Zone_DH398,4362322793,90.3501109,23.7738084,0.00703501,4,3,0,1
Zone_DH398,4362322794,90.3503449,23.7738411,0.0,4,1,0,0
Zone_DH398,9830728575,90.34861,23.7604068,0.01082365,4,3,0,1
Zone_DH398,123044741,90.3704455,23.7652808,0.0,4,1,0,0
Zone_DH398,9830728582,90.3488114,23.7608136,0.0,4,1,0,0
Zone_DH398,9830728583,90.3487419,23.7606827,0.00602334,4,3,0,1
Zone_DH398,154346377,90.3641302,23.7638734,0.03217575,3,4,0,0
Zone_DH398,9830728586,90.3484478,23.7608235,0.0,4,1,0,0
Zone_DH398,9830728587,90.348558,23.7607431,0.0,4,1,0,0
Zone_DH398,9830728588,90.3485926,23.7607988,0.0,4,1,0,0
Zone_DH398,379904911,90.3528921,23.7682213,0.0121152,4,3,0,0
Zone_DH398,5960729490,90.3641847,23.756185,0.00745556,4,3,0,1
Zone_DH398,5960729491,90.3630249,23.7561238,0.0,4,1,0,0
Zone_DH398,9830728603,90.3488421,23.7581435,0.0,4,1,0,0
Zone_DH398,9830728604,90.3479786,23.7606803,0.00241327,4,3,0,1
Zone_DH398,123044771,90.36839,23.7705171,0.00520483,4,3,0,0
Zone_DH398,5811495905,90.3624295,23.7646892,0.01991915,4,3,0,0
Zone_DH398,5811495906,90.3633296,23.7649556,0.01646476,4,3,0,0
Zone_DH398,5811495907,90.3628752,23.7648221,0.01282657,4,3,0,0
Zone_DH398,5811495908,90.3632845,23.7636411,0.03715463,3,3,0,0
Zone_DH398,379864069,90.3519984,23.7671259,0.00684623,4,3,0,1
Zone_DH398,379864072,90.3526022,23.7673096,0.02106201,4,3,0,0
Zone_DH398,373384200,90.3573261,23.7589242,0.01363051,4,3,0,0
Zone_DH398,154346506,90.3612843,23.7630854,0.0651323,3,3,0,0
Zone_DH398,373384203,90.3592549,23.7591752,0.04890247,3,3,0,0
Zone_DH398,9567487007,90.3586573,23.7564348,0.02359774,3,3,0,0
Zone_DH398,9567487008,90.3600567,23.7569378,0.04114881,3,4,0,0
Zone_DH398,5895627845,90.3630194,23.7726028,0.00476969,4,3,0,0
Zone_DH398,5895627858,90.3627421,23.772302,0.00658748,4,3,0,1
Zone_DH398,12793889886,90.3525056,23.7608931,0.0,4,1,0,0
Zone_DH398,4973233280,90.3544466,23.7589675,0.0,4,1,0,0
Zone_DH398,4973233281,90.3596331,23.7585422,0.04351835,3,3,0,0
Zone_DH398,9938871426,90.3628903,23.7732882,0.0061662,4,3,0,1
Zone_DH398,9938871425,90.3626392,23.7730573,0.0,4,1,0,0
Zone_DH398,12829705348,90.3657684,23.7593557,0.03811892,3,3,0,0
Zone_DH398,9938871427,90.3632031,23.773376,0.0,4,1,0,0
Zone_DH398,4914029739,90.356925,23.7666958,0.05833253,3,4,0,0
Zone_DH398,4914029740,90.3569022,23.7670585,0.05717218,3,3,0,0
Zone_DH398,10031654060,90.355836,23.7551975,0.0,4,2,0,0
Zone_DH398,4914029742,90.3563408,23.7674205,0.00460716,4,4,0,1
Zone_DH398,4914029741,90.3563663,23.7670354,0.00453427,4,3,0,1
Zone_DH398,4914029743,90.3537153,23.767228,0.0,4,1,0,0
Zone_DH398,5864703153,90.3598759,23.7699233,0.08516643,2,3,0,1
Zone_DH398,4914029746,90.3547278,23.7658031,0.02386231,3,3,0,0
Zone_DH398,5864703154,90.3599524,23.769758,0.0,4,1,0,0
Zone_DH398,4914029749,90.3550842,23.7665905,0.00518952,4,3,0,0
Zone_DH398,4914029751,90.3570295,23.7656082,0.00213485,4,3,0,1
Zone_DH398,4914029753,90.3560444,23.7655029,0.0104286,4,4,0,1
Zone_DH398,4894737594,90.3557401,23.7704512,0.06450383,3,4,0,1
Zone_DH398,4914029755,90.3560298,23.765888,0.02821801,3,3,0,0
Zone_DH398,4894737595,90.3550547,23.7704263,0.01634553,4,3,0,0
Zone_DH398,4914029754,90.355616,23.7654871,0.0,4,1,0,0
Zone_DH398,4894737600,90.3489563,23.7705575,0.0,4,1,0,0
Zone_DH398,2320057537,90.3682049,23.7706069,0.0200088,4,3,0,0
Zone_DH398,4894737603,90.348634,23.7704303,0.01515529,4,3,0,1
Zone_DH398,2320057548,90.3658082,23.7746393,0.02155691,4,4,0,1
Zone_DH398,4881188049,90.345438,23.7711558,0.00092347,4,2,0,0
Zone_DH398,373384406,90.3584769,23.7586735,0.05101983,3,4,0,0
Zone_DH398,373384410,90.3585382,23.7582625,0.04989665,3,4,0,0
Zone_DH398,379905248,90.3577663,23.7689852,0.0,4,1,0,0
Zone_DH398,3556812006,90.3658033,23.7745334,0.0,4,1,0,0
Zone_DH398,3556812007,90.3657443,23.7745819,0.00241327,4,3,0,1
Zone_DH398,3556812008,90.3657044,23.7746178,0.0,4,1,0,0
Zone_DH398,3556812009,90.3660279,23.774741,0.0,4,1,0,0
Zone_DH398,3556812010,90.3659712,23.7747826,0.00241327,4,3,0,1
Zone_DH398,3556812011,90.3659201,23.774831,0.0,4,1,0,0
Zone_DH398,2320057582,90.3687151,23.7678778,0.01747891,4,3,0,0
Zone_DH398,11301423750,90.3539159,23.7618788,0.0466306,3,3,0,1
Zone_DH398,7466406828,90.3530323,23.7762583,0.0,4,1,0,0
Zone_DH398,11301423752,90.3534734,23.7618066,0.0,4,1,0,0
Zone_DH398,4824696065,90.3648831,23.7617846,0.03892358,3,3,0,0
Zone_DH398,4824696070,90.3652351,23.762145,0.03352779,3,3,0,1
Zone_DH398,4824696071,90.3633111,23.7625832,0.00353609,4,3,0,0
Zone_DH398,4824696072,90.3648947,23.763139,0.04409561,3,3,0,0
Zone_DH398,7466406831,90.3535265,23.7760811,0.0,4,1,0,0
Zone_DH398,4881188119,90.345847,23.7718018,0.00475876,4,3,0,0
Zone_DH398,4881188121,90.3459526,23.772327,0.00326823,4,3,0,1
Zone_DH398,4881188125,90.3456507,23.7720473,0.0,4,1,0,0
Zone_DH398,4881188127,90.3450628,23.7706691,0.01717206,4,2,0,0
Zone_DH398,11417085228,90.356402,23.757683,0.00462975,4,3,0,0
Zone_DH398,11417085231,90.3573324,23.7587866,0.00889726,4,3,0,0
Zone_DH398,11417085233,90.3566709,23.756658,0.04448264,3,3,0,0
Zone_DH398,11417085237,90.3566278,23.7577078,0.00334258,4,3,0,1
Zone_DH398,11417085239,90.3551198,23.7584136,0.0,4,1,0,0
Zone_DH398,11417085240,90.3558766,23.758529,0.01846871,4,3,0,1
Zone_DH398,11417085241,90.3541248,23.7586381,0.0020554,4,3,0,1
Zone_DH398,11417085242,90.3545687,23.7593218,0.02738638,3,3,0,0
Zone_DH398,11417085243,90.3546353,23.7589952,0.00669827,4,4,0,1
Zone_DH398,5763065147,90.3647373,23.7719685,0.01721215,4,3,0,0
Zone_DH398,11417085246,90.3546647,23.7582902,0.0,4,1,0,0
Zone_DH398,11417085253,90.3559239,23.7582478,0.01734772,4,3,0,1
Zone_DH398,11417085254,90.3554205,23.7581667,0.0,4,1,0,0
Zone_DH398,11417085255,90.3540544,23.7593107,0.02466552,3,3,0,0
Zone_DH398,379888973,90.357201,23.7701351,0.02632588,3,3,0,0
Zone_DH398,379888976,90.3559429,23.7700639,0.08497401,2,4,0,0
Zone_DH398,3731342678,90.3546607,23.7732012,0.02235138,4,3,0,1
Zone_DH398,3731342679,90.3543688,23.7737331,0.0,4,1,0,0
Zone_DH398,12774794587,90.3499434,23.7731804,0.01692425,4,3,0,0
Zone_DH398,13347767643,90.348435,23.756942,0.0,4,1,0,0
Zone_DH398,10973914473,90.3700333,23.7665284,0.0,4,2,0,0
Zone_DH398,10973914474,90.3700417,23.7665012,0.0,4,2,0,0
Zone_DH398,4894696818,90.3532326,23.7730527,0.06415252,3,4,0,0
Zone_DH398,4894696819,90.3529994,23.7734383,0.05688719,3,3,0,0
Zone_DH398,4894696820,90.350808,23.7723149,0.00354666,4,3,0,1
Zone_DH398,5835826558,90.3601548,23.7669998,0.0174483,4,3,0,0
Zone_DH398,373384581,90.3626997,23.7578634,0.03563713,3,4,0,0
Zone_DH398,379889029,90.3522374,23.7704524,0.0,4,1,0,0
Zone_DH398,373384588,90.3610731,23.7580612,0.00488413,4,3,0,0
Zone_DH398,373384592,90.3600794,23.7595186,0.01657512,4,3,0,0
Zone_DH398,373384599,90.3596024,23.7606288,0.01746798,4,3,0,0
Zone_DH398,3734996376,90.3570001,23.7743145,0.01906274,4,3,0,0
Zone_DH398,9992684952,90.3672853,23.7743132,0.0,4,1,0,0
Zone_DH398,4528121257,90.3654833,23.7630677,0.0,4,1,0,0
Zone_DH398,4916626868,90.3696161,23.7645344,0.0,4,1,0,0
Zone_DH398,3270149568,90.3497113,23.759727,0.0144031,4,4,0,1
Zone_DH398,3095078377,90.3643026,23.7596709,0.00346065,4,4,0,0
Zone_DH398,379905517,90.3551117,23.7692298,0.02537763,3,3,0,0
Zone_DH398,4976682484,90.3602626,23.7665805,0.04515101,3,3,0,0
Zone_DH398,10031719926,90.3469834,23.7723765,0.02456786,3,3,0,0
Zone_DH398,4881163767,90.3500749,23.7651625,0.01494392,4,3,0,0
Zone_DH398,4881163768,90.3501122,23.7650243,0.02498039,3,3,0,0
Zone_DH398,10031719929,90.3476931,23.7726676,0.02538929,3,3,0,1
Zone_DH398,3732407804,90.359549,23.7752727,0.01084551,4,3,0,1
Zone_DH398,4976682495,90.3600498,23.7665084,0.04517943,3,3,0,0
Zone_DH398,5767218687,90.3650403,23.7742066,0.00382363,4,3,0,0
Zone_DH398,10031719935,90.3520691,23.773991,0.04957886,3,3,0,0
Zone_DH398,3732407807,90.3603157,23.775221,0.0,4,1,0,0
Zone_DH398,10031736323,90.3594483,23.7588378,0.05059927,3,3,0,0
Zone_DH398,10031719942,90.3555518,23.7737286,0.03731133,3,3,0,0
Zone_DH398,3732407816,90.3570339,23.7762755,0.0,4,1,0,0
Zone_DH398,3783296526,90.3533609,23.7693832,0.00241327,4,3,0,1
Zone_DH398,373384737,90.3617979,23.7604372,0.01495121,4,3,0,0
Zone_DH398,6457607713,90.3688473,23.7693454,0.00735133,4,3,0,0
Zone_DH398,4883973665,90.352452,23.7759219,0.01102846,4,3,0,0
Zone_DH398,346621476,90.3571749,23.7540587,0.00494681,4,3,0,1
Zone_DH398,4883973669,90.3512489,23.775361,0.00335424,4,3,0,0
Zone_DH398,373384742,90.3598921,23.759896,0.01371141,4,3,0,0
Zone_DH398,346621487,90.3564708,23.7566698,0.05007813,3,3,0,0
Zone_DH398,4976682549,90.3604152,23.772319,0.0329294,3,3,0,0
Zone_DH398,4976682551,90.3600152,23.7717156,0.01728431,4,3,0,0
Zone_DH398,4976682552,90.3616222,23.7703971,0.06054391,3,3,0,0
Zone_DH398,4976682553,90.3619125,23.7696831,0.00591766,4,3,0,0
Zone_DH398,4976682558,90.3615467,23.7695662,0.00048324,4,3,0,0
Zone_DH398,4976682559,90.3612848,23.7703011,0.06268677,3,3,0,0
Zone_DH398,4976682565,90.3600073,23.768471,0.00621357,4,3,0,0
Zone_DH398,10032064071,90.3588286,23.7626658,0.09893688,2,3,0,0
Zone_DH398,10032064074,90.3564712,23.7617002,0.09872113,2,3,0,0
Zone_DH398,4976682573,90.3615267,23.7681924,0.01047671,4,3,0,0
Zone_DH398,4976682576,90.3618174,23.7689214,0.03103799,3,3,0,0
Zone_DH398,10032064083,90.3579107,23.762119,0.06791565,2,3,0,0
Zone_DH398,10031433299,90.35052,23.7651246,0.02548623,3,3,0,0
Zone_DH398,4976682582,90.3608804,23.7686333,0.0,4,1,0,0
Zone_DH398,4976682587,90.3620733,23.769731,0.01511083,4,3,0,0
Zone_DH398,379905628,90.3573144,23.7697049,0.0,4,1,0,0
Zone_DH398,4976682589,90.3612201,23.7691035,0.03279601,3,3,0,0
Zone_DH398,10031433307,90.3518884,23.7628563,0.04146368,3,3,0,0
Zone_DH398,4976682588,90.3611006,23.769418,0.01420631,4,3,0,0
Zone_DH398,4976682592,90.3629686,23.7712531,0.00063265,4,3,0,0
Zone_DH398,4976682596,90.3617845,23.7704462,0.05484783,3,3,0,0
Zone_DH398,4976682598,90.3602413,23.7700385,0.08383042,2,3,0,0
Zone_DH398,4976682599,90.3622118,23.7694035,0.02156275,4,3,0,0
Zone_DH398,6350939752,90.3634684,23.7725298,0.0,4,1,0,0
Zone_DH398,379856494,90.3652595,23.7739561,0.00707291,4,3,0,0
Zone_DH398,3788752496,90.3625131,23.7597353,0.00730979,4,3,0,0
Zone_DH398,4976682610,90.3638092,23.770671,0.06538139,2,3,0,0
Zone_DH398,3788752498,90.3637207,23.7601032,0.0178397,4,3,0,0
Zone_DH398,4976682614,90.3626477,23.7677242,0.04911968,3,3,0,0
Zone_DH398,4976682615,90.3614869,23.7673499,0.01065892,4,3,0,0
Zone_DH398,4976682616,90.3612659,23.7678796,0.007492,4,3,0,0
Zone_DH398,4976682617,90.3616211,23.767995,0.00697014,4,3,0,0
Zone_DH398,4976682619,90.361836,23.7674591,0.01100513,4,4,0,0
Zone_DH398,4976682618,90.3610314,23.7671957,0.01582803,4,3,0,0
Zone_DH398,4976682621,90.3609519,23.7674111,0.00776606,4,3,0,0
Zone_DH398,4976682622,90.3611563,23.7668771,0.02663929,3,3,0,0
Zone_DH398,373384833,90.359742,23.7602419,0.01448692,4,3,0,0
Zone_DH398,346621578,90.3505988,23.7613345,0.07181872,2,3,0,1
Zone_DH398,4976682638,90.3600067,23.7673737,0.01115309,4,3,0,0
Zone_DH398,346621586,90.3496033,23.7621554,0.07381436,2,3,0,0
Zone_DH398,4857095830,90.3520577,23.7669238,0.01940239,4,3,0,0
Zone_DH398,346621591,90.3486518,23.7631452,0.05843384,3,4,0,0
Zone_DH398,373384858,90.3616647,23.7608173,0.01875661,4,3,0,0
Zone_DH398,373376673,90.3637264,23.7637612,0.03668597,3,3,0,0
Zone_DH398,346621607,90.3471951,23.7654871,0.02516698,3,3,0,0
Zone_DH398,4857095851,90.3520777,23.765485,0.03960143,3,3,0,0
Zone_DH398,4528121517,90.368724,23.7613014,7.29e-06,4,3,0,0
Zone_DH398,4528121518,90.3674375,23.761204,0.00591255,4,3,0,0
Zone_DH398,5873010354,90.3613685,23.7703243,0.06244916,3,3,0,0
Zone_DH398,5873010355,90.361279,23.7705383,0.001207,4,3,0,1
Zone_DH398,5873010359,90.3612295,23.7705216,0.0,4,1,0,0
Zone_DH398,4967687899,90.3506023,23.7740946,0.0,4,1,0,0
Zone_DH398,4967392993,90.3519441,23.7553328,0.0,4,1,0,0
Zone_DH398,3788752616,90.3623789,23.7601194,0.01031854,4,3,0,0
Zone_DH398,3788752617,90.3635885,23.760477,0.02308389,4,3,0,0
Zone_DH398,5662697199,90.3489981,23.7677323,0.02530547,3,3,0,0
Zone_DH398,373376758,90.3637448,23.7650127,0.00358996,4,3,0,0
Zone_DH398,5662697208,90.3496509,23.7676738,0.00429156,4,3,0,0
Zone_DH398,5662697209,90.3498142,23.7676889,0.02694906,3,3,0,0
Zone_DH398,5662697210,90.3502399,23.7677884,0.02966262,3,3,0,1
Zone_DH398,5835581189,90.3632987,23.7690093,0.0,4,1,0,0
Zone_DH398,4965361437,90.3478999,23.7736442,0.0,4,1,0,0
Zone_DH398,5778990894,90.3635093,23.7723779,0.00143295,4,3,0,1
Zone_DH398,12777965363,90.3574122,23.7704015,0.0,4,1,0,0
Zone_DH398,387094250,90.3653983,23.7565147,0.00952845,4,3,0,0
Zone_DH398,4965361485,90.3468134,23.7728425,0.0,4,1,0,0
Zone_DH398,5456422751,90.3662375,23.7629279,0.01485208,4,3,0,0
Zone_DH398,5456422752,90.3647099,23.7666339,0.02960942,3,3,0,0
Zone_DH398,5774419816,90.3623654,23.7714731,0.01421724,4,4,0,1
Zone_DH398,3733636972,90.3548142,23.7741292,0.00749419,4,3,0,0
Zone_DH398,3733636973,90.3536672,23.7739384,0.02591771,3,3,0,0
Zone_DH398,4946724718,90.3565803,23.770532,0.0,4,1,0,0
Zone_DH398,373376879,90.3644583,23.7652274,0.03503831,3,3,0,0
Zone_DH398,373376880,90.3633485,23.7649014,0.00803064,4,3,0,0
Zone_DH398,3732088705,90.3534328,23.774324,0.02177484,4,4,0,1
Zone_DH398,5798012823,90.364498,23.7720551,0.0,4,1,0,0
Zone_DH398,11416889255,90.3503312,23.7561806,0.00533383,4,3,0,0
Zone_DH398,11416889256,90.350226,23.7567271,0.00244388,4,3,0,0
Zone_DH398,3732236201,90.3587671,23.7695976,0.06133035,3,3,0,0
Zone_DH398,4971644853,90.3614493,23.7569757,0.02925373,3,3,0,0
Zone_DH398,4967393212,90.3544459,23.7575581,0.0,4,1,0,0
Zone_DH398,4967393215,90.3549808,23.7569013,0.01949787,4,3,0,0
Zone_DH398,4967393216,90.3557175,23.7566888,0.00057362,4,3,0,0
Zone_DH398,4967393217,90.3552651,23.757045,0.02057149,4,3,0,0
Zone_DH398,373376983,90.3617164,23.7632079,0.08178067,2,3,0,0
Zone_DH398,4875331566,90.3493018,23.7683835,0.0,4,1,0,0
Zone_DH398,4875331567,90.3492972,23.7688461,0.00241327,4,3,0,1
Zone_DH398,4875331568,90.349477,23.7688471,0.0,4,1,0,0
Zone_DH398,4875331569,90.3486915,23.768855,0.03627416,3,3,0,1
Zone_DH398,4875331570,90.3500452,23.7690285,0.0,4,1,0,0
Zone_DH398,4875331579,90.3503818,23.7692532,0.0,4,1,0,0
Zone_DH398,4875331581,90.3506285,23.7692497,0.0,4,1,0,0
Zone_DH398,4875331582,90.3505673,23.7696103,0.00241327,4,3,0,1
Zone_DH398,4875331584,90.3504664,23.7701851,0.03257881,3,3,0,1
Zone_DH398,5811546125,90.3614364,23.7640307,0.04357866,3,3,0,0
Zone_DH398,4914337451,90.3641935,23.7615053,0.00377989,4,3,0,0
Zone_DH398,12801787921,90.3545638,23.7651876,0.00631707,4,3,0,1
Zone_DH398,12801787922,90.3546699,23.7648184,0.0,4,1,0,0
Zone_DH398,12801787923,90.3547452,23.7646223,0.0,4,1,0,0
Zone_DH398,12801787924,90.353691,23.7650888,0.0,4,1,0,0
Zone_DH398,4914337453,90.3649731,23.7615347,0.03625011,3,4,0,0
Zone_DH398,12059559961,90.3512259,23.7604942,0.0,4,1,0,0
Zone_DH398,12059559962,90.3513704,23.7606475,0.0671467,2,3,0,1
Zone_DH398,5763295259,90.3627591,23.7684819,0.00570628,4,3,0,0
Zone_DH398,4914337454,90.3642399,23.76135,0.001207,4,3,0,1
Zone_DH398,5763295261,90.3628207,23.769009,0.004078,4,3,0,0
Zone_DH398,5763295262,90.3623777,23.7688985,0.02236814,4,3,0,0
Zone_DH398,12059559967,90.3514178,23.7606073,0.06818897,2,3,0,1
Zone_DH398,6643091486,90.3539221,23.7654101,0.0,4,1,0,0
Zone_DH398,4914337455,90.3650673,23.7612736,0.03637766,3,4,0,0
Zone_DH398,6643091489,90.3534702,23.7664809,0.00361882,4,4,0,1
Zone_DH398,12770199586,90.3481759,23.7682309,0.0,4,1,0,0
Zone_DH398,12770199584,90.3482236,23.7679167,0.0,4,1,0,0
Zone_DH398,6643091493,90.3520803,23.7668299,0.01562541,4,3,0,0
Zone_DH398,6643091494,90.3526738,23.7669453,0.01574276,4,4,0,0
Zone_DH398,6643091495,90.3530652,23.7670248,0.001207,4,3,0,1
Zone_DH398,12770199590,90.3490577,23.7681546,0.04318161,3,3,0,0
Zone_DH398,4967393322,90.3552624,23.7554688,0.01463707,4,3,0,0
Zone_DH398,4967393323,90.3557736,23.7554911,0.01513343,4,3,0,0
Zone_DH398,4967393326,90.3559887,23.7569426,0.03536599,3,3,0,0
Zone_DH398,4967393327,90.3535113,23.7571362,0.001207,4,3,0,1
Zone_DH398,4894697521,90.3504098,23.7721727,0.0,4,1,0,0
Zone_DH398,4894697522,90.3533457,23.7705094,0.00213557,4,3,0,1
Zone_DH398,4967393332,90.3533834,23.7570731,0.00206487,4,3,0,0
Zone_DH398,10094610485,90.3581459,23.7656637,0.0,4,1,0,0
Zone_DH398,4967393334,90.3527138,23.7574918,0.00321065,4,3,0,0
Zone_DH398,4914337459,90.3647357,23.7621934,0.00872962,4,3,0,0
Zone_DH398,4967393335,90.3510886,23.7597438,0.0,4,1,0,0
Zone_DH398,4967393343,90.3516464,23.7598108,0.03220709,3,3,0,1
Zone_DH398,4914337461,90.3646069,23.7625507,0.00574018,4,3,0,0
Zone_DH398,4967393347,90.3523689,23.7574696,0.02339511,4,3,0,0
Zone_DH398,4967393349,90.3539713,23.7553665,0.00481197,4,3,0,0
Zone_DH398,4967393350,90.3539231,23.7556896,5.248e-05,4,4,0,0
Zone_DH398,4821420162,90.3670994,23.77349,0.00415089,4,3,0,0
Zone_DH398,4853098631,90.3491867,23.7694924,0.001207,4,3,0,1
Zone_DH398,6643091593,90.3529948,23.7737645,0.0,4,1,0,0
Zone_DH398,6643091594,90.3536068,23.7740295,0.02397602,3,3,0,1
Zone_DH398,6643091595,90.3520512,23.7740276,0.03245053,3,3,0,1
Zone_DH398,4853098635,90.3496812,23.770172,0.02844979,3,3,0,0
Zone_DH398,6643091598,90.3518575,23.7749344,0.0,4,1,0,0
Zone_DH398,6643091600,90.3530327,23.774998,0.01655982,4,3,0,1
Zone_DH398,6643091601,90.3525365,23.7747924,0.0,4,1,0,0
Zone_DH398,10031663254,90.3547902,23.7643993,0.01259333,4,3,0,1
Zone_DH398,10031663255,90.3544545,23.7644,0.01185208,4,3,0,0
Zone_DH398,10031663256,90.3542216,23.7651459,0.00486226,4,3,0,1
Zone_DH398,10031663257,90.3546962,23.7661131,0.0670709,2,4,0,0
Zone_DH398,4853098652,90.3491901,23.769425,0.0,4,1,0,0
Zone_DH398,4853098654,90.3491828,23.7702433,0.02803069,3,3,0,0
Zone_DH398,11290462402,90.3525132,23.7610302,0.00482144,4,3,0,1
Zone_DH398,5865244867,90.3609414,23.7702046,0.06391564,3,3,0,0
Zone_DH398,5865244868,90.3612075,23.7694556,0.00033965,4,3,0,0
Zone_DH398,3444066521,90.3523893,23.7736697,0.05053732,3,3,0,1
Zone_DH398,3444066522,90.3513466,23.7731798,0.0,4,1,0,0
Zone_DH398,3271043307,90.3523096,23.7542194,0.0,4,1,0,0
Zone_DH398,3271043309,90.3514285,23.754384,0.001207,4,3,0,1
Zone_DH398,3271043311,90.3511268,23.7546378,0.0,4,1,0,0
Zone_DH398,3271043313,90.3540844,23.7550701,0.00111443,4,3,0,0
Zone_DH398,3271043317,90.35354,23.7552881,0.00883968,4,3,0,0
Zone_DH398,3271043318,90.3539941,23.7553689,0.00545628,4,3,0,0
Zone_DH398,11477108983,90.3578823,23.7559902,0.0,4,1,0,0
Zone_DH398,3271043320,90.3534245,23.7554675,0.00754886,4,3,0,1
Zone_DH398,3271043321,90.3548703,23.7554904,0.00738778,4,3,0,0
Zone_DH398,3271043322,90.3533566,23.7555892,0.00829594,4,3,0,0
Zone_DH398,9971984632,90.3604461,23.7700836,0.08341788,2,3,0,0
Zone_DH398,3271043324,90.3548374,23.7558025,0.00213995,4,3,0,0
Zone_DH398,11477108984,90.3583777,23.7559524,0.02075735,4,3,0,1
Zone_DH398,3271043327,90.3543024,23.7562436,0.00345919,4,3,0,0
Zone_DH398,3271043328,90.3545958,23.7567248,0.01249056,4,3,0,0
Zone_DH398,3271043333,90.3516013,23.759138,0.01340383,4,3,0,1
Zone_DH398,3271043334,90.3521219,23.7591627,0.03289878,3,4,0,0
Zone_DH398,3271043336,90.3510593,23.7595013,0.0,4,1,0,0
Zone_DH398,3271043338,90.352728,23.7594529,0.03612183,3,3,0,0
Zone_DH398,4867680523,90.3607808,23.7701597,0.08086102,2,3,0,0
Zone_DH398,4973357323,90.3575888,23.759912,0.00083528,4,3,0,0
Zone_DH398,379898157,90.3518099,23.7744676,0.03303654,3,3,0,0
Zone_DH398,11479468336,90.360176,23.7562342,0.01174347,4,3,0,1
Zone_DH398,11479468337,90.3606388,23.7563439,0.0,4,1,0,0
Zone_DH398,4975151425,90.3603195,23.7657191,0.04192068,3,3,0,0
Zone_DH398,11133217093,90.3686053,23.7733582,0.0,4,1,0,0
Zone_DH398,7301294409,90.3595245,23.7730694,0.05286531,3,3,0,0
Zone_DH398,7301294410,90.3591548,23.7732109,0.04171222,3,3,0,0
Zone_DH398,5917641036,90.362888,23.7624588,0.04920969,3,3,0,0
Zone_DH398,7301294412,90.3593316,23.772577,0.001207,4,3,0,1
Zone_DH398,7301294413,90.3591009,23.772523,0.0,4,1,0,0
Zone_DH398,11133217103,90.3689982,23.7734347,0.00361882,4,4,0,1
Zone_DH398,12800207190,90.3532059,23.7660527,0.0,4,1,0,0
Zone_DH398,4961511791,90.3457923,23.7712368,0.00760061,4,3,0,0
Zone_DH398,4920314243,90.3566121,23.7561799,0.02022892,4,3,0,0
Zone_DH398,4920314245,90.3572217,23.7561184,0.00425001,4,3,0,0
Zone_DH398,4920314246,90.3578135,23.7564518,0.03221438,3,3,0,0
Zone_DH398,4920314248,90.3610486,23.7570588,0.02773332,3,3,0,0
Zone_DH398,4368378265,90.3630262,23.7678581,0.01259552,4,3,0,0
Zone_DH398,4368378266,90.3629835,23.7685575,0.00449491,4,4,0,0
Zone_DH398,10719668644,90.3687114,23.7669045,0.0,4,1,0,0
Zone_DH398,10015549861,90.3624418,23.7585994,0.01536812,4,3,0,0
Zone_DH398,6739208629,90.3588361,23.7574876,0.03148916,3,3,0,0
Zone_DH398,12797651387,90.3525604,23.7696988,0.0,4,1,0,0
Zone_DH398,12797651388,90.3527089,23.7688775,0.0124133,4,3,0,1
Zone_DH398,5895481797,90.3644722,23.7629246,0.00918479,4,3,0,0
Zone_DH398,5895481798,90.3644429,23.763006,0.02069977,4,3,0,0
Zone_DH398,11477109199,90.3574795,23.755177,0.0,4,1,0,0
Zone_DH398,11477109200,90.3578351,23.7550985,0.01150586,4,3,0,1
Zone_DH398,5780826588,90.3623982,23.773365,0.00596868,4,3,0,0
Zone_DH398,5780826589,90.3628218,23.7734803,0.0062471,4,3,0,0
Zone_DH398,5780826591,90.3629379,23.7731545,0.00544171,4,3,0,1
Zone_DH398,12088158687,90.3485723,23.7607664,0.00361882,4,4,0,1
Zone_DH398,3012053510,90.3598011,23.7631463,0.00600148,4,3,0,0
Zone_DH398,3012053511,90.3596498,23.7637289,0.00164942,4,3,0,0
Zone_DH398,3012053512,90.3593074,23.7636466,0.00928866,4,3,0,0
Zone_DH398,3012053514,90.3606676,23.7637064,0.0119512,4,3,0,0
Zone_DH398,12800289301,90.3536233,23.7652977,0.0,4,1,0,0
Zone_DH398,4378937883,90.3606285,23.7683771,0.00587174,4,3,0,0
Zone_DH398,12791081523,90.3458361,23.771689,0.00500585,4,3,0,0
Zone_DH398,12791081524,90.3452956,23.7715502,0.0,4,2,0,0
Zone_DH398,11529429053,90.3609091,23.7540097,0.0,4,1,0,0
Zone_DH398,3788753463,90.3625431,23.7583103,0.0132136,4,3,0,0
Zone_DH398,379931207,90.3624772,23.7772126,0.001207,4,2,0,1
Zone_DH398,6152415826,90.3619494,23.7653044,0.01539946,4,4,0,0
Zone_DH398,4975094369,90.3525335,23.7613633,0.00722378,4,3,0,1
Zone_DH398,4975094370,90.3529125,23.7613446,0.0,4,1,0,0
Zone_DH398,4975094371,90.353074,23.7614217,0.0,4,1,0,0
Zone_DH398,11301423717,90.3525894,23.76223,0.01914802,4,3,0,1
Zone_DH398,11301423718,90.3521692,23.7622752,0.0,4,1,0,0
Zone_DH398,5767809639,90.3652822,23.7739368,0.00614433,4,3,0,0
Zone_DH398,11301423719,90.3525817,23.7621329,0.01677483,4,3,0,1
Zone_DH398,11301423721,90.352551,23.7617357,0.01201097,4,3,0,1
Zone_DH398,11301423720,90.3529989,23.7621004,0.0,4,1,0,0
Zone_DH398,11301423723,90.3520845,23.7616352,0.0,4,1,0,0
Zone_DH398,11301423722,90.3531064,23.7617198,0.0,4,1,0,0
Zone_DH398,11301423724,90.3530857,23.7609908,0.0,4,1,0,0
Zone_DH398,11301423730,90.3527208,23.7610075,0.00241327,4,3,0,1
Zone_DH398,11301423731,90.3526995,23.7607385,0.0,4,1,0,0
Zone_DH398,11301423732,90.3513703,23.7625754,0.0366918,3,3,0,1
Zone_DH398,5862722165,90.3589843,23.7689736,0.01863125,4,3,0,0
Zone_DH398,5762755189,90.3651424,23.7732749,0.00130394,4,3,0,0
Zone_DH398,11301423733,90.3517419,23.7612686,0.0,4,1,0,0
Zone_DH398,11301423736,90.353217,23.762357,0.04550669,3,3,0,1
Zone_DH398,11301423734,90.3508652,23.7621351,0.0,4,1,0,0
Zone_DH398,11301423735,90.3518871,23.7623437,0.0,4,1,0,0
Zone_DH398,5862722171,90.3600553,23.7688048,0.001207,4,3,0,1
Zone_DH398,5862722172,90.3605069,23.7687794,0.0,4,1,0,0
Zone_DH398,3271035519,90.3543614,23.7537538,0.0,4,2,0,0
Zone_DH398,3271035521,90.3538366,23.7547913,0.00241181,4,3,0,1
Zone_DH398,3271035522,90.353625,23.7551106,0.00568588,4,3,0,0
Zone_DH398,4857490051,90.3587928,23.7631138,0.10169126,2,3,0,0
Zone_DH398,3271035524,90.3514359,23.7555967,0.00253062,4,3,0,0
Zone_DH398,3271035526,90.3494249,23.7557644,0.0,4,1,0,0
Zone_DH398,3271035527,90.3508451,23.7557571,0.0,4,1,0,0
Zone_DH398,3271035528,90.3532338,23.7557863,0.01004959,4,4,0,1
Zone_DH398,4857490057,90.3586728,23.7644463,0.16915064,1,4,0,0
Zone_DH398,3271035529,90.3512678,23.7559275,0.00353062,4,4,0,1
Zone_DH398,4857490056,90.3582427,23.7644341,0.01778066,4,4,0,1
Zone_DH398,3271035532,90.3493934,23.756078,0.00241327,4,3,0,1
Zone_DH398,11301423755,90.3516549,23.76157,0.00361882,4,4,0,1
Zone_DH398,3271035534,90.3530686,23.756109,0.01049274,4,4,0,0
Zone_DH398,3271035535,90.3502648,23.7561659,0.00361663,4,3,0,1
Zone_DH398,11301423753,90.351548,23.7619405,0.0072267,4,4,0,1
Zone_DH398,11301423754,90.3514569,23.7622559,0.01082146,4,4,0,1
Zone_DH398,11098925714,90.3570125,23.7659478,0.02204452,4,3,0,0
Zone_DH398,3271035538,90.3509521,23.7563184,0.00860352,4,3,0,0
Zone_DH398,3271035541,90.3486749,23.7564925,0.0,4,1,0,0
Zone_DH398,3271035542,90.3529592,23.7564569,0.01126534,4,4,0,0
Zone_DH398,3271035545,90.3523956,23.7565357,0.00776897,4,3,0,0
Zone_DH398,3271035546,90.3541548,23.7565832,0.00859259,4,4,0,0
Zone_DH398,3271035547,90.3502341,23.7566307,0.00130613,4,3,0,1
Zone_DH398,366217885,90.3566932,23.7560749,0.00927044,4,4,0,0
Zone_DH398,3271035549,90.3530163,23.7566307,0.0113579,4,3,0,0
Zone_DH398,3271035551,90.3547709,23.7568012,0.0187865,4,4,0,0
Zone_DH398,3271035553,90.352362,23.756932,0.02058534,4,4,0,0
Zone_DH398,3271035554,90.3488844,23.7568567,0.0,4,1,0,0
Zone_DH398,3271035557,90.354007,23.7569348,0.00434476,4,3,0,0
Zone_DH398,3271035558,90.3530447,23.7569389,0.01174493,4,3,0,0
Zone_DH398,3271035559,90.3501799,23.7569891,0.00241036,4,3,0,1
Zone_DH398,3271035560,90.3501656,23.7570911,0.0038761,4,3,0,0
Zone_DH398,5797718698,90.3632116,23.7661211,0.00647682,4,3,0,0
Zone_DH398,5774371513,90.3632476,23.7718862,0.01878723,4,3,0,0
Zone_DH398,5774371520,90.3637002,23.771499,0.01870851,4,3,0,0
Zone_DH398,5774371522,90.3647151,23.7714056,0.0,4,1,0,0
Zone_DH398,5774371523,90.3638553,23.7711587,0.04008685,3,3,0,0
Zone_DH398,5774371524,90.3644152,23.7713298,0.02406567,3,4,0,1
Zone_DH398,2320362183,90.3695615,23.7624371,0.00411371,4,3,0,0
Zone_DH398,2320362184,90.3697501,23.761895,0.00370482,4,3,0,1
Zone_DH398,373385934,90.3619313,23.7600563,0.0204607,4,3,0,0
Zone_DH398,2320362192,90.3705094,23.7627166,0.0,4,2,0,0
Zone_DH398,2320354003,90.3640485,23.7550492,0.00583384,4,3,0,0
Zone_DH398,2320362198,90.3659546,23.7620729,0.01702556,4,3,0,0
Zone_DH398,7528983257,90.3537556,23.7664962,0.0072267,4,4,0,1
Zone_DH398,11416914650,90.3574483,23.7583674,0.0053076,4,3,0,1
Zone_DH398,4959693529,90.3456029,23.7684143,0.01734262,4,2,0,0
Zone_DH398,11416914652,90.3574798,23.7580144,0.00203645,4,3,0,1
Zone_DH398,2320362204,90.3702257,23.7632569,0.0010277,4,2,0,0
Zone_DH398,7528983259,90.3536608,23.7671314,0.0,4,1,0,0
Zone_DH398,11416914649,90.3566972,23.7583118,0.0,4,1,0,0
Zone_DH398,11416914651,90.3569747,23.7579785,0.0,4,1,0,0
Zone_DH398,7528983265,90.3535169,23.766043,0.0,4,1,0,0
Zone_DH398,4959693538,90.3460672,23.7661454,0.00164505,4,3,0,0
Zone_DH398,379906794,90.3540246,23.7623239,0.0,4,1,0,0
Zone_DH398,5826300674,90.3588645,23.7623492,0.16971551,1,4,1,0
Zone_DH398,4978576154,90.3596889,23.7730514,0.04652637,3,3,0,1
Zone_DH398,4978576155,90.3597969,23.7738553,0.0,4,1,0,0
Zone_DH398,4978576156,90.3547751,23.7655257,0.02336304,4,3,0,1
Zone_DH398,5763107626,90.3612208,23.7730113,0.0292756,3,3,0,0
Zone_DH398,5763107627,90.3624195,23.7733065,0.0070146,4,3,0,0
Zone_DH398,373386039,90.3611811,23.758639,0.00450949,4,3,0,0
Zone_DH398,373386042,90.36079,23.7597253,0.00940965,4,3,0,0
Zone_DH398,12836285258,90.3680048,23.7634011,0.00101677,4,2,0,0
Zone_DH398,12836285259,90.3680186,23.7633573,0.00365016,4,3,0,0
Zone_DH398,382012285,90.3571521,23.7739188,0.0420475,3,3,0,0
Zone_DH398,10803743621,90.3570646,23.7652455,0.0,4,1,0,0
Zone_DH398,12836293510,90.3657231,23.7638164,0.02913055,3,3,0,0
Zone_DH398,10803743626,90.3586189,23.7652983,0.15551867,1,3,0,1
Zone_DH398,10803743627,90.3588316,23.7644513,0.16539115,1,3,0,0
Zone_DH398,10803743629,90.3605673,23.7639957,0.00777772,4,3,0,0
Zone_DH398,10803743630,90.3604648,23.7643225,0.05068674,3,3,0,0
Zone_DH398,10803743631,90.3580927,23.7630939,0.0,4,1,0,0
Zone_DH398,4959693719,90.3459542,23.764989,0.00184257,4,3,0,0
Zone_DH398,4959693720,90.3457331,23.7660264,0.00039723,4,2,0,0
Zone_DH398,9531222937,90.3513949,23.7682879,0.01160499,4,3,0,0
Zone_DH398,5911292826,90.3620076,23.7598386,0.02065385,4,3,0,0
Zone_DH398,5911292827,90.3624332,23.7599638,0.0116254,4,3,0,0
Zone_DH398,3734989745,90.3587658,23.774023,0.01226316,4,3,0,1
Zone_DH398,3734989751,90.3575881,23.7744022,0.01342132,4,3,0,0
Zone_DH398,5662698437,90.3484773,23.7749752,0.0,4,1,0,0
Zone_DH398,5662698438,90.3486872,23.774661,0.00258601,4,3,0,1
Zone_DH398,373386190,90.3621837,23.7593359,0.01353211,4,3,0,0
Zone_DH398,373386195,90.3610541,23.7589972,0.00021429,4,3,0,0
Zone_DH398,12778064856,90.3604253,23.7768645,0.0,4,1,0,0
Zone_DH398,5917895644,90.3640166,23.7604621,0.0,4,1,0,0
Zone_DH398,3269798883,90.3458354,23.7615245,0.00476386,4,3,0,0
Zone_DH398,3269798888,90.3456756,23.7618156,0.005242,4,3,0,0
Zone_DH398,11372522476,90.3589195,23.7570412,0.02879746,3,3,0,1
Zone_DH398,3269798893,90.345523,23.7620936,0.00182654,4,2,0,0
Zone_DH398,5763050476,90.3662789,23.7722305,0.00129446,4,3,0,1
Zone_DH398,382012399,90.3551297,23.7734251,0.02458098,3,3,0,0
Zone_DH398,11372522477,90.3582761,23.7569552,0.0,4,1,0,0
Zone_DH398,3269798898,90.3472125,23.7625192,0.00508529,4,4,0,0
Zone_DH398,12775640053,90.3578279,23.7674911,0.0,4,1,0,0
Zone_DH398,3012054007,90.3597243,23.7634412,0.00579375,4,3,0,0
Zone_DH398,3269798903,90.3468967,23.7627673,0.00607873,4,3,0,0
Zone_DH398,3269798908,90.3488756,23.7628687,0.05212916,3,3,0,0
Zone_DH398,3269798909,90.3468363,23.7629184,0.00431998,4,2,0,0
Zone_DH398,4528270337,90.3674057,23.7631898,0.0111407,4,3,0,0
Zone_DH398,4528270338,90.3676566,23.7624984,0.00909697,4,3,0,0
Zone_DH398,3269798914,90.3468066,23.7632226,0.0046815,4,3,0,1
Zone_DH398,3269798916,90.3475248,23.7633397,0.0,4,1,0,0
Zone_DH398,3269798919,90.348448,23.7634057,0.03464587,3,3,0,0
Zone_DH398,3269798920,90.3467357,23.763581,0.00463777,4,3,0,1
Zone_DH398,3269798922,90.3453496,23.7637458,7.653e-05,4,2,0,0
Zone_DH398,5662698506,90.3510226,23.7744987,0.00962029,4,3,0,1
Zone_DH398,3269798926,90.3466604,23.7639608,0.0066662,4,3,0,0
Zone_DH398,3269798929,90.3452654,23.7641331,0.00023688,4,3,0,0
Zone_DH398,3269798932,90.347974,23.7641719,0.03335068,3,3,0,0
Zone_DH398,382012438,90.3537111,23.7755082,0.0,4,3,0,0
Zone_DH398,3269798934,90.3451803,23.7645297,0.00039869,4,3,0,0
Zone_DH398,3269798936,90.3477689,23.7645212,0.03701469,3,3,0,0
Zone_DH398,3269798939,90.3451197,23.7648486,0.00063994,4,2,0,0
Zone_DH398,3269798940,90.3466364,23.7647353,0.00158164,4,3,0,0
Zone_DH398,3269798943,90.34734,23.7652353,0.03263639,3,4,0,0
Zone_DH398,3269798951,90.3467347,23.7663346,0.02366115,3,3,0,0
Zone_DH398,373386284,90.3609189,23.7593756,0.00122449,4,3,0,0
Zone_DH398,5963598915,90.3645638,23.7562676,0.00153426,4,3,0,1
Zone_DH398,5963598916,90.3646881,23.7560025,0.0,4,1,0,0
Zone_DH398,373378121,90.3566547,23.7617513,0.10278529,2,3,0,0
Zone_DH398,373378124,90.3571361,23.7604048,0.09624081,2,4,0,1
Zone_DH398,379858003,90.3652845,23.7729062,0.00175729,4,3,0,0
Zone_DH398,382012502,90.3526978,23.7755821,0.01480617,4,3,0,0
Zone_DH398,382012511,90.3510889,23.7756675,0.00238339,4,3,0,0
Zone_DH398,382012512,90.3522565,23.7762351,0.00549127,4,3,0,0
Zone_DH398,4353412203,90.3702928,23.7708642,0.0,4,1,0,0
Zone_DH398,5797940341,90.3637777,23.7713516,0.01967353,4,3,0,0
Zone_DH398,379907193,90.3548701,23.764138,0.01443736,4,3,0,0
Zone_DH398,379907194,90.3541282,23.7640111,0.0034643,4,3,0,0
Zone_DH398,379907197,90.3535027,23.764044,0.02459701,3,3,0,0
Zone_DH398,379907199,90.3535074,23.7636867,0.03025883,3,3,0,0
Zone_DH398,379907201,90.3541626,23.7637607,0.0100219,4,3,0,0
Zone_DH398,12829609089,90.3642417,23.7586645,0.01164581,4,3,0,0
Zone_DH398,379907203,90.354208,23.763526,0.001207,4,3,0,1
Zone_DH398,379907212,90.3550239,23.763679,0.02458608,3,3,0,0
Zone_DH398,373378192,90.3589519,23.760925,0.1554866,1,3,0,0
Zone_DH398,5662698645,90.3482902,23.7741797,0.0,4,1,0,0
Zone_DH398,4973358231,90.358157,23.7599583,0.0332829,3,4,0,1
Zone_DH398,4973358232,90.3585778,23.7599664,0.0,4,1,0,0
Zone_DH398,4973358233,90.3589549,23.7598479,0.07498783,2,3,0,0
Zone_DH398,4973358234,90.3585574,23.7590823,0.04770131,3,3,0,0
Zone_DH398,5662698649,90.3484317,23.7744644,0.00241327,4,3,0,1
Zone_DH398,5872905383,90.3638246,23.7687414,0.0,4,1,0,0
Zone_DH398,5872905384,90.3640307,23.7682214,0.00813195,4,3,0,1
Zone_DH398,382012585,90.3570244,23.7711776,0.04475305,3,4,0,0
Zone_DH398,4869041326,90.3515436,23.7678075,0.02627996,3,3,0,0
Zone_DH398,5817085116,90.3594268,23.7654551,0.03146365,3,3,0,0
Zone_DH398,5817085117,90.3595088,23.765123,0.00438631,4,3,0,0
Zone_DH398,5662698704,90.3477075,23.7737442,0.0,4,1,0,0
Zone_DH398,5662698706,90.3473808,23.7734263,0.00241327,4,3,0,1
Zone_DH398,12775730392,90.3579813,23.7686806,0.0,4,1,0,0
Zone_DH398,2320076026,90.3620165,23.7723385,0.00020627,4,3,0,0
Zone_DH398,2320076028,90.3586234,23.7667119,0.0500672,3,3,0,0
Zone_DH398,4867779837,90.3581801,23.7660139,0.1165346,1,3,0,0
Zone_DH398,4867779839,90.3580877,23.7671526,0.05595279,3,4,0,1
Zone_DH398,2320076032,90.3585448,23.7682813,0.04532885,3,3,0,0
Zone_DH398,2320076041,90.3622697,23.7737876,0.01060426,4,3,0,0
Zone_DH398,373386525,90.3632459,23.7614462,0.04368745,3,3,0,0
Zone_DH398,2320076061,90.36061,23.7726109,0.05740906,3,3,0,0
Zone_DH398,2320076071,90.3594908,23.7708824,0.01776754,4,3,0,0
Zone_DH398,2320076073,90.360569,23.7727249,0.09862565,2,4,0,0
Zone_DH398,5769547049,90.3656493,23.7720519,0.00613632,4,3,0,0
Zone_DH398,2320076107,90.362677,23.7739537,0.01867352,4,4,0,0
Zone_DH398,12791344468,90.3491696,23.7641504,0.02754308,3,3,0,0
Zone_DH398,12791344469,90.3496286,23.7642158,0.00512319,4,3,0,0
Zone_DH398,5951155544,90.3640164,23.7566557,0.01890603,4,3,0,0
Zone_DH398,5951155545,90.3649337,23.7568921,0.0096181,4,3,0,0
Zone_DH398,5808319839,90.3631468,23.7663058,0.00740576,4,3,0,0
Zone_DH398,5808319840,90.3633509,23.7657238,0.00713255,4,3,0,0
Zone_DH398,4388851061,90.3615335,23.7611916,0.01920632,4,3,0,0
Zone_DH398,4388851063,90.3600607,23.7603314,0.00047959,4,3,0,0
Zone_DH398,379899263,90.3472229,23.771176,0.00967058,4,3,0,0
Zone_DH398,6289558919,90.3576725,23.7701439,0.01725661,4,3,0,1
Zone_DH398,373386635,90.3615227,23.7625701,0.01319592,4,3,0,0
Zone_DH398,5763042705,90.3638808,23.771838,0.00513558,4,3,0,0
Zone_DH398,5763042706,90.3641626,23.7719361,0.00217712,4,3,0,1
Zone_DH398,5763042707,90.364486,23.7711521,0.01937979,4,3,0,0
Zone_DH398,5763042708,90.3645491,23.771171,0.01884991,4,3,0,0
Zone_DH398,2320076190,90.3585763,23.7686614,0.04516923,3,3,0,0
Zone_DH398,5786496414,90.3643163,23.7708222,0.01189143,4,3,0,0
Zone_DH398,4977167800,90.3585116,23.7690236,0.09359503,2,3,0,1
Zone_DH398,382012864,90.3581039,23.7713332,0.03804967,3,4,0,0
Zone_DH398,382012865,90.3576601,23.7729495,0.00191837,4,3,0,0
Zone_DH398,2320076226,90.3646969,23.7746009,0.0074818,4,3,0,0
Zone_DH398,7298051524,90.3593872,23.7681822,0.01431928,4,4,0,0
Zone_DH398,2320076231,90.3654928,23.7748878,0.01701098,4,3,0,0
Zone_DH398,12797324751,90.3509818,23.7706219,0.02954163,3,3,0,1
Zone_DH398,379940305,90.361965,23.7746964,0.0,4,1,0,0
Zone_DH398,12797562321,90.3549169,23.7707514,0.01459334,4,3,0,1
Zone_DH398,12797562322,90.3549649,23.7704187,0.01561229,4,3,0,1
Zone_DH398,2320076244,90.3639842,23.7744214,0.02004816,4,4,0,0
Zone_DH398,2320076248,90.3621792,23.7718448,0.01226826,4,3,0,0
Zone_DH398,3068358118,90.358188,23.7594028,0.03193887,3,3,0,0
Zone_DH398,3732090343,90.3547572,23.7745971,0.00460716,4,3,0,0
Zone_DH398,10208906728,90.3554059,23.7616869,0.00599492,4,3,0,0
Zone_DH398,10208906729,90.3553954,23.7615633,0.07493316,2,4,0,0
Zone_DH398,3732090344,90.3546027,23.7749485,0.00934186,4,4,0,0
Zone_DH398,10208906731,90.3515791,23.7632714,0.0253266,3,3,0,0
Zone_DH398,3068718572,90.3643306,23.7655917,0.05295995,3,4,0,0
Zone_DH398,379940332,90.3666062,23.7750609,0.00602334,4,3,0,1
Zone_DH398,3068358123,90.3534828,23.7587419,0.0546073,3,4,0,0
Zone_DH398,3068358127,90.3520022,23.7601153,0.0834157,2,4,0,0
Zone_DH398,3068718573,90.3649728,23.7657635,0.02190021,4,3,0,0
Zone_DH398,3732090345,90.3532049,23.774676,0.01873621,4,4,0,1
Zone_DH398,10208906730,90.3526137,23.7625394,0.05465249,3,3,0,1
Zone_DH398,3068358132,90.3524,23.7604806,0.0,4,1,0,0
Zone_DH398,4978609657,90.3601844,23.7721427,0.05711751,3,3,0,0
Zone_DH398,4978609660,90.3598502,23.7716389,0.05756431,3,3,0,0
Zone_DH398,4978609662,90.359626,23.7717519,0.0,4,3,0,0
Zone_DH398,4978609664,90.3591822,23.7744292,0.0,4,1,0,0
Zone_DH398,4978609665,90.3587812,23.7744194,0.00361882,4,4,0,1
Zone_DH398,4978609666,90.3582998,23.774436,0.0,4,1,0,0
Zone_DH398,4978609669,90.358772,23.7749983,0.0,4,1,0,0
Zone_DH398,4978609670,90.3581699,23.7730653,0.01273765,4,3,0,0
Zone_DH398,379940359,90.3673874,23.7758326,0.0,4,1,0,0
Zone_DH398,3733655047,90.3584514,23.7701374,0.0,4,1,0,0
Zone_DH398,5762756105,90.3632316,23.773047,0.00529885,4,3,0,0
Zone_DH398,5829029384,90.3619777,23.7671374,0.00906854,4,3,0,0
Zone_DH398,4978609675,90.3554383,23.7747758,0.01458168,4,3,0,0
Zone_DH398,9787444751,90.3593637,23.7580037,0.0,4,1,0,0
Zone_DH398,11417120273,90.3548335,23.7607865,0.02676684,3,3,0,1
Zone_DH398,11417120274,90.3546619,23.7604304,0.03439223,3,3,0,0
Zone_DH398,11417120277,90.3543296,23.760479,0.03388348,3,3,0,1
Zone_DH398,11417120284,90.3537926,23.7601812,0.0,4,1,0,0
Zone_DH398,5832019486,90.3613859,23.7675707,0.00775512,4,3,0,0
Zone_DH398,373378612,90.3569165,23.7610387,0.04455844,3,4,0,0
Zone_DH398,382012988,90.3610364,23.7768868,0.0,4,1,0,0
Zone_DH398,4914245191,90.3645909,23.7648493,0.03326176,3,3,0,0
Zone_DH398,4914245192,90.3638728,23.7646356,0.00258091,4,3,0,0
Zone_DH398,4914245193,90.3647196,23.7644825,0.03302561,3,3,0,0
Zone_DH398,4914245194,90.3640014,23.7642751,0.00286808,4,3,0,0
Zone_DH398,4982148682,90.3524556,23.7743656,0.0,4,1,0,0
Zone_DH398,3732377173,90.3628277,23.7768406,0.0132187,4,3,0,1
Zone_DH398,5763272278,90.3636263,23.7703694,0.03302415,3,3,0,0
Zone_DH398,3732377175,90.3624238,23.7762895,0.00482144,4,3,0,1
Zone_DH398,4978552406,90.3571393,23.7756708,0.00722378,4,3,0,1
Zone_DH398,4978552409,90.3567814,23.7755506,0.00482144,4,3,0,1
Zone_DH398,5763272279,90.3629914,23.7701743,0.0055678,4,3,0,1
Zone_DH398,5763272280,90.3633101,23.7692966,0.00205248,4,3,0,1
Zone_DH398,5763272281,90.3635633,23.7693754,0.0,4,1,0,0
Zone_DH398,5898792543,90.3628043,23.7613192,0.00382654,4,3,0,0
Zone_DH398,5898792544,90.3631562,23.7603417,0.00408529,4,3,0,0
Zone_DH398,4916538977,90.3623349,23.7569944,0.00265817,4,3,0,0
Zone_DH398,4916538978,90.3637824,23.7573474,0.0078834,4,3,0,0
Zone_DH398,4978552415,90.3564882,23.7754389,0.0,4,1,0,0
Zone_DH398,6925069924,90.3592607,23.7731607,0.05275015,3,3,0,0
Zone_DH398,4959374968,90.3473241,23.7636879,0.0,4,1,0,0
Zone_DH398,3010842237,90.3615175,23.7651831,0.00372669,4,3,0,0
Zone_DH398,3010842238,90.3617272,23.7645543,0.01013268,4,3,0,0
Zone_DH398,4741803651,90.3665005,23.7593272,0.01568007,4,3,0,0
Zone_DH398,4959383171,90.3511346,23.7614723,0.0,4,1,0,0
Zone_DH398,4959383172,90.3520489,23.7627312,0.06049289,3,3,0,0
Zone_DH398,12797374101,90.3506686,23.7706395,0.00912976,4,3,0,1
Zone_DH398,12797374102,90.3501896,23.770555,0.0,4,1,0,0
Zone_DH398,12799995553,90.3514481,23.7659194,0.00241327,4,3,0,1
Zone_DH398,12799995554,90.3515051,23.7655199,0.0,4,1,0,0
Zone_DH398,373386959,90.3619028,23.7614821,0.0162803,4,3,0,0
Zone_DH398,5662699224,90.3479878,23.7665708,0.00395482,4,3,0,0
Zone_DH398,5662699225,90.3480761,23.7663469,0.00528063,4,3,0,0
Zone_DH398,373378804,90.3568097,23.7613559,0.04388351,3,4,0,0
Zone_DH398,373378809,90.3551893,23.7611672,0.02871291,3,4,0,1
Zone_DH398,3289714431,90.3497793,23.7593756,0.0,4,1,0,0
Zone_DH398,12800257800,90.3535354,23.7656533,0.01406127,4,3,0,1
Zone_DH398,4857237274,90.352415,23.7647247,0.00618806,4,3,0,0
Zone_DH398,5836001063,90.3594262,23.7670468,0.0,4,1,0,0
Zone_DH398,5836001064,90.3600528,23.7672442,0.01182948,4,3,0,1
Zone_DH398,3731337013,90.3603669,23.7724169,0.05811314,3,3,0,0
Zone_DH398,3731337018,90.3596738,23.7726381,0.00984478,4,3,0,0
Zone_DH398,4809682753,90.3519139,23.7768536,0.001207,4,3,0,1
Zone_DH398,12800077643,90.3533591,23.7670332,0.0,4,1,0,0
Zone_DH398,12800077644,90.3531364,23.7665872,0.0,4,1,0,0
Zone_DH398,2296901458,90.3521951,23.7688153,0.0,4,1,0,0
Zone_DH398,2296901459,90.355097,23.7696117,0.02650664,3,4,0,1
Zone_DH398,5839499092,90.3606105,23.7671421,0.00554083,4,3,0,0
Zone_DH398,12701831009,90.3560403,23.7576021,0.01742279,4,3,0,0
Zone_DH398,12808965986,90.3634524,23.7582361,0.0235868,3,4,0,0
Zone_DH398,12808965993,90.3640319,23.7550629,0.00861008,4,3,0,0
Zone_DH398,379891563,90.3588046,23.7708424,0.0549229,3,3,0,0
Zone_DH398,7030574966,90.3692075,23.7740171,0.0,4,1,0,0
Zone_DH398,379891579,90.3589315,23.7733169,0.04537331,3,3,0,0
Zone_DH398,11478339458,90.3572498,23.7537748,0.001207,4,2,0,1
Zone_DH398,4963544966,90.3546094,23.753989,0.0,4,1,0,0
Zone_DH398,4963544967,90.3546007,23.7550974,0.00652772,4,3,0,0
Zone_DH398,11478339464,90.3575032,23.7539362,0.0,4,1,0,0
Zone_DH398,3012472721,90.3630113,23.7729735,0.01082729,4,3,0,0
Zone_DH398,4982001572,90.3542057,23.7705877,0.0,4,1,0,0
Zone_DH398,4867395498,90.350687,23.7701529,0.03255986,3,3,0,1
Zone_DH398,4973580247,90.3613371,23.7631012,0.0523316,3,3,0,0
Zone_DH398,387551192,90.3569806,23.7659493,0.0280511,3,3,0,0
Zone_DH398,4914294749,90.3624401,23.7612144,0.00425001,4,3,0,0
Zone_DH398,4914294750,90.3627731,23.7602322,0.0053885,4,3,0,0
Zone_DH398,5836099552,90.3586924,23.7660365,0.0795702,2,3,0,0
Zone_DH398,5836099553,90.3588289,23.7660426,0.03401686,3,3,0,0
Zone_DH398,5836099554,90.3590798,23.7653561,0.03343669,3,3,0,0
Zone_DH398,373387240,90.3623021,23.7615919,0.00687575,4,3,0,0
Zone_DH398,373387242,90.3619179,23.7626863,0.00350985,4,3,0,0
Zone_DH398,379899908,90.3458876,23.77205,0.00374054,4,3,0,1
Zone_DH398,12801789975,90.3514944,23.7701593,0.0,4,1,0,0
Zone_DH398,4950831134,90.3500127,23.7576857,0.00539652,4,3,0,1
Zone_DH398,4950831135,90.3494167,23.7576183,0.0,4,1,0,0
Zone_DH398,379908134,90.3588971,23.7695317,0.04402783,3,3,0,0
Zone_DH398,379908139,90.358921,23.7686207,0.01816186,4,3,0,0
Zone_DH398,9929084982,90.3622189,23.7721567,0.0,4,1,0,0
Zone_DH398,373379146,90.361407,23.7615526,0.03014732,3,3,0,0
Zone_DH398,373379148,90.3595002,23.7609907,0.03331351,3,3,0,0
Zone_DH398,3327578204,90.3617327,23.7546439,0.00648836,4,4,0,1
Zone_DH398,5917880412,90.3636742,23.7609604,0.02208315,4,3,0,0
Zone_DH398,5917880414,90.3636778,23.7602246,0.02137105,4,3,0,0
Zone_DH398,5917880415,90.3640653,23.7603409,0.00569973,4,3,0,0
Zone_DH398,3733672032,90.3586355,23.7714744,0.0490016,3,4,0,0
Zone_DH398,5917880416,90.3639761,23.7612984,0.0,4,1,0,0
Zone_DH398,2257055843,90.3660739,23.7746328,0.00838195,4,3,0,1
Zone_DH398,2257055844,90.3660317,23.774669,0.00692786,4,3,0,1
Zone_DH398,9729421440,90.3655512,23.7643136,0.0231954,4,3,0,0
Zone_DH398,373387394,90.3628508,23.7625639,0.04839118,3,3,0,0
Zone_DH398,5343645831,90.3671369,23.7744846,0.001207,4,2,0,1
Zone_DH398,5926457485,90.3658002,23.7605104,0.0109184,4,3,0,0
Zone_DH398,5926457486,90.3663782,23.7606865,0.00830833,4,3,0,0
Zone_DH398,5343645837,90.3659086,23.7745486,0.01666696,4,3,0,0
Zone_DH398,5343645843,90.364139,23.7739265,0.007449,4,3,0,0
Zone_DH398,5963755686,90.3668735,23.7559744,0.00089578,4,3,0,0
Zone_DH398,2320117928,90.3645872,23.7589006,0.02068811,4,3,0,0
Zone_DH398,2320117935,90.3642074,23.7587263,0.03380622,3,4,0,0
Zone_DH398,379859128,90.3646205,23.7727134,0.01487322,4,4,0,0
Zone_DH398,2320117954,90.3634213,23.7582869,0.03873189,3,3,0,0
Zone_DH398,4927901891,90.3666047,23.7706807,0.00273908,4,3,0,0
Zone_DH398,4927901890,90.3652868,23.771017,0.00051822,4,3,0,0
Zone_DH398,4927901893,90.3649865,23.7701494,0.02125225,4,3,0,0
Zone_DH398,369037512,90.3587595,23.7652777,0.10858924,1,3,0,0
Zone_DH398,2320117970,90.3664389,23.7596133,0.0283062,3,3,0,1
Zone_DH398,2320117972,90.3657327,23.7594273,0.05557742,3,4,0,0
Zone_DH398,12808974575,90.3635224,23.7580751,0.01675807,4,3,0,0
Zone_DH398,12808974576,90.3650859,23.758576,0.01481054,4,3,0,0
Zone_DH398,379851007,90.3585768,23.7674324,0.04915758,3,3,0,0
Zone_DH398,5839630591,90.3594674,23.7685307,0.01851755,4,3,0,0
Zone_DH398,9748476186,90.3677681,23.7569432,0.00175802,4,3,0,0
Zone_DH398,9748476187,90.3680063,23.7570125,0.00256633,4,3,0,0
Zone_DH398,369037601,90.363824,23.767036,0.0871934,2,3,0,0
Zone_DH398,4914295075,90.3627383,23.7628821,0.04989264,3,3,0,1
Zone_DH398,373379373,90.3573522,23.7638223,0.01632366,4,4,0,1
Zone_DH398,379908397,90.35993,23.7699448,0.08420506,2,3,0,0
Zone_DH398,379851059,90.3592539,23.7674734,0.0134461,4,3,0,0
Zone_DH398,379851060,90.3605532,23.7673033,0.00666547,4,4,0,0
Zone_DH398,373371192,90.3631108,23.7618284,0.04992689,3,3,0,0
Zone_DH398,369037629,90.3640577,23.7663697,0.04553633,3,3,0,0
Zone_DH398,369037636,90.3648448,23.7640727,0.0494965,3,4,0,0
Zone_DH398,373371216,90.3620566,23.7596989,0.01445048,4,3,0,0
Zone_DH398,373371220,90.3609093,23.7629731,0.0605419,3,3,0,0
Zone_DH398,4965962081,90.3538124,23.7548312,0.0042245,4,3,0,0
Zone_DH398,4965962082,90.3545549,23.7548783,0.00436736,4,3,0,1
Zone_DH398,369037670,90.3563266,23.7677863,0.00960936,4,4,0,0
Zone_DH398,11476980075,90.360699,23.7549227,0.0,4,1,0,0
Zone_DH398,5928063340,90.3663529,23.7607693,0.00908457,4,3,0,0
Zone_DH398,5928063341,90.366933,23.7609014,0.0011035,4,3,0,0
Zone_DH398,379851117,90.360469,23.7676888,0.00526168,4,3,0,0
Zone_DH398,373387638,90.3693299,23.7652615,0.00940382,4,4,0,1
Zone_DH398,373387641,90.3682141,23.7649001,0.01117788,4,3,0,0
Zone_DH398,12775248431,90.357609,23.759511,9.767e-05,4,3,0,0
Zone_DH398,10170593671,90.3504791,23.765245,0.01555617,4,3,0,0
Zone_DH398,5872669074,90.3631474,23.7697414,0.00923326,4,4,0,0
Zone_DH398,379900365,90.3471358,23.7716252,0.02007805,4,3,0,0
Zone_DH398,3013841393,90.3664863,23.7725911,0.00716839,4,3,0,0
Zone_DH398,3013841394,90.3672943,23.7729586,0.01102919,4,3,0,0
Zone_DH398,4881101302,90.3533703,23.762706,0.0,4,1,0,0
Zone_DH398,4914074104,90.3563164,23.7755251,0.0,4,1,0,0
Zone_DH398,4914074105,90.3582591,23.77665,0.0,4,1,0,0
Zone_DH398,4914074107,90.3579234,23.7764406,0.0,4,1,0,0
Zone_DH398,4872573445,90.3512836,23.7543434,0.0,4,1,0,0
Zone_DH398,4914074117,90.3576657,23.7753594,0.00350001,4,3,0,1
Zone_DH398,3289117201,90.3477368,23.7597964,0.0,4,1,0,0
Zone_DH398,375607843,90.3574738,23.7581851,0.00349126,4,3,0,0
Zone_DH398,4913992230,90.354993,23.7624985,0.00544462,4,3,0,1
Zone_DH398,4913992233,90.3541679,23.7637187,0.00985426,4,3,0,0
Zone_DH398,4913992234,90.357037,23.7637262,0.01604086,4,4,0,1
Zone_DH398,4913992235,90.3566334,23.7636067,0.03121,3,4,0,0
Zone_DH398,12775248428,90.3573587,23.7601181,0.0,4,1,0,0
Zone_DH398,4913992237,90.3558874,23.763407,0.04591923,3,4,0,1
Zone_DH398,12775248429,90.3574434,23.7597039,0.0,4,1,0,0
Zone_DH398,4913992239,90.3551591,23.7632993,0.02948915,3,4,0,1
Zone_DH398,12775248432,90.358117,23.7602835,0.03539806,3,3,0,0
Zone_DH398,12775248430,90.3581793,23.7595583,0.03183391,3,3,0,0
Zone_DH398,379908658,90.362127,23.7682135,0.03474427,3,3,0,0
Zone_DH398,379908659,90.3616872,23.769242,0.03356861,3,3,0,0
Zone_DH398,4913992243,90.3550558,23.76218,0.00568077,4,3,0,1
Zone_DH398,4913992236,90.3562793,23.7634982,0.02957662,3,4,0,1
Zone_DH398,4948300342,90.3647505,23.7673708,0.05852058,3,3,0,0
Zone_DH398,4913992240,90.3532872,23.7630034,0.0,4,1,0,0
Zone_DH398,4913992242,90.3541252,23.7620244,0.0,4,1,0,0
Zone_DH398,12797588031,90.3529212,23.7696082,0.0,4,1,0,0
Zone_DH398,12797588033,90.3540931,23.7699622,0.0026866,4,3,0,1
Zone_DH398,5895541354,90.3621311,23.7719905,0.00054592,4,3,0,0
Zone_DH398,379957867,90.3687454,23.7695887,0.00547669,4,3,0,0
Zone_DH398,5895541355,90.3615702,23.7718446,0.01150368,4,3,0,0
Zone_DH398,12802044544,90.3470563,23.762833,0.00544972,4,3,0,0
Zone_DH398,12802044545,90.3473699,23.762203,0.00068222,4,3,0,0
Zone_DH398,5758415493,90.3639386,23.7762583,0.00831198,4,3,0,0
Zone_DH398,5758415494,90.3638431,23.7761263,0.02792574,3,3,0,0
Zone_DH398,5769687689,90.3648664,23.771623,0.00189286,4,3,0,1
Zone_DH398,12698161803,90.3536621,23.7550332,0.00289068,4,3,0,0
Zone_DH398,4852929164,90.350032,23.7750516,0.00120992,4,3,0,1
Zone_DH398,4852929165,90.3505932,23.7752925,0.00361517,4,3,0,1
Zone_DH398,4852929166,90.3512389,23.7741499,0.02904455,3,3,0,1
Zone_DH398,4852929170,90.3503228,23.7758311,0.0,4,1,0,0
Zone_DH398,6642889377,90.3511673,23.7686309,0.00195773,4,3,0,1
Zone_DH398,12762010281,90.3497407,23.7658119,0.01981201,4,3,0,0
Zone_DH398,373379754,90.3575916,23.7620201,0.06631215,2,3,0,0
Zone_DH398,387093164,90.3697297,23.7578712,0.0,4,1,0,0
Zone_DH398,12791059116,90.347649,23.7728636,0.0,4,1,0,0
Zone_DH398,387093167,90.3678455,23.7574975,0.00321065,4,3,0,1
Zone_DH398,373387958,90.3690209,23.7661255,0.0019038,4,4,0,1
Zone_DH398,373387961,90.3679236,23.7658245,0.00054082,4,4,0,0
Zone_DH398,373387978,90.3661985,23.7639792,0.01969685,4,3,0,0
Zone_DH398,4914074323,90.3574066,23.7763404,0.0,4,1,0,0
Zone_DH398,4914074327,90.3584439,23.7752851,0.00563121,4,3,0,1
Zone_DH398,4114658009,90.3698263,23.7631419,0.00225802,4,3,0,0
Zone_DH398,4114658011,90.3696034,23.7637903,0.002457,4,2,0,0
Zone_DH398,4914074334,90.3580393,23.7752398,0.00446649,4,3,0,1
Zone_DH398,3271037663,90.3523717,23.7572273,0.02253286,4,4,0,0
Zone_DH398,4914074335,90.3572346,23.7753952,0.01141403,4,3,0,1
Zone_DH398,3271037665,90.3556372,23.7571508,0.0494156,3,3,0,0
Zone_DH398,3271037668,90.3532682,23.7573188,0.00228645,4,3,0,0
Zone_DH398,3271037669,90.3500747,23.7573412,0.00281488,4,3,0,0
Zone_DH398,3271037670,90.3500569,23.7574537,0.0036436,4,3,0,0
Zone_DH398,3271037671,90.3523613,23.7575674,0.0244578,3,3,0,0
Zone_DH398,4914074341,90.3565505,23.7747285,0.01253284,4,3,0,1
Zone_DH398,4914074345,90.3561117,23.7750347,0.01163342,4,3,0,0
Zone_DH398,3271037674,90.352326,23.75775,0.02747238,3,3,0,0
Zone_DH398,3271037675,90.3526831,23.7578043,0.01838125,4,4,0,0
Zone_DH398,4914074348,90.3560581,23.775225,0.00556999,4,3,0,0
Zone_DH398,3271037677,90.3499924,23.7578354,0.00640454,4,3,0,0
Zone_DH398,4914074349,90.3544333,23.7745369,0.00027551,4,3,0,0
Zone_DH398,4914074350,90.3543391,23.7749012,0.00024854,4,3,0,0
Zone_DH398,3271037680,90.3523226,23.7579329,0.01623401,4,3,0,0
Zone_DH398,3271037681,90.3499418,23.7580812,0.00668151,4,3,0,0
Zone_DH398,3271037682,90.3499221,23.75822,0.00778355,4,3,0,0
Zone_DH398,379908851,90.3634428,23.7668799,0.0605235,3,3,0,0
Zone_DH398,3271037684,90.3523247,23.7583452,0.0161983,4,3,0,0
Zone_DH398,3271037683,90.3491933,23.7583439,0.0,4,1,0,0
Zone_DH398,3271037686,90.3498653,23.7584371,0.0100321,4,3,0,1
Zone_DH398,3271037687,90.3498356,23.7585913,0.01107583,4,3,0,0
Zone_DH398,3271037689,90.3523354,23.7587373,0.01729378,4,3,0,0
Zone_DH398,5808313093,90.3632208,23.7652657,0.01418353,4,3,0,0
Zone_DH398,387093262,90.368642,23.7571509,0.00121283,4,3,0,1
Zone_DH398,7466406690,90.3693294,23.7712656,0.00361663,4,3,0,1
Zone_DH398,7466406691,90.3682433,23.7709245,0.00790454,4,3,0,0
Zone_DH398,12777976612,90.3589731,23.7707433,0.05651474,3,3,0,0
Zone_DH398,7466406696,90.3679475,23.7717335,0.01065018,4,3,0,0
Zone_DH398,7466406705,90.3698427,23.7663784,0.00786008,4,3,0,0
Zone_DH398,7466406706,90.3670255,23.7665114,0.00022303,4,2,0,0
Zone_DH398,11733087025,90.3621944,23.7694514,0.02128651,4,3,0,0
Zone_DH398,7466406710,90.3664914,23.7663432,0.00116546,4,2,0,0
Zone_DH398,7466406711,90.3662908,23.7662801,0.00214797,4,2,0,0
Zone_DH398,7466406715,90.3657643,23.7661143,0.00324272,4,2,0,0
Zone_DH398,7466406716,90.3652622,23.7675376,0.02596145,3,3,0,0
Zone_DH398,7466406717,90.3658918,23.7677427,0.02427121,3,3,0,0
Zone_DH398,7466406718,90.3653825,23.7691009,0.00110496,4,3,0,0
Zone_DH398,7466406719,90.3659517,23.7692783,0.00527261,4,3,0,0
Zone_DH398,7466406722,90.3646839,23.7689141,0.00140598,4,3,0,0
Zone_DH398,7466406723,90.3644953,23.7693923,0.0045729,4,3,0,0
Zone_DH398,3012096854,90.3605867,23.7617062,0.00045481,4,3,0,0
Zone_DH398,3012096855,90.3612786,23.7619192,0.01928887,4,3,0,0
Zone_DH398,10170569565,90.3576084,23.7547441,0.0087318,4,3,0,0
Zone_DH398,5762888553,90.3638905,23.7710388,0.0370278,3,3,0,0
Zone_DH398,5762888554,90.3628416,23.7708031,0.00206779,4,3,0,0
Zone_DH398,4114641771,90.3496513,23.7641094,0.00525074,4,3,0,0
Zone_DH398,5762888555,90.3629348,23.7704645,0.04422826,3,3,0,0
Zone_DH398,5762888557,90.3634152,23.7712565,0.00073615,4,3,0,0
Zone_DH398,5762888558,90.3635157,23.7709528,0.00155248,4,3,0,0
Zone_DH398,5762888556,90.3618674,23.7709529,0.0,4,1,0,0
Zone_DH398,5762888560,90.3628767,23.771589,0.0094563,4,3,0,0
Zone_DH398,5762888559,90.3617838,23.7713734,0.0,4,1,0,0
Zone_DH398,2295010171,90.352973,23.7692098,0.0,4,1,0,0
Zone_DH398,10031510397,90.3497999,23.7619907,0.06318386,3,3,0,0
Zone_DH398,3068392319,90.3541898,23.7600215,0.0,4,1,0,0
Zone_DH398,12791296901,90.3496898,23.7656307,0.005449,4,3,0,0
Zone_DH398,379909004,90.3643838,23.7683489,0.0387093,3,3,0,0
Zone_DH398,387552142,90.3542685,23.7668796,0.0,4,1,0,0
Zone_DH398,387552144,90.3574855,23.7674659,0.10056225,2,4,0,1
Zone_DH398,7466406800,90.3624767,23.7760896,0.00241327,4,3,0,1
Zone_DH398,7466406802,90.3625113,23.7759589,0.0,4,1,0,0
Zone_DH398,7466406801,90.3620754,23.7760313,0.0,4,1,0,0
Zone_DH398,10696258454,90.3680594,23.7597781,1.093e-05,4,3,0,0
Zone_DH398,7466406806,90.3572025,23.772523,0.00091473,4,3,0,0
Zone_DH398,7466406810,90.3504735,23.7759294,0.0,4,1,0,0
Zone_DH398,7466406813,90.3522867,23.7770683,0.0,4,1,0,0
Zone_DH398,5774308255,90.3636057,23.7720593,0.00634186,4,3,0,0
Zone_DH398,5763036072,90.3646168,23.772291,0.01803795,4,3,0,0
Zone_DH398,7466406825,90.3558051,23.7759417,0.00241327,4,3,0,1
Zone_DH398,5763036073,90.3649864,23.771302,0.01292059,4,3,0,0
Zone_DH398,7466406827,90.3550065,23.7758558,0.0,4,1,0,0
Zone_DH398,7466406824,90.3552807,23.7759816,0.0,4,1,0,0
Zone_DH398,3012096941,90.3599286,23.7611052,0.01515821,4,3,0,0
Zone_DH398,3012096942,90.3600671,23.7620569,0.0,4,3,0,0
Zone_DH398,3012096943,90.3603456,23.7612292,0.01401899,4,3,0,0
Zone_DH398,373380013,90.3571935,23.7619159,0.06595646,2,3,0,0
Zone_DH398,387093422,90.3665301,23.7548937,0.0,4,1,0,0
Zone_DH398,3012096945,90.3607192,23.7613452,0.01385937,4,3,0,0
Zone_DH398,387093425,90.3670345,23.7555108,0.0006844,4,2,0,0
Zone_DH398,7466406835,90.3524203,23.7759727,0.00985426,4,3,0,1
Zone_DH398,387552180,90.3557183,23.7731661,0.02156858,4,3,0,0
Zone_DH398,387093426,90.366626,23.7568479,0.00533165,4,3,0,0
Zone_DH398,387093430,90.3658794,23.7547557,0.00388266,4,3,0,1
Zone_DH398,387093427,90.3648692,23.7543198,0.00428718,4,2,0,0
Zone_DH398,7466406834,90.3525817,23.7760325,0.00241327,4,3,0,1
Zone_DH398,1787155386,90.369282,23.7572678,0.0,4,1,0,0
Zone_DH398,9862239169,90.3577524,23.7555476,0.0,4,1,0,0
Zone_DH398,9768850473,90.363679,23.7762398,0.01787542,4,3,0,1
Zone_DH398,9768850474,90.3637684,23.776367,0.00264942,4,3,0,1
Zone_DH398,9768850475,90.3689696,23.768618,0.01221141,4,3,0,0
Zone_DH398,6457504866,90.3700269,23.772231,0.0,4,1,0,0
Zone_DH398,379851880,90.3684775,23.767804,0.01850005,4,3,0,0
Zone_DH398,379851881,90.3676824,23.7698537,0.00084767,4,3,0,0
Zone_DH398,369038458,90.3529908,23.7674273,0.0232661,4,4,0,0
Zone_DH398,379851938,90.3670011,23.7681042,0.02159846,4,3,0,0
Zone_DH398,379851939,90.3663287,23.7699927,0.02349059,4,3,0,0
Zone_DH398,3733656742,90.358408,23.7702809,0.00457727,4,3,0,1
Zone_DH398,4861269201,90.3567875,23.7752182,0.0,4,1,0,0
Zone_DH398,4861269203,90.3567859,23.7755321,0.00241327,4,3,0,1
Zone_DH398,4861269206,90.3566217,23.7762378,0.0,4,1,0,0
Zone_DH398,4967879895,90.3576063,23.7555441,0.00277187,4,3,0,1
Zone_DH398,4967879894,90.3575607,23.7562009,0.00475439,4,3,0,0
Zone_DH398,369038564,90.3529676,23.7659063,0.06738504,2,3,0,0
Zone_DH398,4856796395,90.349366,23.772308,0.00032216,4,3,0,0
Zone_DH398,9656210702,90.3556647,23.7562434,0.00180831,4,3,0,0
Zone_DH398,4955641105,90.3602705,23.7591243,0.01008968,4,3,0,0
Zone_DH398,4955641107,90.3598886,23.7589308,0.00474491,4,4,0,0
Zone_DH398,4955641109,90.359501,23.75876,0.04988936,3,3,0,0
Zone_DH398,4971779358,90.3596847,23.760386,0.01497599,4,3,0,0
Zone_DH398,4950791474,90.349293,23.7635772,0.02421144,3,3,0,1
Zone_DH398,4950791475,90.3487763,23.7634468,0.0,4,1,0,0
Zone_DH398,4867790134,90.3584755,23.7671531,0.09461325,2,3,0,0
Zone_DH398,11414107455,90.3659494,23.7760153,0.0,4,1,0,0
Zone_DH398,5762733397,90.3642927,23.7736055,0.01136155,4,3,0,0
Zone_DH398,4975097174,90.3576905,23.7648379,0.001207,4,3,0,1
Zone_DH398,4975097178,90.3573131,23.7648523,0.0,4,1,0,0
Zone_DH398,4975097180,90.3570394,23.7654408,0.0,4,1,0,0
Zone_DH398,4975097182,90.3572271,23.7645682,0.0,4,1,0,0
Zone_DH398,4975097183,90.3576519,23.7646411,0.001207,4,3,0,1
Zone_DH398,4894700904,90.3526715,23.7688713,0.01157511,4,3,0,1
Zone_DH398,4894700905,90.3535003,23.7726342,0.001207,4,3,0,1
Zone_DH398,5774644586,90.3635676,23.7716431,0.01353721,4,3,0,1
Zone_DH398,5774644587,90.3633121,23.7715954,0.0,4,1,0,0
Zone_DH398,12801791342,90.3509171,23.7702117,0.03340535,3,3,0,1
Zone_DH398,387093874,90.3677047,23.7556381,0.00042493,4,2,0,0
Zone_DH398,387093875,90.3675947,23.7560611,0.00099855,4,3,0,0
Zone_DH398,387093876,90.3675006,23.756365,0.00249418,4,3,0,0
Zone_DH398,3444118901,90.3514525,23.772658,0.0,4,1,0,0
Zone_DH398,387093877,90.3673485,23.7568134,0.00591328,4,3,0,0
Zone_DH398,12751820151,90.3551035,23.7661291,0.06327642,3,3,0,0
Zone_DH398,4950791549,90.3515109,23.7634628,0.03061889,3,3,0,0
Zone_DH398,5763077502,90.3653666,23.7717617,0.0,4,1,0,0
Zone_DH398,5763077503,90.3642837,23.7716475,0.01831857,4,3,0,0
Zone_DH398,373380480,90.3555263,23.7633579,0.04595859,3,4,0,0
Zone_DH398,5763077504,90.3647995,23.7718021,0.01777192,4,3,0,0
Zone_DH398,373380482,90.354849,23.7652224,0.0248922,3,4,0,1
Zone_DH398,6643111311,90.3553992,23.775012,0.00903866,4,3,0,0
Zone_DH398,6643111313,90.3548723,23.775035,0.00797087,4,3,0,1
Zone_DH398,6643111315,90.3546631,23.775742,0.0,4,1,0,0
Zone_DH398,6643111316,90.352644,23.7756488,0.01221359,4,3,0,0
Zone_DH398,6643086741,90.3519211,23.7674611,0.0,4,1,0,0
Zone_DH398,6643086745,90.3502521,23.7668762,0.00560497,4,4,0,1
Zone_DH398,6643086746,90.3498553,23.766733,0.0,4,1,0,0
Zone_DH398,6643086756,90.3509266,23.7657679,0.0,4,1,0,0
Zone_DH398,6643086761,90.3517233,23.7660544,0.00404229,4,3,0,1
Zone_DH398,6643086763,90.3522891,23.766157,0.00482946,4,4,0,0
Zone_DH398,6643086764,90.3528486,23.7662614,0.03717066,3,3,0,0
Zone_DH398,12774413740,90.3500082,23.7689661,0.0,4,1,0,0
Zone_DH398,6643086767,90.3518736,23.7655579,0.03575083,3,3,0,0
Zone_DH398,6643086769,90.3518468,23.7635284,0.0113426,4,3,0,0
Zone_DH398,6643086772,90.3534998,23.7642106,0.02497894,3,3,0,1
Zone_DH398,6984988105,90.3679053,23.7714003,0.01986157,4,3,0,0
Zone_DH398,6984988109,90.3680554,23.7714461,0.01668737,4,3,0,0
Zone_DH398,5763356114,90.3660683,23.7705046,0.00395701,4,3,0,0
Zone_DH398,5763356115,90.3658614,23.7711944,0.00286881,4,3,0,0
Zone_DH398,12770137561,90.349942,23.764975,0.0243594,3,3,0,0
Zone_DH398,12770137566,90.3496503,23.7657825,0.01959991,4,3,0,0
Zone_DH398,379901406,90.3458953,23.7712603,0.0191451,4,3,0,0
Zone_DH398,379901407,90.3462335,23.7700227,0.0,4,1,0,0
Zone_DH398,373372388,90.3670492,23.7623231,0.01116548,4,3,0,0
Zone_DH398,373372393,90.3664374,23.7621822,0.02480547,3,3,0,0
Zone_DH398,12777854448,90.356804,23.7705776,0.0,4,1,0,0
Zone_DH398,12777854449,90.3570887,23.7701298,0.02943157,3,3,0,0
Zone_DH398,12777854450,90.3569029,23.7706064,0.01259698,4,3,0,1
Zone_DH398,387094006,90.3670657,23.7589744,0.0,4,1,0,0
Zone_DH398,4353414648,90.3630873,23.7656464,0.00901023,4,3,0,0
Zone_DH398,4950791698,90.351255,23.7649033,0.0140824,4,3,0,0
Zone_DH398,379901460,90.3472632,23.7708712,0.01403794,4,3,0,0
Zone_DH398,379901461,90.3460978,23.7705743,0.00902699,4,4,0,1
Zone_DH398,4950791702,90.349574,23.7644723,0.0033229,4,3,0,0
Zone_DH398,4973319703,90.356996,23.7566388,0.04348409,3,3,0,0
Zone_DH398,9560176154,90.3533041,23.7656195,0.04071878,3,3,0,0
Zone_DH398,4965717541,90.3481581,23.7713534,0.0,4,1,0,0
Zone_DH398,4826404392,90.3484488,23.7715884,0.0,4,1,0,0
Zone_DH398,4826404395,90.3495315,23.7718072,0.00233237,4,3,0,1
Zone_DH398,7765546554,90.3521336,23.761968,0.0,4,1,0,0
Zone_DH398,7765546555,90.3525674,23.7619505,0.01439581,4,3,0,1
Zone_DH398,373372477,90.3675968,23.7607451,0.00632363,4,3,0,0
Zone_DH398,7765546557,90.3509805,23.7618199,0.0,4,1,0,0
Zone_DH398,7765546558,90.352032,23.7620433,0.0,4,1,0,0
Zone_DH398,10591802942,90.3687985,23.7739115,0.001207,4,2,0,1
Zone_DH398,7765546561,90.3576955,23.7589636,0.01120411,4,3,0,0
Zone_DH398,379909698,90.3638488,23.7697759,0.03694471,3,3,0,0
Zone_DH398,10591802946,90.3676973,23.7736388,0.00374345,4,3,0,1
Zone_DH398,373372497,90.3694895,23.7608006,0.00242639,4,3,0,0
Zone_DH398,373372500,90.368792,23.7628301,0.00794171,4,3,0,0
Zone_DH398,373372510,90.3701273,23.7608192,0.00123251,4,2,0,0
Zone_DH398,373372513,90.3693669,23.7630035,0.00594827,4,3,0,0
Zone_DH398,373372532,90.3689276,23.7623862,5.102e-05,4,3,0,0
Zone_DH398,373372533,90.3672023,23.761882,0.0076283,4,3,0,0
Zone_DH398,5826762358,90.3627416,23.7674837,0.04956283,3,3,0,0
Zone_DH398,5826762359,90.3631254,23.7676055,0.03936017,3,3,0,0
Zone_DH398,6190544505,90.3644843,23.7730711,0.01424348,4,4,0,0
Zone_DH398,6190544506,90.3643689,23.7734019,0.01204304,4,4,0,0
Zone_DH398,12189120131,90.3574951,23.7655187,0.0,4,1,0,0
Zone_DH398,373372551,90.3689361,23.7607843,0.00361298,4,3,0,0
Zone_DH398,373372554,90.3683813,23.7622403,0.00041327,4,3,0,0
Zone_DH398,3271055001,90.3453981,23.7606022,0.0,4,1,0,0
Zone_DH398,4881192605,90.3489762,23.7734724,0.01847673,4,4,0,1
Zone_DH398,268400290,90.3609447,23.7654509,0.01095484,4,3,0,0
Zone_DH398,268400294,90.3626782,23.7639679,0.0143273,4,3,0,0
Zone_DH398,3271055015,90.3461555,23.7609416,0.00598908,4,4,0,1
Zone_DH398,268400295,90.3615661,23.7636443,0.0509781,3,3,0,0
Zone_DH398,379901609,90.3460145,23.7708718,0.02199569,4,4,0,0
Zone_DH398,4914337449,90.36516,23.7610163,0.05243383,3,4,0,0
Zone_DH398,268400296,90.3608961,23.7642391,0.06581524,2,3,0,0
Zone_DH398,268400297,90.3610458,23.7638115,0.03002359,3,3,0,0
Zone_DH398,5860103849,90.3593087,23.7678025,0.01454888,4,3,0,0
Zone_DH398,5860103848,90.3605118,23.7676844,0.00346211,4,3,0,0
Zone_DH398,373372589,90.3557262,23.7616265,0.07693463,2,4,0,1
Zone_DH398,4914337456,90.3634386,23.7609011,0.04260289,3,3,0,0
Zone_DH398,4914337457,90.3649245,23.7616696,0.03684413,3,3,0,0
Zone_DH398,4914337458,90.3631469,23.7617263,0.05132777,3,3,0,0
Zone_DH398,268400307,90.3593906,23.7630305,0.01389508,4,3,0,0
Zone_DH398,268400308,90.3611458,23.7635156,0.02526775,3,3,0,0
Zone_DH398,5817022131,90.3605228,23.7654051,0.03115461,3,3,0,0
Zone_DH398,4914337462,90.3634427,23.7622085,0.00144534,4,3,0,0
Zone_DH398,5817022130,90.359183,23.7650337,0.00351386,4,3,0,0
Zone_DH398,379844279,90.3617272,23.7681541,0.00995265,4,3,0,0
Zone_DH398,3271055025,90.3460089,23.7612087,0.00527334,4,3,0,0
Zone_DH398,3271055033,90.3494543,23.7622945,0.06618678,2,3,0,0
Zone_DH398,379844282,90.363419,23.7686965,0.001207,4,3,0,1
Zone_DH398,379844284,90.3630215,23.766738,0.04493891,3,3,0,0
Zone_DH398,4914337460,90.3635684,23.7618503,0.00979777,4,4,0,0
Zone_DH398,12829677246,90.3614282,23.7570474,0.05465176,3,3,0,0
Zone_DH398,3271055046,90.348317,23.7619331,0.0,4,1,0,0
Zone_DH398,1813542599,90.3625051,23.7729601,0.01283896,4,3,0,0
Zone_DH398,1813542600,90.3613257,23.7726568,0.02359409,3,3,0,0
Zone_DH398,1813542602,90.3614653,23.7721871,0.01257511,4,3,0,0
Zone_DH398,3271055051,90.3490939,23.7626321,0.05361969,3,3,0,0
Zone_DH398,3271055052,90.3491921,23.7625392,0.05797029,3,3,0,0
Zone_DH398,3271055053,90.3501354,23.762694,0.0,4,1,0,0
Zone_DH398,3271055056,90.3516514,23.763059,0.02042426,4,3,0,1
Zone_DH398,3271055059,90.3493443,23.7633633,0.02489001,3,3,0,0
Zone_DH398,3012040403,90.3590057,23.7623961,0.10243324,2,3,0,0
Zone_DH398,3271055060,90.3483042,23.7636248,0.02979236,3,3,0,0
Zone_DH398,375609059,90.3669244,23.7581164,0.01588343,4,4,0,0
Zone_DH398,379893481,90.3564364,23.7711849,0.04418307,3,3,0,0
Zone_DH398,387094249,90.3641937,23.7561588,0.00541765,4,3,0,0
Zone_DH398,379852523,90.3665165,23.7694655,0.01890166,4,3,0,0
Zone_DH398,10031773420,90.3611081,23.7571359,0.05412917,3,3,0,0
Zone_DH398,379893484,90.3575981,23.7712127,0.03912038,3,4,0,0
Zone_DH398,387094251,90.3672805,23.7570261,0.00843151,4,3,0,0
Zone_DH398,10031773423,90.3566804,23.7561899,0.02890752,3,4,0,0
Zone_DH398,11292636912,90.3455103,23.7602728,0.0,4,1,0,0
Zone_DH398,3280172783,90.3535351,23.7596173,0.0,4,1,0,0
Zone_DH398,379893488,90.3586347,23.7732953,0.01171068,4,3,0,0
Zone_DH398,373372659,90.3620353,23.7611028,0.00981417,4,3,0,0
Zone_DH398,2320111348,90.368412,23.7700823,0.00541182,4,3,0,0
Zone_DH398,2320111342,90.3693353,23.7680809,0.00639215,4,4,0,0
Zone_DH398,373372664,90.3629349,23.7585279,0.00218222,4,3,0,0
Zone_DH398,373372670,90.364068,23.7591207,0.0142515,4,3,0,0
Zone_DH398,2320111358,90.3701713,23.7655634,0.00635425,4,2,0,0
Zone_DH398,5764912905,90.3666638,23.7690519,0.01944831,4,3,0,0
Zone_DH398,5764912906,90.3668464,23.7685392,0.01978359,4,3,0,0
Zone_DH398,5764912907,90.3664714,23.7679316,0.0270511,3,4,0,0
Zone_DH398,5764912908,90.3682085,23.7684977,0.00017201,4,3,0,0
Zone_DH398,5764912909,90.3680391,23.7689342,0.00020117,4,3,0,0
Zone_DH398,373372686,90.367232,23.7599462,0.00481707,4,3,0,0
Zone_DH398,5764912910,90.3678462,23.7694316,0.00055758,4,3,0,0
Zone_DH398,5764912912,90.3589852,23.7732782,0.04835,3,3,0,0
Zone_DH398,5764912911,90.3639705,23.7745122,0.04640174,3,4,0,0
Zone_DH398,4954298127,90.3519662,23.7616336,0.0,4,1,0,0
Zone_DH398,387094292,90.3658085,23.7566373,0.01316039,4,3,0,0
Zone_DH398,387094293,90.3649333,23.7589853,0.01959335,4,3,0,0
Zone_DH398,5776250646,90.3621861,23.7710449,0.0169104,4,3,0,1
Zone_DH398,5776250647,90.3624044,23.7703137,0.06231505,3,3,0,0
Zone_DH398,5776250648,90.3623094,23.7706724,0.0174709,4,3,0,0
Zone_DH398,379844378,90.3596614,23.7655298,0.02958536,3,3,0,0
Zone_DH398,373372699,90.3670851,23.7604154,0.00202916,4,3,0,0
Zone_DH398,379844379,90.3593889,23.7662854,0.03359485,3,3,0,0
Zone_DH398,373372701,90.3655202,23.760017,0.05246881,3,4,0,0
Zone_DH398,379844380,90.3590683,23.7667431,0.00311808,4,3,0,1
Zone_DH398,373372705,90.363916,23.7595508,0.01585282,4,3,0,0
Zone_DH398,5817063202,90.3592328,23.7643313,0.00602771,4,3,0,0
Zone_DH398,5817063203,90.3607438,23.7647416,0.02013708,4,3,0,0
Zone_DH398,12778051368,90.3600155,23.7744376,0.0,4,1,0,0
Zone_DH398,12778051370,90.3597605,23.7740403,0.0,4,1,0,0
Zone_DH398,12778051372,90.3601877,23.7746823,0.00241327,4,3,0,1
Zone_DH398,373372717,90.3678619,23.759981,0.00335278,4,2,0,0
Zone_DH398,4852971310,90.3501856,23.7746724,0.001207,4,3,0,1
Zone_DH398,4852971309,90.3508246,23.7749284,0.00722014,4,3,0,1
Zone_DH398,12778051373,90.3599384,23.7747076,0.0,4,1,0,0
Zone_DH398,12778051376,90.3597753,23.7748992,0.0,4,1,0,0
Zone_DH398,4875581237,90.3505477,23.7682173,0.0,4,1,0,0
Zone_DH398,375609151,90.3675502,23.7583089,0.00544244,4,3,0,1
Zone_DH398,5863094104,90.3590095,23.7692123,0.01910501,4,3,0,1
Zone_DH398,5863094105,90.3599865,23.7695648,0.0,4,1,0,0
Zone_DH398,373380954,90.3554136,23.7625867,0.00588486,4,3,0,1
Zone_DH398,373380956,90.3552866,23.7629017,0.00648544,4,3,0,1
Zone_DH398,373380957,90.3579981,23.7663747,0.09254619,2,3,0,0
Zone_DH398,4875286374,90.3493872,23.7691711,0.0,4,1,0,0
Zone_DH398,4875286375,90.3486936,23.7691791,0.03392575,3,3,0,1
Zone_DH398,3448780648,90.3588781,23.7553871,0.00283601,4,4,0,0
Zone_DH398,11372787566,90.3578068,23.7659721,0.02359482,3,3,0,1
Zone_DH398,12794328943,90.3487914,23.7729557,0.02623331,3,3,0,1
Zone_DH398,4875286383,90.3487501,23.7701958,0.03859997,3,3,0,0
Zone_DH398,11372787568,90.3574672,23.7659581,0.02252193,4,3,0,1
Zone_DH398,11372787567,90.357804,23.7654916,0.0,4,1,0,0
Zone_DH398,4875286387,90.3499852,23.7701999,0.03024499,3,3,0,1
Zone_DH398,4875286388,90.3497591,23.7701631,0.02954965,3,3,0,1
Zone_DH398,12794328944,90.3488867,23.7726365,0.0,4,1,0,0
Zone_DH398,4875286393,90.3509142,23.7688921,0.0,4,1,0,0
Zone_DH398,4875581306,90.3515836,23.7693669,0.0,4,1,0,0
Zone_DH398,379852668,90.3624938,23.7683981,0.02356129,4,3,0,0
Zone_DH398,379852669,90.3618915,23.7701608,0.06341928,3,3,0,0
Zone_DH398,4875286397,90.3514189,23.7679514,0.03353508,3,3,0,0
Zone_DH398,4875581309,90.3513458,23.7701053,0.00241327,4,3,0,1
Zone_DH398,379852672,90.3639063,23.7709783,0.0533675,3,3,0,0
Zone_DH398,9709016960,90.3575989,23.7693602,0.0,4,1,0,0
Zone_DH398,379852677,90.3633099,23.7718636,0.01851609,4,3,0,0
Zone_DH398,379852679,90.3628874,23.771896,0.01895851,4,3,0,0
Zone_DH398,5839697809,90.3589845,23.7682305,0.00016035,4,3,0,0
Zone_DH398,5839697810,90.3588637,23.7673981,0.00364797,4,3,0,0
Zone_DH398,3949459361,90.3549589,23.7638695,0.02304088,4,3,0,0
Zone_DH398,5907732410,90.3599239,23.7607045,0.00093003,4,3,0,0
Zone_DH398,3731503034,90.3530233,23.7750337,0.01908242,4,3,0,0
Zone_DH398,3731503039,90.3544593,23.7752835,0.00504812,4,3,0,0
Zone_DH398,387094463,90.3636448,23.7577286,0.01459771,4,3,0,0
Zone_DH398,387094464,90.365228,23.7581946,0.01733314,4,3,0,0
Zone_DH398,387094465,90.3621796,23.7574393,0.00681416,4,3,0,0
Zone_DH398,387094466,90.3625045,23.7566365,0.01724058,4,3,0,0
Zone_DH398,387094467,90.3638704,23.7570805,0.02264438,4,3,0,0
Zone_DH398,387094469,90.3648584,23.7580841,0.0085044,4,3,0,0
Zone_DH398,387094470,90.3651137,23.7564297,0.00977189,4,3,0,0
Zone_DH398,387094471,90.3648315,23.7572024,0.00108674,4,3,0,0
Zone_DH398,3792279501,90.3562988,23.7681435,0.01663051,4,3,0,0
Zone_DH398,5769730002,90.3657562,23.7715302,0.01260426,4,4,0,0
Zone_DH398,387094485,90.3639145,23.7569521,0.02148111,4,3,0,0
Zone_DH398,5923846102,90.3647987,23.7620187,0.04075231,3,3,0,0
Zone_DH398,5923846103,90.3658919,23.7623349,0.0,4,1,0,0
Zone_DH398,387094486,90.3651433,23.7572904,0.0022952,4,3,0,0
Zone_DH398,4965717974,90.349756,23.7707496,0.0,4,1,0,0
Zone_DH398,387094490,90.3649956,23.7577132,0.00281998,4,3,0,0
Zone_DH398,12808976348,90.3684806,23.7579701,0.0,4,1,0,0
Zone_DH398,387094493,90.3651384,23.7584349,0.01368882,4,3,0,0
Zone_DH398,387094494,90.3666507,23.758882,0.01486447,4,3,0,0
Zone_DH398,387094507,90.3652801,23.7580548,0.01248983,4,3,0,0
Zone_DH398,387094508,90.3667929,23.758509,0.0140168,4,3,0,0
Zone_DH398,12802045931,90.3467211,23.7643588,0.00436372,4,3,0,0
Zone_DH398,12802045932,90.3465436,23.7650911,0.0046006,4,3,0,0
Zone_DH398,11203844077,90.3634394,23.7554188,0.00562538,4,3,0,1
Zone_DH398,3271055364,90.3492159,23.7639365,0.02596582,3,3,0,0
Zone_DH398,3271055365,90.3483499,23.7641077,0.0,4,1,0,0
Zone_DH398,3271055367,90.3491342,23.7643142,0.02794177,3,3,0,1
Zone_DH398,4974614536,90.3554461,23.7647567,0.0,4,1,0,0
Zone_DH398,3271055369,90.3476958,23.7646525,0.03193231,3,3,0,0
Zone_DH398,4974614538,90.3556637,23.7652835,0.0,4,1,0,0
Zone_DH398,3271055371,90.3475209,23.7649635,0.0309651,3,3,0,1
Zone_DH398,3271055374,90.3487033,23.7652312,0.0,4,1,0,0
Zone_DH398,5774456848,90.3628019,23.7718962,0.01796798,4,3,0,0
Zone_DH398,5774456850,90.3622799,23.7718623,0.01274494,4,3,0,0
Zone_DH398,4597282858,90.362343,23.7772932,0.0,4,1,0,0
Zone_DH398,12774774833,90.3495666,23.7716875,0.00441838,4,3,0,1
Zone_DH398,12800219187,90.3546148,23.76655,0.00841839,4,3,0,1
Zone_DH398,387094591,90.3654155,23.7576917,0.01105105,4,3,0,0
Zone_DH398,10031773418,90.3589593,23.756608,0.05648121,3,3,0,0
Zone_DH398,11417098321,90.3472041,23.7610341,0.01233677,4,3,0,0
Zone_DH398,11417098323,90.3473158,23.7609188,0.01462468,4,3,0,0
Zone_DH398,5456476284,90.3587644,23.7634206,0.10004913,2,3,0,0
Zone_DH398,5456476285,90.3589063,23.763428,0.08028813,2,3,0,0
Zone_DH398,379902091,90.3470787,23.7719491,0.02003504,4,3,0,1
Zone_DH398,379902095,90.3482317,23.7721581,0.0,4,1,0,0
Zone_DH398,12395395220,90.3584556,23.7622471,0.06839451,2,3,0,0
Zone_DH398,4857092249,90.3516384,23.7668456,0.01766915,4,3,0,0
Zone_DH398,373381278,90.3514965,23.7635157,0.02362981,3,3,0,0
Zone_DH398,373381283,90.3514084,23.7638406,0.01964,4,3,0,0
Zone_DH398,373381288,90.3513026,23.7641872,0.01754888,4,3,0,0
Zone_DH398,11416918188,90.3554359,23.7625255,0.0,4,1,0,0
Zone_DH398,11416918189,90.3554925,23.7623362,0.0,4,1,0,0
Zone_DH398,11416918191,90.3560947,23.7616339,0.07735591,2,3,0,0
Zone_DH398,11416918192,90.3568191,23.7618015,0.06307963,3,3,0,0
Zone_DH398,11416918193,90.3583335,23.7633393,0.01796215,4,3,0,0
Zone_DH398,11416918194,90.3572481,23.7642364,0.0,4,1,0,0
Zone_DH398,11416918196,90.3565629,23.7650854,0.0,4,1,0,0
Zone_DH398,4857092290,90.3513592,23.7663725,0.01052044,4,3,0,0
Zone_DH398,4857092294,90.3510848,23.7676179,0.0,4,1,0,0
Zone_DH398,4857092298,90.3512419,23.7667402,0.01129304,4,4,0,1
Zone_DH398,4857092300,90.350186,23.7671458,0.00362319,4,3,0,1
Zone_DH398,373373159,90.3623095,23.7589771,0.01626973,4,3,0,0
Zone_DH398,373373160,90.3607268,23.7584875,0.00619098,4,3,0,0
Zone_DH398,387094799,90.3655433,23.7573487,0.00703063,4,3,0,0
Zone_DH398,387094800,90.3670392,23.7577649,0.00559696,4,3,0,0
Zone_DH398,3068213523,90.3560626,23.7588682,0.02526538,3,3,0,0
Zone_DH398,3068213524,90.3560233,23.7591359,0.00473981,4,3,0,0
Zone_DH398,5817039141,90.3592034,23.7646871,0.00509039,4,3,0,0
Zone_DH398,5817039142,90.3606171,23.7650786,0.02103796,4,3,0,0
Zone_DH398,6087473463,90.3639366,23.7760583,0.02907807,3,3,0,0
Zone_DH398,5907519804,90.3616852,23.7607588,0.01887979,4,3,0,0
Zone_DH398,5907519805,90.3621129,23.7608806,0.00920046,4,3,0,0
Zone_DH398,373381439,90.3525424,23.7616223,0.00962029,4,3,0,1
Zone_DH398,10026989892,90.3625492,23.7634172,0.08362415,2,3,0,0
Zone_DH398,387094854,90.3656782,23.7569869,0.00585424,4,3,0,0
Zone_DH398,4881103175,90.3478907,23.7741536,0.0,4,1,0,0
Zone_DH398,4881094984,90.3486998,23.773411,0.00241327,4,3,0,1
Zone_DH398,387094858,90.3671715,23.7573912,0.00487392,4,3,0,0
Zone_DH398,11476793675,90.3588626,23.755915,0.0054694,4,3,0,0
Zone_DH398,11476793676,90.3581232,23.7555238,0.01468299,4,3,0,0
Zone_DH398,11476793677,90.3588717,23.7555483,0.00400511,4,3,0,0
Zone_DH398,11476793674,90.3583339,23.7558769,0.01925953,4,3,0,0
Zone_DH398,4881103180,90.3485771,23.7745917,0.00737466,4,3,0,1
Zone_DH398,379894096,90.3559241,23.7728019,0.01342934,4,4,0,1
Zone_DH398,379894100,90.3555178,23.7736097,0.03959924,3,3,0,0
Zone_DH398,4881103189,90.3481478,23.7737646,0.0,4,1,0,0
Zone_DH398,12791404913,90.3516244,23.7631383,0.02005399,4,3,0,1
Zone_DH398,12791404914,90.352398,23.7632878,0.0,4,1,0,0
Zone_DH398,387094902,90.3665143,23.7554076,0.00279666,4,3,0,0
Zone_DH398,387094905,90.3664126,23.7559031,0.00369607,4,3,0,0
Zone_DH398,387094908,90.366202,23.7567367,0.01167496,4,3,0,0
Zone_DH398,3012467078,90.3649391,23.7738178,0.0042573,4,3,0,0
Zone_DH398,3012467079,90.3625418,23.7728144,0.01372453,4,3,0,0
Zone_DH398,4927953311,90.3626451,23.7725082,0.00662174,4,3,0,0
Zone_DH398,12769982897,90.3509269,23.7670125,0.0,4,1,0,0
Zone_DH398,5895444918,90.3660663,23.7629063,0.01956201,4,3,0,1
Zone_DH398,12751739343,90.3532202,23.7617589,0.0,4,1,0,0
Zone_DH398,1765145040,90.3580496,23.7678443,0.0,4,1,0,0
Zone_DH398,1765145041,90.3578286,23.7682314,0.0,4,1,0,0
Zone_DH398,1765145042,90.3570318,23.7681846,0.09173569,2,4,0,1
Zone_DH398,1765145043,90.3556117,23.7681943,0.03114951,3,3,0,0
Zone_DH398,2320357872,90.3653854,23.7603908,0.04419546,3,3,0,0
Zone_DH398,2320357875,90.3668523,23.7611591,0.00133601,4,3,0,0
Zone_DH398,2320357878,90.3640441,23.7603869,0.00312173,4,3,0,1
Zone_DH398,2320357884,90.3652568,23.7607478,0.05294549,3,4,0,0
Zone_DH398,2320357886,90.3665071,23.7602648,0.0017019,4,3,0,0
Zone_DH398,2320357887,90.3641849,23.7600273,0.00269097,4,3,0,0
Zone_DH398,2320357890,90.3662747,23.7610254,0.01153866,4,4,0,0
Zone_DH398,10044684817,90.353322,23.7633929,0.0,4,1,0,0
Zone_DH398,4978670105,90.3528671,23.7684683,0.01058093,4,3,0,0
Zone_DH398,4978670106,90.3555979,23.7684977,0.02203797,4,4,0,0
Zone_DH398,5826886171,90.3623982,23.768305,0.05124796,3,3,0,0
Zone_DH398,4978670108,90.3555483,23.7692512,0.02061814,4,3,0,0
Zone_DH398,4978670107,90.3555625,23.7688723,0.01898329,4,4,0,0
Zone_DH398,4978670111,90.3501699,23.7672222,0.00311153,4,3,0,1
Zone_DH398,4978670113,90.3489818,23.7671475,0.0,4,1,0,0
Zone_DH398,4978670114,90.3527574,23.7665885,0.03443086,3,3,0,0
Zone_DH398,4978670115,90.3538926,23.7679676,0.02951904,3,3,0,0
Zone_DH398,4978670116,90.3538399,23.7683532,0.00448908,4,4,0,0
Zone_DH398,4978670117,90.3538072,23.7686059,0.00063411,4,3,0,0
Zone_DH398,5867846187,90.3608232,23.7701726,0.07890475,2,3,0,0
Zone_DH398,5867846189,90.3607432,23.7704597,0.0172362,4,3,0,1
Zone_DH398,5625444911,90.3552599,23.7563526,0.00196356,4,4,0,0
Zone_DH398,5867846191,90.3602377,23.7710614,0.0,4,1,0,0
Zone_DH398,5817154117,90.3588753,23.7639428,0.1357606,1,3,0,0
Zone_DH398,4968028759,90.3544189,23.7586881,0.0,4,1,0,0
Zone_DH398,4852972121,90.3501127,23.7737157,0.02119685,4,3,0,0
Zone_DH398,4852972127,90.3499819,23.7741973,0.00464724,4,3,0,1
Zone_DH398,4968028769,90.3552211,23.757434,0.04529313,3,3,0,0
Zone_DH398,4852972136,90.3493193,23.7748395,0.00362829,4,3,0,1
Zone_DH398,4852972138,90.3490487,23.7753301,0.0,4,1,0,0
Zone_DH398,12762004113,90.3548716,23.7607913,0.02752632,3,3,0,0
Zone_DH398,4368366225,90.3636603,23.768092,0.00865965,4,3,0,0
Zone_DH398,4368366227,90.3632497,23.7679436,0.01010207,4,3,0,0
Zone_DH398,12797467283,90.3533326,23.7705585,0.0,4,1,0,0
Zone_DH398,379902640,90.3545111,23.7725419,0.08699807,2,4,0,1
Zone_DH398,379902643,90.3510814,23.7711091,0.0,4,1,0,0
Zone_DH398,379902645,90.3528993,23.7723041,0.0,4,1,0,0
Zone_DH398,4852964028,90.3506631,23.775714,0.0,4,1,0,0
Zone_DH398,12059559964,90.3519735,23.760968,0.0,4,1,0,0
Zone_DH398,6642924238,90.3505841,23.7672861,0.0,4,1,0,0
Zone_DH398,6642924241,90.3529644,23.7693357,0.0,4,1,0,0
Zone_DH398,379902678,90.353978,23.7733943,0.08233041,2,3,0,0
Zone_DH398,4856994519,90.3497044,23.763862,0.00424491,4,3,0,0
Zone_DH398,379902680,90.3509062,23.7720091,0.01433823,4,4,0,0
Zone_DH398,379902681,90.3538582,23.7711876,0.0,4,1,0,0
Zone_DH398,379902682,90.3561393,23.7722963,0.0137136,4,3,0,0
Zone_DH398,4305656538,90.3607828,23.7667553,0.0268062,3,3,0,0
Zone_DH398,4305656539,90.3627784,23.7673969,0.0234352,4,3,0,0
Zone_DH398,379902685,90.3562806,23.771831,0.01459188,4,3,0,0
Zone_DH398,4973337312,90.3585099,23.7594452,0.06165616,3,4,0,0
Zone_DH398,4973337313,90.3584498,23.75907,0.05351911,3,3,0,0
Zone_DH398,6657399522,90.3468204,23.7707489,0.0051006,4,3,0,1
Zone_DH398,6657399523,90.3458065,23.7700475,0.0,4,1,0,0
Zone_DH398,6657399521,90.3469534,23.7704149,0.0,4,1,0,0
Zone_DH398,6657399527,90.3478645,23.768533,0.00947014,4,3,0,0
Zone_DH398,6657399528,90.3478343,23.7684276,0.00448325,4,3,0,1
Zone_DH398,6657399530,90.3486945,23.7686199,0.04212111,3,3,0,0
Zone_DH398,6657399531,90.3471852,23.7684522,0.0,4,1,0,0
Zone_DH398,6657399535,90.3489186,23.7682244,0.0425096,3,3,0,1
Zone_DH398,6657399537,90.3490224,23.767957,0.02180837,4,3,0,0
Zone_DH398,6657399539,90.3490237,23.7678687,0.02278943,4,3,0,1
Zone_DH398,3010673407,90.3657195,23.7651787,0.00444535,4,3,0,0
Zone_DH398,5895486208,90.3627238,23.7629232,0.0525632,3,3,0,0
Zone_DH398,11133262610,90.3693013,23.7731643,0.0,4,1,0,0
Zone_DH398,3956292377,90.3533619,23.7646668,0.03421439,3,3,0,0
Zone_DH398,3956292379,90.3516953,23.7646062,0.00438923,4,3,0,0
Zone_DH398,3956292381,90.3533345,23.7647535,0.02847312,3,3,0,0
Zone_DH398,12802079531,90.3463532,23.7639104,0.00128426,4,3,0,0
Zone_DH398,12802079532,90.3462914,23.7642922,0.00139286,4,3,0,0
Zone_DH398,3068214073,90.3565308,23.7592118,0.02402194,3,3,0,0
Zone_DH398,3068214074,90.3565633,23.7589392,0.02774206,3,3,0,0
Zone_DH398,379853630,90.3673676,23.7703328,0.01737104,4,3,0,0
Zone_DH398,379853635,90.3668135,23.7718497,0.00652188,4,3,0,0
Zone_DH398,379853638,90.3663603,23.7727923,0.00377042,4,3,0,0
Zone_DH398,387095369,90.3601384,23.7564093,0.01284771,4,3,0,0
Zone_DH398,387095371,90.3602152,23.7560513,0.00948837,4,3,0,0
Zone_DH398,387095372,90.3602634,23.7556876,0.00842714,4,3,0,0
Zone_DH398,387095373,90.360189,23.7553134,0.00762466,4,3,0,0
Zone_DH398,4973542275,90.3536991,23.7604608,0.03252342,3,3,0,1
Zone_DH398,375610247,90.3620442,23.7623267,0.00112391,4,3,0,0
Zone_DH398,5836110732,90.3594129,23.7662024,0.03360724,3,3,0,0
Zone_DH398,5836110733,90.3589317,23.7657613,0.00279593,4,3,0,0
Zone_DH398,5836110734,90.3595103,23.7659149,0.00406852,4,4,0,1
Zone_DH398,4305664911,90.362905,23.7670599,0.01581564,4,3,0,0
Zone_DH398,4305664913,90.36146,23.7669743,0.01012539,4,3,0,0
Zone_DH398,10026957715,90.3639386,23.755,0.00267421,4,3,0,0
Zone_DH398,5811542958,90.3625528,23.7643456,0.01446579,4,3,0,0
Zone_DH398,2965085103,90.3655507,23.7748378,0.01951099,4,3,0,0
Zone_DH398,10100849602,90.3626478,23.7740299,0.04808979,3,3,0,0
Zone_DH398,8950438851,90.3528131,23.7642368,0.0,4,1,0,0
Zone_DH398,9220504537,90.3656612,23.7734277,0.0,4,2,0,0
Zone_DH398,4976966652,90.3623777,23.7699858,0.0,4,1,0,0
Zone_DH398,4974656515,90.3543229,23.7647821,0.00393952,4,3,0,0
Zone_DH398,5802933254,90.3644402,23.7672642,0.07011391,2,3,0,0
Zone_DH398,5953174600,90.3637516,23.7574264,0.00896941,4,3,0,0
Zone_DH398,5907479649,90.3610438,23.7625892,0.01961904,4,3,0,0
Zone_DH398,5907479650,90.3614688,23.7627242,0.01213396,4,3,0,0
Zone_DH398,370687081,90.3590794,23.7595195,0.04562987,3,3,0,0
Zone_DH398,370687087,90.3589146,23.7605381,0.07576698,2,3,0,0
Zone_DH398,370687091,90.3589683,23.7608822,0.107356,1,3,0,0
Zone_DH398,370687095,90.3589828,23.7612613,0.13225549,1,3,0,0
Zone_DH398,5895478392,90.3650117,23.7635757,0.03674282,3,3,0,0
Zone_DH398,5895478393,90.3651413,23.7632068,0.0439236,3,3,0,0
Zone_DH398,370687099,90.3589484,23.7615961,0.13308275,1,3,0,0
Zone_DH398,370687102,90.3589137,23.7619485,0.13394718,1,3,0,0
Zone_DH398,11350424705,90.3600268,23.7742038,0.00241327,4,3,0,1
Zone_DH398,11350424707,90.3606959,23.7741606,0.00962612,4,3,0,1
Zone_DH398,12836355204,90.3692068,23.7680137,0.01084187,4,4,0,0
Zone_DH398,12836355206,90.3691897,23.7680593,0.01154814,4,4,0,0
Zone_DH398,370687142,90.3577997,23.7686177,0.0,4,1,0,0
Zone_DH398,3788749992,90.3626374,23.7593795,0.00358164,4,3,0,0
Zone_DH398,3788749993,90.3638449,23.7597519,0.01606492,4,3,0,0
Zone_DH398,370687149,90.3585777,23.7693413,0.09273861,2,3,0,0
Zone_DH398,370687155,90.3586849,23.769664,0.09885014,2,3,0,0
Zone_DH398,4469423285,90.3534943,23.7645239,0.03317065,3,3,0,0
Zone_DH398,370687158,90.3591741,23.7706251,0.14609445,1,4,0,0
Zone_DH398,370687176,90.3617853,23.7736815,0.04958032,3,3,0,1
Zone_DH398,370687180,90.3623402,23.7739062,0.0485016,3,3,0,1
Zone_DH398,379895021,90.3507534,23.7705335,0.03518669,3,3,0,0
Zone_DH398,7301340397,90.3617626,23.7762126,0.0,4,1,0,0
Zone_DH398,5811625201,90.3624194,23.7654502,0.00588146,4,3,0,0
Zone_DH398,5811625202,90.3610787,23.7650643,0.00984041,4,3,0,0
Zone_DH398,379895025,90.3546967,23.7721636,0.1055076,2,4,0,0
Zone_DH398,5811625204,90.3613202,23.76436,0.05425307,3,3,0,0
Zone_DH398,379895027,90.3568737,23.7730656,0.0,4,1,0,0
Zone_DH398,5811625203,90.361299,23.7644285,0.01678722,4,3,0,0
Zone_DH398,4894751985,90.3525697,23.7740153,0.0,4,1,0,0
Zone_DH398,9991208189,90.3701862,23.77138,0.00241327,4,3,0,1
Zone_DH398,7810268427,90.3580458,23.7703407,0.0,4,1,0,0
Zone_DH398,7810268428,90.3579117,23.7708589,0.00364433,4,3,0,1
Zone_DH398,3732405522,90.3595451,23.769791,0.08532095,2,3,0,0
Zone_DH398,3732405523,90.359224,23.7704891,0.0962153,2,4,0,0
Zone_DH398,387095839,90.3589285,23.7550638,0.00162756,4,3,0,0
Zone_DH398,373374240,90.3616598,23.7551196,0.01312832,4,3,0,1
Zone_DH398,373374241,90.3617981,23.7544079,0.00361809,4,3,0,1
Zone_DH398,373374242,90.3618254,23.754199,0.001207,4,2,0,1
Zone_DH398,387095840,90.3578232,23.7550768,0.0092165,4,3,0,0
Zone_DH398,387095851,90.359317,23.7545197,0.00128499,4,4,0,0
Zone_DH398,387095856,90.3594516,23.7541063,1.239e-05,4,3,0,0
Zone_DH398,3285204275,90.3582049,23.7537958,0.0,4,2,0,0
Zone_DH398,4873919803,90.3493819,23.7652025,0.02295998,4,3,0,0
Zone_DH398,4873919809,90.3488644,23.7628825,0.0542436,3,3,0,0
Zone_DH398,3285204290,90.3627185,23.7546681,0.0,4,1,0,0
Zone_DH398,10595450179,90.3621668,23.7770045,0.00241327,4,3,0,1
Zone_DH398,12778044741,90.36011,23.7728927,0.04805699,3,3,0,1
Zone_DH398,387095878,90.3580322,23.7553774,0.01264872,4,3,0,0
Zone_DH398,3285204295,90.3579863,23.7547165,0.00219607,4,3,0,0
Zone_DH398,10595450182,90.3627837,23.7768706,0.00602043,4,2,0,1
Zone_DH398,10595450181,90.3615135,23.7768241,0.0,4,1,0,0
Zone_DH398,10595450188,90.3625883,23.7770009,0.00481926,4,2,0,1
Zone_DH398,12797508944,90.3510507,23.7695495,0.0,4,1,0,0
Zone_DH398,3285204305,90.3602371,23.755485,0.00735716,4,3,0,0
Zone_DH398,387095890,90.3588695,23.7557982,0.00431197,4,3,0,0
Zone_DH398,3285204307,90.3568013,23.7555023,0.00444535,4,3,0,0
Zone_DH398,3285204309,90.3572542,23.7555309,0.00136298,4,3,0,0
Zone_DH398,3285204311,90.3582393,23.7557136,0.02066989,4,3,0,0
Zone_DH398,4881227096,90.3532771,23.7658135,0.07910446,2,3,0,0
Zone_DH398,3285204314,90.3615565,23.7556605,0.01660646,4,3,0,0
Zone_DH398,373382492,90.3495141,23.7648511,0.04525888,3,4,0,0
Zone_DH398,373382496,90.3490904,23.7647085,0.04046951,3,3,0,0
Zone_DH398,387095908,90.3588427,23.756135,0.00658675,4,3,0,0
Zone_DH398,12701613452,90.3588424,23.7565921,0.05762772,3,3,0,0
Zone_DH398,12701613453,90.358882,23.7564698,0.03304529,3,3,0,0
Zone_DH398,379846035,90.3667301,23.7672614,0.01939437,4,3,0,0
Zone_DH398,379846039,90.3657492,23.7698029,0.013941,4,3,0,0
Zone_DH398,4929887642,90.3691041,23.7730331,0.0,4,1,0,0
Zone_DH398,4929887644,90.3689762,23.7737767,0.00481926,4,2,0,1
Zone_DH398,4411383228,90.3570073,23.7607198,0.05388135,3,4,0,0
Zone_DH398,4914552262,90.3661135,23.7615528,0.01329814,4,4,0,0
Zone_DH398,4914552263,90.3661897,23.7613036,0.01213415,4,4,0,0
Zone_DH398,12799712714,90.3511864,23.7682767,0.00222887,4,3,0,1
Zone_DH398,4914552267,90.3660333,23.7618152,0.01442643,4,4,0,1
Zone_DH398,12114525652,90.3514794,23.7610643,0.0,4,1,0,0
Zone_DH398,12114525655,90.351177,23.7608189,0.06617148,2,3,0,1
Zone_DH398,3866770909,90.3611003,23.7733315,0.03929166,3,3,0,0
Zone_DH398,9990692324,90.369962,23.7664849,0.00449856,4,5,0,1
Zone_DH398,3788750313,90.3627655,23.7590128,0.00283747,4,3,0,0
Zone_DH398,3788750314,90.3639794,23.7593713,0.01468736,4,3,0,0
Zone_DH398,4852940269,90.3502663,23.7744116,0.0,4,1,0,0
Zone_DH398,4852940274,90.3495302,23.7759703,0.0,4,1,0,0
Zone_DH398,4852940280,90.3491196,23.7758414,0.0,4,1,0,0
Zone_DH398,9990692350,90.369489,23.7677093,0.00141181,4,3,0,0
Zone_DH398,9990692351,90.3697451,23.7678639,0.001207,4,3,0,1
Zone_DH398,9990692352,90.3694124,23.7679044,0.0036815,4,3,0,0
Zone_DH398,9990692362,90.3691438,23.7695677,0.001207,4,3,0,0
Zone_DH398,9990692363,90.3693007,23.769608,0.0,4,2,0,0
Zone_DH398,364125718,90.3603407,23.7576802,0.04782886,3,5,0,0
Zone_DH398,364125719,90.3606973,23.7578722,0.00492275,4,4,0,0
Zone_DH398,373382684,90.3489311,23.7660347,0.03499937,3,4,0,0
Zone_DH398,373382689,90.3492929,23.7654952,0.02327193,4,3,0,0
Zone_DH398,373382693,90.349798,23.7634741,0.00228645,4,3,0,0
Zone_DH398,12794478137,90.3522223,23.77509,0.0,4,1,0,0
Zone_DH398,3783302723,90.3521062,23.7702501,0.00120992,4,3,0,1
Zone_DH398,4358110803,90.364313,23.7633662,0.02058169,4,3,0,0
Zone_DH398,6642900599,90.352735,23.7685915,0.01137904,4,3,0,0
Zone_DH398,6642900604,90.3507489,23.7685422,0.0,4,1,0,0
Zone_DH398,5836062334,90.3589194,23.7670183,0.0,4,1,0,0
Zone_DH398,5836062335,90.3601444,23.766902,0.01837104,4,3,0,1
Zone_DH398,5836062336,90.3596123,23.7667456,0.0,4,1,0,0
Zone_DH398,12762054312,90.3510424,23.7652718,0.03902052,3,3,0,0
Zone_DH398,12762054313,90.35102,23.7653572,0.04398774,3,3,0,0
Zone_DH398,11478335149,90.3573966,23.7544093,0.00674929,4,3,0,0
Zone_DH398,5836119731,90.3598312,23.7660075,0.0,4,1,0,0
Zone_DH398,11478335161,90.3576774,23.7541144,0.00223178,4,3,0,1
Zone_DH398,379895485,90.349108,23.7730299,0.02688565,3,4,0,0
Zone_DH398,11478335164,90.357765,23.7539669,0.0,4,1,0,0
Zone_DH398,4914101975,90.361144,23.7734322,0.05884857,3,3,0,1
Zone_DH398,4914101983,90.3606381,23.7745543,0.00482144,4,3,0,1
Zone_DH398,5762719459,90.365094,23.7701846,0.0198091,4,3,0,0
Zone_DH398,5762719460,90.3653262,23.7696644,0.01506127,4,3,0,0
Zone_DH398,4914101994,90.3596824,23.7752609,0.00241327,4,3,0,1
Zone_DH398,4914102003,90.3599448,23.7768403,0.0,4,1,0,0
Zone_DH398,4914102004,90.3593072,23.775295,0.00710643,4,3,0,1
Zone_DH398,4914102008,90.3592265,23.7768407,0.0,4,1,0,0
Zone_DH398,5928140543,90.3667703,23.7614211,0.00144461,4,3,0,0
Zone_DH398,5928140544,90.3665862,23.7619317,0.0,4,1,0,0
Zone_DH398,4861026070,90.3557588,23.7761,0.0,4,1,0,0
Zone_DH398,4861026071,90.3559588,23.775584,0.00437465,4,3,0,1
Zone_DH398,4861026072,90.3553846,23.774955,0.01280179,4,3,0,0
Zone_DH398,4861026074,90.3552034,23.7753487,0.001207,4,3,0,1
Zone_DH398,6208479009,90.3626132,23.7751832,0.0,4,1,0,0
Zone_DH398,6208479015,90.362981,23.7741639,0.03907883,3,3,0,1
Zone_DH398,5895970605,90.3621737,23.7619578,0.00206196,4,3,0,0
Zone_DH398,5895970606,90.3629812,23.7621952,0.04716923,3,3,0,0
Zone_DH398,3269787446,90.3476414,23.758235,0.0,4,1,0,0
Zone_DH398,4982398774,90.360201,23.773628,0.0,4,1,0,0
Zone_DH398,3269787453,90.3474761,23.7585362,0.00241327,4,3,0,1
Zone_DH398,3269787456,90.3477198,23.7586435,0.0,4,1,0,0
Zone_DH398,3269787460,90.3473027,23.758852,0.00482144,4,3,0,1
Zone_DH398,373374812,90.3581267,23.7659931,0.11713372,1,4,0,1
Zone_DH398,373374815,90.3578561,23.7667363,0.09199662,2,3,0,0
Zone_DH398,373374819,90.3577066,23.7671061,0.14856312,1,4,0,0
Zone_DH398,373374826,90.3568614,23.7685434,0.07715912,2,4,0,1
Zone_DH398,373374828,90.3554235,23.770961,0.10686912,1,4,0,0
Zone_DH398,373374830,90.3542297,23.7729954,0.09170508,2,4,0,0
Zone_DH398,5456486270,90.3592034,23.7624634,0.04951472,3,3,0,0
Zone_DH398,5456486271,90.3589656,23.7626449,0.05402858,3,3,0,0
Zone_DH398,373374850,90.3528068,23.7754032,0.0164483,4,3,0,1
Zone_DH398,373374862,90.3520999,23.7765425,0.00406852,4,4,0,1
Zone_DH398,5840904085,90.3605654,23.768031,0.00128499,4,3,0,0
Zone_DH398,373383070,90.3512252,23.7645641,0.01538561,4,4,0,0
Zone_DH398,3068346274,90.3582348,23.7590523,0.01831201,4,3,0,0
Zone_DH398,3068346275,90.3580689,23.7606897,0.09727506,2,3,0,0
Zone_DH398,379854802,90.3667897,23.7701436,0.02044248,4,3,0,0
Zone_DH398,3068305365,90.3537379,23.7585337,0.03288129,3,3,0,0
Zone_DH398,379854805,90.3662593,23.7716836,0.00767786,4,3,0,0
Zone_DH398,3732373475,90.3623281,23.7771729,0.00361663,4,2,0,1
Zone_DH398,3732373482,90.3614418,23.7766588,0.0,4,1,0,0
Zone_DH398,12801753067,90.355247,23.7656505,0.0,4,1,0,0
Zone_DH398,373374958,90.3621601,23.7646833,0.01778577,4,3,0,0
Zone_DH398,373374960,90.3616331,23.7662395,0.04382374,3,3,0,0
Zone_DH398,4894744568,90.3501887,23.7725195,0.00136954,4,3,0,0
Zone_DH398,11416870905,90.3680782,23.7737331,0.00241254,4,2,0,1
Zone_DH398,11416870909,90.3669906,23.773253,0.00852189,4,3,0,0
Zone_DH398,11416870910,90.3676713,23.7734607,0.01370121,4,3,0,0
