zone_id,node_id,lon,lat,bc,tier,degree,is_master,is_art_pt
Zone_DH533,2538250260,90.4048651,23.7155185,0.00782082,4,3,0,0
Zone_DH533,401719321,90.4060919,23.7212174,0.00627806,4,3,0,0
Zone_DH533,2541191195,90.4063364,23.7153669,0.0,4,1,0,0
Zone_DH533,2541191199,90.4055817,23.7153775,0.00639995,4,3,0,1
Zone_DH533,2541191208,90.4063147,23.7153677,0.00106952,4,3,0,1
Zone_DH533,10759053354,90.3908469,23.7315774,0.00213904,4,3,0,0
Zone_DH533,10759053355,90.3903911,23.7315752,0.00426777,4,3,0,1
Zone_DH533,10759053356,90.3903897,23.7314057,0.00532757,4,3,0,0
Zone_DH533,10759053358,90.3903851,23.7308779,0.01064369,4,3,0,0
Zone_DH533,10759053359,90.3899013,23.7308901,0.0,4,3,0,0
Zone_DH533,5604966448,90.3923655,23.7174557,0.00317479,4,3,0,0
Zone_DH533,5604966455,90.3926575,23.7166522,0.02787387,3,3,0,0
Zone_DH533,2538250297,90.4042929,23.7155556,0.01040163,4,3,0,1
Zone_DH533,2375819330,90.3955494,23.7216917,0.05128769,3,3,0,1
Zone_DH533,2375819332,90.3966598,23.7216051,0.0,4,1,0,0
Zone_DH533,2375819334,90.3960049,23.7216598,0.0064051,4,3,0,1
Zone_DH533,2375819336,90.3954588,23.7209816,0.0,4,1,0,0
Zone_DH533,2375819337,90.3963488,23.7216268,0.00213847,4,3,0,1
Zone_DH533,10759053384,90.3903885,23.7312739,0.00958618,4,3,0,0
Zone_DH533,2375819339,90.3963452,23.7213218,0.0,4,1,0,0
Zone_DH533,4761272404,90.3937547,23.7219396,0.0,4,1,0,0
Zone_DH533,4761272410,90.3932039,23.7218635,0.00917074,4,3,0,1
Zone_DH533,2484060268,90.40595,23.7206442,0.07005376,2,3,0,1
Zone_DH533,2492203123,90.3992149,23.7167186,0.0677751,3,3,0,0
Zone_DH533,12023169143,90.3958601,23.7249171,0.0,4,1,0,0
Zone_DH533,2492203129,90.3992088,23.7167303,0.04398989,3,3,0,1
Zone_DH533,12023169160,90.3900766,23.7237544,0.0,4,1,0,0
Zone_DH533,2538250410,90.4045977,23.7156446,0.0,4,1,0,0
Zone_DH533,2518614192,90.4043732,23.7119965,0.00390955,4,3,0,0
Zone_DH533,2504548537,90.4036786,23.717507,0.06361948,3,3,0,0
Zone_DH533,2504548544,90.403799,23.7175063,0.04159163,3,3,0,0
Zone_DH533,2504548548,90.4043293,23.7175373,0.03588524,3,3,0,1
Zone_DH533,13563560142,90.3980134,23.7274485,0.03565749,3,3,0,0
Zone_DH533,13563560148,90.3994834,23.7253421,0.05411112,3,3,0,1
Zone_DH533,1806229718,90.3905946,23.7203739,0.03004896,3,3,0,0
Zone_DH533,1806229719,90.3929549,23.7225431,0.03736277,3,3,0,0
Zone_DH533,1806229720,90.3917671,23.7222244,0.03538339,3,3,0,0
Zone_DH533,13563560152,90.3977064,23.7272879,0.06213051,3,4,0,0
Zone_DH533,13563560153,90.3976354,23.7273635,0.09495197,2,4,0,0
Zone_DH533,13563560155,90.3976309,23.7272488,0.00064034,4,3,0,0
Zone_DH533,2538250461,90.4044757,23.7157066,0.0,4,1,0,0
Zone_DH533,2518614240,90.4044953,23.7121342,0.0,4,1,0,0
Zone_DH533,2492203244,90.3994759,23.7167884,0.0,4,1,0,0
Zone_DH533,2518614253,90.4051243,23.7123193,0.00838963,4,3,0,1
Zone_DH533,2571223282,90.3967265,23.7164474,0.09729587,2,3,0,0
Zone_DH533,10230612211,90.4065263,23.7274587,0.0,4,1,0,0
Zone_DH533,2518614264,90.4046306,23.7124664,0.0,4,1,0,0
Zone_DH533,10230612216,90.4065829,23.727781,0.00843426,4,3,0,1
Zone_DH533,13451976953,90.397544,23.7323538,0.0,4,2,0,0
Zone_DH533,13451976956,90.3981991,23.7325469,0.00320283,4,3,0,1
Zone_DH533,13451976957,90.3981532,23.7325394,0.00107124,4,3,0,0
Zone_DH533,2518614273,90.404814,23.7127253,0.0,4,1,0,0
Zone_DH533,13451976962,90.3983568,23.7313888,4.58e-06,4,3,0,0
Zone_DH533,13451976963,90.3983486,23.7313373,0.00106952,4,3,0,0
Zone_DH533,13451976966,90.3985723,23.7325753,0.00426491,4,3,0,0
Zone_DH533,2546426119,90.4019677,23.7213245,0.02985611,3,3,0,0
Zone_DH533,13451976968,90.3992836,23.7327266,0.00532757,4,2,0,0
Zone_DH533,3014828300,90.4031249,23.7301943,0.01836951,4,3,0,0
Zone_DH533,2426355981,90.4038578,23.7187388,0.06057859,3,3,0,0
Zone_DH533,10562380047,90.4039418,23.7276346,0.00423287,4,3,0,0
Zone_DH533,2484568336,90.4069613,23.7174619,0.0526336,3,4,0,0
Zone_DH533,10562380049,90.403289,23.7274462,0.00366177,4,3,0,0
Zone_DH533,4501111058,90.4018938,23.7158026,0.05921437,3,3,0,1
Zone_DH533,13451976979,90.3990333,23.7322556,0.00639079,4,3,0,0
Zone_DH533,6225133846,90.3971279,23.7297827,0.00213847,4,4,0,1
Zone_DH533,2320154904,90.4000709,23.7280698,0.04603909,3,3,0,0
Zone_DH533,6225133848,90.3966833,23.7297299,0.0,4,1,0,0
Zone_DH533,13451976987,90.4006694,23.7314055,0.01170176,4,2,0,1
Zone_DH533,6649594140,90.4082815,23.7300864,0.00106952,4,2,0,1
Zone_DH533,6225133853,90.398227,23.7301247,0.02640836,3,4,0,0
Zone_DH533,6225133855,90.3981007,23.7300189,0.00477306,4,3,0,0
Zone_DH533,3565093157,90.4004702,23.7281294,0.04574496,3,3,0,0
Zone_DH533,3006693671,90.3924426,23.7288472,0.04188805,3,3,0,1
Zone_DH533,3006693673,90.3921031,23.7283926,0.02154889,3,3,0,0
Zone_DH533,2492203307,90.398245,23.716824,0.06894361,3,3,0,0
Zone_DH533,2484060460,90.4046459,23.7206656,0.0,4,1,0,0
Zone_DH533,3565093167,90.403672,23.7283594,0.01675179,4,3,0,0
Zone_DH533,3013607732,90.4076031,23.7300689,0.00215907,4,3,0,1
Zone_DH533,2452554037,90.4008716,23.7215401,0.0,4,1,0,0
Zone_DH533,2442813768,90.4029675,23.7223966,0.08757064,2,3,0,0
Zone_DH533,2492203338,90.3999459,23.7168466,0.0200067,4,3,0,1
Zone_DH533,2525528410,90.4007164,23.7233993,0.11685908,1,3,0,0
Zone_DH533,2526069082,90.39946,23.7145048,0.00561311,4,3,0,0
Zone_DH533,2546426204,90.4010013,23.7214215,0.01022023,4,3,0,0
Zone_DH533,2526069086,90.4001003,23.7147603,0.012373,4,3,0,1
Zone_DH533,2526069087,90.3982837,23.7147571,0.00671811,4,3,0,1
Zone_DH533,1392394596,90.3876007,23.7150569,0.00721997,4,3,0,0
Zone_DH533,2526069092,90.399901,23.7148111,0.00213847,4,3,0,1
Zone_DH533,1392394598,90.3876163,23.7137415,0.00524573,4,3,0,0
Zone_DH533,2526069094,90.3998504,23.7148166,0.0,4,1,0,0
Zone_DH533,2526069098,90.3994279,23.7149,0.01122279,4,3,0,0
Zone_DH533,2526069100,90.3989947,23.7149418,0.00572928,4,3,0,1
Zone_DH533,1392394610,90.3859651,23.716808,0.00106952,4,2,0,1
Zone_DH533,2526069106,90.3986938,23.7149568,0.00494874,4,3,0,1
Zone_DH533,2526069107,90.3985477,23.7149682,0.00503458,4,3,0,1
Zone_DH533,1392394614,90.3860888,23.720196,0.00512671,4,3,0,0
Zone_DH533,2320154999,90.3958397,23.7326929,0.00106952,4,3,0,1
Zone_DH533,2452554103,90.4008927,23.7216561,0.00272845,4,3,0,1
Zone_DH533,2492203385,90.3996322,23.7168561,0.0,4,1,0,0
Zone_DH533,2526069110,90.3999484,23.7149681,0.0,4,1,0,0
Zone_DH533,9086058875,90.4032658,23.7281499,0.02089252,3,4,0,1
Zone_DH533,2526069116,90.4002249,23.71512,0.04167003,3,3,0,1
Zone_DH533,2526069111,90.3983988,23.714976,0.0,4,1,0,0
Zone_DH533,2526069119,90.3998452,23.7151267,0.0,4,1,0,0
Zone_DH533,2529403264,90.4028692,23.716512,0.0045539,4,3,0,1
Zone_DH533,1392394626,90.3897155,23.7171483,0.00763255,4,3,0,0
Zone_DH533,2320155010,90.3992417,23.729262,0.02776972,3,3,0,0
Zone_DH533,2526069124,90.3982816,23.7152363,0.0,4,1,0,0
Zone_DH533,2526069123,90.3994389,23.7152437,0.01101049,4,2,0,0
Zone_DH533,13563773318,90.400287,23.7246483,0.10578965,2,4,0,0
Zone_DH533,2526069127,90.3986845,23.7152474,0.0,4,1,0,0
Zone_DH533,2526069128,90.399564,23.7152977,0.01265454,4,3,0,1
Zone_DH533,13563773316,90.4002171,23.7246097,0.04271952,3,4,0,0
Zone_DH533,2526069130,90.399795,23.7153025,0.0,4,1,0,0
Zone_DH533,2540880266,90.39,23.7249021,0.0,4,1,0,0
Zone_DH533,2540880268,90.3903864,23.7253667,0.00347694,4,3,0,1
Zone_DH533,2526069133,90.3998537,23.7153612,0.0,4,1,0,0
Zone_DH533,2526069134,90.3989435,23.7154973,0.0,4,1,0,0
Zone_DH533,13563773322,90.3954083,23.7246527,0.03300515,3,4,0,0
Zone_DH533,2526069139,90.3997113,23.7156441,0.01429344,4,3,0,1
Zone_DH533,2525528468,90.402075,23.7235171,0.00999133,4,3,0,0
Zone_DH533,1778188695,90.3980177,23.7142583,0.04271551,3,3,0,0
Zone_DH533,1778188697,90.3921408,23.7160674,0.03155509,3,3,0,0
Zone_DH533,1392394653,90.3860821,23.7203377,0.0044446,4,3,0,1
Zone_DH533,1392394659,90.3872779,23.7150455,0.00616647,4,3,0,0
Zone_DH533,1392394663,90.3870141,23.7125164,0.00044749,4,3,0,0
Zone_DH533,2529403318,90.4029765,23.7165302,0.0034941,4,3,0,0
Zone_DH533,1392394680,90.3897713,23.7179594,0.00793183,4,3,0,0
Zone_DH533,1392394681,90.3869624,23.7144014,6.18e-05,4,2,0,0
Zone_DH533,2426380730,90.4047567,23.7136115,0.0,4,2,0,0
Zone_DH533,2426380735,90.4047151,23.713819,0.00570009,4,3,0,0
Zone_DH533,1392394690,90.3870737,23.7137516,0.00422715,4,3,0,0
Zone_DH533,2426380741,90.4033575,23.7144575,0.00029127,4,2,0,0
Zone_DH533,2492203462,90.3998506,23.7168932,0.01984532,4,3,0,1
Zone_DH533,2426380744,90.4048273,23.7144959,0.02873509,3,3,0,0
Zone_DH533,387097037,90.3871752,23.7240837,0.00211329,4,3,0,0
Zone_DH533,1392394701,90.3900566,23.7189317,0.00812697,4,3,0,0
Zone_DH533,2426380751,90.4029013,23.7145775,0.02728789,3,3,0,0
Zone_DH533,2426380753,90.4037637,23.7146068,0.02514027,3,3,0,0
Zone_DH533,1392394707,90.3890953,23.7167711,0.00847947,4,3,0,0
Zone_DH533,1392394711,90.3869412,23.7150069,0.00311013,4,2,0,0
Zone_DH533,2492203479,90.3998287,23.7169028,0.0204622,3,3,0,1
Zone_DH533,2320155098,90.4039536,23.7281085,0.03695076,3,4,0,0
Zone_DH533,2426380763,90.4033299,23.7150371,0.0281165,3,3,0,1
Zone_DH533,2532458970,90.4010747,23.7222921,0.00993296,4,3,0,0
Zone_DH533,2532458973,90.4007985,23.7223236,0.00392271,4,3,0,0
Zone_DH533,2426380766,90.4031323,23.715086,0.03282776,3,3,0,0
Zone_DH533,9143255517,90.3899479,23.7231017,0.0,4,1,0,0
Zone_DH533,9143255518,90.3901214,23.7230735,0.0,4,1,0,0
Zone_DH533,2532458977,90.4009781,23.7225263,0.0,4,1,0,0
Zone_DH533,2532458979,90.400969,23.7226027,0.0044898,4,3,0,1
Zone_DH533,4908532199,90.4068182,23.7230392,1.545e-05,4,3,0,0
Zone_DH533,4908532200,90.4062298,23.7230819,0.00051273,4,4,0,0
Zone_DH533,4908532201,90.405645,23.7230919,0.00105235,4,3,0,0
Zone_DH533,3006841328,90.3903806,23.7303691,0.01275869,4,3,0,1
Zone_DH533,3006841329,90.3903915,23.7316288,0.0,4,1,0,0
Zone_DH533,1392394742,90.3886449,23.7149068,0.01211721,4,4,0,0
Zone_DH533,1392394745,90.3885536,23.7138141,0.01018074,4,3,0,0
Zone_DH533,1392394746,90.3881192,23.7213976,0.01444222,4,3,0,0
Zone_DH533,6112297466,90.3960484,23.7209597,0.0,4,1,0,0
Zone_DH533,1392394748,90.3914853,23.7144567,0.02695542,3,3,0,0
Zone_DH533,6557049341,90.4057018,23.7139459,0.0170236,4,4,0,0
Zone_DH533,6557049340,90.4057254,23.7138797,0.01600787,4,4,0,0
Zone_DH533,6557049339,90.4057476,23.7138201,0.00983625,4,3,0,0
Zone_DH533,2525528580,90.4020905,23.7236238,0.00625746,4,3,0,0
Zone_DH533,1392394760,90.3863306,23.7173534,0.00213789,4,3,0,1
Zone_DH533,2450358799,90.401588,23.7225844,0.00213847,4,3,0,1
Zone_DH533,2492203535,90.3996429,23.7169372,0.0,4,1,0,0
Zone_DH533,2538250770,90.4042662,23.715994,0.02589849,3,2,0,0
Zone_DH533,1392394778,90.3869709,23.713986,0.0001505,4,2,0,0
Zone_DH533,2480382491,90.4038773,23.7197519,0.05248138,3,3,0,0
Zone_DH533,2426200606,90.3964108,23.7210596,0.0,4,1,0,0
Zone_DH533,1392394787,90.3869426,23.7147032,0.00106151,4,2,0,0
Zone_DH533,2538250789,90.4048084,23.7160068,0.02104646,3,3,0,0
Zone_DH533,2538250792,90.4050054,23.7160076,0.00307007,4,3,0,0
Zone_DH533,1392394793,90.3889111,23.711997,0.00404403,4,3,0,0
Zone_DH533,2450358825,90.40275,23.722597,0.08695719,2,3,0,0
Zone_DH533,4124533291,90.3998305,23.7220332,0.0,4,1,0,0
Zone_DH533,1392394800,90.386146,23.7207766,0.00318738,4,3,0,0
Zone_DH533,373391924,90.3962314,23.7153807,0.05977803,3,3,0,0
Zone_DH533,1392394809,90.3869464,23.7148906,0.00207495,4,2,0,0
Zone_DH533,6787326523,90.3924434,23.7312673,0.0085241,4,3,0,1
Zone_DH533,6787326524,90.392263,23.731739,0.0,4,1,0,0
Zone_DH533,2492203580,90.399025,23.7169941,0.04436528,3,3,0,1
Zone_DH533,3895140930,90.405546,23.7221525,0.04323454,3,3,0,1
Zone_DH533,1392394825,90.3872648,23.7128832,0.00033762,4,3,0,0
Zone_DH533,10677437004,90.3975271,23.7274301,0.09400492,2,3,0,0
Zone_DH533,373391956,90.40281,23.7137979,0.03324836,3,4,0,0
Zone_DH533,2541191765,90.4060818,23.7157721,3.43e-06,4,3,0,0
Zone_DH533,373391961,90.4029656,23.7151132,0.05655345,3,3,0,0
Zone_DH533,2450358873,90.4017477,23.7226236,0.0,4,1,0,0
Zone_DH533,2529403483,90.4032173,23.716592,0.00386148,4,3,0,1
Zone_DH533,373391969,90.4025945,23.7156973,0.07077707,2,4,0,0
Zone_DH533,2492203619,90.3992378,23.7170236,0.0,4,1,0,0
Zone_DH533,4981482087,90.4091271,23.7132929,0.00107066,4,3,0,0
Zone_DH533,6789653096,90.3928841,23.7307209,0.00427292,4,3,0,1
Zone_DH533,4981482091,90.4089893,23.7133294,0.0,4,1,0,0
Zone_DH533,4981482092,90.408991,23.7134987,0.00231586,4,3,0,1
Zone_DH533,6789653099,90.3926434,23.7312459,0.0074626,4,2,0,1
Zone_DH533,6789653101,90.3923302,23.7313221,0.01170176,4,3,0,1
Zone_DH533,2538250863,90.4043643,23.7160383,0.03384692,3,3,0,0
Zone_DH533,6789653104,90.3919189,23.7315215,0.02227563,3,3,0,1
Zone_DH533,6789653102,90.3922315,23.7313407,0.01382134,4,3,0,1
Zone_DH533,2529403527,90.4035354,23.7166323,0.0,4,1,0,0
Zone_DH533,2541191819,90.4057605,23.7158163,0.00213675,4,3,0,1
Zone_DH533,2450358927,90.401385,23.7226971,0.0,4,1,0,0
Zone_DH533,387097233,90.3858462,23.7188038,0.00331843,4,3,0,0
Zone_DH533,2450358931,90.4020304,23.7227037,0.0,4,1,0,0
Zone_DH533,2452538007,90.4036917,23.7210012,0.05318753,3,3,0,1
Zone_DH533,2484060829,90.4043046,23.720705,0.0,4,1,0,0
Zone_DH533,373392033,90.4046866,23.7113417,0.02690106,3,3,0,0
Zone_DH533,401711777,90.4002156,23.7184757,0.08421158,2,3,0,0
Zone_DH533,373392035,90.4040742,23.711424,0.02976169,3,3,0,0
Zone_DH533,373392036,90.4038087,23.7114455,0.03383204,3,3,0,0
Zone_DH533,2538250917,90.4048772,23.7160607,0.01638841,4,4,0,1
Zone_DH533,2426274472,90.3955697,23.7241788,0.09669445,2,5,0,1
Zone_DH533,373392046,90.40201,23.7117749,0.03687408,3,3,0,0
Zone_DH533,3015189166,90.4016399,23.725405,0.00261228,4,3,0,1
Zone_DH533,2492203696,90.398939,23.7170755,0.04526485,3,3,0,1
Zone_DH533,2513576627,90.4035288,23.7196445,0.08459842,2,3,0,0
Zone_DH533,2452538036,90.4036725,23.7212015,0.0,4,1,0,0
Zone_DH533,2450358965,90.4018177,23.7227342,0.0,4,1,0,0
Zone_DH533,2452538038,90.4033031,23.7212324,0.0,4,1,0,0
Zone_DH533,2484060853,90.4043036,23.7207054,0.00213847,4,3,0,1
Zone_DH533,373392058,90.3993278,23.7134122,0.04211065,3,3,0,0
Zone_DH533,2450358974,90.4014761,23.7227475,0.0,4,1,0,0
Zone_DH533,2452538047,90.4037881,23.7213695,0.0,4,1,0,0
Zone_DH533,2452538048,90.4030071,23.7214032,0.04230522,3,2,0,0
Zone_DH533,2484060864,90.4041845,23.7206997,0.02043874,3,3,0,1
Zone_DH533,10562601666,90.403634,23.7276401,0.00438394,4,3,0,0
Zone_DH533,10562601667,90.4036319,23.7274407,0.00331557,4,3,0,0
Zone_DH533,2492203718,90.3994825,23.7170878,0.0,4,1,0,0
Zone_DH533,2492203722,90.3989158,23.7170965,0.04649517,3,3,0,1
Zone_DH533,373392075,90.3959044,23.7155484,0.04494096,3,3,0,0
Zone_DH533,1121485521,90.3947236,23.7229317,0.0,4,1,0,0
Zone_DH533,2492203733,90.3997411,23.7171171,0.02140182,3,3,0,1
Zone_DH533,10760905439,90.3905278,23.7321259,0.0,4,1,0,0
Zone_DH533,1119027941,90.3909686,23.7258115,0.00731668,4,3,0,0
Zone_DH533,373392102,90.3929757,23.7159625,0.00725201,4,3,0,0
Zone_DH533,1119027943,90.392575,23.7241372,0.00688807,4,3,0,1
Zone_DH533,2538250983,90.4049826,23.7161138,0.01638727,4,3,0,0
Zone_DH533,1119027946,90.3938021,23.7241687,0.0,4,1,0,0
Zone_DH533,1119027947,90.3912134,23.7262396,0.01581274,4,3,0,0
Zone_DH533,1119027949,90.3924583,23.7243722,0.00805429,4,3,0,1
Zone_DH533,2492203761,90.3991717,23.7171397,0.0,4,1,0,0
Zone_DH533,373392116,90.3919519,23.7160831,0.03235623,3,3,0,0
Zone_DH533,373392131,90.3896894,23.7169438,0.01211778,4,3,0,0
Zone_DH533,387097354,90.385153,23.7240224,0.0,4,2,0,0
Zone_DH533,387097356,90.3876011,23.722724,0.00431069,4,3,0,0
Zone_DH533,387097357,90.3887205,23.7227635,0.0205612,3,3,0,0
Zone_DH533,2492203790,90.3997005,23.7171802,0.02266762,3,3,0,1
Zone_DH533,387097362,90.3906162,23.7214476,0.00763198,4,3,0,0
Zone_DH533,1121485587,90.3905571,23.7274768,0.0,4,1,0,0
Zone_DH533,2492203797,90.3994938,23.7171851,0.0,4,1,0,0
Zone_DH533,1119027991,90.3904723,23.7276526,0.00232044,4,3,0,1
Zone_DH533,1119027992,90.3903564,23.7268566,0.01522047,4,3,0,0
Zone_DH533,387097369,90.3905176,23.7197669,0.08174122,2,3,0,0
Zone_DH533,387097370,90.3908593,23.7192676,0.05599609,3,3,0,0
Zone_DH533,387097371,90.3911041,23.7189195,0.05815572,3,3,0,0
Zone_DH533,387097374,90.3915274,23.7186677,0.06158459,3,3,0,0
Zone_DH533,2450359071,90.401444,23.7228766,0.0,4,1,0,0
Zone_DH533,387097376,90.3923574,23.7187045,0.06237085,3,3,0,0
Zone_DH533,6149481254,90.3977588,23.7306043,0.01224825,4,3,0,0
Zone_DH533,6149481263,90.3973399,23.7302537,0.00140485,4,3,0,0
Zone_DH533,2492203828,90.3991331,23.7172067,0.0,4,1,0,0
Zone_DH533,6149481270,90.3976857,23.7305524,0.00094248,4,2,0,0
Zone_DH533,2484060983,90.4051509,23.7207272,0.0,4,1,0,0
Zone_DH533,1119028026,90.3903013,23.7265174,0.00534473,4,3,0,0
Zone_DH533,9085985594,90.4032658,23.7282321,0.0342143,3,4,0,1
Zone_DH533,387097404,90.3914139,23.7137246,0.00959477,4,3,0,0
Zone_DH533,393921351,90.4053798,23.7128889,0.01425224,4,3,0,0
Zone_DH533,393921355,90.4051387,23.7123808,0.00882911,4,3,0,1
Zone_DH533,2492203855,90.3996859,23.7172734,0.02394715,3,3,0,1
Zone_DH533,2450359122,90.4021578,23.7229773,0.08166396,2,3,0,1
Zone_DH533,1119028052,90.3921214,23.728177,0.00213847,4,3,0,1
Zone_DH533,2484061013,90.4049512,23.7207331,0.0,4,1,0,0
Zone_DH533,393921368,90.4050074,23.7112201,0.02566845,3,3,0,0
Zone_DH533,2426446684,90.4018448,23.7108049,0.0,4,1,0,0
Zone_DH533,2426446693,90.4017592,23.7110149,0.00106952,4,3,0,1
Zone_DH533,1778189159,90.3944849,23.7113565,0.00642627,4,3,0,0
Zone_DH533,2492203880,90.39943,23.7172847,0.0,4,1,0,0
Zone_DH533,2541192039,90.4054624,23.7159834,0.0,4,1,0,0
Zone_DH533,2426446704,90.3992428,23.7111218,0.00492242,4,3,0,1
Zone_DH533,9725961078,90.3955233,23.7277869,0.03469727,3,4,0,0
Zone_DH533,9725961080,90.3960434,23.7279419,0.03690498,3,3,0,0
Zone_DH533,2426446712,90.3959825,23.7113939,0.00460482,4,3,0,0
Zone_DH533,2552546170,90.4051426,23.7186406,0.01561646,4,3,0,0
Zone_DH533,2426446719,90.3991308,23.7118502,0.0,4,1,0,0
Zone_DH533,2426446721,90.3984319,23.7114374,0.00697791,4,3,0,0
Zone_DH533,387097474,90.4037697,23.7187369,0.09081639,2,3,0,0
Zone_DH533,2484061063,90.404389,23.7207591,0.0,4,1,0,0
Zone_DH533,3015197575,90.4005189,23.7253276,0.01297099,4,3,0,0
Zone_DH533,2484061069,90.405338,23.7207593,0.00213847,4,3,0,1
Zone_DH533,2450359197,90.4019592,23.7230947,0.08212176,2,3,0,1
Zone_DH533,2492203937,90.3989369,23.7173613,0.0,4,1,0,0
Zone_DH533,2450359216,90.4013802,23.7231505,0.01466025,4,3,0,1
Zone_DH533,2480382901,90.4032101,23.7206953,0.09449247,2,3,0,0
Zone_DH533,1121485750,90.3913032,23.7270439,0.0,4,1,0,0
Zone_DH533,2444002239,90.4041361,23.7214261,0.09421035,2,3,0,0
Zone_DH533,2442044356,90.4006165,23.7217673,0.02605414,3,3,0,1
Zone_DH533,2426446788,90.4012614,23.7120247,0.03760769,3,3,0,0
Zone_DH533,7334282183,90.4026111,23.7100889,0.00388037,4,3,0,0
Zone_DH533,2442044364,90.4005422,23.7221347,0.03065725,3,3,0,0
Zone_DH533,2442044365,90.4007809,23.7221407,0.00584544,4,3,0,0
Zone_DH533,2444002252,90.4038034,23.7214873,0.00106952,4,3,0,1
Zone_DH533,2442044370,90.4010847,23.7223864,0.00941222,4,3,0,0
Zone_DH533,2426446803,90.3994556,23.712763,0.0,4,1,0,0
Zone_DH533,2426446809,90.3989294,23.7124202,0.00492871,4,3,0,1
Zone_DH533,2444002265,90.4032922,23.72151,0.0,4,1,0,0
Zone_DH533,2492203995,90.3994647,23.717458,0.0,4,1,0,0
Zone_DH533,2426446812,90.4004779,23.7124327,0.03404148,3,3,0,1
Zone_DH533,2426446814,90.3989062,23.7124219,0.00615503,4,3,0,0
Zone_DH533,387097568,90.4045051,23.7182789,0.07141283,2,3,0,0
Zone_DH533,387097570,90.4048345,23.7183243,0.03102062,3,3,0,0
Zone_DH533,387097574,90.4054379,23.7181333,0.01802045,4,3,0,1
Zone_DH533,387097575,90.4056218,23.7180709,0.01647196,4,3,0,0
Zone_DH533,1806222314,90.3853524,23.7159062,0.0,4,1,0,0
Zone_DH533,1806222320,90.3922651,23.7205286,0.01341619,4,3,0,0
Zone_DH533,387097588,90.4071219,23.7182804,0.05945414,3,4,0,0
Zone_DH533,2426446837,90.3975745,23.7125977,0.0,4,1,0,0
Zone_DH533,3015189494,90.4010994,23.7265342,0.01000678,4,3,0,0
Zone_DH533,2426446839,90.3981973,23.7126468,0.00428323,4,3,0,1
Zone_DH533,2538251255,90.4048755,23.7163148,0.00213847,4,3,0,1
Zone_DH533,373392377,90.4039628,23.713567,0.00757132,4,3,0,0
Zone_DH533,3015189495,90.4010987,23.7253153,0.01242851,4,3,0,0
Zone_DH533,387097599,90.4095485,23.714231,0.00113075,4,3,0,0
Zone_DH533,387097600,90.409618,23.7144301,0.00195993,4,4,0,0
Zone_DH533,1806222340,90.3912351,23.7194132,0.00367322,4,3,0,0
Zone_DH533,387097604,90.4099294,23.7148443,0.00050357,4,2,0,0
Zone_DH533,1806222341,90.3925347,23.719124,0.00407951,4,3,0,0
Zone_DH533,2444002309,90.4037253,23.7219803,0.0449215,3,3,0,0
Zone_DH533,387097608,90.4097357,23.7167237,0.00248467,4,3,0,0
Zone_DH533,1121485836,90.3927459,23.7236143,0.00598965,4,3,0,1
Zone_DH533,9559745550,90.3957642,23.7225616,0.09589274,2,3,0,0
Zone_DH533,2426446866,90.3967645,23.7131653,0.00095335,4,3,0,0
Zone_DH533,373392404,90.4002256,23.7150647,0.0417324,3,3,0,0
Zone_DH533,373392405,90.4002224,23.7153746,0.04215758,3,3,0,0
Zone_DH533,1121485844,90.3918671,23.7243326,0.0,4,1,0,0
Zone_DH533,2538251287,90.4047574,23.7163408,0.0,4,1,0,0
Zone_DH533,9559745556,90.3955013,23.7245505,0.08200445,2,4,0,0
Zone_DH533,2484061209,90.4055558,23.7207744,0.00998732,4,3,0,0
Zone_DH533,387097628,90.4093024,23.7174166,0.00655788,4,3,0,0
Zone_DH533,387097630,90.4084215,23.7144121,0.00938533,4,3,0,0
Zone_DH533,2426446878,90.3950033,23.7133465,0.0,4,1,0,0
Zone_DH533,401851424,90.4084642,23.7210163,0.0010884,4,3,0,0
Zone_DH533,387097634,90.4090118,23.7140382,0.00365891,4,3,0,0
Zone_DH533,387097635,90.4094027,23.7139419,0.00203603,4,3,0,0
Zone_DH533,2426446888,90.3992206,23.7134946,0.03938908,3,3,0,0
Zone_DH533,1806222376,90.3926033,23.7187298,0.06679142,3,3,0,0
Zone_DH533,2426446890,90.3981511,23.713654,0.0051187,4,3,0,0
Zone_DH533,10031334445,90.3876412,23.7269311,0.00375791,4,4,0,1
Zone_DH533,2426446896,90.3967112,23.7139494,0.00510039,4,4,0,1
Zone_DH533,1806222387,90.3902444,23.722143,0.02085075,3,3,0,0
Zone_DH533,2426446912,90.3970502,23.714778,0.03941025,3,3,0,0
Zone_DH533,2426446913,90.3958893,23.7155497,0.01228945,4,3,0,0
Zone_DH533,2525135945,90.4010456,23.7142845,0.01212865,4,3,0,0
Zone_DH533,11109360715,90.405241,23.7245301,0.04425541,3,3,0,0
Zone_DH533,2525135963,90.4003599,23.7148093,0.02985497,3,3,0,1
Zone_DH533,2503730270,90.4042892,23.7177391,0.00640281,4,3,0,1
Zone_DH533,2492204129,90.398914,23.7175702,0.04109664,3,3,0,1
Zone_DH533,2525135970,90.4013523,23.7148591,0.0,4,1,0,0
Zone_DH533,2529404001,90.4035058,23.7169111,0.0,4,1,0,0
Zone_DH533,2503730281,90.4040692,23.7177844,0.0,4,1,0,0
Zone_DH533,2538251373,90.4050016,23.716395,0.0,4,1,0,0
Zone_DH533,8768914544,90.3983342,23.7306011,0.0,4,1,0,0
Zone_DH533,8768914545,90.398306,23.7305814,0.01589972,4,3,0,1
Zone_DH533,2503730291,90.4042186,23.7179133,0.00427292,4,3,0,1
Zone_DH533,2503730300,90.403905,23.7179224,0.00096823,4,2,0,0
Zone_DH533,2503730302,90.4037055,23.7179246,0.02970332,3,3,0,0
Zone_DH533,401859715,90.4087237,23.7146549,0.01346083,4,4,0,0
Zone_DH533,2492204168,90.3997056,23.7176485,0.06503063,3,3,0,0
Zone_DH533,11350385801,90.4085836,23.7202857,0.00552098,4,3,0,0
Zone_DH533,2503730312,90.404146,23.7179644,0.00213847,4,3,0,1
Zone_DH533,11350385804,90.4084752,23.7191387,0.00179855,4,3,0,0
Zone_DH533,2534630545,90.4041821,23.7100541,0.0,4,1,0,0
Zone_DH533,2503730321,90.4041457,23.7180288,0.0,4,1,0,0
Zone_DH533,2503730329,90.4042189,23.7180373,0.0,4,1,0,0
Zone_DH533,2503779483,90.4000601,23.7163157,0.0,4,1,0,0
Zone_DH533,2503730331,90.4040671,23.7180984,0.0,4,1,0,0
Zone_DH533,2484061342,90.4054618,23.7207844,0.0,4,1,0,0
Zone_DH533,2552546463,90.4057998,23.7188219,0.01319588,4,3,0,1
Zone_DH533,364127399,90.3860614,23.7217564,0.00426034,4,3,0,0
Zone_DH533,2503730343,90.4039001,23.7183712,0.0014718,4,3,0,1
Zone_DH533,1121485997,90.3905471,23.7251845,0.0,4,1,0,0
Zone_DH533,2503730351,90.4041322,23.7183939,0.05752855,3,3,0,0
Zone_DH533,2503730360,90.4038974,23.7185292,0.0,4,1,0,0
Zone_DH533,4600874187,90.4005134,23.7279203,0.04714294,3,3,0,0
Zone_DH533,2426201297,90.4006364,23.7216645,0.02708017,3,3,0,0
Zone_DH533,2426201298,90.3983945,23.7216993,0.01046229,4,4,0,0
Zone_DH533,3565102293,90.4034,23.7282415,0.02543383,3,3,0,0
Zone_DH533,2522809560,90.4012525,23.7139958,0.01158331,4,3,0,0
Zone_DH533,3565102297,90.4041139,23.7285699,0.02948701,3,3,0,0
Zone_DH533,2426201307,90.3998047,23.7222879,0.05930021,3,3,0,0
Zone_DH533,2426201317,90.3996117,23.7227793,0.0,4,1,0,0
Zone_DH533,373392615,90.4009799,23.7158597,0.05406649,3,3,0,1
Zone_DH533,2426201319,90.3996344,23.7234954,0.02162328,3,3,0,1
Zone_DH533,386925800,90.4063635,23.7317511,0.00213789,4,2,0,1
Zone_DH533,2426201320,90.4007558,23.7237986,0.11424737,1,3,0,0
Zone_DH533,373392621,90.4005427,23.7160129,0.07112786,2,3,0,0
Zone_DH533,2503779565,90.4002561,23.7166645,0.0,4,1,0,0
Zone_DH533,5892408583,90.3894424,23.7196914,0.0,4,1,0,0
Zone_DH533,2451563795,90.400237,23.7193959,0.0510153,3,3,0,0
Zone_DH533,7007225107,90.4067537,23.717454,0.02069396,3,3,0,0
Zone_DH533,2503779605,90.4004525,23.7167852,0.0,4,1,0,0
Zone_DH533,3015058709,90.4032861,23.727082,0.00429639,4,3,0,1
Zone_DH533,2503779607,90.4003836,23.7167875,0.0,4,1,0,0
Zone_DH533,3015058710,90.4032908,23.7276462,0.00085893,4,3,0,0
Zone_DH533,2503779612,90.4002544,23.7167941,0.0,4,1,0,0
Zone_DH533,2451563805,90.4004382,23.7196996,0.0528499,3,3,0,0
Zone_DH533,2484061471,90.4053787,23.7208287,0.0,4,1,0,0
Zone_DH533,2451563814,90.400075,23.7197843,0.02558376,3,3,0,0
Zone_DH533,4316685611,90.3944675,23.7228613,0.02993966,3,3,0,0
Zone_DH533,2451563823,90.400588,23.7200261,0.0366612,3,3,0,0
Zone_DH533,4316685615,90.3944984,23.7209109,0.02051599,3,3,0,0
Zone_DH533,4316685618,90.394646,23.7206164,0.0460843,3,3,0,0
Zone_DH533,2503779637,90.4006336,23.7168405,0.02401124,3,3,0,1
Zone_DH533,2451563839,90.4001105,23.7201255,0.00884055,4,3,0,0
Zone_DH533,8663516479,90.3963727,23.7316532,0.0,4,1,0,0
Zone_DH533,8663516481,90.3957877,23.7321408,0.01192264,4,3,0,1
Zone_DH533,2503779650,90.4001576,23.7168516,0.00213847,4,3,0,1
Zone_DH533,8663516482,90.3956533,23.7315527,0.0,4,1,0,0
Zone_DH533,8663516483,90.395879,23.7315855,0.00213789,4,3,0,1
Zone_DH533,2451563846,90.4004148,23.7202579,0.0,4,1,0,0
Zone_DH533,2451563847,90.4002817,23.7202648,0.00213847,4,3,0,1
Zone_DH533,8663516488,90.3959054,23.7315893,0.00213789,4,3,0,1
Zone_DH533,8663516487,90.3958927,23.7315876,0.00640452,4,3,0,1
Zone_DH533,8663516486,90.3958979,23.7314724,0.0,4,2,0,0
Zone_DH533,8663516489,90.3959227,23.7314751,0.0,4,2,0,0
Zone_DH533,2529404238,90.4029641,23.7170326,0.0,4,1,0,0
Zone_DH533,2451563859,90.4001815,23.720359,0.00427292,4,3,0,1
Zone_DH533,2451563861,90.4000968,23.7203576,0.01107859,4,3,0,1
Zone_DH533,2529404250,90.4030992,23.7170342,0.00331042,4,2,0,0
Zone_DH533,5892408666,90.3892058,23.7180819,0.00106952,4,3,0,1
Zone_DH533,5892408668,90.3891244,23.71968,0.00107181,4,3,0,1
Zone_DH533,5892408667,90.3891824,23.7185421,0.00109241,4,3,0,0
Zone_DH533,2503779678,90.4004525,23.7168584,0.00213847,4,3,0,1
Zone_DH533,5892408669,90.386675,23.7195706,0.0,4,1,0,0
Zone_DH533,2451563876,90.4004484,23.7204712,0.0,4,1,0,0
Zone_DH533,5892408678,90.3870173,23.7184173,0.0,4,1,0,0
Zone_DH533,5892408679,90.389185,23.7184895,0.00217623,4,3,0,0
Zone_DH533,5892408680,90.3896001,23.7185515,0.0,4,3,0,0
Zone_DH533,5892408684,90.3891641,23.7189001,0.00317022,4,3,0,0
Zone_DH533,3357279598,90.3858983,23.7187511,0.00118339,4,3,0,0
Zone_DH533,11461961071,90.4028991,23.7302024,0.01197758,4,3,0,0
Zone_DH533,2451563887,90.4008173,23.7205417,0.04174785,3,3,0,0
Zone_DH533,2451563890,90.4005235,23.7205482,0.00503286,4,2,0,0
Zone_DH533,402130291,90.4023053,23.7194702,0.07775041,2,3,0,0
Zone_DH533,373392767,90.3967678,23.7164266,0.06938653,2,3,0,0
Zone_DH533,2451563905,90.4005235,23.7206537,0.00568007,4,3,0,0
Zone_DH533,11461961097,90.4023442,23.7321418,0.00209154,4,3,0,0
Zone_DH533,11461961098,90.402355,23.7320945,0.00315648,4,3,0,0
Zone_DH533,2451563917,90.4003101,23.720688,0.00297508,4,3,0,1
Zone_DH533,10761471379,90.4044744,23.7262519,0.03481344,3,3,0,1
Zone_DH533,10761471380,90.4046958,23.7262452,0.00213847,4,3,0,1
Zone_DH533,10761471382,90.4048273,23.7264792,0.0,4,1,0,0
Zone_DH533,10761471391,90.4046952,23.7261645,0.0,4,1,0,0
Zone_DH533,11461961122,90.4018293,23.7304963,0.0,4,1,0,0
Zone_DH533,11461961123,90.4021633,23.7307897,0.00106952,4,3,0,1
Zone_DH533,11461961124,90.4022827,23.7308088,0.01373493,4,3,0,0
Zone_DH533,11461961125,90.4021168,23.7310615,0.00104262,4,3,0,0
Zone_DH533,7030449600,90.4018896,23.7280665,0.02806099,3,3,0,0
Zone_DH533,7030449601,90.4018942,23.7281522,0.0435321,3,4,0,0
Zone_DH533,11461961157,90.4035627,23.7283106,0.01841987,4,3,0,0
Zone_DH533,11461961159,90.4036336,23.7284842,0.01041136,4,4,0,0
Zone_DH533,11461961161,90.4040546,23.7285407,0.02699948,3,3,0,0
Zone_DH533,5892408785,90.3888134,23.7188976,0.00524402,4,3,0,0
Zone_DH533,5892408789,90.3891676,23.7188325,0.00213732,4,3,0,0
Zone_DH533,5892408790,90.3888153,23.7188238,4.463e-05,4,3,0,0
Zone_DH533,5892408792,90.3887077,23.7186871,0.00425347,4,3,0,0
Zone_DH533,5892408793,90.3887186,23.718474,0.00321943,4,3,0,0
Zone_DH533,5892408794,90.3870002,23.7196032,0.0,4,1,0,0
Zone_DH533,5892408795,90.3891463,23.7192506,0.00107524,4,3,0,0
Zone_DH533,5892408796,90.3886613,23.7196632,0.00212416,4,3,0,0
Zone_DH533,5892408797,90.3886773,23.7192291,0.00949348,4,4,0,0
Zone_DH533,5892408798,90.3886844,23.7190361,0.00633986,4,3,0,0
Zone_DH533,5892408800,90.3881759,23.7184559,0.00010014,4,3,0,0
Zone_DH533,5892408801,90.3881648,23.7187586,0.00330927,4,3,0,0
Zone_DH533,2503779811,90.4007776,23.7169171,0.02230653,3,3,0,0
Zone_DH533,373392869,90.3960395,23.7165531,0.11531174,1,3,0,0
Zone_DH533,5892408806,90.3882311,23.718762,0.00123375,4,3,0,0
Zone_DH533,5892408807,90.3882345,23.7184578,7.21e-05,4,3,0,0
Zone_DH533,5892408808,90.3885701,23.7188802,0.00635531,4,3,0,0
Zone_DH533,5892408809,90.3882651,23.7188714,0.00839363,4,3,0,0
Zone_DH533,5892408810,90.3885709,23.7188132,0.00536419,4,3,0,0
Zone_DH533,2538251755,90.4051281,23.7166211,0.0,4,1,0,0
Zone_DH533,5892408812,90.3881137,23.7187835,0.00426835,4,3,0,0
Zone_DH533,5892408811,90.3882686,23.7187943,0.00014363,4,3,0,0
Zone_DH533,2503779822,90.4006434,23.7169368,0.02491652,3,3,0,0
Zone_DH533,5892408813,90.3877739,23.7187746,0.00846059,4,3,0,0
Zone_DH533,2462647794,90.4045264,23.7216671,0.08125023,2,3,0,0
Zone_DH533,5892408819,90.3881095,23.7188536,0.00530754,4,3,0,0
Zone_DH533,5892408818,90.3877724,23.7188459,0.0157126,4,3,0,0
Zone_DH533,2503779829,90.4013821,23.7169462,0.00553758,4,3,0,1
Zone_DH533,5892408821,90.3876027,23.7184368,0.00428151,4,4,0,1
Zone_DH533,5892408823,90.3876593,23.7186501,0.00740537,4,3,0,0
Zone_DH533,5892408824,90.387659,23.7184387,0.00639193,4,4,0,1
Zone_DH533,5892408822,90.3875963,23.7186491,6.752e-05,4,3,0,0
Zone_DH533,5892408826,90.3875665,23.7198991,0.07645428,2,3,0,1
Zone_DH533,10081510906,90.38764,23.7226629,0.01141564,4,3,0,0
Zone_DH533,10081510908,90.3875844,23.7227762,0.00496076,4,4,0,0
Zone_DH533,2538251772,90.4053591,23.7166273,0.01347113,4,3,0,1
Zone_DH533,2462647806,90.4042295,23.7223779,0.0,4,1,0,0
Zone_DH533,10081510909,90.3872469,23.7241507,0.002115,4,3,0,1
Zone_DH533,5892408827,90.3875792,23.7196241,0.05513715,3,4,0,1
Zone_DH533,2462647809,90.4045484,23.7224824,0.00999991,4,3,0,1
Zone_DH533,5892408834,90.3882056,23.7192076,0.02094117,3,4,0,0
Zone_DH533,5892408835,90.3881796,23.7196458,0.00312444,4,3,0,0
Zone_DH533,5892408833,90.3882232,23.7189087,0.00943053,4,3,0,0
Zone_DH533,5892408829,90.3876092,23.71898,0.02191626,3,3,0,0
Zone_DH533,5892408838,90.3881138,23.7196434,0.02810448,3,3,0,0
Zone_DH533,2462647815,90.4029085,23.7225528,0.00853212,4,3,0,1
Zone_DH533,5892408840,90.3881492,23.7189055,7.725e-05,4,3,0,0
Zone_DH533,5892408839,90.3881348,23.7192044,0.02301897,3,4,0,0
Zone_DH533,2538251786,90.4044744,23.7166336,0.01939211,4,3,0,0
Zone_DH533,2462647819,90.403187,23.722571,0.0,4,1,0,0
Zone_DH533,2462647820,90.4049407,23.7226114,0.0,4,1,0,0
Zone_DH533,2462647821,90.4032117,23.7226681,0.00427292,4,3,0,1
Zone_DH533,3006301706,90.404948,23.7300043,0.00452814,4,3,0,0
Zone_DH533,2462647823,90.4028952,23.7226678,0.0084211,4,3,0,1
Zone_DH533,3006301708,90.4049874,23.7297989,0.01735436,4,3,0,0
Zone_DH533,5892408844,90.3868126,23.7182316,0.00213847,4,3,0,1
Zone_DH533,5892408848,90.3874329,23.7187577,0.0021419,4,3,0,1
Zone_DH533,5892408842,90.3871389,23.7188139,0.0,4,1,0,0
Zone_DH533,5892408843,90.386827,23.7179637,0.0,4,1,0,0
Zone_DH533,5892408845,90.3867935,23.7185856,0.0,4,1,0,0
Zone_DH533,5892408847,90.3871408,23.7187556,0.0,4,1,0,0
Zone_DH533,2462647844,90.4032123,23.7229316,0.0,4,1,0,0
Zone_DH533,2462647846,90.4053457,23.7229604,0.00958905,4,3,0,1
Zone_DH533,9721906727,90.387484,23.7122237,0.00129441,4,3,0,0
Zone_DH533,2340431400,90.3952017,23.7319779,0.01431747,4,3,0,0
Zone_DH533,2340431401,90.3952222,23.73167,0.01511174,4,3,0,0
Zone_DH533,2462647852,90.4040908,23.7230364,0.00746946,4,3,0,1
Zone_DH533,2441430573,90.4011185,23.7226557,0.02096634,3,3,0,0
Zone_DH533,2462647858,90.4032094,23.7231408,0.00213847,4,3,0,1
Zone_DH533,2462647860,90.4031007,23.7231642,0.0,4,1,0,0
Zone_DH533,2476500534,90.3977517,23.7165176,0.06776938,3,3,0,0
Zone_DH533,2462647864,90.4032244,23.7232244,0.0,4,1,0,0
Zone_DH533,4987659834,90.3969493,23.7139159,0.0,4,1,0,0
Zone_DH533,373392957,90.3933968,23.7175084,0.01279817,4,3,0,0
Zone_DH533,373392964,90.3940067,23.7185596,0.08999465,2,4,0,0
Zone_DH533,3014936134,90.3987774,23.7299947,0.01276556,4,3,0,1
Zone_DH533,2503779914,90.4006183,23.7170373,0.0048692,4,3,0,1
Zone_DH533,2484061777,90.4053355,23.7208872,0.00427292,4,3,0,1
Zone_DH533,2992129618,90.4036305,23.7312332,0.00309811,4,3,0,0
Zone_DH533,4362004056,90.3898308,23.7275335,0.02236261,3,3,0,1
Zone_DH533,2484061785,90.4051597,23.7208875,0.0,4,1,0,0
Zone_DH533,2538251883,90.4048662,23.7167446,0.0,4,1,0,0
Zone_DH533,2503779973,90.4002536,23.7170772,0.0,4,1,0,0
Zone_DH533,2442823309,90.4020665,23.7219702,0.01804105,4,3,0,0
Zone_DH533,7187744399,90.3987184,23.7297953,0.0,4,1,0,0
Zone_DH533,7187744403,90.3970058,23.731643,0.0,4,1,0,0
Zone_DH533,2538251944,90.4054481,23.7168154,0.04104056,3,3,0,0
Zone_DH533,2441430697,90.401009,23.7230123,0.02892851,3,3,0,0
Zone_DH533,2966308535,90.4045694,23.7227817,0.0,4,1,0,0
Zone_DH533,10752681659,90.3946914,23.7311264,0.00852811,4,3,0,1
Zone_DH533,2523473599,90.404664,23.7112123,0.00415504,4,3,0,0
Zone_DH533,2441430720,90.4006746,23.7230484,0.03624976,3,3,0,0
Zone_DH533,2441430721,90.4007295,23.7230466,0.04905823,3,3,0,0
Zone_DH533,2503780031,90.4014046,23.7171338,0.0,4,1,0,0
Zone_DH533,10752681664,90.3935766,23.7313675,0.00427292,4,3,0,1
Zone_DH533,10752681668,90.393764,23.7314302,0.00213847,4,3,0,1
Zone_DH533,10752681666,90.3940078,23.731365,0.0,4,1,0,0
Zone_DH533,10752681667,90.3937372,23.7314877,0.0,4,1,0,0
Zone_DH533,10752681673,90.3946489,23.7311119,0.00640281,4,3,0,1
Zone_DH533,10752681674,90.3946325,23.7311453,0.0,4,1,0,0
Zone_DH533,10752681675,90.394602,23.7312395,0.0,4,1,0,0
Zone_DH533,10752681676,90.3935524,23.7314211,0.0,4,1,0,0
Zone_DH533,10752681677,90.3948502,23.7307824,0.01195068,4,3,0,1
Zone_DH533,7130048230,90.394958,23.7239006,0.0,4,1,0,0
Zone_DH533,2503780102,90.4006278,23.7171845,0.0,4,1,0,0
Zone_DH533,6557083405,90.4068896,23.7151536,0.05633027,3,3,0,0
Zone_DH533,10759178015,90.3956219,23.7282849,0.00213789,4,2,0,1
Zone_DH533,10759178039,90.3958514,23.7285927,0.00106952,4,2,0,1
Zone_DH533,10759178042,90.3957679,23.7288852,0.0,4,1,0,0
Zone_DH533,10759178043,90.3954516,23.728273,0.02230482,3,5,0,1
Zone_DH533,2503780163,90.4010745,23.7172254,0.0,4,1,0,0
Zone_DH533,386926404,90.4036845,23.731301,0.00217509,4,3,0,0
Zone_DH533,386926410,90.4036479,23.7311249,0.00474388,4,3,0,0
Zone_DH533,2503780177,90.4004411,23.717233,0.00614701,4,3,0,0
Zone_DH533,2992121697,90.402608,23.7320488,0.00125321,4,4,0,0
Zone_DH533,2529404769,90.4037597,23.7171566,0.00891781,4,3,0,0
Zone_DH533,2992121706,90.4025423,23.7322806,4.692e-05,4,4,0,0
Zone_DH533,2519500655,90.400671,23.7214626,0.03016569,3,3,0,0
Zone_DH533,2992121715,90.4021106,23.73257,0.0,4,2,0,0
Zone_DH533,2519500669,90.4002579,23.7215944,0.00656647,4,3,0,1
Zone_DH533,2503780229,90.4008165,23.7172592,0.01861615,4,3,0,1
Zone_DH533,2503780230,90.4007972,23.7172599,0.01904934,4,2,0,0
Zone_DH533,2519500681,90.4004316,23.7216514,0.0,4,1,0,0
Zone_DH533,6545672085,90.3994747,23.7269587,0.0,4,1,0,0
Zone_DH533,401811352,90.4009308,23.7210808,0.04321451,3,4,0,0
Zone_DH533,401647515,90.4097214,23.717416,0.00213789,4,3,0,1
Zone_DH533,2519500706,90.4004641,23.7217765,0.0,4,1,0,0
Zone_DH533,2503780263,90.4002939,23.7172888,0.00650581,4,3,0,1
Zone_DH533,2529404843,90.4035541,23.7171743,0.00473472,4,3,0,1
Zone_DH533,401647532,90.4097476,23.7195664,0.00041774,4,3,0,0
Zone_DH533,2519500734,90.3998293,23.7220337,0.00106952,4,2,0,1
Zone_DH533,2519500749,90.3997042,23.722089,0.06116743,3,3,0,1
Zone_DH533,7874619344,90.402882,23.7105951,0.00640223,4,4,0,0
Zone_DH533,4217292761,90.3888068,23.712558,0.0056463,4,4,0,1
Zone_DH533,4217292762,90.3886976,23.7130639,0.00765773,4,3,0,0
Zone_DH533,3249580002,90.3983659,23.7201079,0.11421361,1,3,0,0
Zone_DH533,2538252262,90.404863,23.7170643,0.03186582,3,3,0,1
Zone_DH533,373393394,90.3951135,23.718303,0.02022815,4,3,0,0
Zone_DH533,373393411,90.3958776,23.7166311,0.11406883,1,3,0,0
Zone_DH533,2538252291,90.4047132,23.7170816,0.05064678,3,3,0,0
Zone_DH533,373393425,90.3969641,23.7163587,0.05466906,3,3,0,0
Zone_DH533,2503780378,90.4006123,23.7173891,0.00166351,4,2,0,0
Zone_DH533,2484062258,90.4058735,23.7209905,0.07825913,2,3,0,0
Zone_DH533,7227394112,90.4084437,23.7191509,0.00297852,4,3,0,0
Zone_DH533,2503780424,90.4007992,23.7174242,0.02136119,3,3,0,0
Zone_DH533,373393489,90.399224,23.7214459,0.06267071,3,3,0,0
Zone_DH533,373393500,90.400194,23.7230858,0.05675602,3,3,0,0
Zone_DH533,2492311644,90.3999584,23.7166573,0.0180668,4,3,0,1
Zone_DH533,2503780452,90.4003196,23.7174408,0.0,4,1,0,0
Zone_DH533,2424080503,90.3983746,23.7201498,0.08443247,2,3,0,0
Zone_DH533,401860730,90.410145,23.7140672,0.0,4,2,0,0
Zone_DH533,401860733,90.4102217,23.7142938,0.0,4,2,0,0
Zone_DH533,4971882622,90.4078147,23.7152488,0.0,4,1,0,0
Zone_DH533,4971882623,90.4068951,23.7152788,0.05749307,3,3,0,1
Zone_DH533,2538252417,90.4046546,23.7172051,0.05093747,3,3,0,0
Zone_DH533,3015035024,90.4002762,23.7245849,0.08970738,2,4,0,0
Zone_DH533,8771766432,90.3978014,23.7280206,0.0,4,3,0,0
Zone_DH533,2538252461,90.4048494,23.7172356,0.00106952,4,3,0,1
Zone_DH533,388311215,90.3956952,23.7223611,0.10793555,1,4,0,0
Zone_DH533,393922753,90.4041622,23.7132118,0.00020486,4,3,0,0
Zone_DH533,393922756,90.4043025,23.7130652,0.00912896,4,3,0,0
Zone_DH533,393922767,90.4045019,23.7119882,0.00162917,4,3,0,1
Zone_DH533,393922777,90.404499,23.7113725,0.02325588,3,3,0,0
Zone_DH533,5002660066,90.3912747,23.7323403,0.00213789,4,2,0,1
Zone_DH533,373393639,90.3975122,23.7217723,0.04977869,3,3,0,0
Zone_DH533,387123438,90.3877473,23.7256663,0.0,4,1,0,0
Zone_DH533,3006613745,90.3937913,23.7279409,0.05692483,3,3,0,0
Zone_DH533,2503780597,90.4008383,23.7178844,0.07550665,2,3,0,0
Zone_DH533,2484062456,90.4054961,23.7210359,0.00106952,4,3,0,1
Zone_DH533,373393658,90.3972507,23.723064,0.02002501,4,3,0,0
Zone_DH533,8723114245,90.3981929,23.7325714,0.0,4,1,0,0
Zone_DH533,9143216390,90.3897005,23.7223959,0.01542934,4,3,0,1
Zone_DH533,5624154388,90.401892,23.7156571,0.01382134,4,3,0,1
Zone_DH533,3014936852,90.3987508,23.729817,0.00106952,4,3,0,1
Zone_DH533,2471725336,90.4046066,23.7225313,0.00917131,4,3,0,1
Zone_DH533,11353229594,90.3899561,23.7168566,0.00746603,4,3,0,0
Zone_DH533,9143216413,90.3901231,23.723267,0.00213847,4,3,0,1
Zone_DH533,9143216414,90.3902557,23.7232269,0.0,4,1,0,0
Zone_DH533,9143216415,90.3899658,23.7233178,0.0,4,1,0,0
Zone_DH533,9143216416,90.3900584,23.7230951,0.00534015,4,4,0,1
Zone_DH533,11353229602,90.3908045,23.7189266,0.00152273,4,3,0,0
Zone_DH533,2538252580,90.4046313,23.7172781,0.05285162,3,3,0,0
Zone_DH533,11353229606,90.3910511,23.7176718,0.00374074,4,3,0,0
Zone_DH533,11353229607,90.3905893,23.7179039,0.00337737,4,4,0,0
Zone_DH533,5624154406,90.4016018,23.7155585,0.0,4,1,0,0
Zone_DH533,5624154408,90.401631,23.7155103,0.0,4,1,0,0
Zone_DH533,5624154410,90.4015542,23.7157681,0.0,4,1,0,0
Zone_DH533,11353229611,90.3924314,23.7175389,0.00244175,4,3,0,0
Zone_DH533,5624154412,90.401631,23.7155521,0.00213847,4,3,0,1
Zone_DH533,5624154411,90.401761,23.7157562,0.00106952,4,3,0,1
Zone_DH533,402131247,90.4030257,23.7206227,0.07057965,2,3,0,0
Zone_DH533,2471725362,90.4033293,23.7226696,0.0,4,1,0,0
Zone_DH533,2471725363,90.4032568,23.7226701,0.00213847,4,3,0,1
Zone_DH533,5624154418,90.4018363,23.7156123,0.00533386,4,3,0,1
Zone_DH533,5624154420,90.4017624,23.7156116,0.0010741,4,3,0,1
Zone_DH533,5624154419,90.4016997,23.7156123,0.0,4,1,0,0
Zone_DH533,2471725371,90.4033486,23.7227239,0.0,4,1,0,0
Zone_DH533,13563791690,90.4016779,23.7254005,0.00130585,4,3,0,0
Zone_DH533,13563791693,90.4016936,23.7252086,0.00798849,4,3,0,0
Zone_DH533,2424080736,90.3958489,23.7209394,0.00213847,4,3,0,1
Zone_DH533,11461544297,90.3950239,23.7182818,0.07474557,2,4,0,0
Zone_DH533,11461544300,90.3954061,23.7196038,0.00690295,4,4,0,0
Zone_DH533,11461544301,90.3954236,23.719463,0.00735788,4,4,0,0
Zone_DH533,11461544304,90.3953282,23.7199064,0.01006801,4,4,0,0
Zone_DH533,2538252656,90.4049417,23.7173032,0.0,4,1,0,0
Zone_DH533,11461544306,90.3954223,23.7195365,0.0067988,4,3,0,0
Zone_DH533,11461544307,90.3955027,23.7195334,0.0208416,3,3,0,0
Zone_DH533,11461544310,90.3950376,23.7183202,0.00741682,4,3,0,0
Zone_DH533,11461544314,90.3956164,23.7172096,0.09248104,2,3,0,0
Zone_DH533,11461544315,90.3950718,23.7181983,0.07155074,2,3,0,0
Zone_DH533,11461544316,90.39515,23.7182311,0.02033058,4,3,0,0
Zone_DH533,11461544317,90.3953078,23.7200428,0.00967202,4,3,0,0
Zone_DH533,366217615,90.3874704,23.7122143,0.00184491,4,4,0,0
Zone_DH533,393357719,90.4030645,23.7098798,0.00079027,4,3,0,0
Zone_DH533,387123612,90.3933075,23.7211741,0.01240905,4,3,0,0
Zone_DH533,2484062674,90.4052766,23.7211144,0.02179781,3,3,0,1
Zone_DH533,6545607124,90.4064566,23.7295544,0.0,4,1,0,0
Zone_DH533,6545607135,90.4072706,23.7295286,0.0,4,1,0,0
Zone_DH533,6545607136,90.4074327,23.7295268,0.00461856,4,3,0,0
Zone_DH533,3006294508,90.3955041,23.7327194,0.0,4,1,0,0
Zone_DH533,2484062719,90.4058817,23.7211451,0.08642673,2,4,0,0
Zone_DH533,6269299200,90.3974412,23.7303471,0.00056022,4,3,0,0
Zone_DH533,6269299201,90.3972565,23.7301132,0.00033819,4,3,0,0
Zone_DH533,387123715,90.3942661,23.7159753,0.00861452,4,3,0,0
Zone_DH533,3015010840,90.4032658,23.7282905,0.0,4,1,0,0
Zone_DH533,3015010841,90.4032658,23.7281206,0.0,4,1,0,0
Zone_DH533,387123762,90.3965011,23.7158315,0.02637917,3,3,0,0
Zone_DH533,6397938237,90.4107147,23.7173776,0.00106952,4,2,0,1
Zone_DH533,6397938238,90.4106965,23.7178513,0.0,4,1,0,0
Zone_DH533,2432289350,90.405558,23.7229705,0.10360598,2,3,0,1
Zone_DH533,373393996,90.4002474,23.7234772,0.06878796,3,4,0,0
Zone_DH533,9995733590,90.4015891,23.7271251,0.00569037,4,3,0,0
Zone_DH533,9995733591,90.4015749,23.7265304,0.00855901,4,3,0,0
Zone_DH533,9995733593,90.4013962,23.7272605,0.00336649,4,3,0,0
Zone_DH533,11240581722,90.3923996,23.7228643,0.0,4,1,0,0
Zone_DH533,11240581723,90.3923401,23.7230394,0.00638736,4,4,0,1
Zone_DH533,11240581724,90.3922097,23.7233753,0.0,4,1,0,0
Zone_DH533,9995733597,90.4011536,23.7265338,0.00904313,4,3,0,0
Zone_DH533,11240581729,90.3925916,23.7224659,0.03638996,3,3,0,1
Zone_DH533,373394025,90.3978176,23.7233239,0.02058123,3,3,0,0
Zone_DH533,3462990445,90.4055213,23.7231534,0.11181077,1,4,0,0
Zone_DH533,2525137521,90.4017151,23.715096,0.0,4,1,0,0
Zone_DH533,4971784818,90.3967146,23.7282686,0.05330941,3,3,0,0
Zone_DH533,2525137524,90.4009668,23.7155403,0.0,4,1,0,0
Zone_DH533,2504624768,90.403241,23.7126799,0.01439473,4,3,0,0
Zone_DH533,2445240995,90.4014388,23.7225376,0.01482505,4,3,0,1
Zone_DH533,3736971942,90.3914142,23.712972,0.00216879,4,3,0,0
Zone_DH533,4600875690,90.4002609,23.7282042,0.04852491,3,3,0,0
Zone_DH533,2445241003,90.4013171,23.7226215,0.01313351,4,3,0,1
Zone_DH533,2504624810,90.4026625,23.7129391,0.01947909,4,3,0,0
Zone_DH533,4600875691,90.4000543,23.7279962,0.05012604,3,3,0,0
Zone_DH533,2445241021,90.4016984,23.7229866,0.0,4,1,0,0
Zone_DH533,393358016,90.4028198,23.7106112,0.0,4,2,0,0
Zone_DH533,9732180676,90.4065853,23.7258785,0.0,4,1,0,0
Zone_DH533,9732180682,90.4061082,23.7277919,0.01257157,4,3,0,1
Zone_DH533,9732180683,90.4074329,23.7270891,0.0,4,1,0,0
Zone_DH533,9732180684,90.4074493,23.7277555,0.00524159,4,3,0,1
Zone_DH533,387123917,90.403552,23.7097369,0.0,4,2,0,0
Zone_DH533,9732180685,90.408318,23.7270842,0.0,4,1,0,0
Zone_DH533,9732180688,90.4087556,23.7276995,0.00214476,4,3,0,1
Zone_DH533,387123922,90.4041074,23.710546,0.00248753,4,3,0,0
Zone_DH533,2445241043,90.401949,23.7231004,0.08264936,2,3,0,1
Zone_DH533,10758370772,90.3885287,23.7295127,0.0,4,1,0,0
Zone_DH533,10758370773,90.3883617,23.7292777,0.00533729,4,3,0,1
Zone_DH533,9974467291,90.4092863,23.7241548,0.0,4,1,0,0
Zone_DH533,10758370774,90.3885957,23.7292892,0.0,4,1,0,0
Zone_DH533,10758370776,90.3886306,23.7291738,0.0,4,1,0,0
Zone_DH533,2441284330,90.4021627,23.7231559,0.0,4,1,0,0
Zone_DH533,10758370777,90.3883477,23.729307,0.00320741,4,3,0,1
Zone_DH533,3006368508,90.4003606,23.7253326,0.09387044,2,4,0,0
Zone_DH533,3006368512,90.3986938,23.7261851,0.05417121,3,3,0,1
Zone_DH533,2504624898,90.4016695,23.7130225,0.0,4,1,0,0
Zone_DH533,373394198,90.4035888,23.7196475,0.11284653,1,3,0,0
Zone_DH533,373394200,90.4032835,23.7196354,0.04339476,3,3,0,0
Zone_DH533,373394207,90.4020014,23.7194431,0.07526345,2,3,0,1
Zone_DH533,373394213,90.400889,23.7191952,0.0852605,2,4,0,0
Zone_DH533,2441284401,90.4022533,23.7234696,0.00987459,4,3,0,1
Zone_DH533,2504624954,90.4011394,23.7131567,0.01309288,4,3,0,1
Zone_DH533,2445257553,90.4013801,23.721548,0.0,4,1,0,0
Zone_DH533,2445257556,90.4010538,23.7216178,0.01159818,4,4,0,1
Zone_DH533,2445257559,90.4011452,23.721897,0.0186934,4,4,0,0
Zone_DH533,2492517239,90.4003114,23.7160181,0.09265786,2,3,0,0
Zone_DH533,4962823031,90.4055032,23.7232817,0.09849873,2,3,0,0
Zone_DH533,2504625034,90.4027016,23.7133427,0.02088737,3,3,0,1
Zone_DH533,2492517265,90.3999575,23.7161151,0.07794897,2,3,0,1
Zone_DH533,9559468946,90.3887078,23.7228273,0.01919812,4,3,0,0
Zone_DH533,9559468956,90.3876584,23.7227289,0.01185455,4,4,0,0
Zone_DH533,9559468957,90.3954327,23.7224868,0.03068987,3,3,0,0
Zone_DH533,2504625076,90.4023043,23.7133695,0.0,4,1,0,0
Zone_DH533,5206174663,90.3991032,23.7222722,0.00106952,4,3,0,1
Zone_DH533,5206174666,90.3994117,23.7220723,0.0,4,1,0,0
Zone_DH533,2520042445,90.4059043,23.710732,0.00958676,4,3,0,0
Zone_DH533,373394382,90.3953673,23.7200516,0.02207249,3,3,0,0
Zone_DH533,6263352272,90.3970262,23.7316602,0.00106952,4,2,0,1
Zone_DH533,373394386,90.3953269,23.7205047,0.06261634,3,4,0,0
Zone_DH533,373394389,90.3953228,23.7206721,0.07537217,2,3,0,0
Zone_DH533,6216485849,90.3947295,23.7327035,0.0,4,2,0,0
Zone_DH533,2452499422,90.4034083,23.7208132,0.05396005,3,3,0,1
Zone_DH533,6216485859,90.3952539,23.7320599,0.01263508,4,4,0,0
Zone_DH533,401804270,90.4007707,23.7233931,0.11677439,1,3,0,0
Zone_DH533,2504625139,90.402297,23.7134915,0.0,4,1,0,0
Zone_DH533,401804287,90.40163,23.7232529,0.09184356,2,4,0,0
Zone_DH533,2504625156,90.4021328,23.7135142,0.0,4,1,0,0
Zone_DH533,2504625160,90.4020747,23.713516,0.00213847,4,3,0,1
Zone_DH533,2504625169,90.4019935,23.7135188,0.0,4,1,0,0
Zone_DH533,2520042516,90.4060927,23.7108652,0.0,4,1,0,0
Zone_DH533,2452499480,90.4038378,23.7211253,0.05308338,3,3,0,1
Zone_DH533,10211666971,90.406413,23.7266246,0.0,4,1,0,0
Zone_DH533,10211666974,90.4060294,23.7267699,0.00213847,4,3,0,1
Zone_DH533,10211666976,90.4078112,23.7294977,0.00320512,4,3,0,1
Zone_DH533,393923621,90.4038702,23.7114382,0.03300115,3,3,0,0
Zone_DH533,2492517417,90.3997218,23.7174883,0.0307076,3,3,0,0
Zone_DH533,386927662,90.407231,23.7278795,0.0099806,4,4,0,0
Zone_DH533,2511146040,90.4027632,23.7184541,0.01524164,4,3,0,0
Zone_DH533,2452499518,90.4041099,23.7211805,0.10391842,2,3,0,0
Zone_DH533,2504625226,90.4016334,23.7135909,0.0,4,1,0,0
Zone_DH533,6139259985,90.4105094,23.7212234,0.00067238,4,2,0,0
Zone_DH533,2514594898,90.397291,23.7155642,0.00376191,4,3,0,0
Zone_DH533,2520042581,90.4062202,23.7109018,0.0,4,1,0,0
Zone_DH533,10753092693,90.3937786,23.7284727,0.00410526,4,3,0,1
Zone_DH533,3357256795,90.3854419,23.7203629,0.0,4,1,0,0
Zone_DH533,2514594908,90.3973598,23.71583,0.01181564,4,3,0,0
Zone_DH533,2511146088,90.40258,23.7195182,0.03456794,3,3,0,0
Zone_DH533,2514594920,90.3977132,23.715938,0.01711287,4,3,0,0
Zone_DH533,2476559466,90.4058778,23.7173783,0.03344578,3,3,0,0
Zone_DH533,2574126187,90.404461,23.7166276,0.02178408,3,3,0,0
Zone_DH533,2476559469,90.4061202,23.7173809,0.0325073,3,4,0,0
Zone_DH533,2514594930,90.3967962,23.7159805,0.01200047,4,3,0,0
Zone_DH533,2514594931,90.3977349,23.7160376,0.01298415,4,3,0,1
Zone_DH533,2520042619,90.4061403,23.710938,0.00213847,4,3,0,1
Zone_DH533,2514594943,90.3968371,23.716077,0.01035241,4,3,0,0
Zone_DH533,2504625281,90.4012352,23.7136617,0.00584373,4,3,0,0
Zone_DH533,2476559490,90.4060907,23.7176918,0.00137738,4,3,0,0
Zone_DH533,2507975812,90.4029419,23.7115995,0.0468717,3,3,0,0
Zone_DH533,2514594948,90.3971185,23.7160975,0.0,4,1,0,0
Zone_DH533,2514594952,90.3966641,23.7161313,0.02490279,3,3,0,0
Zone_DH533,2507975823,90.402424,23.7117013,0.03760597,3,3,0,0
Zone_DH533,2520042640,90.4060824,23.7109641,0.00857789,4,3,0,1
Zone_DH533,6338342032,90.3967121,23.7251198,0.0,4,1,0,0
Zone_DH533,6338342034,90.3964359,23.7253948,0.00213847,4,3,0,1
Zone_DH533,2476559507,90.4060274,23.7178268,0.00088182,4,3,0,0
Zone_DH533,6338342035,90.3971044,23.7259548,0.00427292,4,3,0,1
Zone_DH533,6338342036,90.3972352,23.7258294,0.0,4,1,0,0
Zone_DH533,6338342038,90.3965244,23.7264801,0.03990295,3,3,0,1
Zone_DH533,9566170263,90.4053521,23.7243789,0.08158557,2,3,0,0
Zone_DH533,6338342044,90.3979153,23.7265303,0.0,4,1,0,0
Zone_DH533,2476559519,90.4056464,23.7178914,0.01261334,4,3,0,0
Zone_DH533,6338342047,90.3985038,23.7260409,0.00320512,4,3,0,1
Zone_DH533,6338342050,90.3980303,23.7263977,0.00106952,4,3,0,1
Zone_DH533,2476559523,90.4070348,23.7179345,0.04102397,3,3,0,0
Zone_DH533,2476559524,90.4061532,23.7178858,0.00067353,4,3,0,0
Zone_DH533,6338342058,90.3982693,23.7258438,0.0,4,2,0,0
Zone_DH533,6338342059,90.3991117,23.7247178,0.0,4,1,0,0
Zone_DH533,369790138,90.4071264,23.718544,0.06013167,3,3,0,0
Zone_DH533,369790143,90.4050717,23.717519,0.01853661,4,3,0,1
Zone_DH533,2507975883,90.4024073,23.7118861,0.00418022,4,3,0,1
Zone_DH533,2507975899,90.402249,23.7119111,0.0,4,1,0,0
Zone_DH533,2520042719,90.4067856,23.7110643,0.00419224,4,3,0,1
Zone_DH533,2510253280,90.400864,23.7158846,0.05504731,3,3,0,1
Zone_DH533,2510253282,90.4009071,23.7160458,0.0,4,1,0,0
Zone_DH533,2510253283,90.4009654,23.7162669,0.0,4,1,0,0
Zone_DH533,2520042725,90.4062552,23.7110652,0.0,4,1,0,0
Zone_DH533,2510253288,90.4020921,23.7170619,0.0,4,1,0,0
Zone_DH533,2510253292,90.402377,23.7171767,0.03948979,3,3,0,1
Zone_DH533,2520042732,90.4060967,23.7110708,0.00728806,4,3,0,0
Zone_DH533,2507975925,90.4014064,23.7119641,0.03666864,3,3,0,1
Zone_DH533,2520042743,90.4065605,23.7110803,0.00213847,4,3,0,1
Zone_DH533,3006696702,90.3894263,23.7305518,0.0,4,1,0,0
Zone_DH533,2520042789,90.4064254,23.7110947,0.0,4,1,0,0
Zone_DH533,3524742442,90.3908776,23.7287043,0.0,4,1,0,0
Zone_DH533,2520042801,90.4061028,23.7110989,0.00768234,4,3,0,1
Zone_DH533,3524742450,90.3918786,23.729912,0.03883057,3,3,0,1
Zone_DH533,2504625466,90.4023038,23.7138611,0.01606224,4,3,0,1
Zone_DH533,2504625470,90.4014889,23.7138632,0.01663162,4,3,0,0
Zone_DH533,2504625471,90.4021487,23.7138622,0.01735092,4,3,0,1
Zone_DH533,2504625473,90.401655,23.7138651,0.01687139,4,3,0,1
Zone_DH533,2513374535,90.4068977,23.7159685,0.05832454,3,3,0,0
Zone_DH533,13563743565,90.3954614,23.7297936,0.02814683,3,3,0,0
Zone_DH533,13563743567,90.3955064,23.7293713,0.01399874,4,4,0,0
Zone_DH533,13563743571,90.394846,23.7277705,0.04932261,3,3,0,0
Zone_DH533,13563743573,90.3954377,23.7271363,0.03499999,3,3,0,0
Zone_DH533,387124568,90.4068343,23.714075,0.04834007,3,3,0,0
Zone_DH533,2513374552,90.4064635,23.7159819,0.00559709,4,3,0,0
Zone_DH533,13563743577,90.395399,23.7277759,0.04713493,3,4,0,0
Zone_DH533,13563743579,90.3953994,23.7276715,0.03288956,3,4,0,0
Zone_DH533,13563743582,90.4036145,23.7266942,0.0,4,1,0,0
Zone_DH533,13563743583,90.4034535,23.7258857,0.00679536,4,3,0,1
Zone_DH533,13563743584,90.4034592,23.7264335,0.0,4,1,0,0
Zone_DH533,2520042850,90.4064256,23.7111231,0.0,4,1,0,0
Zone_DH533,13563743587,90.4033265,23.7258605,0.00669808,4,3,0,0
Zone_DH533,13563743586,90.4035954,23.7258396,0.01251949,4,3,0,0
Zone_DH533,2507976037,90.4008473,23.7122259,0.04007805,3,3,0,0
Zone_DH533,13563743590,90.4033278,23.725745,0.0019193,4,3,0,0
Zone_DH533,13563743593,90.403018,23.7257437,0.00241543,4,3,0,0
Zone_DH533,2507976042,90.403068,23.7122537,0.01351977,4,3,0,0
Zone_DH533,13563743595,90.4045558,23.7258561,0.03557623,3,3,0,0
Zone_DH533,13563743596,90.3986049,23.7297377,0.03035568,3,4,0,1
Zone_DH533,5657193865,90.4073192,23.7311135,6.87e-06,4,2,0,0
Zone_DH533,2442677644,90.4015565,23.7219575,0.0,4,1,0,0
Zone_DH533,2442677650,90.4014336,23.7221826,0.0,4,1,0,0
Zone_DH533,2442677652,90.4017721,23.7221004,0.01250633,4,3,0,1
Zone_DH533,387124633,90.4064409,23.7103737,0.00194562,4,2,0,0
Zone_DH533,2442677658,90.4013086,23.7222751,0.0,4,1,0,0
Zone_DH533,2513374622,90.4062109,23.7160949,0.0088766,4,3,0,0
Zone_DH533,2991959455,90.4059411,23.7277957,0.01456754,4,3,0,1
Zone_DH533,10753543582,90.3934068,23.7284635,0.0,4,1,0,0
Zone_DH533,2991959457,90.4058467,23.7264442,0.0,4,1,0,0
Zone_DH533,2507976099,90.402397,23.7123556,0.00393931,4,3,0,0
Zone_DH533,9630920102,90.408648,23.7144685,0.01079247,4,4,0,0
Zone_DH533,2442677670,90.4016031,23.7223333,0.01252922,4,3,0,1
Zone_DH533,2442677672,90.4015629,23.7223802,0.0129172,4,3,0,1
Zone_DH533,9630920104,90.4088146,23.7143234,0.00157996,4,3,0,0
Zone_DH533,9630920108,90.4086199,23.7144473,0.00771038,4,4,0,0
Zone_DH533,10004794805,90.3907134,23.7286854,0.0,4,1,0,0
Zone_DH533,2470301118,90.3998881,23.7185493,0.09453653,2,3,0,0
Zone_DH533,2470301120,90.3997119,23.7187383,0.05228968,3,3,0,0
Zone_DH533,271896005,90.4056465,23.7231466,0.01270833,4,3,0,0
Zone_DH533,2507976134,90.4015305,23.7124294,0.0,4,1,0,0
Zone_DH533,3565186510,90.4051794,23.7245114,0.04407974,3,3,0,0
Zone_DH533,2507976144,90.401255,23.7124401,0.0,4,1,0,0
Zone_DH533,3565186514,90.4047192,23.7247461,0.03603345,3,3,0,0
Zone_DH533,7007178195,90.4022913,23.7324411,0.00106952,4,3,0,0
Zone_DH533,2520042981,90.4065639,23.7112263,0.0,4,1,0,0
Zone_DH533,2455530987,90.4002876,23.7211028,0.01310947,4,3,0,0
Zone_DH533,401853933,90.4094125,23.7200992,0.00451155,4,3,0,0
Zone_DH533,401853936,90.4094761,23.7203284,0.00135106,4,4,0,0
Zone_DH533,2513374704,90.4055454,23.7162044,0.00585002,4,3,0,0
Zone_DH533,2507976188,90.4009735,23.7125078,0.00992953,4,3,0,1
Zone_DH533,10759228928,90.3979306,23.7292303,0.0,4,1,0,0
Zone_DH533,10759228930,90.3983846,23.7291762,0.01112437,4,3,0,1
Zone_DH533,10759228931,90.3985777,23.7292303,0.01067459,4,3,0,1
Zone_DH533,2651713030,90.3986417,23.7312299,0.0021316,4,3,0,0
Zone_DH533,10759228934,90.3984973,23.7295937,0.01168516,4,3,0,1
Zone_DH533,10759228935,90.3986422,23.7297875,0.0,4,1,0,0
Zone_DH533,10759228938,90.3980337,23.7294605,0.0,4,1,0,0
Zone_DH533,10759228940,90.3980939,23.7292007,0.0,4,1,0,0
Zone_DH533,2513374733,90.4064274,23.7162365,0.0,4,1,0,0
Zone_DH533,10759228948,90.3986946,23.7294051,0.0,4,1,0,0
Zone_DH533,2520911423,90.3982588,23.7168455,0.04521792,3,3,0,1
Zone_DH533,2507976268,90.4017829,23.7126643,0.0,4,1,0,0
Zone_DH533,401731153,90.4092632,23.7225114,0.00161086,4,3,0,0
Zone_DH533,8948878931,90.3907125,23.7278638,0.02169881,3,3,0,1
Zone_DH533,2520043096,90.4062569,23.7113178,0.00772812,4,3,0,1
Zone_DH533,2507976281,90.401319,23.7126775,0.0,4,1,0,0
Zone_DH533,2455531103,90.4004738,23.7214572,0.00950607,4,3,0,0
Zone_DH533,2513374822,90.4068581,23.7164147,0.05687791,3,3,0,0
Zone_DH533,4907273833,90.4104522,23.7229316,0.00114391,4,2,0,0
Zone_DH533,4907273835,90.4100008,23.7229536,0.00216078,4,3,0,0
Zone_DH533,2455531135,90.3992598,23.7214868,0.06262779,3,3,0,0
Zone_DH533,2457620103,90.404676,23.7213569,0.0,4,1,0,0
Zone_DH533,2507976327,90.4010614,23.7127349,0.01093667,4,3,0,1
Zone_DH533,401813136,90.4015375,23.71942,0.08011834,2,3,0,0
Zone_DH533,264892049,90.4093869,23.7247395,0.00534015,4,4,0,1
Zone_DH533,2452098705,90.4024077,23.7200977,0.04960873,3,3,0,0
Zone_DH533,3015159451,90.4023268,23.7276633,0.00124234,4,2,0,0
Zone_DH533,2507976356,90.4013016,23.7127814,0.0,4,1,0,0
Zone_DH533,3015159463,90.4014021,23.7276797,0.00484745,4,3,0,0
Zone_DH533,2507976367,90.4017893,23.7127914,0.00213847,4,3,0,1
Zone_DH533,3357290168,90.3894968,23.7274446,0.00554902,4,3,0,0
Zone_DH533,3357290170,90.3864098,23.726931,0.0017482,4,3,0,0
Zone_DH533,4907200192,90.4085841,23.7246925,0.00959477,4,3,0,1
Zone_DH533,2454990536,90.3993766,23.719839,0.03393047,3,3,0,1
Zone_DH533,2454990538,90.3995048,23.7199396,0.0,4,1,0,0
Zone_DH533,2454990539,90.3994174,23.7199614,0.00213847,4,3,0,1
Zone_DH533,2455531212,90.4001409,23.7216546,0.00597248,4,2,0,0
Zone_DH533,2454990541,90.398787,23.7200179,0.03294049,3,3,0,1
Zone_DH533,4963299021,90.3945884,23.7132985,0.0,4,1,0,0
Zone_DH533,2520911570,90.3980714,23.7171128,0.0,4,1,0,0
Zone_DH533,2507976403,90.4016351,23.7128144,0.0,4,1,0,0
Zone_DH533,4963299029,90.3940186,23.7125054,0.00228439,4,3,0,0
Zone_DH533,4963299030,90.3935053,23.7126328,0.00430211,4,3,0,0
Zone_DH533,4963299031,90.3942429,23.7131661,0.00882854,4,3,0,0
Zone_DH533,4963299032,90.3937032,23.7132681,0.00485718,4,3,0,0
Zone_DH533,2513374937,90.4065107,23.7164873,0.03085753,3,3,0,1
Zone_DH533,2454990561,90.3993118,23.7203164,0.0,4,1,0,0
Zone_DH533,2454990562,90.3995722,23.7203285,0.0,4,1,0,0
Zone_DH533,2454990564,90.3993313,23.7207644,0.0,4,1,0,0
Zone_DH533,4963299044,90.3899873,23.7125073,0.0,4,1,0,0
Zone_DH533,4963299048,90.3888908,23.7122311,0.00305119,4,3,0,1
Zone_DH533,4963299049,90.3897257,23.7127069,0.0,4,1,0,0
Zone_DH533,2507976427,90.4010876,23.7128415,0.01197815,4,3,0,1
Zone_DH533,4963299052,90.3879567,23.7125131,0.0,4,3,0,0
Zone_DH533,2454990573,90.3988937,23.7209951,0.05352572,3,3,0,1
Zone_DH533,2486693614,90.3990272,23.7136718,0.03478253,3,3,0,1
Zone_DH533,2454990575,90.4003215,23.7210786,0.01083081,4,3,0,0
Zone_DH533,2280550133,90.3947785,23.7266002,0.0106763,4,3,0,1
Zone_DH533,4963299067,90.3862326,23.7131635,0.0,4,2,0,0
Zone_DH533,2280550140,90.3947221,23.7271254,0.0,4,1,0,0
Zone_DH533,4963299069,90.3870382,23.7135891,0.00201257,4,3,0,0
Zone_DH533,4963299070,90.3870471,23.7141246,0.00108039,4,3,0,0
Zone_DH533,4963299075,90.3889898,23.7147104,0.01553921,4,3,0,0
Zone_DH533,4963299079,90.3878443,23.713699,0.00752612,4,3,0,0
Zone_DH533,4963299080,90.3887638,23.7127458,0.00618307,4,3,0,0
Zone_DH533,2520911626,90.3980469,23.7171971,0.0,4,1,0,0
Zone_DH533,4963299084,90.3886524,23.7132966,0.0084726,4,3,0,0
Zone_DH533,4963299090,90.3913136,23.7120948,0.00530353,4,3,0,0
Zone_DH533,4963299095,90.3936801,23.7113473,0.00589866,4,3,0,0
Zone_DH533,4963299096,90.3939871,23.712045,0.00155135,4,3,0,1
Zone_DH533,4963299101,90.3943794,23.7135762,0.00983053,4,3,0,0
Zone_DH533,264892190,90.3979901,23.7269347,0.05113948,3,3,0,0
Zone_DH533,264892192,90.3996215,23.7252333,0.05476691,3,3,0,0
Zone_DH533,4963299104,90.3952394,23.7139608,0.01189003,4,4,0,1
Zone_DH533,2455531296,90.3996482,23.7219815,0.06087788,3,3,0,0
Zone_DH533,2520911659,90.3984326,23.7172708,0.0479498,3,3,0,1
Zone_DH533,2520911661,90.3982977,23.7172727,0.00213847,4,3,0,1
Zone_DH533,2507976496,90.4015695,23.7129286,0.0,4,1,0,0
Zone_DH533,2507976505,90.4025936,23.7129501,0.00905228,4,3,0,1
Zone_DH533,3736973130,90.3912134,23.7116028,0.00744944,4,3,0,0
Zone_DH533,264892235,90.4025475,23.723509,0.01520845,4,3,0,0
Zone_DH533,2513375051,90.4063664,23.7165052,0.03481229,3,3,0,0
Zone_DH533,2504576845,90.400242,23.7220679,0.0060732,4,3,0,1
Zone_DH533,2507976526,90.4017937,23.713018,0.00427292,4,3,0,1
Zone_DH533,2452098899,90.4027184,23.7204494,0.05007911,3,3,0,0
Zone_DH533,13573902166,90.4003065,23.7239877,0.13609497,1,3,0,0
Zone_DH533,13573902168,90.4003145,23.7238976,0.17072643,1,3,1,0
Zone_DH533,13573902173,90.4025554,23.7236361,0.02534628,3,3,0,0
Zone_DH533,13573902174,90.4003457,23.723951,0.14043427,1,2,0,0
Zone_DH533,13573902178,90.4003965,23.724567,0.01771029,4,3,0,0
Zone_DH533,13573902180,90.4002908,23.7238943,0.08832142,2,3,0,0
Zone_DH533,2504576868,90.400181,23.7220917,0.00601025,4,3,0,1
Zone_DH533,13573902183,90.4002572,23.7239738,0.01977665,4,3,0,0
Zone_DH533,2513375080,90.4063079,23.7165049,0.03240773,3,3,0,0
Zone_DH533,13573902185,90.4003236,23.723902,0.14101224,1,2,0,0
Zone_DH533,2513375092,90.4052934,23.7165108,0.01368286,4,4,0,0
Zone_DH533,3797659509,90.4063427,23.731963,0.00106952,4,2,0,1
Zone_DH533,6397906824,90.4104873,23.7211377,0.00071645,4,2,0,0
Zone_DH533,2520911762,90.3981902,23.717506,0.0,4,1,0,0
Zone_DH533,2520043429,90.4065389,23.7114116,0.00788491,4,3,0,0
Zone_DH533,2520043433,90.4065174,23.7114122,0.00802568,4,3,0,1
Zone_DH533,2504576944,90.4002906,23.7221765,0.0,4,1,0,0
Zone_DH533,2467352497,90.4039335,23.7187889,0.00266664,4,3,0,1
Zone_DH533,2486693824,90.3982826,23.7141358,0.03521515,3,3,0,1
Zone_DH533,2486693827,90.3982751,23.7141407,0.04093527,3,3,0,0
Zone_DH533,6545600460,90.403427,23.7321988,0.00116737,4,3,0,0
Zone_DH533,2426376142,90.40409,23.7137696,0.00922853,4,3,0,0
Zone_DH533,6545600463,90.4034767,23.7323045,0.00013047,4,3,0,0
Zone_DH533,2426376150,90.4041615,23.7145092,0.02993794,3,3,0,0
Zone_DH533,2504576983,90.4002334,23.7222041,0.0,4,1,0,0
Zone_DH533,2426376155,90.4041963,23.7147045,0.02824811,3,3,0,0
Zone_DH533,2504576989,90.4005452,23.7221934,0.03071275,3,3,0,0
Zone_DH533,2520911843,90.3984437,23.7176647,0.05745816,3,3,0,1
Zone_DH533,2520911844,90.3982148,23.7176656,0.0,4,1,0,0
Zone_DH533,2518323174,90.4028135,23.7205286,0.07127779,2,3,0,0
Zone_DH533,2426376177,90.4043272,23.7155423,0.00915071,4,3,0,0
Zone_DH533,2426376181,90.4041519,23.7155973,0.01103281,4,3,0,0
Zone_DH533,2486693879,90.3990217,23.7141915,0.0,4,1,0,0
Zone_DH533,2520043512,90.4050992,23.7114236,0.01459673,4,3,0,0
Zone_DH533,2520043513,90.4067702,23.7114249,0.00377164,4,3,0,0
Zone_DH533,2528366591,90.4019964,23.7173969,0.05697519,3,3,0,1
Zone_DH533,2426376195,90.4031315,23.7156496,0.0214207,3,3,0,0
Zone_DH533,393359372,90.4037236,23.71059,0.00219397,4,3,0,0
Zone_DH533,2518323213,90.4030321,23.7206249,0.05565102,3,3,0,1
Zone_DH533,2467352592,90.4038499,23.7191964,0.0,4,1,0,0
Zone_DH533,2426376209,90.4020199,23.7157918,0.0507721,3,3,0,0
Zone_DH533,393359377,90.4033843,23.7104394,0.00196164,4,3,0,0
Zone_DH533,4601008147,90.3909558,23.7276203,0.0,4,1,0,0
Zone_DH533,5607174163,90.4019505,23.7149897,0.0,4,1,0,0
Zone_DH533,5607174164,90.4019532,23.7148737,0.00213847,4,3,0,1
Zone_DH533,2486693917,90.3995972,23.7142647,0.01182136,4,3,0,0
Zone_DH533,2513375265,90.4068202,23.7165874,0.03293534,3,3,0,0
Zone_DH533,2528366626,90.4015995,23.7174671,0.05205849,3,3,0,1
Zone_DH533,2520043555,90.4057548,23.7114332,0.0014306,4,3,0,0
Zone_DH533,2528366628,90.4026824,23.7174689,0.05936659,3,3,0,0
Zone_DH533,2426376231,90.4052559,23.7162272,0.01661846,4,3,0,0
Zone_DH533,2426376239,90.4025486,23.7164809,0.04125344,3,4,0,0
Zone_DH533,3734802480,90.4083722,23.7141441,0.00051158,4,2,0,0
Zone_DH533,2424303672,90.4061859,23.71052,0.00202344,4,2,0,0
Zone_DH533,2426376251,90.4045777,23.7175697,0.08173835,2,4,0,0
Zone_DH533,5607174216,90.402045,23.7138645,0.0165681,4,3,0,1
Zone_DH533,2504577099,90.3997967,23.7222665,0.06256713,3,3,0,0
Zone_DH533,2486693969,90.3983468,23.7143758,0.0,4,1,0,0
Zone_DH533,2528366678,90.4031203,23.7175239,0.06045899,3,3,0,0
Zone_DH533,11240616038,90.3930217,23.7214567,0.0,4,1,0,0
Zone_DH533,11240616043,90.3926182,23.7222001,0.00213847,4,3,0,1
Zone_DH533,11240616044,90.3929407,23.7222374,0.0,4,1,0,0
Zone_DH533,5607174262,90.4018707,23.7148731,0.0,4,1,0,0
Zone_DH533,5624172664,90.4024011,23.717383,0.05815916,3,3,0,0
Zone_DH533,5607174267,90.4019529,23.7152562,0.00427292,4,3,0,1
Zone_DH533,5624172668,90.4023475,23.7172734,0.0400895,3,3,0,0
Zone_DH533,5607174268,90.4019545,23.7152163,0.0,4,1,0,0
Zone_DH533,2518323329,90.4029802,23.7207628,0.0,4,1,0,0
Zone_DH533,3006623874,90.3937798,23.7283589,0.01122794,4,3,0,0
Zone_DH533,3006623873,90.3937748,23.7288363,0.00202631,4,2,0,0
Zone_DH533,1806217360,90.4033177,23.7293821,0.01899268,4,3,0,0
Zone_DH533,2513375376,90.406582,23.7164688,0.0296358,3,3,0,0
Zone_DH533,8723116181,90.398139,23.7307971,0.01905792,4,3,0,0
Zone_DH533,8723116184,90.3990888,23.7311226,0.0,4,1,0,0
Zone_DH533,2470768796,90.4045832,23.7220342,0.01744649,4,3,0,0
Zone_DH533,8946938029,90.3943818,23.7164297,0.02184645,3,3,0,0
Zone_DH533,8946938030,90.3943334,23.7159733,0.0115381,4,3,0,0
Zone_DH533,8946938031,90.3944134,23.7164777,0.0224639,3,4,0,0
Zone_DH533,10009079988,90.4039363,23.7282279,0.02151455,3,4,0,0
Zone_DH533,10009079989,90.4041109,23.7281482,0.01768168,4,4,0,0
Zone_DH533,2504577210,90.3998391,23.7223664,0.05901752,3,3,0,0
Zone_DH533,2528366778,90.4012032,23.7176401,0.05775802,3,3,0,0
Zone_DH533,2513375423,90.4059331,23.7166944,0.0,4,1,0,0
Zone_DH533,2470768834,90.4039555,23.722878,0.0,4,1,0,0
Zone_DH533,2470768836,90.4041588,23.7228338,0.0,4,1,0,0
Zone_DH533,2470768839,90.4040861,23.722948,0.00320684,4,4,0,1
Zone_DH533,2470768840,90.4039733,23.7229509,0.0,4,1,0,0
Zone_DH533,2513375441,90.4061549,23.716702,0.00513701,4,3,0,0
Zone_DH533,6199677158,90.403368,23.7257142,0.00591812,4,3,0,0
Zone_DH533,6199677160,90.403023,23.7252716,0.00794614,4,3,0,0
Zone_DH533,6199677162,90.4067516,23.7254906,0.0,4,1,0,0
Zone_DH533,6199677163,90.4068015,23.7246507,0.01170748,4,3,0,1
Zone_DH533,2467352818,90.4045939,23.7200248,0.0443155,3,4,0,1
Zone_DH533,2504577267,90.4001316,23.7225275,0.0,4,1,0,0
Zone_DH533,6199677175,90.3876677,23.7180649,0.0,4,1,0,0
Zone_DH533,2513375481,90.4054264,23.7167408,0.04173011,3,3,0,0
Zone_DH533,6199677179,90.3955775,23.7138632,0.01930799,4,3,0,0
Zone_DH533,2486694142,90.3980165,23.7147582,0.01310432,4,3,0,0
Zone_DH533,2504577284,90.3999385,23.7225709,0.05542899,3,3,0,1
Zone_DH533,2513375494,90.4067151,23.716748,0.0,4,1,0,0
Zone_DH533,1117204743,90.3940335,23.7188262,0.02685413,3,4,0,0
Zone_DH533,2513375495,90.406815,23.7167585,0.0336392,3,3,0,1
Zone_DH533,6718140731,90.3896015,23.7273225,0.02190882,3,3,0,0
Zone_DH533,2426360127,90.4080171,23.717588,0.01064311,4,3,0,0
Zone_DH533,2426360130,90.4080332,23.7180769,0.01676838,4,3,0,0
Zone_DH533,2426360137,90.4037394,23.7187181,0.03512073,3,3,0,0
Zone_DH533,1123570007,90.3922887,23.7247098,0.00946887,4,3,0,1
Zone_DH533,1123570008,90.3911962,23.7247764,0.0,4,1,0,0
Zone_DH533,2513375598,90.4059768,23.7168086,0.00213847,4,3,0,1
Zone_DH533,2518323596,90.4025312,23.7210805,0.02362784,3,3,0,1
Zone_DH533,2518323605,90.4020365,23.7210854,0.02493713,3,3,0,0
Zone_DH533,8953336217,90.3973928,23.7278215,0.00409553,4,3,0,0
Zone_DH533,8953336221,90.3975822,23.7279369,0.00302944,4,3,0,0
Zone_DH533,8953336222,90.3975795,23.7285422,0.0,4,3,0,0
Zone_DH533,2528367007,90.4019801,23.7177665,0.0,4,1,0,0
Zone_DH533,8953336227,90.3976327,23.7280878,0.00089384,4,3,0,0
Zone_DH533,6140498371,90.4085835,23.7159398,0.00012418,4,2,0,0
Zone_DH533,6140498373,90.4086099,23.7175453,0.02544528,3,4,0,0
Zone_DH533,4217303494,90.3869892,23.7133018,0.00030958,4,3,0,0
Zone_DH533,3006280148,90.4040009,23.7312155,0.00036738,4,3,0,0
Zone_DH533,4217303509,90.3886174,23.7138196,0.0105464,4,3,0,0
Zone_DH533,4217303510,90.3869858,23.7138135,0.00024149,4,2,0,0
Zone_DH533,2518323668,90.4027688,23.7211304,0.0,4,1,0,0
Zone_DH533,3015242205,90.4053049,23.7298072,0.0215506,3,3,0,0
Zone_DH533,8723075552,90.3997665,23.7319859,0.01064369,4,3,0,1
Zone_DH533,2518323683,90.4025675,23.7211548,0.00213847,4,3,0,1
Zone_DH533,2528367076,90.4022953,23.7177858,0.0,4,1,0,0
Zone_DH533,3015242211,90.4052561,23.7297674,0.02259609,3,3,0,0
Zone_DH533,2513375719,90.4057585,23.7168879,0.0,4,1,0,0
Zone_DH533,12732846584,90.3891473,23.7192294,1.888e-05,4,3,0,0
Zone_DH533,2528367109,90.4026075,23.717804,0.00366635,4,3,0,1
Zone_DH533,9085940235,90.3955819,23.7293599,0.01466711,4,3,0,1
Zone_DH533,2520044052,90.4061441,23.7117332,0.0,4,1,0,0
Zone_DH533,401732117,90.4084391,23.7225458,0.00489838,4,3,0,0
Zone_DH533,2530947627,90.3946019,23.7194637,0.0,4,1,0,0
Zone_DH533,1723609644,90.3968778,23.7220905,0.06791472,3,3,0,0
Zone_DH533,2530947631,90.3943745,23.7194719,0.02286561,3,3,0,1
Zone_DH533,2530251315,90.3997777,23.7144397,0.0,4,1,0,0
Zone_DH533,2520044085,90.4059427,23.7117577,0.0,4,1,0,0
Zone_DH533,11175924281,90.3861461,23.7212388,0.0029705,4,3,0,0
Zone_DH533,2530947642,90.3954872,23.7195936,0.02114774,3,3,0,0
Zone_DH533,11175924283,90.3856561,23.7217521,0.0,4,2,0,0
Zone_DH533,2530947644,90.3952387,23.7196249,0.00176651,4,3,0,1
Zone_DH533,2530947646,90.3951958,23.7196233,0.0,4,1,0,0
Zone_DH533,2530947656,90.3952336,23.7197827,0.00244519,4,3,0,1
Zone_DH533,2530947657,90.3949993,23.7197866,0.0,4,1,0,0
Zone_DH533,2530251339,90.3992352,23.7149091,0.00707977,4,3,0,1
Zone_DH533,2530947661,90.3949538,23.7198627,0.0,4,1,0,0
Zone_DH533,4369494609,90.3918444,23.730362,0.03691585,3,3,0,1
Zone_DH533,2530947668,90.3952756,23.719908,0.00388037,4,3,0,1
Zone_DH533,3015012949,90.4042942,23.7280663,0.01494293,4,3,0,0
Zone_DH533,3015012950,90.4042499,23.7279622,0.02721636,3,3,0,0
Zone_DH533,2530947674,90.3953904,23.7199045,0.0215918,3,3,0,0
Zone_DH533,2520044127,90.4058399,23.7117807,0.00191071,4,3,0,1
Zone_DH533,8769040992,90.3937207,23.7304459,0.00282229,4,3,0,1
Zone_DH533,2530251361,90.3992503,23.7150554,0.0,4,1,0,0
Zone_DH533,8769040994,90.3950425,23.73084,0.01181735,4,3,0,0
Zone_DH533,8769040991,90.3934882,23.7303635,0.0,4,1,0,0
Zone_DH533,2518323828,90.4025742,23.7212751,0.0,4,1,0,0
Zone_DH533,2513130103,90.4013171,23.7193544,0.07426775,2,3,0,1
Zone_DH533,6545576568,90.3887831,23.7237623,0.01901214,4,3,0,1
Zone_DH533,3014832762,90.3998115,23.7286521,0.02839976,3,3,0,1
Zone_DH533,3014832763,90.4003565,23.7287633,0.0,4,1,0,0
Zone_DH533,4369494651,90.3918053,23.7312893,0.0,4,1,0,0
Zone_DH533,4369494652,90.3914953,23.7313005,0.00106952,4,3,0,1
Zone_DH533,4369494654,90.3908357,23.7313097,0.0021356,4,3,0,0
Zone_DH533,4369494658,90.3911381,23.7316752,0.00106952,4,3,0,1
Zone_DH533,4369494660,90.3911366,23.7317594,0.0,4,1,0,0
Zone_DH533,9646543494,90.3975087,23.7274479,0.09473223,2,3,0,0
Zone_DH533,2528367267,90.4037032,23.7179124,0.02982521,3,3,0,0
Zone_DH533,2528367270,90.4035268,23.7179155,0.00037196,4,2,0,0
Zone_DH533,2520044203,90.4055053,23.7118029,0.00676275,4,3,0,0
Zone_DH533,10031329974,90.3895641,23.7275056,0.0137521,4,3,0,1
Zone_DH533,10031329976,90.3895117,23.7274713,0.00432042,4,2,0,0
Zone_DH533,10031329982,90.3895132,23.7273589,0.00822711,4,3,0,0
Zone_DH533,346624703,90.3930388,23.7112013,0.0049373,4,3,0,1
Zone_DH533,10031329983,90.3896956,23.7274023,0.02906527,3,3,0,0
Zone_DH533,10031329991,90.391158,23.726176,0.01555466,4,4,0,0
Zone_DH533,2510213832,90.4013792,23.7158336,0.05427936,3,3,0,1
Zone_DH533,2510213837,90.4013761,23.7162539,0.00213847,4,3,0,1
Zone_DH533,2510213839,90.4005815,23.7163073,0.02189395,3,3,0,1
Zone_DH533,10031330000,90.3919758,23.7257605,0.03225666,3,4,0,1
Zone_DH533,10031330002,90.3903366,23.7267352,0.00900364,4,4,0,0
Zone_DH533,10031330003,90.3915941,23.7259062,0.02731879,3,4,0,0
Zone_DH533,10031330004,90.3919183,23.7256981,0.03636135,3,4,0,0
Zone_DH533,10031330005,90.395406,23.7245594,0.041852,3,4,0,0
Zone_DH533,2510213842,90.4015022,23.7163256,0.0,4,1,0,0
Zone_DH533,2510213845,90.4013621,23.7165366,0.0,4,1,0,0
Zone_DH533,2528367324,90.4016969,23.7179511,0.0,4,1,0,0
Zone_DH533,4971655907,90.4047137,23.7313267,0.00184834,4,3,0,0
Zone_DH533,2528367334,90.4031364,23.7179581,0.00723885,4,3,0,1
Zone_DH533,2528367346,90.4012659,23.7179631,0.00753127,4,3,0,1
Zone_DH533,2452427509,90.4001812,23.720386,0.0,4,1,0,0
Zone_DH533,12980138741,90.4011512,23.7281071,0.02990074,3,3,0,1
Zone_DH533,12980138743,90.4011556,23.7288565,0.00213847,4,3,0,1
Zone_DH533,12980138744,90.4015854,23.7288699,0.0,4,1,0,0
Zone_DH533,12980138745,90.4007808,23.7288837,0.0,4,1,0,0
Zone_DH533,2520044286,90.4051013,23.7118519,0.01294925,4,3,0,0
Zone_DH533,2513376002,90.4068564,23.7170219,0.03372618,3,3,0,0
Zone_DH533,2528367376,90.4007432,23.7179766,0.04941245,3,3,0,1
Zone_DH533,2513376021,90.4060857,23.7170954,0.0081819,4,3,0,1
Zone_DH533,2528367383,90.4025608,23.7179806,0.0034386,4,3,0,1
Zone_DH533,2513662744,90.4019754,23.719191,0.0,4,1,0,0
Zone_DH533,6994367262,90.3863312,23.7269192,0.00166923,4,3,0,1
Zone_DH533,2528367393,90.4019801,23.7179829,0.0,4,1,0,0
Zone_DH533,2528367418,90.4028118,23.7179877,0.0,4,1,0,0
Zone_DH533,2513130322,90.4011414,23.719606,0.0,4,1,0,0
Zone_DH533,2528367463,90.4021676,23.7180015,0.00371785,4,3,0,1
Zone_DH533,401707904,90.4061256,23.7203451,0.07681651,2,4,0,0
Zone_DH533,2528367510,90.4011585,23.7180155,0.0,4,1,0,0
Zone_DH533,7114830765,90.405977,23.7187913,0.0,4,1,0,0
Zone_DH533,3015218105,90.4047897,23.7291691,0.0124079,4,3,0,1
Zone_DH533,2513130428,90.4011151,23.7198068,0.0,4,1,0,0
Zone_DH533,2524951486,90.4001978,23.7126802,0.03649182,3,3,0,0
Zone_DH533,3015218113,90.4056487,23.729387,0.0,4,1,0,0
Zone_DH533,5624157121,90.4017624,23.7156926,0.00107295,4,4,0,1
Zone_DH533,5624157123,90.4018365,23.7156936,0.00426205,4,3,0,0
Zone_DH533,2518324164,90.4027067,23.7219092,0.0,4,1,0,0
Zone_DH533,2518324165,90.4022731,23.721911,0.0,4,1,0,0
Zone_DH533,5624157124,90.4018368,23.7156575,0.01170863,4,3,0,1
Zone_DH533,5624157122,90.4016973,23.7156918,0.0,4,1,0,0
Zone_DH533,2483295177,90.4067549,23.7174448,0.0227134,3,3,0,0
Zone_DH533,2468418509,90.404736,23.7217521,0.08062191,2,3,0,0
Zone_DH533,3014939601,90.3978475,23.7306211,0.0283906,3,3,0,1
Zone_DH533,2483295192,90.4062618,23.7176534,0.0,4,1,0,0
Zone_DH533,5896197589,90.3870175,23.7191533,0.0,4,1,0,0
Zone_DH533,2468418522,90.4049672,23.7218664,0.0622524,3,3,0,0
Zone_DH533,6559699933,90.4088904,23.7278031,0.0,4,2,0,0
Zone_DH533,6559699934,90.4088815,23.7276941,8.01e-06,4,2,0,0
Zone_DH533,3565253598,90.4086442,23.7301017,0.0,4,1,0,0
Zone_DH533,2520044513,90.4058972,23.7119886,0.0,4,1,0,0
Zone_DH533,5892412386,90.4037554,23.7197068,0.05557949,3,3,0,1
Zone_DH533,5624157162,90.4018874,23.7143126,0.0,4,1,0,0
Zone_DH533,5624157167,90.401929,23.7157995,0.05370025,3,3,0,1
Zone_DH533,2468418544,90.4046306,23.72195,0.01836608,4,3,0,0
Zone_DH533,2468418545,90.4051385,23.7219513,0.0571297,3,3,0,0
Zone_DH533,5892412403,90.4038875,23.7192801,0.0,4,1,0,0
Zone_DH533,2483295221,90.4061631,23.7179276,0.00212301,4,3,0,0
Zone_DH533,2483295223,90.4064319,23.71795,0.00195134,4,3,0,1
Zone_DH533,2518324216,90.4020619,23.7219432,0.01681073,4,3,0,1
Zone_DH533,2476463097,90.4031803,23.7206772,0.09566098,2,3,0,0
Zone_DH533,3565163513,90.4041253,23.7280178,0.04265943,3,4,0,0
Zone_DH533,2468418556,90.4047842,23.7219783,0.0,4,1,0,0
Zone_DH533,2513130494,90.4014399,23.7199393,0.01128975,4,3,0,1
Zone_DH533,1720308736,90.3956885,23.7324913,0.00192788,4,3,0,0
Zone_DH533,1720308738,90.3957698,23.7325201,0.00206636,4,3,0,0
Zone_DH533,1720308741,90.395521,23.7325596,0.00228267,4,3,0,0
Zone_DH533,2483295239,90.4066748,23.7180197,0.0,4,1,0,0
Zone_DH533,1720308744,90.3954952,23.7326096,0.00121601,4,3,0,1
Zone_DH533,3565163527,90.4053714,23.7245695,0.05047968,3,4,0,1
Zone_DH533,2483295243,90.406681,23.717976,0.00106952,4,3,0,1
Zone_DH533,2518324236,90.4030144,23.7219854,0.04276129,3,3,0,1
Zone_DH533,1720308749,90.3958212,23.7327347,0.0,4,1,0,0
Zone_DH533,2520044558,90.4055793,23.7120033,0.00724515,4,3,0,1
Zone_DH533,2528367628,90.4013639,23.7180532,0.00632269,4,3,0,1
Zone_DH533,2524951568,90.3998265,23.7129919,0.03551901,3,3,0,0
Zone_DH533,2468418580,90.404876,23.7219957,0.00559824,4,3,0,1
Zone_DH533,5892412437,90.4038131,23.7195223,0.00213847,4,3,0,1
Zone_DH533,5892412436,90.4040082,23.7195699,0.0,4,1,0,0
Zone_DH533,2483295259,90.4060788,23.7181773,0.00333502,4,3,0,0
Zone_DH533,6139180061,90.4084413,23.7145047,0.00819564,4,3,0,0
Zone_DH533,6139180072,90.4085502,23.714575,0.00048526,4,3,0,0
Zone_DH533,6139180075,90.4088919,23.714409,0.00535904,4,3,0,0
Zone_DH533,12732380206,90.4084657,23.7284291,0.0,4,1,0,0
Zone_DH533,12732380207,90.408023,23.7282542,0.0,4,1,0,0
Zone_DH533,2468418612,90.4053098,23.7220383,0.04514239,3,3,0,1
Zone_DH533,2520044597,90.4052801,23.7120392,0.0,4,1,0,0
Zone_DH533,2518324281,90.4025267,23.7220842,0.0,4,1,0,0
Zone_DH533,2518324285,90.4021009,23.7220877,0.00715359,4,3,0,1
Zone_DH533,393352265,90.4046368,23.7108224,0.00320512,4,3,0,1
Zone_DH533,393352269,90.404345,23.7099302,0.00213847,4,3,0,1
Zone_DH533,393352270,90.4042441,23.7098158,0.0,4,1,0,0
Zone_DH533,11461784657,90.4044582,23.7324182,8.469e-05,4,2,0,0
Zone_DH533,2524951641,90.401147,23.7132072,0.01557526,4,3,0,0
Zone_DH533,2468418658,90.4049518,23.7220709,0.00535675,4,3,0,1
Zone_DH533,2520044645,90.4051183,23.7120479,0.0081573,4,3,0,1
Zone_DH533,6545658984,90.3994488,23.7277493,0.01325024,4,3,0,1
Zone_DH533,2528367724,90.401463,23.7180965,0.00554788,4,3,0,1
Zone_DH533,3014751341,90.4055671,23.7306295,0.0,4,1,0,0
Zone_DH533,6335730813,90.3963347,23.7203625,0.03847177,3,3,0,1
Zone_DH533,2468418694,90.4045479,23.7220979,0.01664764,4,3,0,0
Zone_DH533,2468418704,90.4054354,23.7221083,0.0438022,3,3,0,1
Zone_DH533,2513130645,90.4011146,23.7203449,0.0,4,1,0,0
Zone_DH533,2513130650,90.4014088,23.7203572,0.01105856,4,3,0,1
Zone_DH533,2468418718,90.4050911,23.7221179,0.00206407,4,3,0,0
Zone_DH533,2468418734,90.404533,23.7221307,0.01598556,4,3,0,1
Zone_DH533,3015177398,90.4016326,23.7257354,0.0,4,1,0,0
Zone_DH533,9087161529,90.3986992,23.7300899,0.01380532,4,3,0,0
Zone_DH533,9087161530,90.3986046,23.7309769,0.00106952,4,3,0,1
Zone_DH533,3015038139,90.4005938,23.7276941,0.0055061,4,3,0,0
Zone_DH533,3015038140,90.4005572,23.7265388,0.01183223,4,4,0,0
Zone_DH533,2520044744,90.406484,23.7121215,0.00868433,4,3,0,1
Zone_DH533,2520044750,90.4062797,23.7121237,0.0,4,1,0,0
Zone_DH533,2468418769,90.4047693,23.7221496,0.0,4,1,0,0
Zone_DH533,2468418785,90.404887,23.7221565,0.00213847,4,3,0,1
Zone_DH533,2468418786,90.4049291,23.7221571,0.00427292,4,3,0,1
Zone_DH533,2524951784,90.4004887,23.7134281,0.00358681,4,3,0,0
Zone_DH533,1778185452,90.3941426,23.7172177,0.00139799,4,3,0,0
Zone_DH533,2991969522,90.4030168,23.7258607,0.00575045,4,3,0,0
Zone_DH533,401831155,90.402538,23.7237187,0.02460122,3,3,0,0
Zone_DH533,1778185460,90.3940459,23.7182272,0.00156508,4,3,0,0
Zone_DH533,2991969523,90.4028453,23.7265203,0.00965142,4,3,0,0
Zone_DH533,2991969525,90.4028385,23.7270888,0.00833469,4,3,0,0
Zone_DH533,1778185464,90.3939785,23.718442,0.01715178,4,3,0,0
Zone_DH533,1778185466,90.3928243,23.716806,0.02923179,3,3,0,0
Zone_DH533,2468418810,90.4049585,23.7221641,0.0,4,1,0,0
Zone_DH533,401831164,90.4027918,23.7240067,0.01009948,4,3,0,0
Zone_DH533,2468418812,90.4046399,23.7221657,0.0,4,1,0,0
Zone_DH533,3357275394,90.3869374,23.7207368,0.00106952,4,3,0,1
Zone_DH533,3357275399,90.3874805,23.720831,0.0,4,1,0,0
Zone_DH533,3560232201,90.3889994,23.7281025,0.00958447,4,3,0,1
Zone_DH533,3357275402,90.3864741,23.7212034,0.0,4,1,0,0
Zone_DH533,3357275404,90.3861416,23.7214123,0.00335047,4,3,0,1
Zone_DH533,2468418828,90.4051807,23.7221841,0.0,4,1,0,0
Zone_DH533,2520044826,90.406734,23.7121572,0.01339159,4,3,0,0
Zone_DH533,2468418851,90.405388,23.7222042,0.0,4,1,0,0
Zone_DH533,2513130788,90.4013941,23.7205958,0.01197758,4,3,0,0
Zone_DH533,2468418859,90.4045049,23.7222079,0.01439816,4,3,0,1
Zone_DH533,2520044844,90.4061343,23.7121705,0.0,4,1,0,0
Zone_DH533,2524951866,90.4007336,23.7135363,0.01642675,4,3,0,0
Zone_DH533,2528367930,90.4032832,23.718168,0.0,4,1,0,0
Zone_DH533,2524951869,90.4006,23.7135386,0.0052423,4,3,0,0
Zone_DH533,2524951871,90.4004793,23.7135399,0.00106952,4,3,0,1
Zone_DH533,2513130817,90.4009559,23.7206297,0.00490182,4,2,0,0
Zone_DH533,2513130827,90.4008149,23.7206536,0.04157504,3,3,0,0
Zone_DH533,401864018,90.4098251,23.7157275,0.00096594,4,3,0,0
Zone_DH533,2468418903,90.4046164,23.7222313,0.0,4,1,0,0
Zone_DH533,2468418904,90.4046869,23.7222313,0.0,4,1,0,0
Zone_DH533,401864035,90.4106827,23.7163483,0.0,4,2,0,0
Zone_DH533,2513130852,90.4011884,23.7206972,0.0,4,1,0,0
Zone_DH533,2513130854,90.4014031,23.7207002,0.00836731,4,3,0,1
Zone_DH533,2524951933,90.3994259,23.7136218,0.00947116,4,3,0,0
Zone_DH533,2468418946,90.4051688,23.7222587,0.0,4,1,0,0
Zone_DH533,2490635651,90.4056177,23.717401,0.02531595,3,3,0,1
Zone_DH533,2490635657,90.4057048,23.717479,0.0,4,1,0,0
Zone_DH533,2490635661,90.4051474,23.7175074,0.01726623,4,3,0,1
Zone_DH533,2490635666,90.4048087,23.7175484,0.02012286,4,3,0,1
Zone_DH533,2484057504,90.4049671,23.7201584,0.03128213,3,3,0,1
Zone_DH533,2524951972,90.4000838,23.7136791,0.0,4,2,0,0
Zone_DH533,2468418981,90.4045023,23.7222777,0.01281992,4,3,0,1
Zone_DH533,2468418987,90.4045783,23.7222792,0.0,4,1,0,0
Zone_DH533,2490635691,90.4056211,23.7177077,0.0,4,1,0,0
Zone_DH533,2530268588,90.3985441,23.7147571,0.00619909,4,3,0,0
Zone_DH533,3014743470,90.4049621,23.730663,0.00106952,4,2,0,1
Zone_DH533,2531218865,90.4010413,23.7226279,0.01087888,4,3,0,0
Zone_DH533,2528368051,90.4013599,23.7182063,0.0,4,1,0,0
Zone_DH533,3014743475,90.4053151,23.7300397,0.00798791,4,3,0,0
Zone_DH533,2490635701,90.4053308,23.7179302,0.0,4,1,0,0
Zone_DH533,2490635702,90.4048197,23.7179659,0.0,4,1,0,0
Zone_DH533,2490635705,90.4053417,23.7180337,0.0,4,1,0,0
Zone_DH533,3014743481,90.4051447,23.7301209,0.00251386,4,3,0,1
Zone_DH533,6263428544,90.3962374,23.7322632,0.00123604,4,3,0,0
Zone_DH533,3015218625,90.4047224,23.7241993,0.00922682,4,3,0,0
Zone_DH533,6263428545,90.3961718,23.7322104,0.01069919,4,4,0,0
Zone_DH533,2449724867,90.4029478,23.7195893,0.03078886,3,3,0,0
Zone_DH533,6263428547,90.3980752,23.7302802,0.01326798,4,3,0,0
Zone_DH533,6263428549,90.3976634,23.7305344,0.00162516,4,3,0,0
Zone_DH533,2520044998,90.405458,23.7122774,0.0,4,1,0,0
Zone_DH533,6263428548,90.3981397,23.7300539,0.00583629,4,3,0,0
Zone_DH533,6263428550,90.397835,23.7306366,0.00666775,4,3,0,0
Zone_DH533,11330254281,90.3956906,23.7135887,0.0034941,4,3,0,0
Zone_DH533,6263428546,90.3979841,23.7302108,0.00174076,4,3,0,0
Zone_DH533,11330254283,90.394688,23.711885,0.00277651,4,3,0,0
Zone_DH533,2513130956,90.4014203,23.720835,0.00793126,4,3,0,1
Zone_DH533,6263428555,90.3982931,23.7301847,0.02776342,3,3,0,0
Zone_DH533,2513130958,90.4011671,23.7208364,0.0,4,1,0,0
Zone_DH533,11330254284,90.3959698,23.7134592,0.00289153,4,3,0,1
Zone_DH533,6263428551,90.3977763,23.7305863,0.0143787,4,3,0,0
Zone_DH533,11330254285,90.3955377,23.7122331,0.0,4,1,0,0
Zone_DH533,3357316563,90.3871253,23.7223499,0.00106952,4,3,0,1
Zone_DH533,3357316564,90.3869765,23.7223715,0.0,4,1,0,0
Zone_DH533,3357316565,90.3876007,23.7224038,0.00412815,4,3,0,0
Zone_DH533,3357316566,90.3877103,23.7224089,0.01407427,4,3,0,0
Zone_DH533,5896197590,90.3869516,23.7195823,0.00427292,4,3,0,1
Zone_DH533,6139180504,90.4068268,23.7142806,0.05870221,3,4,0,0
Zone_DH533,3357316569,90.3872538,23.7224835,0.00155249,4,3,0,1
Zone_DH533,3357316568,90.3876031,23.7224825,0.002618,4,3,0,0
Zone_DH533,10758370775,90.3884286,23.7291378,0.0074626,4,3,0,1
Zone_DH533,10758370771,90.3882543,23.7295022,0.00213847,4,3,0,1
Zone_DH533,3357316573,90.3870268,23.7225044,0.0,4,1,0,0
Zone_DH533,6139180510,90.4075268,23.7145164,0.00981565,4,3,0,1
Zone_DH533,3357316574,90.3874856,23.7227908,0.00120514,4,3,0,0
Zone_DH533,6139180512,90.4023637,23.7096682,0.0019336,4,2,0,0
Zone_DH533,2528368096,90.4017732,23.718229,0.0,4,1,0,0
Zone_DH533,10758370778,90.3879771,23.7291835,0.0,4,2,0,0
Zone_DH533,5896197596,90.3870822,23.7186378,0.0,4,1,0,0
Zone_DH533,6139180508,90.4084655,23.7144058,0.0050918,4,3,0,0
Zone_DH533,4715484648,90.3955158,23.7136698,0.00797017,4,3,0,0
Zone_DH533,4715484649,90.3960839,23.7134063,0.00153189,4,3,0,1
Zone_DH533,2484057579,90.4053572,23.7201782,0.0180811,4,3,0,0
Zone_DH533,2468419051,90.4054852,23.7223211,0.0,4,1,0,0
Zone_DH533,4715484653,90.3957308,23.7142625,0.02107049,3,3,0,0
Zone_DH533,4715484652,90.39589,23.7126674,0.0,4,1,0,0
Zone_DH533,4715484655,90.3964145,23.7140155,0.00243832,4,3,0,0
Zone_DH533,3357283839,90.3869562,23.7199521,0.02021442,4,4,0,1
Zone_DH533,2520045059,90.4056981,23.7123189,0.00758849,4,3,0,1
Zone_DH533,5892408825,90.3876619,23.7182536,0.0,4,1,0,0
Zone_DH533,2529637902,90.3963227,23.7153308,0.06019004,3,3,0,0
Zone_DH533,2468419086,90.4052613,23.7223533,0.0,4,1,0,0
Zone_DH533,2484057616,90.4051494,23.720186,0.03023322,3,3,0,0
Zone_DH533,2468419100,90.4049737,23.7223606,0.0,4,1,0,0
Zone_DH533,5892408828,90.3875997,23.7191799,0.02399808,3,4,0,1
Zone_DH533,2468419105,90.4045113,23.7223696,0.01124969,4,3,0,1
Zone_DH533,7030609443,90.3972459,23.7277502,0.05786903,3,3,0,0
Zone_DH533,2528368166,90.4004973,23.7182577,0.04915494,3,3,0,0
Zone_DH533,2468419112,90.4045771,23.7223727,0.0,4,1,0,0
Zone_DH533,5892408831,90.3869696,23.7191317,0.00213847,4,3,0,1
Zone_DH533,5892408832,90.3866861,23.7191197,0.0,4,1,0,0
Zone_DH533,387126854,90.4105231,23.7224827,0.00147524,4,3,0,0
Zone_DH533,2468419143,90.4047449,23.7224027,0.0,4,1,0,0
Zone_DH533,387126856,90.4099981,23.722517,0.00124577,4,3,0,0
Zone_DH533,387126861,90.4068904,23.7230818,0.00872553,4,3,0,0
Zone_DH533,2520045145,90.405741,23.7123552,0.00754729,4,3,0,0
Zone_DH533,2455098972,90.3988033,23.7183596,0.04603165,3,3,0,0
Zone_DH533,5892408841,90.3874341,23.7188251,0.00420883,4,3,0,1
Zone_DH533,2455098978,90.3992788,23.7184621,0.04323282,3,3,0,0
Zone_DH533,2470721127,90.4042021,23.7198729,0.04463481,3,3,0,0
Zone_DH533,6139229801,90.4106441,23.7223951,0.00104033,4,2,0,0
Zone_DH533,6139229803,90.4103997,23.7212728,0.00240456,4,4,0,0
Zone_DH533,6139229806,90.4099099,23.7200736,0.0051639,4,4,0,0
Zone_DH533,2528368239,90.4015,23.7182923,0.00519309,4,3,0,1
Zone_DH533,2513131123,90.4012726,23.7210518,0.01200562,4,3,0,0
Zone_DH533,6139229812,90.409132,23.7190292,0.00287666,4,3,0,0
Zone_DH533,6139229818,90.4086483,23.7178438,0.01949568,4,3,0,0
Zone_DH533,2455099005,90.3988432,23.7188155,0.00320512,4,3,0,1
Zone_DH533,2468419201,90.4051889,23.7224407,0.0,4,1,0,0
Zone_DH533,4384872072,90.3990388,23.7277183,0.0383825,3,3,0,0
Zone_DH533,13285447306,90.3955029,23.7246435,0.08633631,2,4,0,0
Zone_DH533,2468419211,90.4053868,23.7224441,0.0,4,1,0,0
Zone_DH533,2455099033,90.399313,23.7191289,0.0,4,1,0,0
Zone_DH533,2528368282,90.4010032,23.7183107,0.0,4,1,0,0
Zone_DH533,2455099040,90.3993145,23.7192859,0.00213847,4,3,0,1
Zone_DH533,830027429,90.3924003,23.7251496,0.0,4,1,0,0
Zone_DH533,2455099045,90.3993131,23.7193946,0.0,4,1,0,0
Zone_DH533,3357259441,90.3855106,23.7182841,0.0,4,2,0,0
Zone_DH533,3357259442,90.3861878,23.7186001,0.0,4,3,0,0
Zone_DH533,2484057787,90.4045522,23.7202339,0.00852811,4,3,0,1
Zone_DH533,6139180737,90.4059973,23.7140935,0.00969319,4,3,0,0
Zone_DH533,6139180739,90.4056857,23.7139833,0.02626701,3,4,0,0
Zone_DH533,6139180741,90.4047481,23.7136543,0.00588264,4,4,0,0
Zone_DH533,2528368328,90.4022469,23.7183239,0.00374532,4,3,0,0
Zone_DH533,6139180750,90.4030112,23.7115894,0.04789372,3,4,0,0
Zone_DH533,6139180753,90.4021459,23.7097775,0.00439596,4,3,0,0
Zone_DH533,3015022292,90.402447,23.7270947,0.00496419,4,3,0,0
Zone_DH533,6139180756,90.4060913,23.7139673,0.0141315,4,3,0,0
Zone_DH533,401708758,90.4077512,23.7204432,0.00703628,4,3,0,0
Zone_DH533,2484057819,90.4046836,23.7202368,0.00640281,4,3,0,1
Zone_DH533,6139180774,90.4032327,23.7115556,0.04482651,3,4,0,0
Zone_DH533,2468419303,90.4050535,23.7225316,0.00831524,4,3,0,1
Zone_DH533,2468419304,90.4049111,23.7225322,0.00800394,4,3,0,0
Zone_DH533,6139180783,90.4042026,23.7131712,0.01276727,4,4,0,0
Zone_DH533,2468419311,90.4051385,23.722535,0.00833469,4,3,0,1
Zone_DH533,2468419324,90.4051904,23.7225391,0.00850751,4,3,0,1
Zone_DH533,2468419333,90.4047596,23.7225417,0.00862081,4,3,0,1
Zone_DH533,2484057871,90.4048607,23.7202402,0.0,4,1,0,0
Zone_DH533,2468419345,90.4053134,23.7225481,0.00890121,4,3,0,1
Zone_DH533,318322453,90.3965787,23.7284019,0.05194691,3,3,0,0
Zone_DH533,2468419350,90.4053736,23.7225525,0.00951465,4,3,0,1
Zone_DH533,11462154009,90.4068081,23.7300903,0.00358566,4,3,0,0
Zone_DH533,318322463,90.3895372,23.7273383,0.02287992,3,3,0,0
Zone_DH533,2520045357,90.4055963,23.7124273,0.0,4,1,0,0
Zone_DH533,7834933040,90.405955,23.7319259,0.0,4,1,0,0
Zone_DH533,2528368447,90.4028485,23.7183805,0.00812754,4,3,0,0
Zone_DH533,2520045379,90.4054402,23.7124372,0.0,4,1,0,0
Zone_DH533,6294533960,90.4003406,23.727779,0.03993156,3,3,0,0
Zone_DH533,6294533961,90.4004618,23.7278419,0.04797727,3,3,0,0
Zone_DH533,6294533968,90.400078,23.7278953,0.0398257,3,3,0,0
Zone_DH533,6294533970,90.4004405,23.7276968,0.07437018,2,4,0,0
Zone_DH533,2528368489,90.4016041,23.7184032,0.00489209,4,3,0,1
Zone_DH533,2524952426,90.3997993,23.7143492,0.00923139,4,3,0,1
Zone_DH533,2528368497,90.4029867,23.7184086,0.01328401,4,3,0,0
Zone_DH533,6397925235,90.4085919,23.7144806,0.00748778,4,4,0,0
Zone_DH533,1173919612,90.3908864,23.7278354,0.0019851,4,3,0,1
Zone_DH533,2520045454,90.4065203,23.7124785,0.01502934,4,3,0,1
Zone_DH533,4319229845,90.4063607,23.7300908,0.00564287,4,3,0,0
Zone_DH533,2524952470,90.4004894,23.7145161,0.02811993,3,3,0,0
Zone_DH533,4907243435,90.4100917,23.724068,0.0,4,1,0,0
Zone_DH533,4907243437,90.4094304,23.7245731,0.00213847,4,3,0,1
Zone_DH533,4907243438,90.4099535,23.723875,0.0,4,1,0,0
Zone_DH533,11372918708,90.3861341,23.7193746,0.00438222,4,3,0,0
Zone_DH533,11372918709,90.3864761,23.7193729,0.00571726,4,3,0,0
Zone_DH533,4347123642,90.3879646,23.7300568,0.0,4,1,0,0
Zone_DH533,4907243451,90.4073453,23.7245081,0.0,4,1,0,0
Zone_DH533,4907243452,90.4073498,23.7244246,0.00106952,4,3,0,1
Zone_DH533,4907243453,90.4066257,23.7243983,0.0042735,4,3,0,1
Zone_DH533,4907243456,90.4066595,23.7239129,0.00106952,4,3,0,1
Zone_DH533,4907243457,90.4074191,23.7233392,0.0,4,1,0,0
Zone_DH533,352999370,90.3918893,23.7316319,0.00640281,4,3,0,1
Zone_DH533,6559676364,90.4072247,23.7277651,0.00642398,4,3,0,0
Zone_DH533,2520045524,90.4052659,23.7124875,0.00937617,4,3,0,1
Zone_DH533,2528368611,90.4019496,23.7184751,0.0,4,1,0,0
Zone_DH533,6720862182,90.4063755,23.7311982,0.00425004,4,3,0,1
Zone_DH533,4907243495,90.4079127,23.7242303,0.0,4,1,0,0
Zone_DH533,4907243496,90.4085616,23.7241824,0.00213847,4,3,0,1
Zone_DH533,2520045545,90.4062629,23.7124885,0.00765258,4,3,0,1
Zone_DH533,352999402,90.3888524,23.722193,0.02173715,3,3,0,0
Zone_DH533,394237946,90.4083848,23.7141938,0.00610009,4,3,0,0
Zone_DH533,2528368657,90.4014235,23.7184972,0.0,4,1,0,0
Zone_DH533,3561543725,90.3954627,23.7256379,0.07839074,2,3,0,0
Zone_DH533,11609610294,90.3896743,23.7274725,0.03117799,3,3,0,0
Zone_DH533,2520045629,90.4062635,23.7124935,0.00867231,4,3,0,1
Zone_DH533,7602534473,90.4060167,23.728113,0.0,4,1,0,0
Zone_DH533,7602534475,90.4063855,23.7278908,0.01185569,4,3,0,1
Zone_DH533,2484058193,90.4051688,23.720317,0.01036787,4,3,0,1
Zone_DH533,2442221659,90.4005339,23.7219563,0.03142977,3,3,0,0
Zone_DH533,2520045670,90.4061316,23.7124956,0.0,4,1,0,0
Zone_DH533,2484058220,90.4049487,23.7203213,0.0,4,1,0,0
Zone_DH533,2484058239,90.4052571,23.7203222,0.0,4,1,0,0
Zone_DH533,2520045705,90.4061317,23.7124998,0.0,4,1,0,0
Zone_DH533,7127578766,90.3967721,23.7283869,0.0,4,1,0,0
Zone_DH533,7127578773,90.3966757,23.7283056,0.05314632,3,3,0,1
Zone_DH533,2528368792,90.4023113,23.7186104,0.01412348,4,3,0,0
Zone_DH533,4971665588,90.4064109,23.7151107,0.00516848,4,3,0,0
Zone_DH533,6785259705,90.393752,23.7295423,0.00154448,4,2,0,0
Zone_DH533,2520045762,90.4056325,23.7125222,0.0016326,4,3,0,1
Zone_DH533,6784424132,90.404913,23.7286827,0.0,4,1,0,0
Zone_DH533,4959492293,90.3925693,23.7195265,0.00303517,4,3,0,0
Zone_DH533,10758207686,90.3918179,23.7317727,0.00427292,4,3,0,1
Zone_DH533,10758207691,90.3927738,23.7320437,0.0,4,1,0,0
Zone_DH533,352999628,90.3954746,23.7250438,0.07579906,2,3,0,0
Zone_DH533,10758207695,90.3926724,23.7311829,0.00639995,4,2,0,1
Zone_DH533,2528368850,90.4014044,23.7186542,0.0,4,1,0,0
Zone_DH533,2484058323,90.4044198,23.720341,0.0,4,1,0,0
Zone_DH533,2528368851,90.400445,23.7186544,0.01744191,4,3,0,1
Zone_DH533,10758207698,90.3932628,23.7308851,0.0,4,1,0,0
Zone_DH533,10758428886,90.3928472,23.7308027,0.00533615,4,2,0,1
Zone_DH533,10758207699,90.3930509,23.7303203,0.00213847,4,3,0,1
Zone_DH533,6256294104,90.3979467,23.7306866,0.02433341,3,4,0,1
Zone_DH533,10758207700,90.3934452,23.7304603,0.0,4,1,0,0
Zone_DH533,10758207701,90.3926271,23.7301951,0.0,4,1,0,0
Zone_DH533,2528368861,90.4014413,23.7186635,0.00510496,4,3,0,1
Zone_DH533,2426280174,90.3997274,23.718559,0.08637179,2,3,0,0
Zone_DH533,2484058367,90.4041591,23.7203474,0.01982644,4,3,0,1
Zone_DH533,352999683,90.3891932,23.721122,0.01489544,4,3,0,0
Zone_DH533,2426280198,90.4002742,23.7206914,0.00908433,4,3,0,0
Zone_DH533,2484058379,90.4045427,23.720349,0.0,4,1,0,0
Zone_DH533,2528368907,90.4006534,23.718689,0.0,4,1,0,0
Zone_DH533,2454984985,90.4048152,23.7210622,0.02301783,3,4,0,1
Zone_DH533,401832218,90.4023585,23.7240066,0.01773547,4,3,0,0
Zone_DH533,7227406620,90.408371,23.7187181,0.00308781,4,3,0,0
Zone_DH533,2530818332,90.4051667,23.7182914,0.01862302,4,3,0,0
Zone_DH533,2280691996,90.3926037,23.7263925,0.0,4,1,0,0
Zone_DH533,2280691998,90.3926399,23.7266148,0.0,4,1,0,0
Zone_DH533,2454984989,90.4041072,23.7210845,0.06054483,3,3,0,0
Zone_DH533,2454984990,90.4042233,23.7210561,0.04017877,3,3,0,0
Zone_DH533,2454984992,90.4052042,23.7210823,0.02130912,3,3,0,1
Zone_DH533,2454984994,90.4054062,23.7211288,0.01806451,4,3,0,1
Zone_DH533,2528368932,90.4035268,23.7186999,0.00650467,4,3,0,0
Zone_DH533,2528368925,90.4021257,23.7186964,0.01569028,4,3,0,0
Zone_DH533,7227406626,90.4088364,23.7185707,0.00346263,4,3,0,0
Zone_DH533,2454985000,90.4054003,23.7212327,0.0,4,1,0,0
Zone_DH533,2454985001,90.4051934,23.7212429,0.0,4,1,0,0
Zone_DH533,2454985003,90.4055484,23.7212911,0.0,4,1,0,0
Zone_DH533,2454985005,90.4058667,23.7213049,0.07002114,2,3,0,1
Zone_DH533,2454985008,90.4052483,23.7213962,0.0,4,1,0,0
Zone_DH533,2454985009,90.4053436,23.7214062,0.00878562,4,3,0,1
Zone_DH533,2454985011,90.4055554,23.7214246,0.00812182,4,3,0,1
Zone_DH533,2454985013,90.4050218,23.7214927,0.0,4,1,0,0
Zone_DH533,2454985014,90.4053278,23.7215199,0.00998847,4,3,0,1
Zone_DH533,2454985015,90.404149,23.72152,0.10969291,1,3,0,0
Zone_DH533,2454985016,90.4045852,23.7215355,0.0,4,1,0,0
Zone_DH533,2454985018,90.4053182,23.7215735,0.01120849,4,3,0,1
Zone_DH533,2528368955,90.4003254,23.7187212,0.06788382,3,3,0,0
Zone_DH533,2454985020,90.40554,23.7215936,0.0,4,1,0,0
Zone_DH533,2454985021,90.4047624,23.7216393,0.0,4,1,0,0
Zone_DH533,2454985022,90.404541,23.7216732,0.0810139,2,3,0,1
Zone_DH533,2454985024,90.4054063,23.7217017,0.0,4,1,0,0
Zone_DH533,2454985026,90.4047233,23.7217464,0.08002278,2,3,0,1
Zone_DH533,2454985027,90.4052873,23.7217542,0.01248344,4,3,0,1
Zone_DH533,2454985028,90.4051438,23.7217782,0.0,4,1,0,0
Zone_DH533,2530818374,90.4048124,23.7185565,0.01887309,4,3,0,0
Zone_DH533,2454985031,90.4055653,23.7217994,0.0,4,1,0,0
Zone_DH533,2454985034,90.4057834,23.7218347,0.06253623,3,3,0,1
Zone_DH533,2454985035,90.404929,23.7218472,0.06288644,3,3,0,1
Zone_DH533,2530818381,90.4051479,23.7185703,0.01631746,4,3,0,0
Zone_DH533,2454985038,90.405116,23.7219416,0.05608135,3,3,0,1
Zone_DH533,2454985039,90.4054476,23.7219467,0.0,4,1,0,0
Zone_DH533,2454985040,90.4052315,23.7219915,0.05731167,3,3,0,0
Zone_DH533,2454985041,90.4055281,23.7219862,0.0,4,1,0,0
Zone_DH533,2454985042,90.4053816,23.7220813,0.04418446,3,3,0,1
Zone_DH533,2454985043,90.4054676,23.7221244,0.0434394,3,3,0,1
Zone_DH533,2454985045,90.405642,23.7225632,0.10726546,1,4,0,0
Zone_DH533,2484058456,90.4053351,23.7203555,0.0024429,4,3,0,1
Zone_DH533,2530818408,90.405458,23.7186591,0.0140428,4,3,0,1
Zone_DH533,10759272826,90.3989783,23.7279516,0.01305397,4,3,0,1
Zone_DH533,10759272827,90.3995233,23.728086,0.0,4,1,0,0
Zone_DH533,2483165564,90.4064463,23.7174255,0.02445072,3,3,0,0
Zone_DH533,2520045949,90.4060426,23.7126323,0.0,4,1,0,0
Zone_DH533,2483165567,90.4064354,23.7176535,0.00251214,4,3,0,1
Zone_DH533,2483165576,90.40641,23.7180819,0.0,4,1,0,0
Zone_DH533,2520045976,90.4063099,23.7126533,0.00970235,4,3,0,1
Zone_DH533,1118476700,90.3914463,23.7271889,0.0,4,1,0,0
Zone_DH533,1118476701,90.3916654,23.7281557,0.00529037,4,3,0,1
Zone_DH533,6397917609,90.408585,23.7164726,0.00070729,4,2,0,0
Zone_DH533,1118476716,90.3919988,23.725786,0.0,4,1,0,0
Zone_DH533,9722018225,90.4002194,23.7246932,0.01374924,4,4,0,0
Zone_DH533,9722018226,90.4002626,23.7244974,0.13350386,1,3,0,0
Zone_DH533,401627574,90.4100718,23.7201305,0.00188382,4,3,0,0
Zone_DH533,2520046012,90.4058843,23.7126663,0.0,4,1,0,0
Zone_DH533,1118476733,90.39545,23.7264578,0.04521449,3,3,0,0
Zone_DH533,2530818494,90.4047894,23.7188005,0.00696532,4,3,0,1
Zone_DH533,1118476736,90.3917446,23.7271216,0.00732755,4,4,0,1
Zone_DH533,1118476746,90.3919323,23.7252988,0.01111121,4,3,0,1
Zone_DH533,1118476752,90.3896949,23.7274336,0.02930104,3,3,0,0
Zone_DH533,9722018259,90.400265,23.723903,0.0311488,3,3,0,0
Zone_DH533,6138976726,90.4094609,23.7141342,0.00282916,4,3,0,0
Zone_DH533,2530818518,90.4050517,23.7188155,0.0,4,1,0,0
Zone_DH533,3561568744,90.3955269,23.7276783,0.00214075,4,4,0,0
Zone_DH533,2520046057,90.4058298,23.7126785,0.00369439,4,3,0,1
Zone_DH533,3561568748,90.3954287,23.7293656,0.0170545,4,3,0,0
Zone_DH533,2484058617,90.4054513,23.7203724,0.0,4,1,0,0
Zone_DH533,9722018307,90.4104021,23.7249329,0.0,4,1,0,0
Zone_DH533,9722018309,90.4103567,23.7248503,0.0,4,1,0,0
Zone_DH533,1171692044,90.3925279,23.7261679,0.00302887,4,3,0,1
Zone_DH533,2532440593,90.4008341,23.7216902,0.00341514,4,3,0,0
Zone_DH533,1171692051,90.392658,23.7269666,0.00289039,4,3,0,1
Zone_DH533,2520046112,90.4056771,23.712694,0.00379339,4,3,0,0
Zone_DH533,2532440610,90.4011313,23.7218256,0.00942653,4,3,0,0
Zone_DH533,12212910628,90.4081142,23.7148025,0.0,4,1,0,0
Zone_DH533,2532440619,90.4010248,23.721843,0.00568693,4,3,0,0
Zone_DH533,1118362162,90.3934101,23.7255216,0.0,4,1,0,0
Zone_DH533,2532440626,90.4005886,23.7218451,0.03181375,3,3,0,0
Zone_DH533,2528369206,90.4011742,23.7189738,0.01236785,4,3,0,0
Zone_DH533,2532440651,90.4008059,23.7218568,0.00830379,4,4,0,0
Zone_DH533,2530818651,90.4053609,23.7189422,0.0,4,1,0,0
Zone_DH533,2532440675,90.4007791,23.722055,0.00300884,4,3,0,0
Zone_DH533,393919083,90.4093518,23.7133081,0.00088926,4,2,0,0
Zone_DH533,2528369260,90.4005732,23.7190138,0.06724177,3,3,0,0
Zone_DH533,3049855596,90.3897958,23.7198236,0.09484897,2,4,0,0
Zone_DH533,393919086,90.4090635,23.7131893,0.0,4,2,0,0
Zone_DH533,2532440687,90.4010957,23.7220723,0.0112989,4,3,0,0
Zone_DH533,2484058741,90.4052958,23.7203997,0.00937274,4,3,0,0
Zone_DH533,2434792066,90.3878673,23.7260066,0.0,4,1,0,0
Zone_DH533,2426337923,90.405708,23.7222105,0.10308581,2,3,0,0
Zone_DH533,2520046215,90.4053265,23.7127308,0.01229575,4,3,0,0
Zone_DH533,3447978632,90.3892601,23.7208745,0.0256736,3,3,0,0
Zone_DH533,2434792073,90.3892286,23.7261843,0.0184502,4,3,0,1
Zone_DH533,2426337929,90.4062307,23.7228351,0.0,4,3,0,0
Zone_DH533,2426337931,90.4068117,23.7230854,0.00813498,4,3,0,0
Zone_DH533,2426337932,90.4062354,23.7231125,0.00958847,4,3,0,0
Zone_DH533,2434792072,90.388265,23.7261782,0.00106952,4,2,0,1
Zone_DH533,2434792074,90.389052,23.726217,0.00213789,4,2,0,1
Zone_DH533,2530818707,90.405551,23.7190063,0.0,4,1,0,0
Zone_DH533,3015056058,90.4020963,23.7265157,0.0058237,4,3,0,0
Zone_DH533,3015056059,90.4020873,23.7252299,0.00837532,4,3,0,0
Zone_DH533,2432400089,90.396697,23.7157598,0.00718048,4,3,0,0
Zone_DH533,2530818777,90.4059324,23.7190457,0.01429916,4,3,0,1
Zone_DH533,2424224476,90.4055678,23.7174078,0.02614799,3,3,0,0
Zone_DH533,3988847355,90.4003379,23.723968,0.14190779,1,3,0,0
Zone_DH533,2530818814,90.4056585,23.7190836,0.00213847,4,3,0,1
Zone_DH533,4875934465,90.3930912,23.7166369,0.01809655,4,3,0,0
Zone_DH533,4875934467,90.3937966,23.7181238,0.01318215,4,3,0,0
Zone_DH533,4875934468,90.3940839,23.7180965,0.00127781,4,3,0,0
Zone_DH533,4875934470,90.3939012,23.7182515,0.0140325,4,3,0,0
Zone_DH533,2492201735,90.3996911,23.7159031,0.02410795,3,3,0,0
Zone_DH533,3015088904,90.4024378,23.7276613,0.00167495,4,3,0,0
Zone_DH533,2492201743,90.3994168,23.71591,0.00950836,4,3,0,0
Zone_DH533,2492070673,90.3984951,23.7174539,0.09653823,2,4,0,0
Zone_DH533,13572512529,90.3954682,23.7291615,0.01880671,4,3,0,0
Zone_DH533,10081510907,90.3876466,23.7227832,0.00812296,4,4,0,0
Zone_DH533,2530818841,90.4056615,23.7191057,0.0,4,1,0,0
Zone_DH533,10081510910,90.3882141,23.724223,0.0,4,1,0,0
Zone_DH533,2484058922,90.404676,23.7204299,0.00427292,4,3,0,1
Zone_DH533,2530818858,90.405964,23.7191535,0.01357699,4,3,0,1
Zone_DH533,3357317930,90.3857567,23.7182563,0.0,4,3,0,0
Zone_DH533,9432742699,90.3876183,23.7270337,0.00183403,4,3,0,0
Zone_DH533,2492201775,90.3987242,23.7159474,0.00944885,4,3,0,0
Zone_DH533,2492070708,90.3989364,23.7175753,0.0405141,3,3,0,1
Zone_DH533,6545668916,90.4074584,23.7279805,0.00331456,4,3,0,0
Zone_DH533,6545668918,90.4089779,23.7294486,0.00213789,4,2,0,1
Zone_DH533,6545668919,90.4089377,23.728679,0.00106952,4,2,0,1
Zone_DH533,6545668923,90.4084523,23.7282374,0.00106952,4,2,0,1
Zone_DH533,2530818876,90.404663,23.7191606,0.00824771,4,4,0,1
Zone_DH533,6545668925,90.4072425,23.7280075,0.00704901,4,3,0,0
Zone_DH533,2492070717,90.3990302,23.7176037,0.04027376,3,3,0,1
Zone_DH533,6545668924,90.408442,23.7279512,0.0022718,4,3,0,1
Zone_DH533,2484058944,90.4047797,23.7204313,0.0,4,1,0,0
Zone_DH533,2520046402,90.4059508,23.7128541,0.0,4,1,0,0
Zone_DH533,2492070731,90.3994731,23.7176404,0.0439567,3,3,0,1
Zone_DH533,2530818902,90.4057569,23.7191727,0.0,4,1,0,0
Zone_DH533,2492201815,90.3977232,23.7159823,0.01951857,4,3,0,0
Zone_DH533,393919322,90.4094985,23.7142461,0.00437536,4,3,0,0
Zone_DH533,2492070746,90.3992289,23.7176501,0.04687342,3,3,0,0
Zone_DH533,5352921956,90.3864318,23.7268615,0.00328581,4,4,0,0
Zone_DH533,2424126313,90.4058517,23.721434,0.06937795,3,3,0,0
Zone_DH533,2492070770,90.3997148,23.7176489,0.05525561,3,3,0,0
Zone_DH533,2520046456,90.4058682,23.7128702,0.00438337,4,3,0,1
Zone_DH533,5838723964,90.4068068,23.7299875,0.01239703,4,3,0,0
Zone_DH533,2991971197,90.4042901,23.724678,0.0,4,1,0,0
Zone_DH533,830012291,90.3917138,23.726312,0.01169718,4,3,0,0
Zone_DH533,2991971205,90.4035936,23.7257383,0.00652641,4,3,0,1
Zone_DH533,5838723973,90.407482,23.7299601,0.0031273,4,2,0,0
Zone_DH533,2492070807,90.3988648,23.7177157,0.0,4,1,0,0
Zone_DH533,2530819004,90.404972,23.7193192,0.0,4,1,0,0
Zone_DH533,2492201924,90.3987817,23.7161314,0.00045722,4,3,0,0
Zone_DH533,10760862664,90.3909913,23.732259,0.00106952,4,2,0,1
Zone_DH533,1118485454,90.3920922,23.728077,0.0,4,1,0,0
Zone_DH533,1118485470,90.3924061,23.7281049,0.0,4,1,0,0
Zone_DH533,2492070894,90.3989463,23.7177909,0.0,4,1,0,0
Zone_DH533,2492070897,90.4001879,23.7177915,0.02734397,3,3,0,1
Zone_DH533,2520587249,90.4055524,23.7143107,0.02622009,3,3,0,0
Zone_DH533,2492201971,90.3998481,23.7161692,0.09026532,2,3,0,0
Zone_DH533,2492201972,90.3981277,23.7161643,0.0,4,1,0,0
Zone_DH533,2520587253,90.4047904,23.7143619,0.02853595,3,3,0,0
Zone_DH533,2426371082,90.3976785,23.7154636,0.01140591,4,3,0,0
Zone_DH533,2492201996,90.3998166,23.7161846,0.08112434,2,3,0,0
Zone_DH533,393919510,90.408774,23.7140966,0.00468894,4,3,0,0
Zone_DH533,2492070934,90.3984404,23.7178149,0.05765272,3,3,0,1
Zone_DH533,1118862366,90.3937678,23.7255121,0.0,4,1,0,0
Zone_DH533,2492202018,90.3977695,23.7162011,0.01402792,4,3,0,1
Zone_DH533,1118862381,90.3917068,23.7266714,0.00743398,4,3,0,1
Zone_DH533,2530819119,90.4059085,23.7194287,0.01437069,4,3,0,0
Zone_DH533,1118862388,90.3911186,23.7261143,0.00573557,4,4,0,0
Zone_DH533,2492070967,90.398653,23.7178327,0.0,4,1,0,0
Zone_DH533,1118862392,90.3901487,23.7253834,0.00201543,4,3,0,1
Zone_DH533,2520046650,90.4058855,23.7129543,0.00462485,4,3,0,0
Zone_DH533,1118862422,90.3915517,23.7257665,0.00811667,4,3,0,0
Zone_DH533,1118862424,90.3901471,23.7252433,0.0,4,1,0,0
Zone_DH533,1118862429,90.3941367,23.7267632,0.00903283,4,3,0,1
Zone_DH533,1118862434,90.3909887,23.7253487,0.00655788,4,3,0,1
Zone_DH533,2520046694,90.4063724,23.712968,0.01080563,4,3,0,0
Zone_DH533,1118862445,90.3910032,23.7250411,0.0,4,1,0,0
Zone_DH533,3345480822,90.3859355,23.7282854,0.0,4,1,0,0
Zone_DH533,2492071035,90.3984335,23.7179087,0.05787361,3,3,0,1
Zone_DH533,2492071038,90.3987121,23.7179111,0.0,4,1,0,0
Zone_DH533,393362564,90.4040578,23.7110767,0.00519252,4,3,0,0
Zone_DH533,393362565,90.4043931,23.7109507,0.00570753,4,4,0,0
Zone_DH533,2492071045,90.4008027,23.7179153,0.07492125,2,3,0,0
Zone_DH533,5354798212,90.3930105,23.7281775,0.05241443,3,3,0,0
Zone_DH533,2453929096,90.4002701,23.7201737,0.0,4,1,0,0
Zone_DH533,1118862473,90.3901718,23.7258963,0.0055021,4,3,0,0
Zone_DH533,1118862475,90.3905595,23.7253505,0.00496248,4,3,0,1
Zone_DH533,6269262998,90.3970341,23.7295648,0.0,4,1,0,0
Zone_DH533,2492071071,90.3989126,23.7179401,0.0,4,1,0,0
Zone_DH533,2426354851,90.4056013,23.72019,0.02643983,3,3,0,0
Zone_DH533,2426354858,90.4079783,23.7225738,0.00507235,4,3,0,0
Zone_DH533,2426354859,90.4068654,23.7226232,0.0085447,4,4,0,0
Zone_DH533,2492071084,90.400166,23.7179511,0.0,4,1,0,0
Zone_DH533,2426354861,90.407995,23.7230505,0.00236851,4,3,0,0
Zone_DH533,2492071083,90.3990092,23.7179509,0.00213847,4,3,0,1
Zone_DH533,2492071090,90.399223,23.7179545,0.01218588,4,3,0,1
Zone_DH533,2492202163,90.3980912,23.7163382,0.0,4,1,0,0
Zone_DH533,4761246905,90.3932857,23.7213142,0.02097436,3,3,0,0
Zone_DH533,10758741181,90.3919505,23.7296684,0.04088491,3,3,0,1
Zone_DH533,10758741183,90.3922803,23.7296721,0.0,4,1,0,0
Zone_DH533,2492202180,90.3994858,23.7163639,0.06609385,3,3,0,0
Zone_DH533,2520046796,90.4060665,23.7130031,5.494e-05,4,3,0,0
Zone_DH533,2484059344,90.4050176,23.720475,0.0,4,1,0,0
Zone_DH533,2530409682,90.3946481,23.7198034,0.0,4,1,0,0
Zone_DH533,8953322706,90.4070049,23.7299824,0.00731324,4,3,0,1
Zone_DH533,6052240596,90.4002107,23.7136541,0.0,4,1,0,0
Zone_DH533,8953322707,90.4070015,23.7297851,0.00213847,4,3,0,1
Zone_DH533,2530409687,90.3946455,23.7199949,0.00133504,4,3,0,1
Zone_DH533,2530409688,90.3949696,23.7202195,0.0,4,1,0,0
Zone_DH533,2530409689,90.394966,23.7206603,0.04758071,3,3,0,1
Zone_DH533,123043044,90.4049651,23.7279324,0.01391576,4,3,0,1
Zone_DH533,3015040230,90.4021788,23.7265167,0.0055599,4,3,0,0
Zone_DH533,2529402088,90.4035868,23.7155761,0.02110082,3,3,0,0
Zone_DH533,2492071149,90.3989153,23.7180208,0.0,4,1,0,0
Zone_DH533,2492202226,90.398236,23.7163977,0.0,4,1,0,0
Zone_DH533,3415743740,90.4032453,23.7249173,0.0,4,1,0,0
Zone_DH533,2492071171,90.3984233,23.7180343,0.05814027,3,3,0,1
Zone_DH533,3415743752,90.4036851,23.7244921,0.00106952,4,2,0,1
Zone_DH533,3415743753,90.4035484,23.7241768,0.00213789,4,2,0,1
Zone_DH533,3415743754,90.4035432,23.7240573,0.0109876,4,3,0,1
Zone_DH533,2991971596,90.4044555,23.72585,0.03854674,3,4,0,0
Zone_DH533,2479824148,90.4056503,23.7178813,0.0114019,4,3,0,1
Zone_DH533,2492202261,90.3993977,23.7164176,0.06606467,3,3,0,0
Zone_DH533,2520046871,90.4064958,23.7130423,0.0,4,1,0,0
Zone_DH533,2492071193,90.3987438,23.7180418,0.0,4,1,0,0
Zone_DH533,2530819361,90.4056307,23.719571,0.0,4,1,0,0
Zone_DH533,2520046895,90.4063728,23.7130467,0.01216928,4,3,0,1
Zone_DH533,2530819377,90.4058844,23.719574,0.0155661,4,3,0,1
Zone_DH533,2520046917,90.4058609,23.7130499,0.00553758,4,3,0,0
Zone_DH533,6559644998,90.4084374,23.7278238,0.00118153,4,4,0,0
Zone_DH533,11335212363,90.4077421,23.7175272,0.01224024,4,3,0,1
Zone_DH533,11335212368,90.4076517,23.716652,0.0,4,1,0,0
Zone_DH533,2530819455,90.4051899,23.7196102,0.00106952,4,3,0,1
Zone_DH533,2530819482,90.4049971,23.7196142,0.0,4,1,0,0
Zone_DH533,2454371742,90.3983572,23.7183033,0.1108042,1,4,0,0
Zone_DH533,2454371762,90.3999156,23.7195862,0.03917677,3,3,0,0
Zone_DH533,2976357814,90.4038346,23.7148691,0.0,4,1,0,0
Zone_DH533,9077145015,90.3986075,23.7275291,0.01353522,4,3,0,1
Zone_DH533,9077145014,90.3985632,23.7267371,0.0,4,1,0,0
Zone_DH533,2976357817,90.4036094,23.7150078,0.00213847,4,3,0,1
Zone_DH533,2484059578,90.4042769,23.7205146,0.0,4,1,0,0
Zone_DH533,2976357820,90.403794,23.7150661,0.0,4,1,0,0
Zone_DH533,2443951557,90.402916,23.7225098,0.09171481,2,3,0,0
Zone_DH533,2530819529,90.4051969,23.7196578,0.0,4,1,0,0
Zone_DH533,373390798,90.4068226,23.7143971,0.06089218,3,4,0,0
Zone_DH533,2484059601,90.4053621,23.7205178,0.0,4,1,0,0
Zone_DH533,2529402328,90.4025906,23.7159566,0.02970332,3,3,0,0
Zone_DH533,2454371809,90.3983465,23.720014,0.10737876,1,3,0,0
Zone_DH533,2492071400,90.4001268,23.7182985,0.0,4,1,0,0
Zone_DH533,3654860265,90.4061151,23.7165371,0.02872021,3,3,0,0
Zone_DH533,2443951597,90.4018879,23.7231359,0.08253205,2,3,0,0
Zone_DH533,2443951616,90.4018037,23.723346,0.00982939,4,3,0,0
Zone_DH533,2530819593,90.4051948,23.7197457,0.0,4,1,0,0
Zone_DH533,2443951628,90.4025439,23.7234897,0.01286513,4,3,0,0
Zone_DH533,3565166097,90.4066292,23.7246395,0.0180605,4,3,0,1
Zone_DH533,9889455634,90.4099797,23.7202236,0.00203832,4,3,0,0
Zone_DH533,2426658330,90.3980765,23.7207835,0.04248147,3,3,0,0
Zone_DH533,2530819617,90.4056194,23.7197593,0.0,4,1,0,0
Zone_DH533,2484059684,90.4041588,23.7205422,0.01958495,4,3,0,1
Zone_DH533,2520047144,90.4061266,23.7132507,0.0,4,1,0,0
Zone_DH533,2280578604,90.3905814,23.7222601,0.02212284,3,3,0,0
Zone_DH533,2492202544,90.3999537,23.7165632,0.01782073,4,3,0,1
Zone_DH533,6139903536,90.4084334,23.7277133,0.00322672,4,3,0,0
Zone_DH533,2423971394,90.3974956,23.7232268,0.02077235,3,3,0,0
Zone_DH533,3006602830,90.3953773,23.7309314,0.02718947,3,3,0,0
Zone_DH533,2492071526,90.3991218,23.7184189,0.04817527,3,3,0,0
Zone_DH533,2492071531,90.4002906,23.7184442,0.03347725,3,3,0,1
Zone_DH533,2426199666,90.395502,23.719451,0.02034031,4,3,0,0
Zone_DH533,2492202614,90.3980925,23.716577,0.00213847,4,3,0,1
Zone_DH533,1719148152,90.4024047,23.7317378,0.00651725,4,4,0,0
Zone_DH533,1200103033,90.4018955,23.7174114,0.05661697,3,3,0,0
Zone_DH533,393354875,90.4040144,23.710562,0.00276049,4,3,0,0
Zone_DH533,1719148155,90.4015708,23.7314832,0.0,4,3,0,0
Zone_DH533,1719148156,90.4023782,23.7303892,0.01476897,4,3,0,0
Zone_DH533,2520047230,90.4067078,23.7133167,0.04700847,3,3,0,0
Zone_DH533,2426199675,90.3944147,23.7199847,0.02446045,3,3,0,0
Zone_DH533,2530819713,90.4046584,23.7198152,0.00823398,4,3,0,1
Zone_DH533,373390986,90.4087391,23.7175233,0.01986936,4,4,0,0
Zone_DH533,1719148170,90.4023889,23.7300848,0.00530983,4,3,0,0
Zone_DH533,2520047245,90.4058657,23.7133227,0.01653777,4,3,0,0
Zone_DH533,1719148183,90.4022435,23.7310181,0.01060706,4,3,0,0
Zone_DH533,1719148188,90.4022843,23.7316145,0.00753298,4,3,0,0
Zone_DH533,2484059818,90.4046504,23.7205692,0.00213847,4,3,0,1
Zone_DH533,13563870902,90.4015407,23.7252608,0.01164339,4,3,0,0
Zone_DH533,2454494910,90.4004981,23.720958,0.00442342,4,3,0,1
Zone_DH533,13563870911,90.4020884,23.725403,0.00102088,4,3,0,0
Zone_DH533,2530819776,90.4051967,23.719872,0.0,4,1,0,0
Zone_DH533,3357286096,90.3865531,23.7200535,0.0121298,4,3,0,0
Zone_DH533,2541190865,90.4056433,23.7150624,0.00799249,4,3,0,1
Zone_DH533,2454494928,90.4007145,23.7210088,0.0,4,1,0,0
Zone_DH533,2575990483,90.4051653,23.7203774,0.00921194,4,3,0,1
Zone_DH533,2484059856,90.4047563,23.720575,0.0,4,1,0,0
Zone_DH533,2530819793,90.4055965,23.7199085,0.00213847,4,3,0,1
Zone_DH533,2575990486,90.4055065,23.7207729,0.00197252,4,3,0,1
Zone_DH533,2530819800,90.4056972,23.7199178,0.01862187,4,3,0,1
Zone_DH533,2492202720,90.399777,23.7166096,0.0,4,1,0,0
Zone_DH533,4330594019,90.3917074,23.7208297,0.02834539,3,3,0,0
Zone_DH533,2530819811,90.4051846,23.7199709,0.00213847,4,3,0,1
Zone_DH533,2490810089,90.4051437,23.7179558,0.0,4,1,0,0
Zone_DH533,4330594026,90.391246,23.7202528,0.0282813,3,3,0,0
Zone_DH533,830021359,90.3933825,23.7260322,0.00307007,4,3,0,1
Zone_DH533,1719049967,90.4021658,23.7271095,0.00473873,4,3,0,0
Zone_DH533,830021361,90.3935851,23.726819,0.00729379,4,3,0,0
Zone_DH533,2484059888,90.4057595,23.7205887,0.0,4,1,0,0
Zone_DH533,2530819836,90.4051772,23.7200232,0.0,4,1,0,0
Zone_DH533,1197629190,90.3982191,23.7217042,0.00919649,4,3,0,0
Zone_DH533,7963893511,90.4058729,23.7207888,0.07771836,2,3,0,0
Zone_DH533,1719050000,90.4004553,23.7265394,0.08075181,2,3,0,0
Zone_DH533,10758422288,90.3923988,23.7313573,0.00106952,4,3,0,1
Zone_DH533,8014864147,90.3911239,23.7116421,0.00575903,4,3,0,1
Zone_DH533,1719050003,90.4040792,23.7276322,0.02730163,3,3,0,0
Zone_DH533,1197629205,90.3975548,23.7216421,0.05027596,3,3,0,0
Zone_DH533,10758422292,90.3922268,23.7311851,0.0,4,1,0,0
Zone_DH533,10758422290,90.3923021,23.7316924,0.0,4,1,0,0
Zone_DH533,2530819870,90.4053469,23.7201786,0.0199386,4,3,0,1
Zone_DH533,2520047392,90.4063641,23.7133946,0.03059659,3,3,0,0
Zone_DH533,11461582625,90.3993902,23.7115663,0.0,4,1,0,0
Zone_DH533,2457624368,90.4052631,23.7215134,0.0,4,1,0,0
Zone_DH533,2457624369,90.4052536,23.7215658,0.0,4,1,0,0
Zone_DH533,2520047408,90.406236,23.7134006,0.01744248,4,3,0,1
Zone_DH533,2492202804,90.3979892,23.7166394,0.06883661,3,3,0,1
Zone_DH533,2541190996,90.4059801,23.7152767,0.00213446,4,3,0,0
Zone_DH533,2513190784,90.4014636,23.7210146,0.01542877,4,3,0,0
Zone_DH533,2426363784,90.3943893,23.7184897,0.06844691,3,3,0,0
Zone_DH533,2518613903,90.4050961,23.7114147,0.01559472,4,3,0,1
Zone_DH533,13569654675,90.397565,23.7273272,0.00032961,4,3,0,0
Zone_DH533,2518613919,90.4049361,23.7115055,0.0,4,1,0,0
Zone_DH533,2506055616,90.4019989,23.7216195,0.02504814,3,3,0,0
Zone_DH533,2538250180,90.4045989,23.7154884,0.00274447,4,3,0,1
Zone_DH533,2506055621,90.4016468,23.721689,0.0,4,1,0,0
Zone_DH533,2506055623,90.4017031,23.7216753,0.01071865,4,3,0,1
Zone_DH533,401719240,90.4098067,23.7214254,0.00179455,4,3,0,0
Zone_DH533,2508996562,90.4048401,23.715503,0.00839821,4,3,0,0
Zone_DH533,401719257,90.4089932,23.7216546,0.00241829,4,3,0,0
Zone_DH533,2508996570,90.404204,23.7159506,0.02574456,3,3,0,0
Zone_DH533,2506055641,90.4012934,23.7225378,0.00348667,4,3,0,1
Zone_DH533,2506055644,90.4012406,23.7225696,0.0,4,1,0,0
Zone_DH533,2506055646,90.401371,23.722588,0.01517755,4,3,0,0
Zone_DH533,2506686431,90.402201,23.7173743,0.05630567,3,3,0,0
Zone_DH533,401719264,90.4085982,23.7217011,0.00338996,4,3,0,0
Zone_DH533,1118355427,90.3916239,23.7259834,0.02840834,3,4,0,0
Zone_DH533,401719268,90.4084836,23.7216881,0.00518737,4,3,0,0
Zone_DH533,6266404837,90.3863467,23.7268589,0.00217795,4,3,0,0
Zone_DH533,1118355429,90.3892015,23.7260559,0.0207569,3,3,0,0
Zone_DH533,2492202982,90.3989203,23.7166883,0.02574227,3,3,0,0
Zone_DH533,12794535913,90.3929383,23.711998,0.0,4,1,0,0
Zone_DH533,8424226796,90.3909546,23.711391,0.0,4,1,0,0
Zone_DH533,401719291,90.4074045,23.7215957,0.00378366,4,3,0,0
