zone_id,node_id,lon,lat,bc,tier,degree,is_master,is_art_pt
Zone_DH567,3735412743,90.4083626,23.7100035,0.0499806,3,3,0,0
Zone_DH567,2538250260,90.4048651,23.7155185,0.02230456,3,3,0,0
Zone_DH567,401719321,90.4060919,23.7212174,0.01110611,4,3,0,0
Zone_DH567,2541191195,90.4063364,23.7153669,0.0,4,1,0,0
Zone_DH567,2541191199,90.4055817,23.7153775,0.00665921,4,3,0,1
Zone_DH567,2541191208,90.4063147,23.7153677,0.00111297,4,3,0,1
Zone_DH567,2538250297,90.4042929,23.7155556,0.02795429,3,3,0,1
Zone_DH567,6054109259,90.4191663,23.7040337,6.507e-05,4,2,0,0
Zone_DH567,394215531,90.4077538,23.7099112,0.01004272,4,3,0,0
Zone_DH567,2484060268,90.40595,23.7206442,0.07612601,2,3,0,1
Zone_DH567,2492203123,90.3992149,23.7167186,0.02749571,3,3,0,0
Zone_DH567,4976541813,90.399283,23.7070244,0.00680793,4,3,0,0
Zone_DH567,2492203129,90.3992088,23.7167303,0.02343364,3,3,0,1
Zone_DH567,366002298,90.4102762,23.7055277,0.01178158,4,3,0,0
Zone_DH567,4976541824,90.4000822,23.706291,0.02421011,3,4,0,0
Zone_DH567,4976541827,90.3995662,23.706733,0.00798597,4,4,0,1
Zone_DH567,4976541828,90.3978502,23.7081176,0.00438742,4,4,0,0
Zone_DH567,4976541835,90.3956989,23.7092223,0.00331969,4,3,0,1
Zone_DH567,366002318,90.4105504,23.706641,0.00785955,4,3,0,1
Zone_DH567,401604773,90.4162103,23.7150384,0.00856662,4,4,0,0
Zone_DH567,2538250410,90.4045977,23.7156446,0.0,4,1,0,0
Zone_DH567,2518614192,90.4043732,23.7119965,0.00428889,4,3,0,0
Zone_DH567,2504548537,90.4036786,23.717507,0.05798578,3,3,0,0
Zone_DH567,2504548544,90.403799,23.7175063,0.04502617,3,3,0,0
Zone_DH567,3740876992,90.4201126,23.7077095,0.00833299,4,3,0,1
Zone_DH567,3740876994,90.4204768,23.7070666,0.0,4,1,0,0
Zone_DH567,2504548548,90.4043293,23.7175373,0.04423916,3,3,0,1
Zone_DH567,2538250461,90.4044757,23.7157066,0.0,4,1,0,0
Zone_DH567,2518614240,90.4044953,23.7121342,0.0,4,1,0,0
Zone_DH567,4405715173,90.4199046,23.7132195,0.0,4,2,0,0
Zone_DH567,2492203244,90.3994759,23.7167884,0.0,4,1,0,0
Zone_DH567,2518614253,90.4051243,23.7123193,0.0108855,4,3,0,1
Zone_DH567,2571223282,90.3967265,23.7164474,0.0088461,4,3,0,0
Zone_DH567,2518614264,90.4046306,23.7124664,0.0,4,1,0,0
Zone_DH567,2518614273,90.404814,23.7127253,0.0,4,1,0,0
Zone_DH567,2546426119,90.4019677,23.7213245,0.0479034,3,3,0,0
Zone_DH567,393568523,90.4126015,23.70488,0.01529833,4,3,0,0
Zone_DH567,2426355981,90.4038578,23.7187388,0.08111701,2,3,0,0
Zone_DH567,2484568336,90.4069613,23.7174619,0.1005462,2,4,0,0
Zone_DH567,4501111058,90.4018938,23.7158026,0.0553397,3,3,0,1
Zone_DH567,393568544,90.4174253,23.7019573,0.00045795,4,2,0,0
Zone_DH567,2492203307,90.398245,23.716824,0.01930587,4,3,0,0
Zone_DH567,2484060460,90.4046459,23.7206656,0.0,4,1,0,0
Zone_DH567,2452554037,90.4008716,23.7215401,0.0,4,1,0,0
Zone_DH567,2442813768,90.4029675,23.7223966,0.0302112,3,3,0,0
Zone_DH567,2492203338,90.3999459,23.7168466,0.02617825,3,3,0,1
Zone_DH567,401875286,90.418462,23.7198186,0.00814213,4,3,0,0
Zone_DH567,2525528410,90.4007164,23.7233993,0.0,4,1,0,0
Zone_DH567,2526069082,90.39946,23.7145048,0.01073182,4,3,0,0
Zone_DH567,2546426204,90.4010013,23.7214215,0.01232938,4,3,0,0
Zone_DH567,2526069086,90.4001003,23.7147603,0.01422564,4,3,0,1
Zone_DH567,2526069087,90.3982837,23.7147571,0.0031282,4,3,0,1
Zone_DH567,2526069092,90.399901,23.7148111,0.00222531,4,3,0,1
Zone_DH567,2526069094,90.3998504,23.7148166,0.0,4,1,0,0
Zone_DH567,2526069098,90.3994279,23.7149,0.01473379,4,3,0,0
Zone_DH567,2526069100,90.3989947,23.7149418,0.0066369,4,3,0,1
Zone_DH567,4950794610,90.4187327,23.7150351,0.00520169,4,3,0,0
Zone_DH567,2526069106,90.3986938,23.7149568,0.0046291,4,3,0,1
Zone_DH567,2526069107,90.3985477,23.7149682,0.0037355,4,3,0,1
Zone_DH567,2526069110,90.3999484,23.7149681,0.0,4,1,0,0
Zone_DH567,2452554103,90.4008927,23.7216561,0.00315733,4,3,0,1
Zone_DH567,2526069111,90.3983988,23.714976,0.0,4,1,0,0
Zone_DH567,2492203385,90.3996322,23.7168561,0.0,4,1,0,0
Zone_DH567,2526069116,90.4002249,23.71512,0.05405632,3,3,0,1
Zone_DH567,2526069119,90.3998452,23.7151267,0.0,4,1,0,0
Zone_DH567,2529403264,90.4028692,23.716512,0.00489742,4,3,0,1
Zone_DH567,4389822851,90.4164048,23.7194234,0.00839372,4,3,0,1
Zone_DH567,2526069124,90.3982816,23.7152363,0.0,4,1,0,0
Zone_DH567,2526069123,90.3994389,23.7152437,0.01168738,4,2,0,0
Zone_DH567,4389822854,90.4169487,23.7195703,0.0,4,1,0,0
Zone_DH567,2526069127,90.3986845,23.7152474,0.0,4,1,0,0
Zone_DH567,2526069128,90.399564,23.7152977,0.01262188,4,3,0,1
Zone_DH567,2526069130,90.399795,23.7153025,0.0,4,1,0,0
Zone_DH567,2526069133,90.3998537,23.7153612,0.0,4,1,0,0
Zone_DH567,2526069134,90.3989435,23.7154973,0.0,4,1,0,0
Zone_DH567,4889018769,90.4149484,23.710147,0.00343185,4,3,0,0
Zone_DH567,2526069139,90.3997113,23.7156441,0.0132676,4,3,0,1
Zone_DH567,2525528468,90.402075,23.7235171,0.00725411,4,3,0,0
Zone_DH567,1778188695,90.3980177,23.7142583,0.02313247,3,3,0,0
Zone_DH567,11671552425,90.3999168,23.7064155,0.01439667,4,4,0,0
Zone_DH567,2529403318,90.4029765,23.7165302,0.00370638,4,3,0,0
Zone_DH567,2426380730,90.4047567,23.7136115,0.03502435,3,3,0,0
Zone_DH567,2426380735,90.4047151,23.713819,0.0318162,3,3,0,0
Zone_DH567,2426380741,90.4033575,23.7144575,0.00043316,4,2,0,0
Zone_DH567,2492203462,90.3998506,23.7168932,0.02461911,3,3,0,1
Zone_DH567,2426380744,90.4048273,23.7144959,0.05885645,3,3,0,0
Zone_DH567,401621451,90.4175711,23.7201659,0.00129887,4,3,0,0
Zone_DH567,2426380751,90.4029013,23.7145775,0.07234279,2,3,0,0
Zone_DH567,401621455,90.4182329,23.7201495,0.00910079,4,3,0,0
Zone_DH567,2426380753,90.4037637,23.7146068,0.03809864,3,3,0,0
Zone_DH567,2492203479,90.3998287,23.7169028,0.02431918,3,3,0,1
Zone_DH567,2532458970,90.4010747,23.7222921,0.00831812,4,3,0,0
Zone_DH567,2426380763,90.4033299,23.7150371,0.0398976,3,3,0,1
Zone_DH567,2532458973,90.4007985,23.7223236,0.00183305,4,3,0,0
Zone_DH567,2426380766,90.4031323,23.715086,0.04594703,3,3,0,0
Zone_DH567,2532458977,90.4009781,23.7225263,0.0,4,1,0,0
Zone_DH567,2532458979,90.400969,23.7226027,0.00292866,4,3,0,1
Zone_DH567,4908532199,90.4068182,23.7230392,9.419e-05,4,3,0,0
Zone_DH567,4908532200,90.4062298,23.7230819,0.00018033,4,4,0,0
Zone_DH567,4908532201,90.405645,23.7230919,0.00101691,4,3,0,0
Zone_DH567,4908532202,90.4108274,23.7229154,0.01090471,4,4,0,0
Zone_DH567,6557049339,90.4057476,23.7138201,0.01263675,4,3,0,0
Zone_DH567,6557049340,90.4057254,23.7138797,0.04929213,3,4,0,0
Zone_DH567,6557049341,90.4057018,23.7139459,0.04465869,3,4,0,0
Zone_DH567,394215934,90.4090658,23.7085004,0.07573622,2,3,0,0
Zone_DH567,394215938,90.4093007,23.7091473,0.00258535,4,3,0,0
Zone_DH567,2525528580,90.4020905,23.7236238,0.0,4,2,0,0
Zone_DH567,3448168966,90.4079872,23.7019231,0.01088426,4,3,0,0
Zone_DH567,12980077068,90.4148932,23.7085003,0.03923887,3,3,0,0
Zone_DH567,12980077071,90.4153949,23.7084414,0.0304188,3,3,0,0
Zone_DH567,2450358799,90.401588,23.7225844,0.00222531,4,3,0,1
Zone_DH567,2492203535,90.3996429,23.7169372,0.0,4,1,0,0
Zone_DH567,2538250770,90.4042662,23.715994,0.04669314,3,2,0,0
Zone_DH567,2480382491,90.4038773,23.7197519,0.04887383,3,3,0,0
Zone_DH567,13274227233,90.4189735,23.7150317,0.00451259,4,3,0,0
Zone_DH567,2538250789,90.4048084,23.7160068,0.03238446,3,3,0,0
Zone_DH567,13274227238,90.4190665,23.7148107,0.00689841,4,3,0,0
Zone_DH567,2538250792,90.4050054,23.7160076,0.00979113,4,3,0,0
Zone_DH567,2450358825,90.40275,23.722597,0.02003091,4,3,0,0
Zone_DH567,4124533291,90.3998305,23.7220332,0.0,4,1,0,0
Zone_DH567,373391924,90.3962314,23.7153807,0.00822764,4,3,0,0
Zone_DH567,6559384116,90.416934,23.7036545,0.00305012,4,3,0,0
Zone_DH567,3448169013,90.4078257,23.701765,0.01304637,4,3,0,0
Zone_DH567,394215993,90.4096425,23.7099604,0.04575803,3,3,0,0
Zone_DH567,2492203580,90.399025,23.7169941,0.02275322,3,3,0,1
Zone_DH567,3895140930,90.405546,23.7221525,0.01969256,4,3,0,1
Zone_DH567,373391956,90.40281,23.7137979,0.08618299,2,4,0,0
Zone_DH567,2541191765,90.4060818,23.7157721,3.72e-06,4,3,0,0
Zone_DH567,373391961,90.4029656,23.7151132,0.10984777,2,3,0,0
Zone_DH567,2450358873,90.4017477,23.7226236,0.0,4,1,0,0
Zone_DH567,2529403483,90.4032173,23.716592,0.00402428,4,3,0,1
Zone_DH567,373391969,90.4025945,23.7156973,0.11841748,2,4,0,0
Zone_DH567,2492203619,90.3992378,23.7170236,0.0,4,1,0,0
Zone_DH567,6139732579,90.4143456,23.7230459,0.00104294,4,2,0,0
Zone_DH567,4981482087,90.4091271,23.7132929,0.00475303,4,3,0,0
Zone_DH567,4981482091,90.4089893,23.7133294,0.0,4,1,0,0
Zone_DH567,4981482092,90.408991,23.7134987,0.00279543,4,3,0,1
Zone_DH567,5892416110,90.4066808,23.7081757,0.0019198,4,3,0,1
Zone_DH567,2538250863,90.4043643,23.7160383,0.06043852,3,3,0,0
Zone_DH567,394216059,90.4089687,23.7093855,0.00316662,4,3,0,0
Zone_DH567,394216064,90.4091221,23.7099585,0.04716349,3,3,0,0
Zone_DH567,5892416130,90.4063381,23.7083037,0.00095556,4,3,0,0
Zone_DH567,5892416133,90.4053717,23.7085616,0.0,4,1,0,0
Zone_DH567,5892416134,90.4057137,23.708483,0.00111297,4,3,0,1
Zone_DH567,2529403527,90.4035354,23.7166323,0.0,4,1,0,0
Zone_DH567,2541191819,90.4057605,23.7158163,0.00222345,4,3,0,1
Zone_DH567,2450358927,90.401385,23.7226971,0.0,4,1,0,0
Zone_DH567,2450358931,90.4020304,23.7227037,0.0,4,1,0,0
Zone_DH567,393372308,90.4078902,23.7084628,0.00089793,4,4,0,0
Zone_DH567,2452538007,90.4036917,23.7210012,0.03423734,3,3,0,1
Zone_DH567,2484060829,90.4043046,23.720705,0.0,4,1,0,0
Zone_DH567,395076254,90.4153166,23.7092492,0.00290511,4,3,0,0
Zone_DH567,11335090845,90.4001089,23.7074099,0.0,4,1,0,0
Zone_DH567,373392033,90.4046866,23.7113417,0.12085907,2,3,0,0
Zone_DH567,401711777,90.4002156,23.7184757,0.06306663,3,3,0,0
Zone_DH567,373392035,90.4040742,23.711424,0.07459227,2,3,0,0
Zone_DH567,373392036,90.4038087,23.7114455,0.07724827,2,3,0,0
Zone_DH567,2538250917,90.4048772,23.7160607,0.02200959,3,4,0,1
Zone_DH567,373392046,90.40201,23.7117749,0.08087781,2,3,0,0
Zone_DH567,2492203696,90.398939,23.7170755,0.02243098,3,3,0,1
Zone_DH567,2513576627,90.4035288,23.7196445,0.08663722,2,3,0,0
Zone_DH567,2452538036,90.4036725,23.7212015,0.0,4,1,0,0
Zone_DH567,2450358965,90.4018177,23.7227342,0.0,4,1,0,0
Zone_DH567,2452538038,90.4033031,23.7212324,0.0,4,1,0,0
Zone_DH567,395076279,90.4157116,23.7100412,0.00489556,4,3,0,0
Zone_DH567,2484060853,90.4043036,23.7207054,0.00222531,4,3,0,1
Zone_DH567,373392058,90.3993278,23.7134122,0.04242099,3,3,0,0
Zone_DH567,2450358974,90.4014761,23.7227475,0.0,4,1,0,0
Zone_DH567,2452538047,90.4037881,23.7213695,0.0,4,1,0,0
Zone_DH567,2452538048,90.4030071,23.7214032,0.01447785,4,2,0,0
Zone_DH567,2484060864,90.4041845,23.7206997,0.00960646,4,3,0,1
Zone_DH567,10764870339,90.4109104,23.7082173,0.0,4,1,0,0
Zone_DH567,3304702661,90.4180668,23.7051246,0.01443262,4,3,0,1
Zone_DH567,2492203718,90.3994825,23.7170878,0.0,4,1,0,0
Zone_DH567,395076296,90.4164469,23.7101362,0.00541672,4,3,0,0
Zone_DH567,3304702664,90.4174415,23.7050946,0.0,4,1,0,0
Zone_DH567,2492203722,90.3989158,23.7170965,0.02223763,3,3,0,1
Zone_DH567,373392075,90.3959044,23.7155484,0.00231703,4,3,0,0
Zone_DH567,2492203733,90.3997411,23.7171171,0.024106,3,3,0,1
Zone_DH567,395068128,90.4118062,23.7105469,0.03797532,3,3,0,0
Zone_DH567,2538250983,90.4049826,23.7161138,0.03012693,3,3,0,0
Zone_DH567,395068140,90.4129329,23.7103726,0.02347144,3,3,0,0
Zone_DH567,395068142,90.4132037,23.7103237,0.02263114,3,3,0,0
Zone_DH567,2492203761,90.3991717,23.7171397,0.0,4,1,0,0
Zone_DH567,395068152,90.4142392,23.7101785,0.01946947,4,3,0,0
Zone_DH567,2492203790,90.3997005,23.7171802,0.02398702,3,3,0,1
Zone_DH567,2492203797,90.3994938,23.7171851,0.0,4,1,0,0
Zone_DH567,2450359071,90.401444,23.7228766,0.0,4,1,0,0
Zone_DH567,2492203828,90.3991331,23.7172067,0.0,4,1,0,0
Zone_DH567,2484060983,90.4051509,23.7207272,0.0,4,1,0,0
Zone_DH567,4389700416,90.4164737,23.7208836,0.00444443,4,3,0,0
Zone_DH567,393921351,90.4053798,23.7128889,0.01359293,4,3,0,0
Zone_DH567,393921355,90.4051387,23.7123808,0.01116932,4,3,0,1
Zone_DH567,4389700430,90.4173775,23.7210684,0.00884362,4,3,0,0
Zone_DH567,2492203855,90.3996859,23.7172734,0.02389159,3,3,0,1
Zone_DH567,2450359122,90.4021578,23.7229773,0.0127043,4,3,0,1
Zone_DH567,2484061013,90.4049512,23.7207331,0.0,4,1,0,0
Zone_DH567,393921368,90.4050074,23.7112201,0.1227262,1,3,0,0
Zone_DH567,2426446684,90.4018448,23.7108049,0.0,4,1,0,0
Zone_DH567,2426446693,90.4017592,23.7110149,0.00111297,4,3,0,1
Zone_DH567,2541192039,90.4054624,23.7159834,0.0,4,1,0,0
Zone_DH567,2492203880,90.39943,23.7172847,0.0,4,1,0,0
Zone_DH567,11339203439,90.3977709,23.702823,0.00111297,4,2,0,1
Zone_DH567,2426446704,90.3992428,23.7111218,0.0034461,4,3,0,1
Zone_DH567,11339203440,90.3969052,23.7033783,0.00511989,4,2,0,0
Zone_DH567,4912210802,90.4106788,23.7210212,0.01102741,4,3,0,0
Zone_DH567,11339203443,90.3972685,23.7029067,0.0,4,1,0,0
Zone_DH567,11339203442,90.3979293,23.7031507,0.00838009,4,3,0,1
Zone_DH567,2426446712,90.3959825,23.7113939,0.00018963,4,2,0,0
Zone_DH567,2552546170,90.4051426,23.7186406,0.01579036,4,3,0,0
Zone_DH567,2426446719,90.3991308,23.7118502,0.0,4,1,0,0
Zone_DH567,2426446721,90.3984319,23.7114374,0.00304083,4,3,0,0
Zone_DH567,387097474,90.4037697,23.7187369,0.09803768,2,3,0,0
Zone_DH567,11339203459,90.3966347,23.703536,0.0,4,1,0,0
Zone_DH567,2484061063,90.404389,23.7207591,0.0,4,1,0,0
Zone_DH567,11339203464,90.3969421,23.7037681,0.00414512,4,3,0,1
Zone_DH567,11339203463,90.3966479,23.7037842,0.00111297,4,2,0,1
Zone_DH567,2484061069,90.405338,23.7207593,0.00222531,4,3,0,1
Zone_DH567,2450359197,90.4019592,23.7230947,0.01149094,4,3,0,1
Zone_DH567,2492203937,90.3989369,23.7173613,0.0,4,1,0,0
Zone_DH567,6139151273,90.4118959,23.7098979,0.04209999,3,4,0,0
Zone_DH567,6139151274,90.4114971,23.7124916,0.0288894,3,4,0,0
Zone_DH567,6139151276,90.41163,23.7108749,0.00977254,4,3,0,0
Zone_DH567,2450359216,90.4013802,23.7231505,0.01284373,4,3,0,1
Zone_DH567,6139151282,90.4119207,23.7088202,0.00565531,4,3,0,0
Zone_DH567,2480382901,90.4032101,23.7206953,0.0501002,3,3,0,0
Zone_DH567,2444002239,90.4041361,23.7214261,0.05685422,3,3,0,0
Zone_DH567,2442044356,90.4006165,23.7217673,0.00589637,4,3,0,1
Zone_DH567,2426446788,90.4012614,23.7120247,0.07778988,2,3,0,0
Zone_DH567,7334282183,90.4026111,23.7100889,0.0100012,4,3,0,0
Zone_DH567,2442044364,90.4005422,23.7221347,0.00474374,4,3,0,0
Zone_DH567,2442044365,90.4007809,23.7221407,0.00436449,4,3,0,0
Zone_DH567,2444002252,90.4038034,23.7214873,0.00111297,4,3,0,1
Zone_DH567,2442044370,90.4010847,23.7223864,0.00697897,4,3,0,0
Zone_DH567,2426446803,90.3994556,23.712763,0.0,4,1,0,0
Zone_DH567,2426446809,90.3989294,23.7124202,0.00480323,4,3,0,1
Zone_DH567,2444002265,90.4032922,23.72151,0.0,4,1,0,0
Zone_DH567,2492203995,90.3994647,23.717458,0.0,4,1,0,0
Zone_DH567,2426446812,90.4004779,23.7124327,0.03951401,3,3,0,1
Zone_DH567,2426446814,90.3989062,23.7124219,0.00410298,4,3,0,0
Zone_DH567,387097568,90.4045051,23.7182789,0.09785426,2,3,0,0
Zone_DH567,387097570,90.4048345,23.7183243,0.03644654,3,3,0,0
Zone_DH567,387097574,90.4054379,23.7181333,0.02836576,3,3,0,1
Zone_DH567,387097575,90.4056218,23.7180709,0.02821084,3,3,0,0
Zone_DH567,387097588,90.4071219,23.7182804,0.08988254,2,4,0,0
Zone_DH567,2426446837,90.3975745,23.7125977,0.0,4,1,0,0
Zone_DH567,2426446839,90.3981973,23.7126468,0.00172336,4,3,0,1
Zone_DH567,2538251255,90.4048755,23.7163148,0.00222531,4,3,0,1
Zone_DH567,373392377,90.4039628,23.713567,0.03695097,3,3,0,0
Zone_DH567,387097599,90.4095485,23.714231,0.02774421,3,3,0,0
Zone_DH567,387097600,90.409618,23.7144301,0.03438173,3,4,0,0
Zone_DH567,387097604,90.4099294,23.7148443,0.03170218,3,3,0,0
Zone_DH567,2444002309,90.4037253,23.7219803,0.01799708,4,3,0,0
Zone_DH567,387097608,90.4097357,23.7167237,0.06150315,3,3,0,0
Zone_DH567,2426446866,90.3967645,23.7131653,0.00053603,4,3,0,0
Zone_DH567,373392404,90.4002256,23.7150647,0.05700791,3,3,0,0
Zone_DH567,373392405,90.4002224,23.7153746,0.05348062,3,3,0,0
Zone_DH567,11335123989,90.3993084,23.707,0.00786513,4,3,0,0
Zone_DH567,2538251287,90.4047574,23.7163408,0.0,4,1,0,0
Zone_DH567,11335123990,90.3991297,23.7068109,0.00362272,4,3,0,0
Zone_DH567,2484061209,90.4055558,23.7207744,0.00709299,4,3,0,0
Zone_DH567,387097628,90.4093024,23.7174166,0.07832034,2,3,0,0
Zone_DH567,387097630,90.4084215,23.7144121,0.04486815,3,3,0,0
Zone_DH567,401851424,90.4084642,23.7210163,0.00064758,4,3,0,0
Zone_DH567,387097634,90.4090118,23.7140382,0.00878847,4,3,0,0
Zone_DH567,387097635,90.4094027,23.7139419,0.01442022,4,4,0,0
Zone_DH567,2426446888,90.3992206,23.7134946,0.03084887,3,3,0,0
Zone_DH567,2426446890,90.3981511,23.713654,0.00196876,4,3,0,0
Zone_DH567,2426446896,90.3967112,23.7139494,0.00737991,4,4,0,1
Zone_DH567,11335124024,90.3987643,23.7062889,0.02057748,4,3,0,0
Zone_DH567,11335124025,90.3980849,23.7048256,0.04690879,3,3,0,0
Zone_DH567,11335156796,90.4002192,23.7079634,0.00014005,4,3,0,0
Zone_DH567,11335156798,90.4006414,23.70821,0.00355889,4,3,0,0
Zone_DH567,11335156799,90.3973087,23.7073694,0.00836274,4,3,0,0
Zone_DH567,2426446912,90.3970502,23.714778,0.01279291,4,3,0,0
Zone_DH567,2426446913,90.3958893,23.7155497,2.48e-06,4,2,0,0
Zone_DH567,401859650,90.4108359,23.7141917,0.00143892,4,3,0,0
Zone_DH567,11335156802,90.3964908,23.7062743,0.01693307,4,4,0,1
Zone_DH567,11335156804,90.3972041,23.705428,0.0212139,3,4,0,1
Zone_DH567,11335156805,90.3975821,23.7059117,0.0,4,1,0,0
Zone_DH567,11335156807,90.3969001,23.7066798,0.00974837,4,3,0,0
Zone_DH567,11335156808,90.3984932,23.7058274,0.0222711,3,3,0,0
Zone_DH567,2525135945,90.4010456,23.7142845,0.00789735,4,3,0,0
Zone_DH567,2525135963,90.4003599,23.7148093,0.04720191,3,3,0,1
Zone_DH567,2503730270,90.4042892,23.7177391,0.0066623,4,3,0,1
Zone_DH567,2492204129,90.398914,23.7175702,0.02425473,3,3,0,1
Zone_DH567,2525135970,90.4013523,23.7148591,0.0,4,1,0,0
Zone_DH567,2529404001,90.4035058,23.7169111,0.0,4,1,0,0
Zone_DH567,2503730281,90.4040692,23.7177844,0.0,4,1,0,0
Zone_DH567,2538251373,90.4050016,23.716395,0.0,4,1,0,0
Zone_DH567,13440189550,90.4185679,23.7125398,0.00778395,4,3,0,0
Zone_DH567,13440189553,90.4195093,23.7123892,0.00021379,4,3,0,0
Zone_DH567,2503730291,90.4042186,23.7179133,0.00444629,4,3,0,1
Zone_DH567,13440189556,90.4192746,23.7116075,0.00238581,4,3,0,0
Zone_DH567,2503730300,90.403905,23.7179224,0.00080126,4,2,0,0
Zone_DH567,2503730302,90.4037055,23.7179246,0.01955251,4,3,0,0
Zone_DH567,401859715,90.4087237,23.7146549,0.04839729,3,4,0,0
Zone_DH567,2492204168,90.3997056,23.7176485,0.04849396,3,3,0,0
Zone_DH567,11350385801,90.4085836,23.7202857,0.01435392,4,3,0,0
Zone_DH567,2503730312,90.404146,23.7179644,0.00222531,4,3,0,1
Zone_DH567,11350385804,90.4084752,23.7191387,0.00283447,4,3,0,0
Zone_DH567,2534630545,90.4041821,23.7100541,0.0,4,1,0,0
Zone_DH567,2503730321,90.4041457,23.7180288,0.0,4,1,0,0
Zone_DH567,395068567,90.4127123,23.709603,0.05484704,3,4,0,0
Zone_DH567,2503730329,90.4042189,23.7180373,0.0,4,1,0,0
Zone_DH567,2503779483,90.4000601,23.7163157,0.0,4,1,0,0
Zone_DH567,2503730331,90.4040671,23.7180984,0.0,4,1,0,0
Zone_DH567,2484061342,90.4054618,23.7207844,0.0,4,1,0,0
Zone_DH567,2552546463,90.4057998,23.7188219,0.01194332,4,3,0,1
Zone_DH567,2503730343,90.4039001,23.7183712,0.0015641,4,3,0,1
Zone_DH567,2503730351,90.4041322,23.7183939,0.08103025,2,3,0,0
Zone_DH567,2503730360,90.4038974,23.7185292,0.0,4,1,0,0
Zone_DH567,11482563773,90.4125919,23.7097153,0.06462082,3,3,0,0
Zone_DH567,11482563776,90.4127544,23.7097476,0.02077702,4,3,0,0
Zone_DH567,11482563777,90.4127296,23.7094986,0.01774487,4,3,0,0
Zone_DH567,11482563784,90.4126711,23.7091586,0.0157538,4,3,0,0
Zone_DH567,11482563788,90.4130797,23.7091851,0.04142204,3,3,0,0
Zone_DH567,2426201297,90.4006364,23.7216645,0.00711406,4,3,0,0
Zone_DH567,2426201298,90.3983945,23.7216993,0.00275887,4,4,0,0
Zone_DH567,11482563795,90.4116215,23.7124944,0.02280217,3,3,0,0
Zone_DH567,2522809560,90.4012525,23.7139958,0.00823694,4,3,0,0
Zone_DH567,2426201307,90.3998047,23.7222879,0.00657431,4,3,0,0
Zone_DH567,373392615,90.4009799,23.7158597,0.04036733,3,3,0,1
Zone_DH567,373392621,90.4005427,23.7160129,0.05769576,3,3,0,0
Zone_DH567,2503779565,90.4002561,23.7166645,0.0,4,1,0,0
Zone_DH567,7334274309,90.4129182,23.7136944,0.03282878,3,4,0,0
Zone_DH567,5226857733,90.406499,23.7045829,0.00347337,4,3,0,0
Zone_DH567,5226857737,90.4052184,23.7050808,0.00875996,4,3,0,0
Zone_DH567,5226857738,90.4050485,23.7052064,0.00021689,4,2,0,0
Zone_DH567,2451563795,90.400237,23.7193959,0.03023599,3,3,0,0
Zone_DH567,7007225107,90.4067537,23.717454,0.05386173,3,3,0,0
Zone_DH567,2503779605,90.4004525,23.7167852,0.0,4,1,0,0
Zone_DH567,11340527175,90.4030237,23.7062604,0.00244406,4,3,0,0
Zone_DH567,2503779607,90.4003836,23.7167875,0.0,4,1,0,0
Zone_DH567,2503779612,90.4002544,23.7167941,0.0,4,1,0,0
Zone_DH567,2451563805,90.4004382,23.7196996,0.02955557,3,3,0,0
Zone_DH567,2484061471,90.4053787,23.7208287,0.0,4,1,0,0
Zone_DH567,2451563814,90.400075,23.7197843,0.01847858,4,3,0,0
Zone_DH567,346621223,90.4201181,23.7085421,0.0025302,4,3,0,0
Zone_DH567,346621229,90.4196039,23.7058138,0.00409182,4,3,0,0
Zone_DH567,2451563823,90.400588,23.7200261,0.0227464,3,3,0,0
Zone_DH567,2503779637,90.4006336,23.7168405,0.02838559,3,3,0,1
Zone_DH567,2451563839,90.4001105,23.7201255,0.01447104,4,3,0,0
Zone_DH567,2503779650,90.4001576,23.7168516,0.00222531,4,3,0,1
Zone_DH567,2451563846,90.4004148,23.7202579,0.0,4,1,0,0
Zone_DH567,2451563847,90.4002817,23.7202648,0.00222531,4,3,0,1
Zone_DH567,2529404238,90.4029641,23.7170326,0.0,4,1,0,0
Zone_DH567,2451563859,90.4001815,23.720359,0.00444629,4,3,0,1
Zone_DH567,2451563861,90.4000968,23.7203576,0.01459374,4,3,0,1
Zone_DH567,3503719767,90.4200205,23.7052897,0.0,4,1,0,0
Zone_DH567,2529404250,90.4030992,23.7170342,0.00352852,4,2,0,0
Zone_DH567,12986025308,90.4172001,23.7214824,0.00408129,4,3,0,0
Zone_DH567,2503779678,90.4004525,23.7168584,0.00222531,4,3,0,1
Zone_DH567,12986025312,90.4180886,23.720683,0.001605,4,4,0,1
Zone_DH567,12986025316,90.418685,23.7198731,0.00467247,4,4,0,0
Zone_DH567,2451563876,90.4004484,23.7204712,0.0,4,1,0,0
Zone_DH567,12986025318,90.4189154,23.7195006,0.00345416,4,4,0,0
Zone_DH567,2451563887,90.4008173,23.7205417,0.02885408,3,3,0,0
Zone_DH567,12986025328,90.4197313,23.7196089,0.0,4,2,0,0
Zone_DH567,2451563890,90.4005235,23.7205482,0.00601659,4,2,0,0
Zone_DH567,402130291,90.4023053,23.7194702,0.06135256,3,3,0,0
Zone_DH567,373392767,90.3967678,23.7164266,0.00781989,4,3,0,0
Zone_DH567,2451563905,90.4005235,23.7206537,0.00645533,4,3,0,0
Zone_DH567,2451563917,90.4003101,23.720688,0.0037795,4,3,0,1
Zone_DH567,393905558,90.4171841,23.7041094,0.00186589,4,3,0,0
Zone_DH567,393905562,90.4170025,23.7036587,0.00216272,4,3,0,0
Zone_DH567,2503779811,90.4007776,23.7169171,0.02164397,3,3,0,0
Zone_DH567,373392869,90.3960395,23.7165531,0.00283075,4,3,0,1
Zone_DH567,2538251755,90.4051281,23.7166211,0.0,4,1,0,0
Zone_DH567,2503779822,90.4006434,23.7169368,0.02743189,3,3,0,0
Zone_DH567,2462647794,90.4045264,23.7216671,0.04626307,3,3,0,0
Zone_DH567,2503779829,90.4013821,23.7169462,0.00681909,4,3,0,1
Zone_DH567,2538251772,90.4053591,23.7166273,0.02620552,3,3,0,1
Zone_DH567,2462647806,90.4042295,23.7223779,0.0,4,1,0,0
Zone_DH567,2462647809,90.4045484,23.7224824,0.00851146,4,3,0,1
Zone_DH567,2462647815,90.4029085,23.7225528,0.01247501,4,3,0,1
Zone_DH567,2538251786,90.4044744,23.7166336,0.04086928,3,3,0,0
Zone_DH567,2462647819,90.403187,23.722571,0.0,4,1,0,0
Zone_DH567,2462647820,90.4049407,23.7226114,0.0,4,1,0,0
Zone_DH567,2462647821,90.4032117,23.7226681,0.00444629,4,3,0,1
Zone_DH567,2462647823,90.4028952,23.7226678,0.01047836,4,3,0,1
Zone_DH567,2462647844,90.4032123,23.7229316,0.0,4,1,0,0
Zone_DH567,2462647846,90.4053457,23.7229604,0.00997703,4,3,0,1
Zone_DH567,2462647852,90.4040908,23.7230364,0.00777217,4,3,0,1
Zone_DH567,2441430573,90.4011185,23.7226557,0.0087581,4,3,0,0
Zone_DH567,2462647858,90.4032094,23.7231408,0.00222531,4,3,0,1
Zone_DH567,2462647860,90.4031007,23.7231642,0.0,4,1,0,0
Zone_DH567,3447989813,90.4078855,23.7010388,0.01308107,4,3,0,0
Zone_DH567,2476500534,90.3977517,23.7165176,0.01706197,4,3,0,0
Zone_DH567,2462647864,90.4032244,23.7232244,0.0,4,1,0,0
Zone_DH567,4987659834,90.3969493,23.7139159,0.0,4,1,0,0
Zone_DH567,11341448776,90.4007741,23.7011556,0.00620311,4,3,0,0
Zone_DH567,2503779914,90.4006183,23.7170373,0.00597259,4,3,0,1
Zone_DH567,11341448779,90.3991789,23.701655,0.0,4,1,0,0
Zone_DH567,2484061777,90.4053355,23.7208872,0.00444629,4,3,0,1
Zone_DH567,2484061785,90.4051597,23.7208875,0.0,4,1,0,0
Zone_DH567,2538251883,90.4048662,23.7167446,0.0,4,1,0,0
Zone_DH567,4986177142,90.4165883,23.7113485,0.02456086,3,3,0,0
Zone_DH567,2503779973,90.4002536,23.7170772,0.0,4,1,0,0
Zone_DH567,2442823309,90.4020665,23.7219702,0.02163653,3,3,0,0
Zone_DH567,11337893533,90.4202592,23.7125776,0.0,4,1,0,0
Zone_DH567,2538251944,90.4054481,23.7168154,0.07960186,2,3,0,0
Zone_DH567,2441430697,90.401009,23.7230123,0.01281088,4,3,0,0
Zone_DH567,2966308535,90.4045694,23.7227817,0.0,4,1,0,0
Zone_DH567,2523473599,90.404664,23.7112123,0.04960941,3,3,0,0
Zone_DH567,2441430720,90.4006746,23.7230484,0.00725163,4,3,0,0
Zone_DH567,4986177215,90.4167626,23.7117027,0.01133788,4,3,0,0
Zone_DH567,2441430721,90.4007295,23.7230466,0.0073452,4,3,0,0
Zone_DH567,2503780031,90.4014046,23.7171338,0.0,4,1,0,0
Zone_DH567,393905897,90.4180586,23.7040186,5.453e-05,4,3,0,0
Zone_DH567,11335468798,90.3954391,23.7070216,0.00111297,4,2,0,1
Zone_DH567,11335468799,90.3955307,23.7071707,0.0,4,1,0,0
Zone_DH567,11328857857,90.4060298,23.7095013,0.00867072,4,3,0,0
Zone_DH567,11328857858,90.4064891,23.709457,0.00834848,4,3,0,0
Zone_DH567,2503780102,90.4006278,23.7171845,0.0,4,1,0,0
Zone_DH567,6557083405,90.4068896,23.7151536,0.12636874,1,3,0,0
Zone_DH567,11335468833,90.3955987,23.7069398,0.00333642,4,3,0,1
Zone_DH567,11335468834,90.3959096,23.7073209,0.0,4,1,0,0
Zone_DH567,2503780163,90.4010745,23.7172254,0.0,4,1,0,0
Zone_DH567,2503780177,90.4004411,23.717233,0.0056206,4,3,0,0
Zone_DH567,2529404769,90.4037597,23.7171566,0.00988594,4,3,0,0
Zone_DH567,401598311,90.4145957,23.7151406,0.01021933,4,3,0,0
Zone_DH567,2519500655,90.400671,23.7214626,0.01105468,4,3,0,0
Zone_DH567,12195596143,90.4035435,23.7047347,0.00319947,4,4,0,0
Zone_DH567,12195596145,90.4031866,23.7049683,0.00635432,4,4,0,0
Zone_DH567,12195596144,90.4035038,23.705321,0.00115387,4,4,0,0
Zone_DH567,2519500669,90.4002579,23.7215944,0.00545267,4,3,0,1
Zone_DH567,2503780229,90.4008165,23.7172592,0.01606117,4,3,0,1
Zone_DH567,2503780230,90.4007972,23.7172599,0.01544581,4,2,0,0
Zone_DH567,2519500681,90.4004316,23.7216514,0.0,4,1,0,0
Zone_DH567,401811352,90.4009308,23.7210808,0.02629661,3,4,0,0
Zone_DH567,401647515,90.4097214,23.717416,0.01596449,4,3,0,0
Zone_DH567,2519500706,90.4004641,23.7217765,0.0,4,1,0,0
Zone_DH567,2503780263,90.4002939,23.7172888,0.0044277,4,3,0,1
Zone_DH567,2529404843,90.4035541,23.7171743,0.00504367,4,3,0,1
Zone_DH567,401647532,90.4097476,23.7195664,0.00869117,4,3,0,0
Zone_DH567,2258462643,90.4146919,23.7070753,0.00992622,4,4,0,0
Zone_DH567,2519500734,90.3998293,23.7220337,0.00111297,4,2,0,1
Zone_DH567,10972440521,90.4119598,23.7228919,0.00702544,4,4,0,0
Zone_DH567,10972440522,90.4119541,23.7230402,0.00427897,4,4,0,1
Zone_DH567,10972440524,90.4200839,23.7082476,0.0060643,4,3,0,0
Zone_DH567,2519500749,90.3997042,23.722089,0.00805847,4,3,0,1
Zone_DH567,10972440527,90.4199494,23.7071998,0.00542788,4,3,0,0
Zone_DH567,7874619344,90.402882,23.7105951,0.14198311,1,4,0,0
Zone_DH567,10972440533,90.4193702,23.7054127,0.0043304,4,3,0,0
Zone_DH567,10972440534,90.4195283,23.7058482,0.00828156,4,4,0,0
Zone_DH567,10972440535,90.420076,23.7083646,0.01188568,4,4,0,0
Zone_DH567,10972440537,90.420167,23.7082355,0.01226432,4,3,0,0
Zone_DH567,3249580002,90.3983659,23.7201079,0.01130255,4,3,0,0
Zone_DH567,4388939747,90.4181801,23.7166555,0.00431801,4,3,0,0
Zone_DH567,4388939748,90.4173096,23.7160914,0.00099027,4,3,0,0
Zone_DH567,4388939749,90.4181365,23.7161211,0.0011582,4,3,0,0
Zone_DH567,2538252262,90.404863,23.7170643,0.05580261,3,3,0,1
Zone_DH567,3304785896,90.4205821,23.7090954,0.0044971,4,3,0,1
Zone_DH567,373393411,90.3958776,23.7166311,0.00111297,4,2,0,1
Zone_DH567,2538252291,90.4047132,23.7170816,0.09324561,2,3,0,0
Zone_DH567,373393425,90.3969641,23.7163587,0.00657431,4,3,0,0
Zone_DH567,3304785940,90.420569,23.7097051,0.00111297,4,3,0,1
Zone_DH567,2503780378,90.4006123,23.7173891,0.00138997,4,2,0,0
Zone_DH567,2484062258,90.4058735,23.7209905,0.07728731,2,3,0,0
Zone_DH567,393373755,90.4071299,23.7089085,0.0014476,4,3,0,0
Zone_DH567,7227394112,90.4084437,23.7191509,0.0043428,4,3,0,0
Zone_DH567,1271720003,90.4155635,23.7067004,0.00337174,4,3,0,0
Zone_DH567,2503780424,90.4007992,23.7174242,0.01706135,4,3,0,0
Zone_DH567,1271720010,90.4159408,23.7065895,0.00242299,4,3,0,0
Zone_DH567,3304785994,90.4205666,23.7100748,0.0,4,1,0,0
Zone_DH567,3304785997,90.4185333,23.7103264,0.01017348,4,3,0,0
Zone_DH567,373393489,90.399224,23.7214459,0.00653217,4,3,0,0
Zone_DH567,6139734099,90.4176489,23.7220712,0.00030737,4,2,0,0
Zone_DH567,6345279575,90.4181349,23.7153704,0.00315857,4,3,0,1
Zone_DH567,373393500,90.400194,23.7230858,0.00452809,4,2,0,0
Zone_DH567,2492311644,90.3999584,23.7166573,0.02556847,3,3,0,1
Zone_DH567,6139734108,90.4176638,23.7217888,0.00133172,4,2,0,0
Zone_DH567,2503780452,90.4003196,23.7174408,0.0,4,1,0,0
Zone_DH567,2424080503,90.3983746,23.7201498,0.00835902,4,3,0,0
Zone_DH567,401860730,90.410145,23.7140672,0.02374286,3,3,0,0
Zone_DH567,401860733,90.4102217,23.7142938,0.00192476,4,3,0,0
Zone_DH567,4971882622,90.4078147,23.7152488,0.0,4,1,0,0
Zone_DH567,4971882623,90.4068951,23.7152788,0.1241267,1,3,0,1
Zone_DH567,2538252417,90.4046546,23.7172051,0.09245984,2,3,0,0
Zone_DH567,6557182102,90.4191476,23.7198802,0.00262439,4,2,0,0
Zone_DH567,6139144362,90.4107119,23.7071846,0.00222531,4,3,0,1
Zone_DH567,6139144363,90.4108407,23.7074732,0.00222531,4,3,0,1
Zone_DH567,6139144364,90.4106549,23.7075479,0.00484661,4,3,0,0
Zone_DH567,6139144365,90.4106778,23.7074149,0.0766354,2,8,0,1
Zone_DH567,2538252461,90.4048494,23.7172356,0.00111297,4,3,0,1
Zone_DH567,6139144366,90.4104732,23.7073292,0.00222531,4,3,0,1
Zone_DH567,393922753,90.4041622,23.7132118,0.03317457,3,3,0,0
Zone_DH567,6139734211,90.4145704,23.7229984,0.00023796,4,2,0,0
Zone_DH567,393922756,90.4043025,23.7130652,0.0081979,4,3,0,0
Zone_DH567,393922767,90.4045019,23.7119882,0.00244468,4,3,0,1
Zone_DH567,393922777,90.404499,23.7113725,0.0712038,2,3,0,0
Zone_DH567,4599498975,90.4110671,23.7050107,0.01010345,4,3,0,0
Zone_DH567,373393639,90.3975122,23.7217723,0.0,4,1,0,0
Zone_DH567,2503780597,90.4008383,23.7178844,0.07405562,2,3,0,0
Zone_DH567,2484062456,90.4054961,23.7210359,0.00111297,4,3,0,1
Zone_DH567,5624154388,90.401892,23.7156571,0.01437932,4,3,0,1
Zone_DH567,401606936,90.4160281,23.7128213,0.00507094,4,3,0,0
Zone_DH567,2471725336,90.4046066,23.7225313,0.00838505,4,3,0,1
Zone_DH567,401606948,90.4166663,23.7123222,0.00510068,4,3,0,0
Zone_DH567,401590565,90.4148945,23.7151568,0.00933999,4,3,0,0
Zone_DH567,2538252580,90.4046313,23.7172781,0.09231855,2,3,0,0
Zone_DH567,5624154406,90.4016018,23.7155585,0.0,4,1,0,0
Zone_DH567,11337140520,90.4089133,23.7094383,0.00232446,4,3,0,0
Zone_DH567,5624154408,90.401631,23.7155103,0.0,4,1,0,0
Zone_DH567,11337140522,90.4093009,23.7090217,0.00165334,4,3,0,0
Zone_DH567,5624154410,90.4015542,23.7157681,0.0,4,1,0,0
Zone_DH567,5624154412,90.401631,23.7155521,0.00222531,4,3,0,1
Zone_DH567,5624154411,90.401761,23.7157562,0.00111297,4,3,0,1
Zone_DH567,402131247,90.4030257,23.7206227,0.07093857,3,3,0,0
Zone_DH567,401590575,90.41526,23.7144615,0.00815762,4,3,0,0
Zone_DH567,401590578,90.4153319,23.7141013,0.01490854,4,3,0,0
Zone_DH567,2471725362,90.4033293,23.7226696,0.0,4,1,0,0
Zone_DH567,2471725363,90.4032568,23.7226701,0.00222531,4,3,0,1
Zone_DH567,5624154418,90.4018363,23.7156123,0.00554996,4,3,0,1
Zone_DH567,5624154420,90.4017624,23.7156116,0.00111792,4,3,0,1
Zone_DH567,5624154419,90.4016997,23.7156123,0.0,4,1,0,0
Zone_DH567,4979075385,90.4150813,23.7181591,0.012418,4,3,0,0
Zone_DH567,2471725371,90.4033486,23.7227239,0.0,4,1,0,0
Zone_DH567,393374014,90.4073987,23.7097655,0.0046638,4,3,0,0
Zone_DH567,393374015,90.4075968,23.7098494,0.08320227,2,3,0,0
Zone_DH567,401606989,90.4183926,23.7118192,0.01386374,4,3,0,0
Zone_DH567,3304778068,90.4199073,23.706499,0.00485095,4,2,0,0
Zone_DH567,2538252656,90.4049417,23.7173032,0.0,4,1,0,0
Zone_DH567,4986161526,90.4141275,23.7138419,0.01112346,4,3,0,0
Zone_DH567,4986161527,90.4145291,23.7138618,0.00674782,4,3,0,0
Zone_DH567,11461544314,90.3956164,23.7172096,0.0,4,1,0,0
Zone_DH567,4986161531,90.4153017,23.7140205,0.01172828,4,3,0,0
Zone_DH567,393570699,90.4128157,23.708179,0.00178533,4,3,0,0
Zone_DH567,393570701,90.4133405,23.7078504,0.00087686,4,3,0,0
Zone_DH567,393570709,90.4150652,23.7074715,0.00935362,4,4,0,0
Zone_DH567,393357719,90.4030645,23.7098798,0.00062899,4,3,0,0
Zone_DH567,3740903833,90.4206827,23.709124,5.701e-05,4,2,0,0
Zone_DH567,6139152796,90.4109815,23.7079214,0.00456527,4,4,0,1
Zone_DH567,6139152803,90.4105423,23.7074804,0.07653873,2,3,0,0
Zone_DH567,4908501411,90.4118327,23.7228911,0.00655448,4,4,0,0
Zone_DH567,6139152805,90.4107116,23.7072083,0.0,4,1,0,0
Zone_DH567,6139152807,90.4107008,23.7072076,0.0,4,1,0,0
Zone_DH567,6139152809,90.4108249,23.707465,0.0,4,1,0,0
Zone_DH567,6139152811,90.4108221,23.7074693,0.0,4,1,0,0
Zone_DH567,6139152816,90.4104883,23.7073381,0.0,4,1,0,0
Zone_DH567,6139152819,90.4104895,23.7073337,0.0,4,1,0,0
Zone_DH567,6139152821,90.4110244,23.7078453,0.00322611,4,3,0,0
Zone_DH567,2484062674,90.4052766,23.7211144,0.02899289,3,3,0,1
Zone_DH567,401861092,90.4107299,23.7139135,0.02311697,3,3,0,0
Zone_DH567,4885113338,90.4117603,23.7195685,0.01016976,4,3,0,0
Zone_DH567,4961044986,90.4080679,23.7033144,0.0002863,4,3,0,0
Zone_DH567,2484062719,90.4058817,23.7211451,0.08580249,2,4,0,0
Zone_DH567,393914884,90.4105546,23.7122885,0.0067472,4,3,0,0
Zone_DH567,393914885,90.4104529,23.7124703,0.00716116,4,3,0,0
Zone_DH567,393914892,90.4106714,23.7131655,0.00728881,4,3,0,0
Zone_DH567,387123762,90.3965011,23.7158315,0.01051245,4,3,0,0
Zone_DH567,6397938234,90.4116347,23.7187407,0.01147235,4,3,0,1
Zone_DH567,6397938236,90.4109239,23.7187961,0.0,4,1,0,0
Zone_DH567,6397938237,90.4107147,23.7173776,0.01571042,4,3,0,1
Zone_DH567,6397938238,90.4106965,23.7178513,0.0,4,1,0,0
Zone_DH567,2432289350,90.405558,23.7229705,0.01981216,4,3,0,1
Zone_DH567,3462990445,90.4055213,23.7231534,0.01534604,4,4,0,0
Zone_DH567,2525137521,90.4017151,23.715096,0.0,4,1,0,0
Zone_DH567,2525137524,90.4009668,23.7155403,0.0,4,1,0,0
Zone_DH567,394234493,90.4079908,23.7113723,0.00371071,4,3,0,0
Zone_DH567,2504624768,90.403241,23.7126799,0.08867167,2,3,0,0
Zone_DH567,11339205271,90.3961775,23.705093,3.408e-05,4,3,0,0
Zone_DH567,11339205275,90.3970781,23.7055505,0.01824186,4,3,0,0
Zone_DH567,11339205276,90.3962702,23.704323,0.00048584,4,2,0,0
Zone_DH567,11339205280,90.3970033,23.7042575,0.00172894,4,3,0,0
Zone_DH567,2445240995,90.4014388,23.7225376,0.01126042,4,3,0,1
Zone_DH567,11339205287,90.3963599,23.706078,0.00115882,4,3,0,1
Zone_DH567,2504624810,90.4026625,23.7129391,0.06824353,3,3,0,0
Zone_DH567,2445241003,90.4013171,23.7226215,0.00513848,4,3,0,1
Zone_DH567,5068081837,90.4026709,23.7024494,0.06956348,3,3,0,0
Zone_DH567,5068081851,90.4034188,23.7032276,0.06385302,3,4,0,0
Zone_DH567,387123900,90.4046735,23.7094433,0.00097663,4,3,0,0
Zone_DH567,2445241021,90.4016984,23.7229866,0.0,4,1,0,0
Zone_DH567,387123903,90.4050186,23.7091846,0.00218813,4,3,0,0
Zone_DH567,393358016,90.4028198,23.7106112,0.17137075,1,3,0,0
Zone_DH567,387123908,90.4056614,23.7095669,0.00249116,4,3,0,0
Zone_DH567,4381862596,90.4160603,23.7036798,0.00305508,4,3,0,0
Zone_DH567,387123916,90.403291,23.7092254,0.00997951,4,3,0,0
Zone_DH567,387123917,90.403552,23.7097369,0.00045485,4,3,0,0
Zone_DH567,387123922,90.4041074,23.710546,0.04720501,3,3,0,0
Zone_DH567,2445241043,90.401949,23.7231004,0.01037921,4,3,0,1
Zone_DH567,387123926,90.4065307,23.7074845,0.00834477,4,3,0,0
Zone_DH567,1556433642,90.4065262,23.7097473,0.00936292,4,3,0,0
Zone_DH567,2441284330,90.4021627,23.7231559,0.0,4,1,0,0
Zone_DH567,1556433653,90.4070463,23.7100869,0.1294765,1,3,0,0
Zone_DH567,387123967,90.4075277,23.7077985,0.00210385,4,4,0,0
Zone_DH567,1556433664,90.4084198,23.7114495,0.00775978,4,3,0,0
Zone_DH567,2504624898,90.4016695,23.7130225,0.0,4,1,0,0
Zone_DH567,387123971,90.4088503,23.706852,0.00256119,4,3,0,0
Zone_DH567,387123972,90.4085772,23.7064762,0.00702978,4,3,0,0
Zone_DH567,1556433677,90.4162138,23.7153779,0.01824062,4,4,0,0
Zone_DH567,373394198,90.4035888,23.7196475,0.11652556,2,3,0,0
Zone_DH567,373394200,90.4032835,23.7196354,0.06825531,3,3,0,0
Zone_DH567,373394207,90.4020014,23.7194431,0.05515937,3,3,0,1
Zone_DH567,373394213,90.400889,23.7191952,0.05372602,3,4,0,0
Zone_DH567,387124016,90.4180011,23.7057328,0.0281247,3,4,0,0
Zone_DH567,2441284401,90.4022533,23.7234696,0.00848606,4,3,0,1
Zone_DH567,387124020,90.4169406,23.7058341,0.0192563,4,3,0,0
Zone_DH567,2504624954,90.4011394,23.7131567,0.04154474,3,3,0,1
Zone_DH567,387124029,90.4139363,23.7058324,0.02674465,3,3,0,0
Zone_DH567,387124031,90.4133284,23.7058785,0.03358976,3,3,0,0
Zone_DH567,387124032,90.4127708,23.7060811,0.03992797,3,3,0,0
Zone_DH567,387124033,90.4124265,23.7061136,0.05832289,3,4,0,0
Zone_DH567,387124035,90.4116787,23.706196,0.05615955,3,3,0,0
Zone_DH567,2445257553,90.4013801,23.721548,0.0,4,1,0,0
Zone_DH567,2445257556,90.4010538,23.7216178,0.01378876,4,4,0,1
Zone_DH567,2445257559,90.4011452,23.721897,0.02560937,3,4,0,0
Zone_DH567,387124064,90.4125852,23.7081637,0.00551959,4,3,0,0
Zone_DH567,387124071,90.4123736,23.7049943,0.01708614,4,3,0,0
Zone_DH567,387124072,90.4130361,23.7046129,0.01344545,4,3,0,0
Zone_DH567,387124077,90.4144381,23.7035168,0.01546192,4,3,0,0
Zone_DH567,393579374,90.4160338,23.7042303,0.00094317,4,3,0,0
Zone_DH567,387124079,90.4147309,23.7033013,0.01454478,4,3,0,0
Zone_DH567,4962823028,90.4118299,23.7230383,0.00419717,4,3,0,0
Zone_DH567,393579381,90.4173027,23.704667,0.00415007,4,4,0,1
Zone_DH567,4962823029,90.4108319,23.723044,0.00507218,4,3,0,0
Zone_DH567,2492517239,90.4003114,23.7160181,0.08092242,2,3,0,0
Zone_DH567,393579384,90.4179969,23.7049158,0.00415007,4,3,0,0
Zone_DH567,387124089,90.416233,23.7017385,0.00391645,4,3,0,0
Zone_DH567,4962823031,90.4055032,23.7232817,0.00222469,4,3,0,1
Zone_DH567,4962823037,90.4125051,23.7228959,0.00528225,4,3,0,1
Zone_DH567,387124096,90.4176615,23.7023229,0.00064882,4,3,0,0
Zone_DH567,387124100,90.4183433,23.7034569,0.00095061,4,3,0,0
Zone_DH567,387124103,90.4183047,23.7040053,0.00586848,4,3,0,0
Zone_DH567,2504625034,90.4027016,23.7133427,0.06814996,3,3,0,1
Zone_DH567,387124106,90.4181212,23.7049154,0.01210382,4,3,0,0
Zone_DH567,387124110,90.4179978,23.7064786,0.01266216,4,3,0,0
Zone_DH567,387124111,90.4179769,23.7069519,0.01991937,4,3,0,0
Zone_DH567,387124113,90.417892,23.7074913,0.02325826,3,3,0,0
Zone_DH567,2492517265,90.3999575,23.7161151,0.05909565,3,3,0,1
Zone_DH567,387124115,90.4177302,23.7082833,0.01222651,4,3,0,0
Zone_DH567,387124121,90.4174562,23.7094419,0.00891488,4,3,0,0
Zone_DH567,395070376,90.4132983,23.7118731,0.00288652,4,4,0,0
Zone_DH567,2504625076,90.4023043,23.7133695,0.0,4,1,0,0
Zone_DH567,5206174663,90.3991032,23.7222722,0.00111297,4,3,0,1
Zone_DH567,3740871625,90.4204343,23.7088352,0.00222531,4,3,0,1
Zone_DH567,4973292490,90.4197306,23.7060945,0.00608351,4,3,0,0
Zone_DH567,3740871626,90.4203905,23.7089639,0.0,4,1,0,0
Zone_DH567,5206174666,90.3994117,23.7220723,0.0,4,1,0,0
Zone_DH567,2520042445,90.4059043,23.710732,0.11340046,2,3,0,0
Zone_DH567,4316670940,90.4183738,23.7116275,0.01001112,4,3,0,0
Zone_DH567,2452499422,90.4034083,23.7208132,0.03501815,3,3,0,1
Zone_DH567,11969154023,90.4050889,23.7015101,0.0,4,1,0,0
Zone_DH567,4901489640,90.4201653,23.7108094,0.0,4,2,0,0
Zone_DH567,11969154025,90.4014485,23.7011194,0.00452933,4,4,0,1
Zone_DH567,11969154029,90.4032505,23.7009686,0.0,4,1,0,0
Zone_DH567,401804270,90.4007707,23.7233931,0.00111297,4,3,0,1
Zone_DH567,11969154030,90.4040938,23.7014055,0.0,4,1,0,0
Zone_DH567,2504625139,90.402297,23.7134915,0.0,4,1,0,0
Zone_DH567,401804287,90.40163,23.7232529,0.01439791,4,4,0,0
Zone_DH567,2504625156,90.4021328,23.7135142,0.0,4,1,0,0
Zone_DH567,2504625160,90.4020747,23.713516,0.00222531,4,3,0,1
Zone_DH567,10074369037,90.3994812,23.7039452,0.1235256,1,3,0,0
Zone_DH567,10074369038,90.4002888,23.7029919,0.01753417,4,3,0,0
Zone_DH567,2504625169,90.4019935,23.7135188,0.0,4,1,0,0
Zone_DH567,2520042516,90.4060927,23.7108652,0.0,4,1,0,0
Zone_DH567,2452499480,90.4038378,23.7211253,0.03403656,3,3,0,1
Zone_DH567,387124254,90.4151696,23.7084333,0.04184591,3,4,0,0
Zone_DH567,387124256,90.4159671,23.708462,0.02956858,3,3,0,0
Zone_DH567,387124258,90.416344,23.708366,0.02831743,3,3,0,0
Zone_DH567,393923621,90.4038702,23.7114382,0.0771609,2,3,0,0
Zone_DH567,2492517417,90.3997218,23.7174883,0.02670189,3,3,0,0
Zone_DH567,2511146040,90.4027632,23.7184541,0.01866325,4,3,0,0
Zone_DH567,2452499518,90.4041099,23.7211805,0.06748751,3,3,0,0
Zone_DH567,2504625226,90.4016334,23.7135909,0.0,4,1,0,0
Zone_DH567,6139259985,90.4105094,23.7212234,0.0185957,4,3,0,0
Zone_DH567,2514594898,90.397291,23.7155642,0.0021367,4,3,0,0
Zone_DH567,2520042581,90.4062202,23.7109018,0.0,4,1,0,0
Zone_DH567,2514594908,90.3973598,23.71583,0.00417114,4,3,0,0
Zone_DH567,2511146088,90.40258,23.7195182,0.04014238,3,3,0,0
Zone_DH567,2514594920,90.3977132,23.715938,0.01231513,4,3,0,0
Zone_DH567,2476559466,90.4058778,23.7173783,0.07031082,3,3,0,0
Zone_DH567,2574126187,90.404461,23.7166276,0.04445295,3,3,0,0
Zone_DH567,2476559469,90.4061202,23.7173809,0.06897105,3,4,0,0
Zone_DH567,4690365552,90.3986073,23.7044814,0.0583105,3,4,0,0
Zone_DH567,387124338,90.4077495,23.7100199,0.05276736,3,3,0,0
Zone_DH567,2514594930,90.3967962,23.7159805,0.00340149,4,3,0,0
Zone_DH567,2514594931,90.3977349,23.7160376,0.01070951,4,3,0,1
Zone_DH567,387124345,90.4106889,23.7098542,0.04551387,3,3,0,0
Zone_DH567,387124346,90.4117577,23.7098836,0.04167116,3,3,0,0
Zone_DH567,387124347,90.4119963,23.7099166,0.06779798,3,3,0,0
Zone_DH567,2520042619,90.4061403,23.710938,0.00222531,4,3,0,1
Zone_DH567,2514594943,90.3968371,23.716077,0.00493027,4,3,0,0
Zone_DH567,387124352,90.4071836,23.7071802,0.00709671,4,3,0,0
Zone_DH567,2504625281,90.4012352,23.7136617,0.00774986,4,3,0,0
Zone_DH567,2476559490,90.4060907,23.7176918,0.00209208,4,3,0,0
Zone_DH567,387124353,90.4082558,23.7092032,0.07486804,2,3,0,0
Zone_DH567,2507975812,90.4029419,23.7115995,0.17075167,1,3,0,0
Zone_DH567,12969569410,90.4151617,23.708369,0.00993613,4,4,0,0
Zone_DH567,2514594948,90.3971185,23.7160975,0.0,4,1,0,0
Zone_DH567,387124359,90.407494,23.708878,0.00170291,4,3,0,0
Zone_DH567,2514594952,90.3966641,23.7161313,0.00947261,4,3,0,0
Zone_DH567,387124361,90.4076719,23.7097888,0.08437968,2,4,0,0
Zone_DH567,387124366,90.4084534,23.7113373,0.00840054,4,3,0,0
Zone_DH567,2507975823,90.402424,23.7117013,0.08532409,2,3,0,0
Zone_DH567,2520042640,90.4060824,23.7109641,0.01299741,4,3,0,1
Zone_DH567,2476559507,90.4060274,23.7178268,0.00042945,4,3,0,0
Zone_DH567,2476559519,90.4056464,23.7178914,0.0259626,3,3,0,0
Zone_DH567,4889144482,90.416477,23.7058759,0.0227117,3,3,0,0
Zone_DH567,2476559523,90.4070348,23.7179345,0.04289009,3,3,0,0
Zone_DH567,2476559524,90.4061532,23.7178858,0.0007994,4,3,0,0
Zone_DH567,369790138,90.4071264,23.718544,0.08922877,2,3,0,0
Zone_DH567,369790143,90.4050717,23.717519,0.026806,3,3,0,1
Zone_DH567,2507975883,90.4024073,23.7118861,0.00535104,4,3,0,1
Zone_DH567,2507975899,90.402249,23.7119111,0.0,4,1,0,0
Zone_DH567,2520042719,90.4067856,23.7110643,0.04093744,3,3,0,1
Zone_DH567,2510253280,90.400864,23.7158846,0.03956917,3,3,0,1
Zone_DH567,2510253282,90.4009071,23.7160458,0.0,4,1,0,0
Zone_DH567,2510253283,90.4009654,23.7162669,0.0,4,1,0,0
Zone_DH567,2520042725,90.4062552,23.7110652,0.0,4,1,0,0
Zone_DH567,2510253288,90.4020921,23.7170619,0.0,4,1,0,0
Zone_DH567,2510253292,90.402377,23.7171767,0.07116476,3,3,0,1
Zone_DH567,2520042732,90.4060967,23.7110708,0.01122137,4,3,0,0
Zone_DH567,2507975925,90.4014064,23.7119641,0.07875226,2,3,0,1
Zone_DH567,2520042743,90.4065605,23.7110803,0.00222531,4,3,0,1
Zone_DH567,2520042789,90.4064254,23.7110947,0.0,4,1,0,0
Zone_DH567,2520042801,90.4061028,23.7110989,0.00741957,4,3,0,1
Zone_DH567,2504625466,90.4023038,23.7138611,0.02206412,3,3,0,1
Zone_DH567,2504625470,90.4014889,23.7138632,0.01541173,4,3,0,0
Zone_DH567,2504625471,90.4021487,23.7138622,0.02117548,3,3,0,1
Zone_DH567,2504625473,90.401655,23.7138651,0.01685251,4,3,0,1
Zone_DH567,2513374535,90.4068977,23.7159685,0.1237964,1,3,0,0
Zone_DH567,387124568,90.4068343,23.714075,0.08068074,2,3,0,0
Zone_DH567,2513374552,90.4064635,23.7159819,0.00937531,4,3,0,0
Zone_DH567,2520042850,90.4064256,23.7111231,0.0,4,1,0,0
Zone_DH567,2507976037,90.4008473,23.7122259,0.07834265,2,3,0,0
Zone_DH567,4975095146,90.4146385,23.7059463,0.0251539,3,3,0,0
Zone_DH567,2507976042,90.403068,23.7122537,0.08724947,2,3,0,0
Zone_DH567,4975095147,90.4150152,23.7060359,0.02634247,3,3,0,0
Zone_DH567,4975095149,90.4146747,23.7066216,0.0099256,4,3,0,0
Zone_DH567,4975095151,90.4148487,23.706665,0.00515645,4,3,0,0
Zone_DH567,393366902,90.4120525,23.7043914,0.00657121,4,4,0,0
Zone_DH567,2442677644,90.4015565,23.7219575,0.0,4,1,0,0
Zone_DH567,4889128336,90.4098947,23.7067893,0.0,4,1,0,0
Zone_DH567,8779885968,90.4125211,23.709294,0.00111297,4,2,0,1
Zone_DH567,2442677650,90.4014336,23.7221826,0.0,4,1,0,0
Zone_DH567,8779885971,90.4127069,23.7092764,0.01707064,4,3,0,1
Zone_DH567,2442677652,90.4017721,23.7221004,0.01485834,4,3,0,1
Zone_DH567,8779885969,90.4121707,23.7093065,0.0,4,1,0,0
Zone_DH567,387124633,90.4064409,23.7103737,0.14128844,1,3,0,0
Zone_DH567,2442677658,90.4013086,23.7222751,0.0,4,1,0,0
Zone_DH567,2513374622,90.4062109,23.7160949,0.01115693,4,3,0,0
Zone_DH567,6557044129,90.4138041,23.7131689,0.03399814,3,3,0,0
Zone_DH567,2507976099,90.402397,23.7123556,0.00460989,4,3,0,0
Zone_DH567,9630920102,90.408648,23.7144685,0.0693596,3,4,0,0
Zone_DH567,2442677670,90.4016031,23.7223333,0.01316163,4,3,0,1
Zone_DH567,2442677672,90.4015629,23.7223802,0.01180203,4,3,0,1
Zone_DH567,9630920104,90.4088146,23.7143234,0.04956293,3,3,0,0
Zone_DH567,9630920108,90.4086199,23.7144473,0.08163383,2,4,0,0
Zone_DH567,4974996914,90.4176858,23.7088446,0.01330478,4,3,0,0
Zone_DH567,2470301118,90.3998881,23.7185493,0.06941723,3,3,0,0
Zone_DH567,2470301120,90.3997119,23.7187383,0.04169595,3,3,0,0
Zone_DH567,271896005,90.4056465,23.7231466,0.01012514,4,3,0,0
Zone_DH567,2507976134,90.4015305,23.7124294,0.0,4,1,0,0
Zone_DH567,6397947340,90.4141739,23.7187056,0.0,4,1,0,0
Zone_DH567,2507976144,90.401255,23.7124401,0.0,4,1,0,0
Zone_DH567,2520042981,90.4065639,23.7112263,0.0,4,1,0,0
Zone_DH567,395054570,90.4134431,23.7127618,0.00138129,4,3,0,0
Zone_DH567,2455530987,90.4002876,23.7211028,0.00785273,4,3,0,0
Zone_DH567,401853933,90.4094125,23.7200992,0.01367535,4,3,0,0
Zone_DH567,401853936,90.4094761,23.7203284,0.00214785,4,4,0,0
Zone_DH567,395054577,90.412708,23.7129189,0.00199727,4,3,0,0
Zone_DH567,2513374704,90.4055454,23.7162044,0.00889381,4,3,0,0
Zone_DH567,395054583,90.4122,23.7130557,0.00308668,4,3,0,0
Zone_DH567,395054587,90.4116123,23.7130573,0.02515824,3,3,0,0
Zone_DH567,2507976188,90.4009735,23.7125078,0.04002898,3,3,0,1
Zone_DH567,3304697342,90.4180308,23.7052929,0.0154359,4,3,0,0
Zone_DH567,3304697344,90.4175435,23.7052893,0.0,4,1,0,0
Zone_DH567,6563163655,90.4202378,23.7117095,0.00111483,4,3,0,1
Zone_DH567,395079178,90.4164895,23.7084275,0.00875996,4,3,0,1
Zone_DH567,2513374733,90.4064274,23.7162365,0.0,4,1,0,0
Zone_DH567,9156832783,90.4126853,23.7038293,0.0,4,1,0,0
Zone_DH567,9156832784,90.4119825,23.704323,0.00333518,4,3,0,1
Zone_DH567,9156832786,90.4110338,23.7049582,0.00435271,4,4,0,1
Zone_DH567,9156832788,90.4105163,23.7053869,0.01082291,4,3,0,0
Zone_DH567,395079189,90.4169255,23.7084303,0.00695852,4,3,0,0
Zone_DH567,9156832790,90.4122431,23.7041399,0.00222531,4,3,0,1
Zone_DH567,9156832792,90.4119959,23.7038343,0.0,4,1,0,0
Zone_DH567,395062826,90.4116727,23.7115625,0.03964787,3,3,0,0
Zone_DH567,2520911423,90.3982588,23.7168455,0.01709791,4,3,0,1
Zone_DH567,393580100,90.4166936,23.7024202,0.00099522,4,3,0,0
Zone_DH567,2507976268,90.4017829,23.7126643,0.0,4,1,0,0
Zone_DH567,401731153,90.4092632,23.7225114,0.00846127,4,3,0,0
Zone_DH567,2520043096,90.4062569,23.7113178,0.00713575,4,3,0,1
Zone_DH567,2507976281,90.401319,23.7126775,0.0,4,1,0,0
Zone_DH567,2455531103,90.4004738,23.7214572,0.00799712,4,3,0,0
Zone_DH567,2513374822,90.4068581,23.7164147,0.11665942,2,3,0,0
Zone_DH567,4907273833,90.4104522,23.7229316,0.00927121,4,3,0,0
Zone_DH567,4907273835,90.4100008,23.7229536,0.00901465,4,3,0,0
Zone_DH567,2455531135,90.3992598,23.7214868,0.00678376,4,3,0,0
Zone_DH567,2457620103,90.404676,23.7213569,0.0,4,1,0,0
Zone_DH567,2507976327,90.4010614,23.7127349,0.04047392,3,3,0,1
Zone_DH567,401813136,90.4015375,23.71942,0.06022658,3,3,0,0
Zone_DH567,2452098705,90.4024077,23.7200977,0.03124795,3,3,0,0
Zone_DH567,2507976356,90.4013016,23.7127814,0.0,4,1,0,0
Zone_DH567,2507976367,90.4017893,23.7127914,0.00222531,4,3,0,1
Zone_DH567,2454990536,90.3993766,23.719839,0.00823012,4,3,0,1
Zone_DH567,2454990538,90.3995048,23.7199396,0.0,4,1,0,0
Zone_DH567,2454990539,90.3994174,23.7199614,0.00222531,4,3,0,1
Zone_DH567,2455531212,90.4001409,23.7216546,0.00343371,4,2,0,0
Zone_DH567,2454990541,90.398787,23.7200179,0.00443018,4,3,0,1
Zone_DH567,2520911570,90.3980714,23.7171128,0.0,4,1,0,0
Zone_DH567,2507976403,90.4016351,23.7128144,0.0,4,1,0,0
Zone_DH567,2513374937,90.4065107,23.7164873,0.06933357,3,3,0,1
Zone_DH567,2454990561,90.3993118,23.7203164,0.0,4,1,0,0
Zone_DH567,2454990562,90.3995722,23.7203285,0.0,4,1,0,0
Zone_DH567,2454990564,90.3993313,23.7207644,0.0,4,1,0,0
Zone_DH567,2507976427,90.4010876,23.7128415,0.0409833,3,3,0,1
Zone_DH567,2454990573,90.3988937,23.7209951,0.00563238,4,3,0,1
Zone_DH567,2486693614,90.3990272,23.7136718,0.02456148,3,3,0,1
Zone_DH567,2454990575,90.4003215,23.7210786,0.00815266,4,3,0,0
Zone_DH567,10089295600,90.414435,23.7145532,0.00015554,4,3,0,0
Zone_DH567,393580298,90.4152286,23.7024492,0.0084309,4,3,0,0
Zone_DH567,2520911626,90.3980469,23.7171971,0.0,4,1,0,0
Zone_DH567,393580308,90.4151466,23.7033841,0.00429012,4,3,0,0
Zone_DH567,4861456153,90.4152221,23.7060113,0.02537203,3,3,0,0
Zone_DH567,4963299104,90.3952394,23.7139608,0.0,4,2,0,0
Zone_DH567,2455531296,90.3996482,23.7219815,0.0075057,4,3,0,0
Zone_DH567,5235494690,90.410703,23.7229188,0.00834848,4,4,0,0
Zone_DH567,12981686054,90.4183788,23.7102956,0.02300915,3,3,0,0
Zone_DH567,12981686055,90.4173134,23.7108247,0.02545693,3,3,0,0
Zone_DH567,12981686056,90.4173593,23.7108925,0.01507957,4,3,0,0
Zone_DH567,12981686057,90.4173072,23.7109233,0.01598185,4,3,0,0
Zone_DH567,12981686058,90.417257,23.7108575,0.02706069,3,3,0,0
Zone_DH567,12981686059,90.4169546,23.711626,0.01070393,4,3,0,0
Zone_DH567,2520911659,90.3984326,23.7172708,0.02006995,4,3,0,1
Zone_DH567,2520911661,90.3982977,23.7172727,0.00222531,4,3,0,1
Zone_DH567,401870638,90.4162384,23.7136455,0.00778147,4,3,0,0
Zone_DH567,12981686063,90.4166491,23.7113125,0.02312007,3,3,0,0
Zone_DH567,2507976496,90.4015695,23.7129286,0.0,4,1,0,0
Zone_DH567,12981686061,90.4168542,23.7110915,0.02826971,3,3,0,0
Zone_DH567,12981686060,90.4167543,23.7112503,0.01951966,4,3,0,0
Zone_DH567,12981686062,90.4169053,23.711161,0.01348697,4,3,0,0
Zone_DH567,401870648,90.4159509,23.7141217,0.01549477,4,3,0,0
Zone_DH567,2507976505,90.4025936,23.7129501,0.008113,4,3,0,1
Zone_DH567,264892235,90.4025475,23.723509,0.00786017,4,3,0,0
Zone_DH567,2513375051,90.4063664,23.7165052,0.07107057,3,3,0,0
Zone_DH567,2504576845,90.400242,23.7220679,0.00672365,4,3,0,1
Zone_DH567,2507976526,90.4017937,23.713018,0.00444629,4,3,0,1
Zone_DH567,2452098899,90.4027184,23.7204494,0.02894331,3,3,0,0
Zone_DH567,13573902173,90.4025554,23.7236361,0.00111297,4,2,0,1
Zone_DH567,2504576868,90.400181,23.7220917,0.00479393,4,3,0,1
Zone_DH567,2513375080,90.4063079,23.7165049,0.06895308,3,3,0,0
Zone_DH567,396545907,90.4184366,23.7087881,0.00571665,4,3,0,0
Zone_DH567,2513375092,90.4052934,23.7165108,0.02845624,3,4,0,0
Zone_DH567,6397906824,90.4104873,23.7211377,0.01928418,4,3,0,0
Zone_DH567,6397906830,90.4110622,23.7206376,0.03291802,3,3,0,0
Zone_DH567,2490617743,90.401762,23.7048091,0.02758805,3,4,0,0
Zone_DH567,2520911762,90.3981902,23.717506,0.0,4,1,0,0
Zone_DH567,2520043429,90.4065389,23.7114116,0.00786389,4,3,0,0
Zone_DH567,2520043433,90.4065174,23.7114122,0.00744683,4,3,0,1
Zone_DH567,7548268458,90.4194585,23.7203154,0.0,4,1,0,0
Zone_DH567,7548268459,90.4193763,23.7197989,0.00151453,4,3,0,1
Zone_DH567,2504576944,90.4002906,23.7221765,0.0,4,1,0,0
Zone_DH567,2467352497,90.4039335,23.7187889,0.00243229,4,3,0,1
Zone_DH567,2486693824,90.3982826,23.7141358,0.02329607,3,3,0,1
Zone_DH567,2486693827,90.3982751,23.7141407,0.02385441,3,3,0,0
Zone_DH567,2426376142,90.40409,23.7137696,0.03948551,3,3,0,0
Zone_DH567,2426376150,90.4041615,23.7145092,0.06366773,3,3,0,0
Zone_DH567,2504576983,90.4002334,23.7222041,0.0,4,1,0,0
Zone_DH567,2426376155,90.4041963,23.7147045,0.06098137,3,3,0,0
Zone_DH567,2504576989,90.4005452,23.7221934,0.00395983,4,3,0,0
Zone_DH567,2520911843,90.3984437,23.7176647,0.01662942,4,3,0,1
Zone_DH567,2520911844,90.3982148,23.7176656,0.0,4,1,0,0
Zone_DH567,2518323174,90.4028135,23.7205286,0.07068326,3,3,0,0
Zone_DH567,387125233,90.4196422,23.7058844,0.0040565,4,3,0,0
Zone_DH567,2426376177,90.4043272,23.7155423,0.0283608,3,3,0,0
Zone_DH567,387125235,90.420143,23.7057722,0.0,4,2,0,0
Zone_DH567,2426376181,90.4041519,23.7155973,0.0273253,3,3,0,0
Zone_DH567,2486693879,90.3990217,23.7141915,0.0,4,1,0,0
Zone_DH567,2520043512,90.4050992,23.7114236,0.01652717,4,3,0,0
Zone_DH567,2520043513,90.4067702,23.7114249,0.0398313,3,3,0,0
Zone_DH567,2528366591,90.4019964,23.7173969,0.07487857,2,3,0,1
Zone_DH567,2426376195,90.4031315,23.7156496,0.02257289,3,3,0,0
Zone_DH567,393359372,90.4037236,23.71059,0.04638267,3,3,0,0
Zone_DH567,2518323213,90.4030321,23.7206249,0.03505595,3,3,0,1
Zone_DH567,2467352592,90.4038499,23.7191964,0.0,4,1,0,0
Zone_DH567,2426376209,90.4020199,23.7157918,0.05691867,3,3,0,0
Zone_DH567,393359377,90.4033843,23.7104394,0.046053,3,3,0,0
Zone_DH567,5607174163,90.4019505,23.7149897,0.0,4,1,0,0
Zone_DH567,5607174164,90.4019532,23.7148737,0.00222531,4,3,0,1
Zone_DH567,2486693917,90.3995972,23.7142647,0.02007863,4,3,0,0
Zone_DH567,2513375265,90.4068202,23.7165874,0.0514753,3,3,0,0
Zone_DH567,2528366626,90.4015995,23.7174671,0.06567057,3,3,0,1
Zone_DH567,2520043555,90.4057548,23.7114332,0.00500525,4,3,0,0
Zone_DH567,2528366628,90.4026824,23.7174689,0.05628473,3,3,0,0
Zone_DH567,2426376231,90.4052559,23.7162272,0.03044607,3,3,0,0
Zone_DH567,2426376239,90.4025486,23.7164809,0.07508803,2,4,0,0
Zone_DH567,3734802480,90.4083722,23.7141441,0.01065064,4,3,0,0
Zone_DH567,2424303672,90.4061859,23.71052,0.10989362,2,3,0,0
Zone_DH567,2426376251,90.4045777,23.7175697,0.12305587,1,4,0,0
Zone_DH567,5607174216,90.402045,23.7138645,0.01810181,4,3,0,1
Zone_DH567,2504577099,90.3997967,23.7222665,0.00871968,4,3,0,0
Zone_DH567,2486693969,90.3983468,23.7143758,0.0,4,1,0,0
Zone_DH567,2528366678,90.4031203,23.7175239,0.0606331,3,3,0,0
Zone_DH567,9769095255,90.4119479,23.7086982,0.00544771,4,3,0,0
Zone_DH567,387125354,90.4205409,23.7079761,3.718e-05,4,2,0,0
Zone_DH567,11333611627,90.4005056,23.7082918,0.00255065,4,3,0,0
Zone_DH567,11333611628,90.398559,23.7076731,0.00459811,4,3,0,0
Zone_DH567,11333611632,90.3995423,23.7088366,0.00029311,4,3,0,0
Zone_DH567,11333611633,90.399309,23.7084901,0.00218689,4,3,0,1
Zone_DH567,11333611636,90.3998751,23.7081525,0.0,4,1,0,0
Zone_DH567,11333611638,90.3987359,23.7092311,0.00022805,4,3,0,0
Zone_DH567,5607174262,90.4018707,23.7148731,0.0,4,1,0,0
Zone_DH567,5624172664,90.4024011,23.717383,0.05392494,3,3,0,0
Zone_DH567,5607174267,90.4019529,23.7152562,0.00444629,4,3,0,1
Zone_DH567,5624172668,90.4023475,23.7172734,0.07073283,3,3,0,0
Zone_DH567,5607174268,90.4019545,23.7152163,0.0,4,1,0,0
Zone_DH567,2518323329,90.4029802,23.7207628,0.0,4,1,0,0
Zone_DH567,2513375376,90.406582,23.7164688,0.06900142,3,3,0,0
Zone_DH567,2470768796,90.4045832,23.7220342,0.01673105,4,3,0,0
Zone_DH567,2504577210,90.3998391,23.7223664,0.00598684,4,3,0,0
Zone_DH567,2528366778,90.4012032,23.7176401,0.06706302,3,3,0,0
Zone_DH567,2513375423,90.4059331,23.7166944,0.0,4,1,0,0
Zone_DH567,4389941440,90.4168458,23.7167231,0.00702606,4,3,0,1
Zone_DH567,4389941441,90.4168369,23.7163873,0.0,4,1,0,0
Zone_DH567,2470768834,90.4039555,23.722878,0.0,4,1,0,0
Zone_DH567,2470768836,90.4041588,23.7228338,0.0,4,1,0,0
Zone_DH567,2470768839,90.4040861,23.722948,0.00333704,4,4,0,1
Zone_DH567,2470768840,90.4039733,23.7229509,0.0,4,1,0,0
Zone_DH567,6052335818,90.4076643,23.7099948,0.05025946,3,3,0,0
Zone_DH567,6052335822,90.4107323,23.7108287,0.00509201,4,3,0,0
Zone_DH567,2513375441,90.4061549,23.716702,0.01403477,4,3,0,0
Zone_DH567,6465368286,90.4137308,23.7053304,0.00421328,4,3,0,0
Zone_DH567,2467352818,90.4045939,23.7200248,0.04265771,3,4,0,1
Zone_DH567,2504577267,90.4001316,23.7225275,0.0,4,1,0,0
Zone_DH567,2513375481,90.4054264,23.7167408,0.08108168,2,3,0,0
Zone_DH567,6199677179,90.3955775,23.7138632,0.00485095,4,3,0,0
Zone_DH567,4978921724,90.4149062,23.7175639,0.0,4,1,0,0
Zone_DH567,2486694142,90.3980165,23.7147582,0.01307549,4,3,0,0
Zone_DH567,2504577284,90.3999385,23.7225709,0.00517504,4,3,0,1
Zone_DH567,2513375494,90.4067151,23.716748,0.0,4,1,0,0
Zone_DH567,2513375495,90.406815,23.7167585,0.0515918,3,3,0,1
Zone_DH567,12980056338,90.4199225,23.7172384,0.00702049,4,3,0,0
Zone_DH567,12980056339,90.4200995,23.7173907,0.00028754,4,2,0,0
Zone_DH567,12980056343,90.4205052,23.7167399,0.00079506,4,2,0,0
Zone_DH567,12980056344,90.4203654,23.7165938,0.00161925,4,2,0,0
Zone_DH567,3304739115,90.4192049,23.7036866,0.0,4,1,0,0
Zone_DH567,3304739125,90.4191392,23.7046153,0.00122389,4,2,0,0
Zone_DH567,11340517690,90.4024081,23.705537,0.01388481,4,3,0,0
Zone_DH567,11340517691,90.4038055,23.7045631,5.329e-05,4,3,0,0
Zone_DH567,11340517692,90.4027043,23.7047555,0.00323727,4,3,0,0
Zone_DH567,11340517693,90.4030032,23.7051089,0.00728262,4,3,0,0
Zone_DH567,11340517694,90.4032245,23.7043708,0.00115882,4,3,0,0
Zone_DH567,2426360127,90.4080171,23.717588,0.05657474,3,3,0,0
Zone_DH567,11340517695,90.4038458,23.7050797,0.00108632,4,3,0,0
Zone_DH567,11340517696,90.4008328,23.7061151,0.0,4,1,0,0
Zone_DH567,2426360130,90.4080332,23.7180769,0.04572952,3,3,0,0
Zone_DH567,11340517698,90.4023569,23.705484,0.0149575,4,3,0,0
Zone_DH567,11340517700,90.4012117,23.7070242,0.0,4,1,0,0
Zone_DH567,11340517702,90.4008892,23.7037713,0.10211711,2,3,0,0
Zone_DH567,2426360137,90.4037394,23.7187181,0.02161856,3,3,0,0
Zone_DH567,11340517706,90.400868,23.7056273,0.00529217,4,3,0,0
Zone_DH567,11340517707,90.401125,23.7059186,0.0016143,4,3,0,1
Zone_DH567,11340517708,90.3996532,23.7057057,0.02207775,3,3,0,0
Zone_DH567,11340517711,90.4009003,23.7049481,0.00011031,4,3,0,0
Zone_DH567,11340517713,90.4014796,23.7044892,0.02584424,3,3,0,0
Zone_DH567,11340517714,90.4003397,23.7041072,0.10424947,2,3,0,0
Zone_DH567,11340517719,90.4007801,23.7038454,0.10251744,2,3,0,0
Zone_DH567,11340517729,90.4055003,23.7039919,0.00113961,4,3,0,1
Zone_DH567,11340517730,90.4062134,23.7046773,0.00671374,4,3,0,0
Zone_DH567,11340517731,90.4058015,23.7045865,0.0,4,1,0,0
Zone_DH567,11340517732,90.4059698,23.7044439,0.00118547,4,3,0,1
Zone_DH567,11340517737,90.4052919,23.7038936,0.0,4,1,0,0
Zone_DH567,11340517739,90.4064547,23.7029272,0.00110553,4,3,0,0
Zone_DH567,2513375598,90.4059768,23.7168086,0.00222531,4,3,0,1
Zone_DH567,393376111,90.4114099,23.7048104,0.00603704,4,3,0,0
Zone_DH567,2518323596,90.4025312,23.7210805,0.04282255,3,3,0,1
Zone_DH567,2518323605,90.4020365,23.7210854,0.04422429,3,3,0,0
Zone_DH567,2528367007,90.4019801,23.7177665,0.0,4,1,0,0
Zone_DH567,6140498371,90.4085835,23.7159398,0.00048088,4,2,0,0
Zone_DH567,6140498373,90.4086099,23.7175453,0.10526329,2,4,0,0
Zone_DH567,2518323668,90.4027688,23.7211304,0.0,4,1,0,0
Zone_DH567,2518323683,90.4025675,23.7211548,0.00222531,4,3,0,1
Zone_DH567,2528367076,90.4022953,23.7177858,0.0,4,1,0,0
Zone_DH567,2513375719,90.4057585,23.7168879,0.0,4,1,0,0
Zone_DH567,2528367109,90.4026075,23.717804,0.00586042,4,3,0,1
Zone_DH567,2520044052,90.4061441,23.7117332,0.0,4,1,0,0
Zone_DH567,401732117,90.4084391,23.7225458,0.01062523,4,3,0,0
Zone_DH567,2530251315,90.3997777,23.7144397,0.0,4,1,0,0
Zone_DH567,2520044085,90.4059427,23.7117577,0.0,4,1,0,0
Zone_DH567,4601131584,90.416321,23.7176483,0.00641629,4,3,0,0
Zone_DH567,2530251339,90.3992352,23.7149091,0.00871038,4,3,0,1
Zone_DH567,1723601487,90.406008,23.7093691,0.00767302,4,3,0,0
Zone_DH567,2520044127,90.4058399,23.7117807,0.00528721,4,3,0,1
Zone_DH567,4889211488,90.4137384,23.7049631,0.00032844,4,3,0,0
Zone_DH567,2530251361,90.3992503,23.7150554,0.0,4,1,0,0
Zone_DH567,4889211492,90.413167,23.7053649,0.00619258,4,3,0,0
Zone_DH567,387125868,90.4168037,23.7095061,0.00274585,4,3,0,0
Zone_DH567,387125869,90.4170427,23.7094961,0.00195946,4,3,0,0
Zone_DH567,2518323828,90.4025742,23.7212751,0.0,4,1,0,0
Zone_DH567,2513130103,90.4013171,23.7193544,0.04873254,3,3,0,1
Zone_DH567,3304706684,90.4195012,23.7051491,0.00222531,4,3,0,1
Zone_DH567,3304706686,90.4199527,23.7050614,0.0,4,1,0,0
Zone_DH567,4973384321,90.4165316,23.7017302,0.0028196,4,2,0,0
Zone_DH567,4973384324,90.4165699,23.7017297,0.00204746,4,3,0,0
Zone_DH567,393573020,90.4176345,23.7069438,0.00218813,4,3,0,0
Zone_DH567,11343917726,90.4000114,23.7017755,5.577e-05,4,2,0,0
Zone_DH567,393573026,90.4167238,23.7071183,0.00043812,4,3,0,0
Zone_DH567,2528367267,90.4037032,23.7179124,0.02094805,3,3,0,0
Zone_DH567,11343917732,90.4081896,23.700718,0.0108855,4,3,0,1
Zone_DH567,2528367270,90.4035268,23.7179155,0.00038359,4,2,0,0
Zone_DH567,11343917734,90.4083866,23.7008885,0.00872092,4,4,0,1
Zone_DH567,2520044203,90.4055053,23.7118029,0.00916896,4,3,0,0
Zone_DH567,11343917739,90.4091583,23.701546,0.00222531,4,4,0,1
Zone_DH567,11343917740,90.4093922,23.7017344,0.0,4,1,0,0
Zone_DH567,393573046,90.4124262,23.7070206,0.00551278,4,3,0,0
Zone_DH567,2510213832,90.4013792,23.7158336,0.04306794,3,3,0,1
Zone_DH567,5479903948,90.416546,23.7080652,0.01804914,4,3,0,0
Zone_DH567,2510213837,90.4013761,23.7162539,0.00222531,4,3,0,1
Zone_DH567,2510213839,90.4005815,23.7163073,0.02768038,3,3,0,1
Zone_DH567,2510213842,90.4015022,23.7163256,0.0,4,1,0,0
Zone_DH567,2510213845,90.4013621,23.7165366,0.0,4,1,0,0
Zone_DH567,3745198805,90.4191487,23.7043592,0.00012642,4,2,0,0
Zone_DH567,4973384411,90.4164028,23.7024942,0.00252462,4,4,0,0
Zone_DH567,2528367324,90.4016969,23.7179511,0.0,4,1,0,0
Zone_DH567,401871581,90.4146739,23.7124152,0.02879025,3,3,0,0
Zone_DH567,2528367334,90.4031364,23.7179581,0.01654576,4,3,0,1
Zone_DH567,401871593,90.4149971,23.7131991,0.00669391,4,3,0,0
Zone_DH567,4889211631,90.4146063,23.7049679,0.0020834,4,3,0,0
Zone_DH567,4889211632,90.4146072,23.7052382,0.00294415,4,3,0,0
Zone_DH567,2528367346,90.4012659,23.7179631,0.00910699,4,3,0,1
Zone_DH567,2452427509,90.4001812,23.720386,0.0,4,1,0,0
Zone_DH567,4889211640,90.414468,23.7059132,0.02581201,3,3,0,0
Zone_DH567,2520044286,90.4051013,23.7118519,0.01514092,4,3,0,0
Zone_DH567,2513376002,90.4068564,23.7170219,0.05085189,3,3,0,0
Zone_DH567,2528367376,90.4007432,23.7179766,0.05493752,3,3,0,1
Zone_DH567,6559314707,90.412623,23.7122546,0.0,4,1,0,0
Zone_DH567,2513376021,90.4060857,23.7170954,0.01553877,4,3,0,1
Zone_DH567,6559314710,90.4116337,23.7121515,0.02214468,3,3,0,1
Zone_DH567,2528367383,90.4025608,23.7179806,0.0044153,4,3,0,1
Zone_DH567,6559314712,90.4122744,23.7153778,0.05314599,3,3,0,0
Zone_DH567,2513662744,90.4019754,23.719191,0.0,4,1,0,0
Zone_DH567,6559314716,90.4128215,23.714374,0.0,4,1,0,0
Zone_DH567,2528367393,90.4019801,23.7179829,0.0,4,1,0,0
Zone_DH567,6479041324,90.4167869,23.7032093,0.00083782,4,3,0,0
Zone_DH567,2528367418,90.4028118,23.7179877,0.0,4,1,0,0
Zone_DH567,2513130322,90.4011414,23.719606,0.0,4,1,0,0
Zone_DH567,7834923873,90.4124456,23.7111471,0.0,4,1,0,0
Zone_DH567,7834923875,90.4117286,23.7111494,0.03929464,3,3,0,1
Zone_DH567,7834923877,90.4117801,23.7107427,0.03881996,3,3,0,1
Zone_DH567,2528367463,90.4021676,23.7180015,0.00339157,4,3,0,1
Zone_DH567,401707904,90.4061256,23.7203451,0.10190146,2,4,0,0
Zone_DH567,2528367510,90.4011585,23.7180155,0.0,4,1,0,0
Zone_DH567,7114830765,90.405977,23.7187913,0.0,4,1,0,0
Zone_DH567,2513130428,90.4011151,23.7198068,0.0,4,1,0,0
Zone_DH567,2524951486,90.4001978,23.7126802,0.03946072,3,3,0,0
Zone_DH567,5624157121,90.4017624,23.7156926,0.00111668,4,4,0,1
Zone_DH567,9026171842,90.4107436,23.7105865,0.00365556,4,3,0,0
Zone_DH567,5624157123,90.4018365,23.7156936,0.00443451,4,3,0,0
Zone_DH567,2518324164,90.4027067,23.7219092,0.0,4,1,0,0
Zone_DH567,2518324165,90.4022731,23.721911,0.0,4,1,0,0
Zone_DH567,5624157124,90.4018368,23.7156575,0.0121819,4,3,0,1
Zone_DH567,5624157122,90.4016973,23.7156918,0.0,4,1,0,0
Zone_DH567,9026171841,90.4116683,23.7106259,0.00838009,4,3,0,0
Zone_DH567,2483295177,90.4067549,23.7174448,0.05590919,3,3,0,0
Zone_DH567,2468418509,90.404736,23.7217521,0.05056683,3,3,0,0
Zone_DH567,3740881869,90.4201469,23.7078707,0.01028378,4,3,0,1
Zone_DH567,3740881870,90.4203964,23.7077699,0.0,4,1,0,0
Zone_DH567,2483295192,90.4062618,23.7176534,0.0,4,1,0,0
Zone_DH567,2468418522,90.4049672,23.7218664,0.03732154,3,3,0,0
Zone_DH567,2520044513,90.4058972,23.7119886,0.0,4,1,0,0
Zone_DH567,5892412386,90.4037554,23.7197068,0.05192953,3,3,0,1
Zone_DH567,5624157162,90.4018874,23.7143126,0.0,4,1,0,0
Zone_DH567,5624157167,90.401929,23.7157995,0.05738468,3,3,0,1
Zone_DH567,2468418544,90.4046306,23.72195,0.01774673,4,3,0,0
Zone_DH567,2468418545,90.4051385,23.7219513,0.03644902,3,3,0,0
Zone_DH567,5892412403,90.4038875,23.7192801,0.0,4,1,0,0
Zone_DH567,2483295221,90.4061631,23.7179276,0.0015672,4,3,0,0
Zone_DH567,2483295223,90.4064319,23.71795,0.00214847,4,3,0,1
Zone_DH567,2518324216,90.4020619,23.7219432,0.02113334,3,3,0,1
Zone_DH567,396317689,90.4147228,23.7122852,0.03459056,3,4,0,0
Zone_DH567,2476463097,90.4031803,23.7206772,0.04829194,3,3,0,0
Zone_DH567,2468418556,90.4047842,23.7219783,0.0,4,1,0,0
Zone_DH567,396317694,90.4147589,23.7123705,0.02677873,3,3,0,0
Zone_DH567,2513130494,90.4014399,23.7199393,0.01729559,4,3,0,1
Zone_DH567,2483295239,90.4066748,23.7180197,0.0,4,1,0,0
Zone_DH567,12022985737,90.4163615,23.7185063,0.01565279,4,3,0,0
Zone_DH567,12022985738,90.4174595,23.7184276,0.00097539,4,3,0,0
Zone_DH567,2483295243,90.406681,23.717976,0.00111297,4,3,0,1
Zone_DH567,2518324236,90.4030144,23.7219854,0.01396103,4,3,0,1
Zone_DH567,3417641997,90.4204112,23.7081306,0.00105162,4,2,0,0
Zone_DH567,2520044558,90.4055793,23.7120033,0.00949615,4,3,0,1
Zone_DH567,4908618767,90.4107095,23.7204341,0.02286724,3,3,0,0
Zone_DH567,2524951568,90.3998265,23.7129919,0.03687785,3,3,0,0
Zone_DH567,2528367628,90.4013639,23.7180532,0.00766682,4,3,0,1
Zone_DH567,2468418580,90.404876,23.7219957,0.00455225,4,3,0,1
Zone_DH567,5892412437,90.4038131,23.7195223,0.00222531,4,3,0,1
Zone_DH567,5892412436,90.4040082,23.7195699,0.0,4,1,0,0
Zone_DH567,2483295259,90.4060788,23.7181773,0.0027316,4,3,0,0
Zone_DH567,6139180061,90.4084413,23.7145047,0.08076378,2,3,0,0
Zone_DH567,3448001572,90.4088625,23.7008472,0.0,4,1,0,0
Zone_DH567,3448001574,90.4086068,23.7010736,0.00655324,4,4,0,1
Zone_DH567,3448001575,90.4082612,23.7014242,0.00013571,4,4,0,0
Zone_DH567,6139180072,90.4085502,23.714575,0.00112908,4,3,0,0
Zone_DH567,6139180075,90.4088919,23.714409,0.02823129,3,3,0,0
Zone_DH567,2468418612,90.4053098,23.7220383,0.01897496,4,3,0,1
Zone_DH567,2520044597,90.4052801,23.7120392,0.0,4,1,0,0
Zone_DH567,2518324281,90.4025267,23.7220842,0.0,4,1,0,0
Zone_DH567,2518324285,90.4021009,23.7220877,0.00768975,4,3,0,1
Zone_DH567,393352265,90.4046368,23.7108224,0.00428889,4,3,0,0
Zone_DH567,393352269,90.404345,23.7099302,0.00362767,4,3,0,1
Zone_DH567,393352270,90.4042441,23.7098158,0.00206977,4,3,0,0
Zone_DH567,393352272,90.403876,23.7089621,0.00977997,4,3,0,0
Zone_DH567,2524951641,90.401147,23.7132072,0.04373659,3,3,0,0
Zone_DH567,2468418658,90.4049518,23.7220709,0.00557475,4,3,0,1
Zone_DH567,2520044645,90.4051183,23.7120479,0.01087559,4,3,0,1
Zone_DH567,2528367724,90.401463,23.7180965,0.0064795,4,3,0,1
Zone_DH567,6335730813,90.3963347,23.7203625,0.0,4,1,0,0
Zone_DH567,2468418694,90.4045479,23.7220979,0.01577983,4,3,0,0
Zone_DH567,2468418704,90.4054354,23.7221083,0.01869857,4,3,0,1
Zone_DH567,2513130645,90.4011146,23.7203449,0.0,4,1,0,0
Zone_DH567,395056279,90.4125409,23.7137874,0.02786071,3,3,0,0
Zone_DH567,2513130650,90.4014088,23.7203572,0.015672,4,3,0,1
Zone_DH567,2468418718,90.4050911,23.7221179,0.00342875,4,3,0,0
Zone_DH567,2468418734,90.404533,23.7221307,0.01493519,4,3,0,1
Zone_DH567,2520044744,90.406484,23.7121215,0.00797419,4,3,0,1
Zone_DH567,2520044750,90.4062797,23.7121237,0.0,4,1,0,0
Zone_DH567,2468418769,90.4047693,23.7221496,0.0,4,1,0,0
Zone_DH567,4973393117,90.4158611,23.7198589,0.00396479,4,3,0,0
Zone_DH567,2468418785,90.404887,23.7221565,0.00222531,4,3,0,1
Zone_DH567,2468418786,90.4049291,23.7221571,0.00444629,4,3,0,1
Zone_DH567,2524951784,90.4004887,23.7134281,0.00304454,4,3,0,0
Zone_DH567,4889130220,90.4175734,23.7057777,0.0182933,4,3,0,0
Zone_DH567,4889130221,90.4178434,23.7057576,0.0184507,4,3,0,0
Zone_DH567,4889130225,90.4177754,23.7052877,0.00111297,4,3,0,1
Zone_DH567,401831155,90.402538,23.7237187,0.0,4,1,0,0
Zone_DH567,2468418810,90.4049585,23.7221641,0.0,4,1,0,0
Zone_DH567,2468418812,90.4046399,23.7221657,0.0,4,1,0,0
Zone_DH567,2468418828,90.4051807,23.7221841,0.0,4,1,0,0
Zone_DH567,3304756494,90.4183241,23.7038382,0.00493708,4,3,0,0
Zone_DH567,3304756496,90.4191842,23.7038725,0.00216644,4,3,0,1
Zone_DH567,2520044826,90.406734,23.7121572,0.04730973,3,3,0,0
Zone_DH567,2468418851,90.405388,23.7222042,0.0,4,1,0,0
Zone_DH567,2513130788,90.4013941,23.7205958,0.01462038,4,3,0,0
Zone_DH567,2468418859,90.4045049,23.7222079,0.01310214,4,3,0,1
Zone_DH567,2520044844,90.4061343,23.7121705,0.0,4,1,0,0
Zone_DH567,2524951866,90.4007336,23.7135363,0.04047763,3,3,0,0
Zone_DH567,2528367930,90.4032832,23.718168,0.0,4,1,0,0
Zone_DH567,2524951869,90.4006,23.7135386,0.00387679,4,3,0,0
Zone_DH567,2524951871,90.4004793,23.7135399,0.00111297,4,3,0,1
Zone_DH567,2513130817,90.4009559,23.7206297,0.00607298,4,2,0,0
Zone_DH567,2513130827,90.4008149,23.7206536,0.02834593,3,3,0,0
Zone_DH567,401864018,90.4098251,23.7157275,0.00292804,4,3,0,0
Zone_DH567,2468418903,90.4046164,23.7222313,0.0,4,1,0,0
Zone_DH567,2468418904,90.4046869,23.7222313,0.0,4,1,0,0
Zone_DH567,401864035,90.4106827,23.7163483,0.06227095,3,3,0,0
Zone_DH567,2513130852,90.4011884,23.7206972,0.0,4,1,0,0
Zone_DH567,2513130854,90.4014031,23.7207002,0.00792524,4,3,0,1
Zone_DH567,2524951933,90.3994259,23.7136218,0.01726461,4,3,0,0
Zone_DH567,2468418946,90.4051688,23.7222587,0.0,4,1,0,0
Zone_DH567,2490635651,90.4056177,23.717401,0.04747891,3,3,0,1
Zone_DH567,395081094,90.416528,23.7088916,0.0,4,1,0,0
Zone_DH567,2490635657,90.4057048,23.717479,0.0,4,1,0,0
Zone_DH567,3902477706,90.4162012,23.7017427,0.00470346,4,2,0,0
Zone_DH567,2490635661,90.4051474,23.7175074,0.02709106,3,3,0,1
Zone_DH567,2490635666,90.4048087,23.7175484,0.02692994,3,3,0,1
Zone_DH567,2484057504,90.4049671,23.7201584,0.0327445,3,3,0,1
Zone_DH567,3740923299,90.4204755,23.7059552,0.0,4,1,0,0
Zone_DH567,2524951972,90.4000838,23.7136791,0.0,4,2,0,0
Zone_DH567,2468418981,90.4045023,23.7222777,0.01128644,4,3,0,1
Zone_DH567,3740923303,90.4201811,23.7060074,0.0028227,4,4,0,1
Zone_DH567,2468418987,90.4045783,23.7222792,0.0,4,1,0,0
Zone_DH567,2490635691,90.4056211,23.7177077,0.0,4,1,0,0
Zone_DH567,2530268588,90.3985441,23.7147571,0.00410794,4,3,0,0
Zone_DH567,2531218865,90.4010413,23.7226279,0.00724977,4,3,0,0
Zone_DH567,2528368051,90.4013599,23.7182063,0.0,4,1,0,0
Zone_DH567,2490635701,90.4053308,23.7179302,0.0,4,1,0,0
Zone_DH567,2490635702,90.4048197,23.7179659,0.0,4,1,0,0
Zone_DH567,2490635705,90.4053417,23.7180337,0.0,4,1,0,0
Zone_DH567,2449724867,90.4029478,23.7195893,0.03349371,3,3,0,0
Zone_DH567,2520044998,90.405458,23.7122774,0.0,4,1,0,0
Zone_DH567,11330254281,90.3956906,23.7135887,0.00207349,4,2,0,0
Zone_DH567,2513130956,90.4014203,23.720835,0.00645781,4,3,0,1
Zone_DH567,11330254284,90.3959698,23.7134592,0.00261696,4,3,0,1
Zone_DH567,2513130958,90.4011671,23.7208364,0.0,4,1,0,0
Zone_DH567,11330254285,90.3955377,23.7122331,0.0,4,1,0,0
Zone_DH567,6139180504,90.4068268,23.7142806,0.11077544,2,4,0,0
Zone_DH567,6139180508,90.4084655,23.7144058,0.03957908,3,3,0,0
Zone_DH567,6139180510,90.4075268,23.7145164,0.08189286,2,3,0,1
Zone_DH567,6139180512,90.4023637,23.7096682,0.01171899,4,3,0,0
Zone_DH567,2528368096,90.4017732,23.718229,0.0,4,1,0,0
Zone_DH567,6139180517,90.411996,23.7097781,0.01347209,4,4,0,0
Zone_DH567,6139180518,90.4120833,23.709683,0.00638778,4,4,0,0
Zone_DH567,4715484648,90.3955158,23.7136698,0.00263803,4,2,0,0
Zone_DH567,4715484649,90.3960839,23.7134063,0.00276444,4,3,0,1
Zone_DH567,2484057579,90.4053572,23.7201782,0.02726147,3,3,0,0
Zone_DH567,2468419051,90.4054852,23.7223211,0.0,4,1,0,0
Zone_DH567,4715484653,90.3957308,23.7142625,0.00641815,4,3,0,0
Zone_DH567,4715484652,90.39589,23.7126674,0.0,4,1,0,0
Zone_DH567,4715484655,90.3964145,23.7140155,0.00498852,4,3,0,0
Zone_DH567,6139180529,90.4118768,23.7087175,0.00670258,4,4,0,1
Zone_DH567,2520045059,90.4056981,23.7123189,0.00959159,4,3,0,1
Zone_DH567,2529637902,90.3963227,23.7153308,0.01285426,4,3,0,0
Zone_DH567,2468419086,90.4052613,23.7223533,0.0,4,1,0,0
Zone_DH567,2484057616,90.4051494,23.720186,0.03290314,3,3,0,0
Zone_DH567,2468419100,90.4049737,23.7223606,0.0,4,1,0,0
Zone_DH567,2468419105,90.4045113,23.7223696,0.00947818,4,3,0,1
Zone_DH567,2528368166,90.4004973,23.7182577,0.05363121,3,3,0,0
Zone_DH567,2468419112,90.4045771,23.7223727,0.0,4,1,0,0
Zone_DH567,387126825,90.4139541,23.7187051,0.00404039,4,3,0,1
Zone_DH567,387126827,90.4139408,23.7200164,0.00632333,4,3,0,0
Zone_DH567,387126831,90.4139235,23.7209909,0.02078817,4,3,0,0
Zone_DH567,3740923439,90.4202429,23.7062752,0.0,4,1,0,0
Zone_DH567,387126834,90.4164991,23.7214212,0.01518244,4,4,0,0
Zone_DH567,387126841,90.4133864,23.72092,0.02318576,3,3,0,0
Zone_DH567,387126843,90.412364,23.7209079,0.02541603,3,3,0,0
Zone_DH567,387126844,90.4117767,23.7208371,0.02939693,3,4,0,1
Zone_DH567,387126845,90.4156489,23.7222204,0.00753917,4,3,0,0
Zone_DH567,3740841535,90.4200261,23.7071157,0.00646524,4,3,0,1
Zone_DH567,3740841536,90.4203012,23.7071163,0.0,4,1,0,0
Zone_DH567,11340527170,90.4018711,23.7069377,0.0,4,1,0,0
Zone_DH567,11340527171,90.402563,23.707029,0.00049885,4,3,0,0
Zone_DH567,387126853,90.4107679,23.7223652,0.01214224,4,4,0,0
Zone_DH567,387126854,90.4105231,23.7224827,0.00752615,4,3,0,0
Zone_DH567,2468419143,90.4047449,23.7224027,0.0,4,1,0,0
Zone_DH567,387126856,90.4099981,23.722517,0.00842966,4,3,0,0
Zone_DH567,11340527177,90.4029923,23.7036843,0.00342627,4,3,0,0
Zone_DH567,11340527178,90.4048932,23.7053305,0.00018777,4,2,0,0
Zone_DH567,11340527173,90.4026989,23.7058859,0.00448285,4,3,0,0
Zone_DH567,11340527174,90.4032532,23.7065238,0.00159756,4,3,0,0
Zone_DH567,387126861,90.4068904,23.7230818,0.00891426,4,3,0,0
Zone_DH567,11340527181,90.40212,23.7052035,0.02018831,4,4,0,0
Zone_DH567,11340527182,90.4034809,23.7041802,0.00025841,4,3,0,0
Zone_DH567,11340527183,90.4041103,23.7049161,1.24e-06,4,3,0,0
Zone_DH567,387126865,90.4175105,23.7192224,0.00682156,4,3,0,0
Zone_DH567,387126866,90.4175194,23.7193605,0.00595586,4,3,0,0
Zone_DH567,387126867,90.4186236,23.7193008,0.00486458,4,3,0,0
Zone_DH567,11340527185,90.4028801,23.7046155,0.00239077,4,4,0,0
Zone_DH567,11340527184,90.4027361,23.7059362,0.00348948,4,3,0,0
Zone_DH567,11340527186,90.4038214,23.7056895,0.0,4,3,0,0
Zone_DH567,2520045145,90.405741,23.7123552,0.00930529,4,3,0,0
Zone_DH567,387126876,90.4174288,23.7179487,0.00525808,4,4,0,0
Zone_DH567,387126877,90.4184964,23.7178925,0.00287413,4,4,0,0
Zone_DH567,387126878,90.4181139,23.7151068,0.00851828,4,3,0,0
Zone_DH567,387126879,90.4180903,23.7156429,0.00116502,4,3,0,0
Zone_DH567,2455098972,90.3988033,23.7183596,0.01039347,4,3,0,0
Zone_DH567,387126881,90.4184369,23.7166523,0.00293486,4,4,0,0
Zone_DH567,2455098978,90.3992788,23.7184621,0.01879958,4,3,0,0
Zone_DH567,387126883,90.4186746,23.7193833,0.00849845,4,4,0,0
Zone_DH567,2470721127,90.4042021,23.7198729,0.03718645,3,3,0,0
Zone_DH567,6139229800,90.4107118,23.7230454,0.00220548,4,3,0,0
Zone_DH567,6139229801,90.4106441,23.7223951,0.00952156,4,4,0,0
Zone_DH567,6139229803,90.4103997,23.7212728,0.01365119,4,4,0,0
Zone_DH567,396588654,90.4181052,23.7049844,0.01319633,4,3,0,0
Zone_DH567,6139229806,90.4099099,23.7200736,0.03023227,3,4,0,0
Zone_DH567,2528368239,90.4015,23.7182923,0.00548427,4,3,0,1
Zone_DH567,394270323,90.4106762,23.7113053,0.00600667,4,3,0,1
Zone_DH567,2513131123,90.4012726,23.7210518,0.0092489,4,3,0,0
Zone_DH567,6139229812,90.409132,23.7190292,0.01910013,4,3,0,0
Zone_DH567,6139229818,90.4086483,23.7178438,0.06616571,3,3,0,0
Zone_DH567,2455099005,90.3988432,23.7188155,0.00333518,4,3,0,1
Zone_DH567,2468419201,90.4051889,23.7224407,0.0,4,1,0,0
Zone_DH567,394270342,90.4098885,23.711388,0.00222531,4,3,0,1
Zone_DH567,387126922,90.4173478,23.7166878,0.00522214,4,4,0,0
Zone_DH567,2468419211,90.4053868,23.7224441,0.0,4,1,0,0
Zone_DH567,387126923,90.4153447,23.7167973,0.01076528,4,3,0,0
Zone_DH567,387126925,90.4162778,23.7167338,0.01433471,4,4,0,0
Zone_DH567,387126926,90.4163382,23.718006,0.02106332,3,4,0,0
Zone_DH567,396588686,90.4191975,23.7049977,0.00638964,4,4,0,1
Zone_DH567,387126928,90.4164068,23.7194668,0.00820224,4,3,0,0
Zone_DH567,387126929,90.4164376,23.7201196,0.0060358,4,3,0,0
Zone_DH567,394270354,90.4095855,23.7113959,0.0,4,1,0,0
Zone_DH567,387126932,90.4165138,23.7217331,0.0075497,4,3,0,0
Zone_DH567,4974696088,90.4163918,23.7191489,0.01561003,4,3,0,0
Zone_DH567,387126937,90.4155385,23.7176939,0.010448,4,3,0,0
Zone_DH567,387126938,90.4155862,23.7180456,0.01726399,4,4,0,0
Zone_DH567,2455099033,90.399313,23.7191289,0.0,4,1,0,0
Zone_DH567,2528368282,90.4010032,23.7183107,0.0,4,1,0,0
Zone_DH567,2455099040,90.3993145,23.7192859,0.00222531,4,3,0,1
Zone_DH567,2455099045,90.3993131,23.7193946,0.0,4,1,0,0
Zone_DH567,318322342,90.4115924,23.7081639,0.00340149,4,3,0,1
Zone_DH567,2484057787,90.4045522,23.7202339,0.00887336,4,3,0,1
Zone_DH567,6139180737,90.4059973,23.7140935,0.06497032,3,3,0,0
Zone_DH567,6139180739,90.4056857,23.7139833,0.05407119,3,4,0,0
Zone_DH567,6139180741,90.4047481,23.7136543,0.03278478,3,4,0,0
Zone_DH567,2528368328,90.4022469,23.7183239,0.00255933,4,3,0,0
Zone_DH567,6139180750,90.4030112,23.7115894,0.17207286,1,4,0,0
Zone_DH567,6138975951,90.4200741,23.7084101,0.02057438,4,4,0,0
Zone_DH567,6139180753,90.4021459,23.7097775,0.00594842,4,3,0,0
Zone_DH567,401626834,90.4113836,23.7178262,0.02358732,3,3,0,0
Zone_DH567,318322387,90.4099256,23.7077718,0.07711318,2,3,0,0
Zone_DH567,6138975954,90.420162,23.7083407,0.01561375,4,5,0,0
Zone_DH567,4973393621,90.4151655,23.7180677,0.00900226,4,3,0,1
Zone_DH567,401708758,90.4077512,23.7204432,0.01348821,4,3,0,0
Zone_DH567,6559184600,90.4179798,23.7068922,0.01617953,4,3,0,0
Zone_DH567,318322393,90.4097671,23.7078996,0.07559184,2,3,0,0
Zone_DH567,6139180762,90.3979639,23.703227,0.03710341,3,3,0,0
Zone_DH567,2484057819,90.4046836,23.7202368,0.0066623,4,3,0,1
Zone_DH567,6559184604,90.418965,23.7066954,0.00206853,4,3,0,0
Zone_DH567,6139180756,90.4060913,23.7139673,0.03927295,3,3,0,0
Zone_DH567,6138975967,90.4184233,23.7103711,0.01576991,4,3,0,0
Zone_DH567,6421886689,90.413951,23.7182583,0.016679,4,4,0,0
Zone_DH567,401626851,90.4138788,23.7175613,0.01650672,4,3,0,0
Zone_DH567,6139180774,90.4032327,23.7115556,0.170334,1,4,0,0
Zone_DH567,2468419303,90.4050535,23.7225316,0.00847242,4,3,0,1
Zone_DH567,2468419304,90.4049111,23.7225322,0.00784468,4,3,0,0
Zone_DH567,318322411,90.407432,23.7099462,0.12927882,1,3,0,0
Zone_DH567,6139180783,90.4042026,23.7131712,0.01455841,4,4,0,0
Zone_DH567,393352944,90.4047225,23.7085685,0.00942427,4,3,0,0
Zone_DH567,2468419311,90.4051385,23.722535,0.00900412,4,3,0,1
Zone_DH567,11341444851,90.407186,23.7036127,5.02e-05,4,3,0,0
Zone_DH567,11341444855,90.4051452,23.7018932,0.04853115,3,3,0,0
Zone_DH567,318322425,90.4066145,23.7102105,0.13648025,1,3,0,0
Zone_DH567,11341444857,90.4068456,23.7017975,0.03580702,3,3,0,0
Zone_DH567,2468419324,90.4051904,23.7225391,0.00962009,4,3,0,1
Zone_DH567,11341444861,90.4073052,23.7024472,0.00113713,4,3,0,0
Zone_DH567,318322430,90.4067984,23.7080957,0.00491601,4,4,0,0
Zone_DH567,318322431,90.4069184,23.7088099,0.00539256,4,3,0,0
Zone_DH567,2490619647,90.4058329,23.7013549,0.04551077,3,4,0,1
Zone_DH567,11335153406,90.3984798,23.7077227,0.00535104,4,3,0,0
Zone_DH567,318322434,90.4120452,23.7087427,0.00517133,4,3,0,0
Zone_DH567,2490619650,90.4051915,23.7010017,0.00333642,4,3,0,1
Zone_DH567,2490619652,90.4048401,23.7004158,0.00111297,4,2,0,1
Zone_DH567,318322437,90.4125797,23.7088579,0.01505789,4,3,0,0
Zone_DH567,2468419333,90.4047596,23.7225417,0.00829581,4,3,0,1
Zone_DH567,11335153408,90.3980294,23.7068463,0.01415809,4,3,0,0
Zone_DH567,11341444867,90.4071587,23.7020715,0.00222655,4,3,0,0
Zone_DH567,11341444868,90.4016298,23.7032633,0.07421054,2,3,0,0
Zone_DH567,2484057871,90.4048607,23.7202402,0.0,4,1,0,0
Zone_DH567,2468419345,90.4053134,23.7225481,0.01033522,4,3,0,1
Zone_DH567,2468419350,90.4053736,23.7225525,0.01114949,4,3,0,1
Zone_DH567,11335153439,90.4003566,23.7083898,0.00138377,4,3,0,1
Zone_DH567,11335153440,90.4000959,23.7080576,0.0,4,1,0,0
Zone_DH567,11335153441,90.3958178,23.7095221,3.16e-05,4,2,0,0
Zone_DH567,11335153442,90.3967005,23.7094432,0.00012518,4,3,0,0
Zone_DH567,2520045357,90.4055963,23.7124273,0.0,4,1,0,0
Zone_DH567,11335153467,90.3981701,23.7093537,0.00014315,4,3,0,0
Zone_DH567,2528368447,90.4028485,23.7183805,0.01606055,4,3,0,0
Zone_DH567,2520045379,90.4054402,23.7124372,0.0,4,1,0,0
Zone_DH567,6180018018,90.4119648,23.7231983,0.0020016,4,2,0,0
Zone_DH567,2528368489,90.4016041,23.7184032,0.00455473,4,3,0,1
Zone_DH567,2524952426,90.3997993,23.7143492,0.01214224,4,3,0,1
Zone_DH567,2528368497,90.4029867,23.7184086,0.01733959,4,3,0,0
Zone_DH567,6397925235,90.4085919,23.7144806,0.0804465,2,4,0,0
Zone_DH567,373389179,90.4139049,23.7132279,0.03355382,3,4,0,0
Zone_DH567,2520045454,90.4065203,23.7124785,0.04839605,3,3,0,1
Zone_DH567,2524952470,90.4004894,23.7145161,0.04662869,3,3,0,0
Zone_DH567,4316665760,90.4179251,23.7205166,0.00915037,4,3,0,0
Zone_DH567,4316665762,90.418298,23.7210167,0.0,4,1,0,0
Zone_DH567,2520045524,90.4052659,23.7124875,0.01154857,4,3,0,1
Zone_DH567,2528368611,90.4019496,23.7184751,0.0,4,1,0,0
Zone_DH567,2520045545,90.4062629,23.7124885,0.00769409,4,3,0,1
Zone_DH567,11335374836,90.3952609,23.708003,0.0,4,1,0,0
Zone_DH567,11335374837,90.3955414,23.7078502,0.00333642,4,3,0,1
Zone_DH567,11335374838,90.3954744,23.7077663,0.00111297,4,2,0,1
Zone_DH567,11425036279,90.407411,23.7038392,0.00247629,4,3,0,0
Zone_DH567,11335374839,90.3957792,23.7075693,0.0,4,1,0,0
Zone_DH567,11425036281,90.4078196,23.7035048,0.00139431,4,3,0,0
Zone_DH567,394237946,90.4083848,23.7141938,0.0133903,4,3,0,0
Zone_DH567,11425036283,90.4085825,23.7020757,0.0,4,1,0,0
Zone_DH567,11425036284,90.4078365,23.7009895,0.01411719,4,2,0,0
Zone_DH567,9938974717,90.4205147,23.7084899,3.78e-05,4,2,0,0
Zone_DH567,11425036286,90.4081806,23.7021529,0.0,4,1,0,0
Zone_DH567,11425036287,90.4080758,23.7020284,0.00870729,4,3,0,0
Zone_DH567,11425036288,90.4085304,23.7017028,0.00016112,4,3,0,0
Zone_DH567,11425036282,90.4088252,23.7023408,0.0,4,1,0,0
Zone_DH567,11425036285,90.4074007,23.7013535,0.0314729,3,3,0,0
Zone_DH567,11335374852,90.3957255,23.7081589,0.00546878,4,3,0,1
Zone_DH567,11425036294,90.4046283,23.7004596,0.0,4,1,0,0
Zone_DH567,11335374857,90.397201,23.7072004,0.00642124,4,3,0,0
Zone_DH567,11335284748,90.3953198,23.7094198,0.00111297,4,2,0,1
Zone_DH567,2528368657,90.4014235,23.7184972,0.0,4,1,0,0
Zone_DH567,11335284758,90.3952538,23.7093177,0.0,4,1,0,0
Zone_DH567,11335284762,90.3958249,23.7083051,0.00041209,4,2,0,0
Zone_DH567,3740891164,90.4201573,23.7079542,0.01121704,4,3,0,0
Zone_DH567,401610780,90.4195406,23.7178376,0.00516637,4,3,0,0
Zone_DH567,277542965,90.4202943,23.7166592,0.00272169,4,2,0,0
Zone_DH567,2520045629,90.4062635,23.7124935,0.00830139,4,3,0,1
Zone_DH567,4963530829,90.4174544,23.7065691,0.00113466,4,4,0,0
Zone_DH567,2484058193,90.4051688,23.720317,0.00786698,4,3,0,1
Zone_DH567,2442221659,90.4005339,23.7219563,0.01017472,4,3,0,0
Zone_DH567,2520045670,90.4061316,23.7124956,0.0,4,1,0,0
Zone_DH567,2484058220,90.4049487,23.7203213,0.0,4,1,0,0
Zone_DH567,454744183,90.4169666,23.7064127,0.00123009,4,3,0,0
Zone_DH567,454744187,90.4166906,23.7065542,0.001561,4,3,0,0
Zone_DH567,3304781950,90.4197929,23.7089331,0.00771578,4,3,0,0
Zone_DH567,2484058239,90.4052571,23.7203222,0.0,4,1,0,0
Zone_DH567,2520045705,90.4061317,23.7124998,0.0,4,1,0,0
Zone_DH567,4910069906,90.4181385,23.7153643,0.0,4,1,0,0
Zone_DH567,2484131989,90.4086053,23.7017949,0.00454234,4,3,0,0
Zone_DH567,454744214,90.4156361,23.7059557,0.02359104,3,3,0,0
Zone_DH567,2484131991,90.4084421,23.7015942,0.0001698,4,4,0,0
Zone_DH567,2528368792,90.4023113,23.7186104,0.0110175,4,3,0,0
Zone_DH567,373389467,90.4184991,23.7113748,0.00609838,4,3,0,0
Zone_DH567,373389487,90.4187102,23.7130852,0.00741399,4,3,0,0
Zone_DH567,4971665588,90.4064109,23.7151107,0.00636175,4,3,0,0
Zone_DH567,373389493,90.4187715,23.7136565,0.00725225,4,3,0,0
Zone_DH567,401627322,90.4114474,23.7147853,0.0776015,2,4,0,0
Zone_DH567,2520045762,90.4056325,23.7125222,0.00286607,4,3,0,1
Zone_DH567,2528368850,90.4014044,23.7186542,0.0,4,1,0,0
Zone_DH567,2484058323,90.4044198,23.720341,0.0,4,1,0,0
Zone_DH567,2528368851,90.400445,23.7186544,0.01805038,4,3,0,1
Zone_DH567,13519878362,90.4019726,23.7009079,0.0,4,1,0,0
Zone_DH567,2528368861,90.4014413,23.7186635,0.00421266,4,3,0,1
Zone_DH567,13519878371,90.4014348,23.7009558,0.00111297,4,2,0,1
Zone_DH567,2426280174,90.3997274,23.718559,0.05581686,3,3,0,0
Zone_DH567,2484058367,90.4041591,23.7203474,0.01190799,4,3,0,1
Zone_DH567,277543170,90.420458,23.7086173,0.00065873,4,2,0,0
Zone_DH567,2426280198,90.4002742,23.7206914,0.00982583,4,3,0,0
Zone_DH567,2484058379,90.4045427,23.720349,0.0,4,1,0,0
Zone_DH567,277543180,90.4180812,23.7104959,0.01645715,4,3,0,0
Zone_DH567,2528368907,90.4006534,23.718689,0.0,4,1,0,0
Zone_DH567,2454984985,90.4048152,23.7210622,0.02614417,3,4,0,1
Zone_DH567,7227406620,90.408371,23.7187181,0.00613866,4,3,0,0
Zone_DH567,2530818332,90.4051667,23.7182914,0.0277343,3,3,0,0
Zone_DH567,2454984989,90.4041072,23.7210845,0.0440799,3,3,0,0
Zone_DH567,2454984990,90.4042233,23.7210561,0.0293771,3,3,0,0
Zone_DH567,2454984992,90.4052042,23.7210823,0.0257172,3,3,0,1
Zone_DH567,395057441,90.4129483,23.713797,0.0270923,3,3,0,0
Zone_DH567,2454984994,90.4054062,23.7211288,0.02787001,3,3,0,1
Zone_DH567,2528368925,90.4021257,23.7186964,0.01054591,4,3,0,0
Zone_DH567,2528368932,90.4035268,23.7186999,0.00328251,4,3,0,0
Zone_DH567,7227406626,90.4088364,23.7185707,0.02110484,3,3,0,0
Zone_DH567,2454985000,90.4054003,23.7212327,0.0,4,1,0,0
Zone_DH567,2454985001,90.4051934,23.7212429,0.0,4,1,0,0
Zone_DH567,2454985003,90.4055484,23.7212911,0.0,4,1,0,0
Zone_DH567,2454985005,90.4058667,23.7213049,0.05489166,3,3,0,1
Zone_DH567,2454985008,90.4052483,23.7213962,0.0,4,1,0,0
Zone_DH567,2454985009,90.4053436,23.7214062,0.02080986,4,3,0,1
Zone_DH567,2454985011,90.4055554,23.7214246,0.02158943,3,3,0,1
Zone_DH567,2454985013,90.4050218,23.7214927,0.0,4,1,0,0
Zone_DH567,2454985014,90.4053278,23.7215199,0.02033518,4,3,0,1
Zone_DH567,2454985015,90.404149,23.72152,0.05988204,3,3,0,0
Zone_DH567,2454985016,90.4045852,23.7215355,0.0,4,1,0,0
Zone_DH567,2454985018,90.4053182,23.7215735,0.01991255,4,3,0,1
Zone_DH567,2528368955,90.4003254,23.7187212,0.04621536,3,3,0,0
Zone_DH567,2454985020,90.40554,23.7215936,0.0,4,1,0,0
Zone_DH567,2454985021,90.4047624,23.7216393,0.0,4,1,0,0
Zone_DH567,2454985022,90.404541,23.7216732,0.04666649,3,3,0,1
Zone_DH567,2454985024,90.4054063,23.7217017,0.0,4,1,0,0
Zone_DH567,2454985026,90.4047233,23.7217464,0.0464967,3,3,0,1
Zone_DH567,2454985027,90.4052873,23.7217542,0.01955809,4,3,0,1
Zone_DH567,2454985028,90.4051438,23.7217782,0.0,4,1,0,0
Zone_DH567,2530818374,90.4048124,23.7185565,0.02238016,3,3,0,0
Zone_DH567,2454985031,90.4055653,23.7217994,0.0,4,1,0,0
Zone_DH567,2454985034,90.4057834,23.7218347,0.03060595,3,3,0,1
Zone_DH567,2454985035,90.404929,23.7218472,0.0369206,3,3,0,1
Zone_DH567,2530818381,90.4051479,23.7185703,0.0166821,4,3,0,0
Zone_DH567,2454985038,90.405116,23.7219416,0.03323406,3,3,0,1
Zone_DH567,2454985039,90.4054476,23.7219467,0.0,4,1,0,0
Zone_DH567,2454985040,90.4052315,23.7219915,0.03730109,3,3,0,0
Zone_DH567,2454985041,90.4055281,23.7219862,0.0,4,1,0,0
Zone_DH567,2454985042,90.4053816,23.7220813,0.01823752,4,3,0,1
Zone_DH567,2454985043,90.4054676,23.7221244,0.01917945,4,3,0,1
Zone_DH567,2454985045,90.405642,23.7225632,0.04046648,3,4,0,0
Zone_DH567,396294487,90.4141862,23.7086721,0.04054704,3,3,0,0
Zone_DH567,2484058456,90.4053351,23.7203555,0.00293548,4,3,0,1
Zone_DH567,394271067,90.409708,23.7104835,0.0,4,1,0,0
Zone_DH567,2530818408,90.405458,23.7186591,0.01346156,4,3,0,1
Zone_DH567,2483165564,90.4064463,23.7174255,0.0564948,3,3,0,0
Zone_DH567,2520045949,90.4060426,23.7126323,0.0,4,1,0,0
Zone_DH567,11341568382,90.4013362,23.7034768,0.07532723,2,3,0,0
Zone_DH567,2483165567,90.4064354,23.7176535,0.00359855,4,3,0,1
Zone_DH567,11341568385,90.4002559,23.7027981,0.01669573,4,3,0,0
Zone_DH567,11341568390,90.4016753,23.7016738,0.0,4,1,0,0
Zone_DH567,2483165576,90.40641,23.7180819,0.0,4,1,0,0
Zone_DH567,2520045976,90.4063099,23.7126533,0.00893719,4,3,0,1
Zone_DH567,11425036280,90.4070825,23.7026826,4.09e-05,4,3,0,0
Zone_DH567,6397917609,90.408585,23.7164726,0.00046353,4,2,0,0
Zone_DH567,373389743,90.4188709,23.7144626,0.0062217,4,2,0,0
Zone_DH567,373389748,90.419196,23.7150315,0.00414512,4,3,0,0
Zone_DH567,401627574,90.4100718,23.7201305,0.03262552,3,4,0,0
Zone_DH567,2520046012,90.4058843,23.7126663,0.0,4,1,0,0
Zone_DH567,2530818494,90.4047894,23.7188005,0.01283381,4,3,0,1
Zone_DH567,373389759,90.4196641,23.7165886,0.00566398,4,3,0,0
Zone_DH567,401627587,90.4117781,23.7204509,0.0358064,3,3,0,0
Zone_DH567,6138976712,90.4180495,23.7104218,0.02790533,3,3,0,0
Zone_DH567,6138976716,90.4114585,23.7137048,0.05611121,3,4,0,0
Zone_DH567,6138976724,90.41161,23.713672,0.04701476,3,3,0,0
Zone_DH567,6138976726,90.4094609,23.7141342,0.05507571,3,4,0,0
Zone_DH567,2530818518,90.4050517,23.7188155,0.0,4,1,0,0
Zone_DH567,6138976728,90.4109101,23.7137724,0.04939314,3,3,0,0
Zone_DH567,6138976729,90.4111731,23.7137364,0.05117661,3,3,0,0
Zone_DH567,6138976732,90.412546,23.7136861,0.03354267,3,4,0,0
Zone_DH567,6138976738,90.4141022,23.7127752,0.03070262,3,3,0,0
Zone_DH567,6138976739,90.4142008,23.7126593,0.03068713,3,3,0,0
Zone_DH567,6138976741,90.4157685,23.7117138,0.02888073,3,3,0,0
Zone_DH567,6138976742,90.4165973,23.7112408,0.04046276,3,4,0,0
Zone_DH567,2520046057,90.4058298,23.7126785,0.0044909,4,3,0,1
Zone_DH567,2484058617,90.4054513,23.7203724,0.0,4,1,0,0
Zone_DH567,2532440593,90.4008341,23.7216902,0.00314555,4,3,0,0
Zone_DH567,373389847,90.4172514,23.7151853,0.00985681,4,3,0,0
Zone_DH567,2520046112,90.4056771,23.712694,0.0047834,4,3,0,0
Zone_DH567,2532440610,90.4011313,23.7218256,0.01066737,4,3,0,0
Zone_DH567,12212910628,90.4081142,23.7148025,0.0,4,1,0,0
Zone_DH567,373389866,90.4149857,23.7153522,0.03121262,3,3,0,0
Zone_DH567,2532440619,90.4010248,23.721843,0.00887646,4,3,0,0
Zone_DH567,373389870,90.4144305,23.7152919,0.04288452,3,3,0,0
Zone_DH567,11425503792,90.4048016,23.7022246,0.05276922,3,3,0,0
Zone_DH567,2532440626,90.4005886,23.7218451,0.01167933,4,3,0,0
Zone_DH567,11425503794,90.4059212,23.70325,0.00218255,4,3,0,0
Zone_DH567,2528369206,90.4011742,23.7189738,0.00631652,4,3,0,0
Zone_DH567,373389880,90.4138439,23.7152193,0.04965217,3,3,0,0
Zone_DH567,373389890,90.413351,23.7152898,0.05325877,3,3,0,0
Zone_DH567,373389898,90.4128706,23.7153989,0.05237323,3,3,0,0
Zone_DH567,2532440651,90.4008059,23.7218568,0.01092144,4,4,0,0
Zone_DH567,3396516431,90.4099502,23.705351,0.0,4,1,0,0
Zone_DH567,4389689939,90.4172625,23.7206404,0.0,4,1,0,0
Zone_DH567,4389689940,90.4171859,23.7201424,0.0019669,4,3,0,1
Zone_DH567,373389910,90.4114685,23.7154099,0.07091812,3,3,0,0
Zone_DH567,11425503830,90.4017788,23.7031516,0.07316636,2,3,0,0
Zone_DH567,2530818651,90.4053609,23.7189422,0.0,4,1,0,0
Zone_DH567,11425503842,90.4011088,23.7011498,0.00523639,4,3,0,0
Zone_DH567,373389923,90.4115317,23.7141092,0.05028053,3,4,0,1
Zone_DH567,2532440675,90.4007791,23.722055,0.00494452,4,3,0,0
Zone_DH567,373389925,90.4116168,23.7137949,0.06368818,3,3,0,0
Zone_DH567,11425503843,90.4020211,23.7029726,0.07244194,2,3,0,0
Zone_DH567,11425503847,90.4015139,23.7020775,0.00151081,4,3,0,0
Zone_DH567,393919083,90.4093518,23.7133081,0.00937407,4,3,0,0
Zone_DH567,2528369260,90.4005732,23.7190138,0.04567313,3,3,0,0
Zone_DH567,393919086,90.4090635,23.7131893,0.00342442,4,3,0,0
Zone_DH567,2532440687,90.4010957,23.7220723,0.01243411,4,3,0,0
Zone_DH567,393919092,90.4089548,23.7118151,0.00453862,4,3,0,0
Zone_DH567,2484058741,90.4052958,23.7203997,0.00697897,4,3,0,0
Zone_DH567,11425503860,90.4032635,23.701788,0.00443513,4,3,0,0
Zone_DH567,11425503861,90.4026243,23.7014343,0.00016608,4,3,0,0
Zone_DH567,11425503865,90.4028988,23.7026865,0.06387719,3,3,0,0
Zone_DH567,393919098,90.4090224,23.7107902,0.0,4,1,0,0
Zone_DH567,11425503867,90.4037062,23.7020019,0.001284,4,3,0,1
Zone_DH567,11425503868,90.4038698,23.7022057,0.0,4,1,0,0
Zone_DH567,4961139325,90.4090154,23.702172,0.00137819,4,3,0,1
Zone_DH567,11425503872,90.4033655,23.701574,0.00318521,4,3,0,1
Zone_DH567,11425503874,90.40355,23.7018058,0.00113775,4,3,0,1
Zone_DH567,2426337923,90.405708,23.7222105,0.0437496,3,3,0,0
Zone_DH567,11425503878,90.4007737,23.7025849,0.00954077,4,3,0,0
Zone_DH567,2520046215,90.4053265,23.7127308,0.0131765,4,3,0,0
Zone_DH567,2426337929,90.4062307,23.7228351,0.0,4,3,0,0
Zone_DH567,2426337931,90.4068117,23.7230854,0.00733157,4,3,0,0
Zone_DH567,2426337932,90.4062354,23.7231125,0.00733157,4,3,0,0
Zone_DH567,11425503885,90.4004936,23.7010953,0.00716983,4,2,0,0
Zone_DH567,11425503883,90.4005081,23.7016966,0.00826111,4,3,0,0
Zone_DH567,11425503888,90.3994675,23.7020199,0.00111297,4,2,0,1
Zone_DH567,401873555,90.4170533,23.7137077,0.00335191,4,3,0,0
Zone_DH567,2530818707,90.405551,23.7190063,0.0,4,1,0,0
Zone_DH567,11425503891,90.4001538,23.7019737,0.00550224,4,3,0,1
Zone_DH567,11425503893,90.3997619,23.7019878,0.00333642,4,3,0,1
Zone_DH567,11425503892,90.3997769,23.7025518,0.0,4,1,0,0
Zone_DH567,401873564,90.4174934,23.7133966,0.00268017,4,3,0,0
Zone_DH567,401873567,90.417453,23.71291,0.00080312,4,3,0,0
Zone_DH567,373389986,90.413931,23.7144855,0.00472825,4,3,0,0
Zone_DH567,401873579,90.4178732,23.7117794,0.01014559,4,3,0,0
Zone_DH567,3988847281,90.4163465,23.7219069,0.0,4,1,0,0
Zone_DH567,3988847283,90.4164016,23.7219624,0.0,4,1,0,0
Zone_DH567,2432400089,90.396697,23.7157598,0.00152444,4,3,0,0
Zone_DH567,2530818777,90.4059324,23.7190457,0.011367,4,3,0,1
Zone_DH567,2424224476,90.4055678,23.7174078,0.0493101,3,3,0,0
Zone_DH567,2530818814,90.4056585,23.7190836,0.00222531,4,3,0,1
Zone_DH567,2492201735,90.3996911,23.7159031,0.01875868,4,3,0,0
Zone_DH567,2492201743,90.3994168,23.71591,0.00552083,4,3,0,0
Zone_DH567,2492070673,90.3984951,23.7174539,0.04173685,3,4,0,0
Zone_DH567,2530818841,90.4056615,23.7191057,0.0,4,1,0,0
Zone_DH567,2484058922,90.404676,23.7204299,0.00444629,4,3,0,1
Zone_DH567,2530818858,90.405964,23.7191535,0.00880768,4,3,0,1
Zone_DH567,2492201775,90.3987242,23.7159474,0.00467495,4,3,0,0
Zone_DH567,2492070708,90.3989364,23.7175753,0.02404155,3,3,0,1
Zone_DH567,2530818876,90.404663,23.7191606,0.01288277,4,4,0,1
Zone_DH567,2492070717,90.3990302,23.7176037,0.02488433,3,3,0,1
Zone_DH567,9944537918,90.4115412,23.7138232,0.07086235,3,3,0,0
Zone_DH567,9944537919,90.4114892,23.7138056,0.02931017,3,3,0,0
Zone_DH567,9944537920,90.4116293,23.713694,0.05626056,3,3,0,0
Zone_DH567,2484058944,90.4047797,23.7204313,0.0,4,1,0,0
Zone_DH567,2520046402,90.4059508,23.7128541,0.0,4,1,0,0
Zone_DH567,2492070731,90.3994731,23.7176404,0.0280429,3,3,0,1
Zone_DH567,2530818902,90.4057569,23.7191727,0.0,4,1,0,0
Zone_DH567,2492201815,90.3977232,23.7159823,0.01359727,4,3,0,0
Zone_DH567,393919322,90.4094985,23.7142461,0.03104035,3,3,0,0
Zone_DH567,2492070746,90.3992289,23.7176501,0.0297297,3,3,0,0
Zone_DH567,2424126313,90.4058517,23.721434,0.05296008,3,3,0,0
Zone_DH567,2492070770,90.3997148,23.7176489,0.04157945,3,3,0,0
Zone_DH567,2520046456,90.4058682,23.7128702,0.00478464,4,3,0,1
Zone_DH567,394230656,90.4089378,23.711373,0.00562308,4,3,0,1
Zone_DH567,393567109,90.4058304,23.7087815,0.00330296,4,3,0,0
Zone_DH567,2492070807,90.3988648,23.7177157,0.0,4,1,0,0
Zone_DH567,5892414363,90.4065069,23.7078218,0.0,4,1,0,0
Zone_DH567,401628076,90.4125381,23.7209186,0.024704,3,3,0,0
Zone_DH567,373390254,90.4114798,23.7162622,0.07287263,2,3,0,0
Zone_DH567,373390264,90.4114519,23.7166078,0.01239631,4,3,0,0
Zone_DH567,11425897402,90.4004385,23.7059955,0.00819542,4,3,0,0
Zone_DH567,2530819004,90.404972,23.7193192,0.0,4,1,0,0
Zone_DH567,373390269,90.4114025,23.717322,0.02579714,3,3,0,0
Zone_DH567,11425897406,90.4024719,23.704133,0.00615788,4,3,0,0
Zone_DH567,11425897405,90.4011254,23.7068539,0.0,4,1,0,0
Zone_DH567,401628097,90.4129102,23.7222117,0.00341078,4,3,0,0
Zone_DH567,11425897410,90.4033129,23.7040076,0.00030985,4,3,0,0
Zone_DH567,11425897411,90.4009199,23.7065922,0.00111297,4,3,0,1
Zone_DH567,2492201924,90.3987817,23.7161314,0.0001698,4,3,0,0
Zone_DH567,11425897409,90.4027388,23.7044324,0.00134721,4,3,0,0
Zone_DH567,11425897425,90.3977276,23.7053817,0.0,4,1,0,0
Zone_DH567,11425897426,90.3982341,23.7051542,0.02387052,3,3,0,1
Zone_DH567,11425897427,90.4076602,23.7016056,0.01520909,4,3,0,0
Zone_DH567,11425897429,90.4080946,23.7012612,0.00011031,4,3,0,0
Zone_DH567,5063498709,90.3955534,23.70584,0.0,4,1,0,0
Zone_DH567,2492070894,90.3989463,23.7177909,0.0,4,1,0,0
Zone_DH567,2492070897,90.4001879,23.7177915,0.01618758,4,3,0,1
Zone_DH567,2520587249,90.4055524,23.7143107,0.04314788,3,3,0,0
Zone_DH567,2492201971,90.3998481,23.7161692,0.06547537,3,3,0,0
Zone_DH567,2492201972,90.3981277,23.7161643,0.0,4,1,0,0
Zone_DH567,2520587253,90.4047904,23.7143619,0.05947862,3,3,0,0
Zone_DH567,373390341,90.4118559,23.7222716,0.00674224,4,5,0,0
Zone_DH567,11425283078,90.4061133,23.7011775,0.00333518,4,3,0,1
Zone_DH567,8779119624,90.4126607,23.7106333,0.0,4,1,0,0
Zone_DH567,2426371082,90.3976785,23.7154636,0.01101874,4,3,0,0
Zone_DH567,2492201996,90.3998166,23.7161846,0.05509368,3,3,0,0
Zone_DH567,393919510,90.408774,23.7140966,0.00917267,4,3,0,0
Zone_DH567,2492070934,90.3984404,23.7178149,0.01565527,4,3,0,1
Zone_DH567,11425283094,90.405926,23.7007296,0.00111297,4,3,0,1
Zone_DH567,11425283102,90.4060807,23.7004707,0.0,4,1,0,0
Zone_DH567,2492202018,90.3977695,23.7162011,0.01037612,4,3,0,1
Zone_DH567,6559489059,90.4115403,23.7117297,0.0273693,3,3,0,0
Zone_DH567,6559489060,90.4116605,23.7117337,0.04028801,3,3,0,0
Zone_DH567,2530819119,90.4059085,23.7194287,0.00823012,4,3,0,0
Zone_DH567,2492070967,90.398653,23.7178327,0.0,4,1,0,0
Zone_DH567,2520046650,90.4058855,23.7129543,0.00470284,4,3,0,0
Zone_DH567,10973412417,90.4017151,23.7010884,0.00117927,4,3,0,1
Zone_DH567,3740851284,90.4201211,23.7088674,0.0,4,1,0,0
Zone_DH567,7039302756,90.4187277,23.7073749,0.0,4,1,0,0
Zone_DH567,7039302758,90.4182999,23.7074548,0.00119167,4,3,0,1
Zone_DH567,2520046694,90.4063724,23.712968,0.00978431,4,3,0,0
Zone_DH567,7039302760,90.417906,23.7074243,0.02250658,3,3,0,0
Zone_DH567,2492071035,90.3984335,23.7179087,0.01469227,4,3,0,1
Zone_DH567,2492071038,90.3987121,23.7179111,0.0,4,1,0,0
Zone_DH567,393362564,90.4040578,23.7110767,0.0039431,4,3,0,0
Zone_DH567,393362565,90.4043931,23.7109507,0.05037411,3,4,0,0
Zone_DH567,2492071045,90.4008027,23.7179153,0.07139652,2,3,0,0
Zone_DH567,2453929096,90.4002701,23.7201737,0.0,4,1,0,0
Zone_DH567,2492071071,90.3989126,23.7179401,0.0,4,1,0,0
Zone_DH567,2426354851,90.4056013,23.72019,0.03297503,3,3,0,0
Zone_DH567,11335171237,90.3983252,23.7065729,0.01522644,4,3,0,0
Zone_DH567,11335171240,90.3980028,23.7060735,0.00041891,4,3,0,0
Zone_DH567,2426354858,90.4079783,23.7225738,0.00946579,4,3,0,0
Zone_DH567,2426354859,90.4068654,23.7226232,0.01260824,4,4,0,0
Zone_DH567,2492071084,90.400166,23.7179511,0.0,4,1,0,0
Zone_DH567,2426354861,90.407995,23.7230505,0.0059825,4,3,0,0
Zone_DH567,2492071083,90.3990092,23.7179509,0.00222531,4,3,0,1
Zone_DH567,2492071090,90.399223,23.7179545,0.00780316,4,3,0,1
Zone_DH567,2492202163,90.3980912,23.7163382,0.0,4,1,0,0
Zone_DH567,2492202180,90.3994858,23.7163639,0.02910134,3,3,0,0
Zone_DH567,1271733445,90.4155632,23.7071396,0.00313564,4,3,0,0
Zone_DH567,2520046796,90.4060665,23.7130031,5.949e-05,4,3,0,0
Zone_DH567,2484059344,90.4050176,23.720475,0.0,4,1,0,0
Zone_DH567,6052240596,90.4002107,23.7136541,0.0,4,1,0,0
Zone_DH567,401874138,90.4155281,23.7154144,0.01887457,4,3,0,0
Zone_DH567,401874140,90.4157685,23.7167626,0.00736999,4,3,0,0
Zone_DH567,2529402088,90.4035868,23.7155761,0.0222618,3,3,0,0
Zone_DH567,2492071149,90.3989153,23.7180208,0.0,4,1,0,0
Zone_DH567,396590318,90.4184932,23.7057031,0.00962443,4,3,0,0
Zone_DH567,2492202226,90.398236,23.7163977,0.0,4,1,0,0
Zone_DH567,396590327,90.4193455,23.7053595,0.00783972,4,3,0,0
Zone_DH567,2492071171,90.3984233,23.7180343,0.01376893,4,3,0,1
Zone_DH567,8786189577,90.4125888,23.7082781,0.00921481,4,3,0,0
Zone_DH567,2479824148,90.4056503,23.7178813,0.02647632,3,3,0,1
Zone_DH567,2492202261,90.3993977,23.7164176,0.02816808,3,3,0,0
Zone_DH567,2520046871,90.4064958,23.7130423,0.0,4,1,0,0
Zone_DH567,2492071193,90.3987438,23.7180418,0.0,4,1,0,0
Zone_DH567,2530819361,90.4056307,23.719571,0.0,4,1,0,0
Zone_DH567,2520046895,90.4063728,23.7130467,0.01125174,4,3,0,1
Zone_DH567,2530819377,90.4058844,23.719574,0.00873021,4,3,0,1
Zone_DH567,2520046917,90.4058609,23.7130499,0.00485714,4,3,0,0
Zone_DH567,11335212363,90.4077421,23.7175272,0.05765115,3,3,0,1
Zone_DH567,11335212368,90.4076517,23.716652,0.0,4,1,0,0
Zone_DH567,6053977436,90.4173169,23.7050627,0.0,4,1,0,0
Zone_DH567,6053977437,90.4167442,23.7045348,0.00231207,4,3,0,0
Zone_DH567,6053977442,90.4155759,23.7044388,0.00182313,4,3,0,0
Zone_DH567,2530819455,90.4051899,23.7196102,0.00111297,4,3,0,1
Zone_DH567,3448167832,90.4081469,23.7021128,0.0065489,4,3,0,1
Zone_DH567,2530819482,90.4049971,23.7196142,0.0,4,1,0,0
Zone_DH567,2454371742,90.3983572,23.7183033,0.02111289,3,4,0,0
Zone_DH567,2454371762,90.3999156,23.7195862,0.02179331,3,3,0,0
Zone_DH567,2976357814,90.4038346,23.7148691,0.0,4,1,0,0
Zone_DH567,2976357817,90.4036094,23.7150078,0.00222531,4,3,0,1
Zone_DH567,2484059578,90.4042769,23.7205146,0.0,4,1,0,0
Zone_DH567,2976357820,90.403794,23.7150661,0.0,4,1,0,0
Zone_DH567,2443951557,90.402916,23.7225098,0.03150946,3,3,0,0
Zone_DH567,2530819529,90.4051969,23.7196578,0.0,4,1,0,0
Zone_DH567,373390798,90.4068226,23.7143971,0.16836896,1,4,0,0
Zone_DH567,2484059601,90.4053621,23.7205178,0.0,4,1,0,0
Zone_DH567,2529402328,90.4025906,23.7159566,0.06746706,3,3,0,0
Zone_DH567,2454371809,90.3983465,23.720014,0.01130503,4,3,0,1
Zone_DH567,2492071400,90.4001268,23.7182985,0.0,4,1,0,0
Zone_DH567,3654860265,90.4061151,23.7165371,0.0568567,3,3,0,0
Zone_DH567,2443951597,90.4018879,23.7231359,0.00901403,4,3,0,0
Zone_DH567,401604089,90.4161019,23.714518,0.01072314,4,3,0,0
Zone_DH567,401604091,90.4160039,23.7144016,0.01255619,4,3,0,0
Zone_DH567,2443951616,90.4018037,23.723346,0.00741461,4,3,0,0
Zone_DH567,2530819593,90.4051948,23.7197457,0.0,4,1,0,0
Zone_DH567,401628682,90.4135623,23.7209435,0.02260697,3,3,0,0
Zone_DH567,2443951628,90.4025439,23.7234897,0.01092888,4,3,0,0
Zone_DH567,9889455634,90.4099797,23.7202236,0.00461422,4,3,0,0
Zone_DH567,401604115,90.4171605,23.7140986,0.00301728,4,3,0,0
Zone_DH567,401628693,90.4142201,23.7221978,0.00395673,4,3,0,0
Zone_DH567,2426658330,90.3980765,23.7207835,0.00363139,4,3,0,0
Zone_DH567,393575967,90.4141442,23.7066422,0.00658236,4,3,0,0
Zone_DH567,2530819617,90.4056194,23.7197593,0.0,4,1,0,0
Zone_DH567,393567778,90.4169411,23.7017561,0.00122079,4,2,0,0
Zone_DH567,2484059684,90.4041588,23.7205422,0.01044676,4,3,0,1
Zone_DH567,2520047144,90.4061266,23.7132507,0.0,4,1,0,0
Zone_DH567,2492202544,90.3999537,23.7165632,0.02601589,3,3,0,1
Zone_DH567,401604145,90.4187768,23.7135625,0.00826607,4,3,0,0
Zone_DH567,6711721537,90.4143053,23.7152798,0.04462709,3,3,0,1
Zone_DH567,395075147,90.4144641,23.7105035,0.01553505,4,3,0,0
Zone_DH567,4987944523,90.4010069,23.7079898,0.00477968,4,3,0,0
Zone_DH567,4987944524,90.401199,23.7078774,0.00343495,4,3,0,0
Zone_DH567,4987944525,90.4021704,23.7072984,0.0024893,4,3,0,1
Zone_DH567,395075153,90.4152106,23.7106125,0.0121379,4,4,0,0
Zone_DH567,6711721553,90.4148482,23.7167727,0.0,4,1,0,0
Zone_DH567,401702484,90.4111599,23.720821,0.0,4,1,0,0
Zone_DH567,395075160,90.4162032,23.71066,0.01567758,4,3,0,0
Zone_DH567,2492071526,90.3991218,23.7184189,0.01521157,4,3,0,0
Zone_DH567,2492071531,90.4002906,23.7184442,0.03535464,3,3,0,1
Zone_DH567,11330690674,90.4139682,23.7207672,0.00703908,4,3,0,0
Zone_DH567,2492202614,90.3980925,23.716577,0.00222531,4,3,0,1
Zone_DH567,1200103033,90.4018955,23.7174114,0.07339441,2,3,0,0
Zone_DH567,393354875,90.4040144,23.710562,0.04673528,3,3,0,0
Zone_DH567,11478105723,90.3980757,23.7032132,0.17051681,1,2,0,0
Zone_DH567,2520047230,90.4067078,23.7133167,0.07806874,2,3,0,0
Zone_DH567,11330690688,90.41589,23.7205108,0.00022681,4,3,0,0
Zone_DH567,2530819713,90.4046584,23.7198152,0.01197306,4,3,0,1
Zone_DH567,373390986,90.4087391,23.7175233,0.09622757,2,4,0,0
Zone_DH567,2520047245,90.4058657,23.7133227,0.01633755,4,3,0,0
Zone_DH567,2484059818,90.4046504,23.7205692,0.00222531,4,3,0,1
Zone_DH567,2454494910,90.4004981,23.720958,0.00338909,4,3,0,1
Zone_DH567,2530819776,90.4051967,23.719872,0.0,4,1,0,0
Zone_DH567,2484059856,90.4047563,23.720575,0.0,4,1,0,0
Zone_DH567,2454494928,90.4007145,23.7210088,0.0,4,1,0,0
Zone_DH567,2541190865,90.4056433,23.7150624,0.00877731,4,3,0,1
Zone_DH567,2575990483,90.4051653,23.7203774,0.00689531,4,3,0,1
Zone_DH567,2530819793,90.4055965,23.7199085,0.00222531,4,3,0,1
Zone_DH567,2575990486,90.4055065,23.7207729,0.00199045,4,3,0,1
Zone_DH567,2530819800,90.4056972,23.7199178,0.01091401,4,3,0,1
Zone_DH567,2492202720,90.399777,23.7166096,0.0,4,1,0,0
Zone_DH567,2530819811,90.4051846,23.7199709,0.00222531,4,3,0,1
Zone_DH567,2490810089,90.4051437,23.7179558,0.0,4,1,0,0
Zone_DH567,2484059888,90.4057595,23.7205887,0.0,4,1,0,0
Zone_DH567,2530819836,90.4051772,23.7200232,0.0,4,1,0,0
Zone_DH567,12969541374,90.4117076,23.7074885,0.0,4,1,0,0
Zone_DH567,1197629190,90.3982191,23.7217042,0.00058871,4,2,0,0
Zone_DH567,7963893511,90.4058729,23.7207888,0.07904414,2,3,0,0
Zone_DH567,3448037140,90.4087997,23.7019277,0.00353906,4,4,0,1
Zone_DH567,1197629205,90.3975548,23.7216421,0.00111297,4,3,0,1
Zone_DH567,3448037142,90.4094186,23.7012302,0.0,4,1,0,0
Zone_DH567,2530819870,90.4053469,23.7201786,0.02659468,3,3,0,1
Zone_DH567,2520047392,90.4063641,23.7133946,0.02994659,3,3,0,0
Zone_DH567,4875837217,90.4138765,23.7030176,0.00333332,4,2,0,0
Zone_DH567,11461582625,90.3993902,23.7115663,0.0,4,1,0,0
Zone_DH567,2457624368,90.4052631,23.7215134,0.0,4,1,0,0
Zone_DH567,2457624369,90.4052536,23.7215658,0.0,4,1,0,0
Zone_DH567,2520047408,90.406236,23.7134006,0.01767484,4,3,0,1
Zone_DH567,2492202804,90.3979892,23.7166394,0.01952586,4,3,0,1
Zone_DH567,11335393079,90.3961276,23.7086626,0.00658484,4,3,0,0
Zone_DH567,11335393081,90.3974879,23.7076206,0.00726588,4,3,0,0
Zone_DH567,401874750,90.4179244,23.7166643,0.00442088,4,3,0,0
Zone_DH567,401874754,90.4179733,23.71792,0.00345912,4,3,0,0
Zone_DH567,2541190996,90.4059801,23.7152767,0.00222097,4,3,0,0
Zone_DH567,393576277,90.4145318,23.7066161,0.0069486,4,3,0,0
Zone_DH567,393912153,90.4110142,23.7095531,0.0,4,1,0,0
Zone_DH567,387817321,90.4170264,23.7213734,0.01425848,4,4,0,0
Zone_DH567,11482496875,90.407402,23.7091176,0.00157402,4,3,0,0
Zone_DH567,11482496876,90.4075414,23.7091029,0.00420523,4,3,0,0
Zone_DH567,11482496878,90.4120075,23.7088052,0.00112536,4,3,0,0
Zone_DH567,11335393144,90.3963922,23.7070685,0.0,4,1,0,0
Zone_DH567,11482496889,90.4121497,23.7098463,0.06535329,3,3,0,0
Zone_DH567,11335393145,90.3969475,23.7067417,0.00849225,4,3,0,1
Zone_DH567,2513190784,90.4014636,23.7210146,0.01382842,4,3,0,0
Zone_DH567,401620870,90.4158157,23.7197543,0.00536591,4,3,0,0
Zone_DH567,401620879,90.4158407,23.7214355,0.0125785,4,3,0,0
Zone_DH567,2518613903,90.4050961,23.7114147,0.01752488,4,3,0,1
Zone_DH567,2518613919,90.4049361,23.7115055,0.0,4,1,0,0
Zone_DH567,12684648353,90.40645,23.7008325,0.0,4,2,0,0
Zone_DH567,13204152233,90.3988134,23.70437,0.17650055,1,4,1,0
Zone_DH567,401620906,90.4155195,23.7190046,0.00263493,4,3,0,0
Zone_DH567,13204152239,90.4007816,23.707251,0.00499224,4,3,0,1
Zone_DH567,396591025,90.4186994,23.7059643,0.00509386,4,3,0,0
Zone_DH567,2506055616,90.4019989,23.7216195,0.04025392,3,3,0,0
Zone_DH567,2538250180,90.4045989,23.7154884,0.00364565,4,3,0,1
Zone_DH567,2506055621,90.4016468,23.721689,0.0,4,1,0,0
Zone_DH567,2506055623,90.4017031,23.7216753,0.01941742,4,3,0,1
Zone_DH567,401719240,90.4098067,23.7214254,0.00915346,4,3,0,0
Zone_DH567,2508996562,90.4048401,23.715503,0.02469967,3,3,0,0
Zone_DH567,401719257,90.4089932,23.7216546,0.0089248,4,3,0,0
Zone_DH567,2508996570,90.404204,23.7159506,0.04637338,3,3,0,0
Zone_DH567,2506055641,90.4012934,23.7225378,0.00325462,4,3,0,1
Zone_DH567,2506055644,90.4012406,23.7225696,0.0,4,1,0,0
Zone_DH567,2313101277,90.3974457,23.7083544,0.00203569,4,3,0,0
Zone_DH567,2506055646,90.401371,23.722588,0.00895764,4,3,0,0
Zone_DH567,2506686431,90.402201,23.7173743,0.07529191,2,3,0,0
Zone_DH567,401719264,90.4085982,23.7217011,0.00915532,4,3,0,0
Zone_DH567,401719268,90.4084836,23.7216881,0.01113896,4,3,0,0
Zone_DH567,2492202982,90.3989203,23.7166883,0.00356013,4,3,0,0
Zone_DH567,2313101287,90.3963426,23.7088899,0.00605129,4,4,0,0
Zone_DH567,4875837425,90.4089953,23.7006899,0.0,4,1,0,0
Zone_DH567,4875837429,90.4090423,23.7009871,0.0,4,1,0,0
Zone_DH567,4875837431,90.4087972,23.7012334,0.00437936,4,4,0,1
Zone_DH567,4974993400,90.4131016,23.7070221,7.374e-05,4,3,0,0
Zone_DH567,4875837434,90.408601,23.700669,0.0,4,1,0,0
Zone_DH567,401719291,90.4074045,23.7215957,0.00958725,4,3,0,0
Zone_DH567,4875837436,90.408061,23.7012309,9.667e-05,4,3,0,0
