zone_id,node_id,lon,lat,bc,tier,degree,is_master,is_art_pt
Zone_DH532,3735412743,90.4083626,23.7100035,0.00792059,4,3,0,0
Zone_DH532,2538250260,90.4048651,23.7155185,0.05524184,3,3,0,0
Zone_DH532,401719321,90.4060919,23.7212174,0.00310005,4,3,0,0
Zone_DH532,2541191195,90.4063364,23.7153669,0.0,4,1,0,0
Zone_DH532,2541191199,90.4055817,23.7153775,0.00688857,4,3,0,1
Zone_DH532,2541191208,90.4063147,23.7153677,0.00115141,4,3,0,1
Zone_DH532,5604966448,90.3923655,23.7174557,0.00377591,4,3,0,0
Zone_DH532,5604966455,90.3926575,23.7166522,0.02537348,3,3,0,0
Zone_DH532,2538250297,90.4042929,23.7155556,0.02622908,3,3,0,1
Zone_DH532,2375819330,90.3955494,23.7216917,0.01049999,4,3,0,1
Zone_DH532,2375819332,90.3966598,23.7216051,0.0,4,1,0,0
Zone_DH532,2375819334,90.3960049,23.7216598,0.00689453,4,3,0,1
Zone_DH532,2375819336,90.3954588,23.7209816,0.0,4,1,0,0
Zone_DH532,2375819337,90.3963488,23.7216268,0.00230216,4,3,0,1
Zone_DH532,2375819339,90.3963452,23.7213218,0.0,4,1,0,0
Zone_DH532,4761272404,90.3937547,23.7219396,0.0,4,1,0,0
Zone_DH532,4761272410,90.3932039,23.7218635,0.0083338,4,3,0,1
Zone_DH532,394215531,90.4077538,23.7099112,0.00605751,4,3,0,0
Zone_DH532,2484060268,90.40595,23.7206442,0.05083782,3,3,0,1
Zone_DH532,2492203123,90.3992149,23.7167186,0.0524303,3,3,0,0
Zone_DH532,4976541813,90.399283,23.7070244,0.00825155,4,3,0,0
Zone_DH532,2492203129,90.3992088,23.7167303,0.02832762,3,3,0,1
Zone_DH532,366002298,90.4102762,23.7055277,0.00123233,4,3,0,1
Zone_DH532,4976541824,90.4000822,23.706291,0.02587689,3,4,0,0
Zone_DH532,4976541827,90.3995662,23.706733,0.00981816,4,4,0,1
Zone_DH532,4976541828,90.3978502,23.7081176,0.00619812,4,4,0,0
Zone_DH532,4976541835,90.3956989,23.7092223,0.00329439,4,3,0,0
Zone_DH532,366002318,90.4105504,23.706641,0.0028321,4,3,0,1
Zone_DH532,2538250410,90.4045977,23.7156446,0.0,4,1,0,0
Zone_DH532,2518614192,90.4043732,23.7119965,0.00362601,4,3,0,0
Zone_DH532,2504548537,90.4036786,23.717507,0.06145919,3,3,0,0
Zone_DH532,2504548544,90.403799,23.7175063,0.04578647,3,3,0,0
Zone_DH532,2504548548,90.4043293,23.7175373,0.04009442,3,3,0,1
Zone_DH532,1806229718,90.3905946,23.7203739,0.01525354,4,3,0,0
Zone_DH532,1806229719,90.3929549,23.7225431,0.01180859,4,3,0,0
Zone_DH532,1806229720,90.3917671,23.7222244,0.01086213,4,3,0,0
Zone_DH532,2538250461,90.4044757,23.7157066,0.0,4,1,0,0
Zone_DH532,2518614240,90.4044953,23.7121342,0.0,4,1,0,0
Zone_DH532,2492203244,90.3994759,23.7167884,0.0,4,1,0,0
Zone_DH532,2518614253,90.4051243,23.7123193,0.01031361,4,3,0,1
Zone_DH532,2571223282,90.3967265,23.7164474,0.09090903,2,3,0,0
Zone_DH532,2518614264,90.4046306,23.7124664,0.0,4,1,0,0
Zone_DH532,2518614273,90.404814,23.7127253,0.0,4,1,0,0
Zone_DH532,2546426119,90.4019677,23.7213245,0.04006656,3,3,0,0
Zone_DH532,2426355981,90.4038578,23.7187388,0.07460556,3,3,0,0
Zone_DH532,2484568336,90.4069613,23.7174619,0.06091134,3,4,0,0
Zone_DH532,10116391185,90.3939726,23.7018453,0.0,4,1,0,0
Zone_DH532,4501111058,90.4018938,23.7158026,0.06459705,3,3,0,1
Zone_DH532,2492203307,90.398245,23.716824,0.06385088,3,3,0,0
Zone_DH532,2484060460,90.4046459,23.7206656,0.0,4,1,0,0
Zone_DH532,2452554037,90.4008716,23.7215401,0.0,4,1,0,0
Zone_DH532,2442813768,90.4029675,23.7223966,0.03054687,3,3,0,0
Zone_DH532,2492203338,90.3999459,23.7168466,0.02646321,3,3,0,1
Zone_DH532,2525528410,90.4007164,23.7233993,0.00763605,4,3,0,0
Zone_DH532,2526069082,90.39946,23.7145048,0.01048606,4,3,0,0
Zone_DH532,2546426204,90.4010013,23.7214215,0.01545119,4,3,0,0
Zone_DH532,2526069086,90.4001003,23.7147603,0.01262572,4,3,0,1
Zone_DH532,2526069087,90.3982837,23.7147571,0.00581741,4,3,0,1
Zone_DH532,1392394596,90.3876007,23.7150569,0.00800151,4,3,0,0
Zone_DH532,2526069092,90.399901,23.7148111,0.00230216,4,3,0,1
Zone_DH532,1392394598,90.3876163,23.7137415,0.00780651,4,3,0,0
Zone_DH532,2526069094,90.3998504,23.7148166,0.0,4,1,0,0
Zone_DH532,2526069098,90.3994279,23.7149,0.01399401,4,3,0,0
Zone_DH532,2526069100,90.3989947,23.7149418,0.00677979,4,3,0,1
Zone_DH532,1392394610,90.3859651,23.716808,0.00115141,4,2,0,1
Zone_DH532,2526069106,90.3986938,23.7149568,0.00536308,4,3,0,1
Zone_DH532,2526069107,90.3985477,23.7149682,0.00489747,4,3,0,1
Zone_DH532,2526069110,90.3999484,23.7149681,0.0,4,1,0,0
Zone_DH532,2452554103,90.4008927,23.7216561,0.00393907,4,3,0,1
Zone_DH532,2526069111,90.3983988,23.714976,0.0,4,1,0,0
Zone_DH532,2492203385,90.3996322,23.7168561,0.0,4,1,0,0
Zone_DH532,2526069116,90.4002249,23.71512,0.05743721,3,3,0,1
Zone_DH532,2526069119,90.3998452,23.7151267,0.0,4,1,0,0
Zone_DH532,2529403264,90.4028692,23.716512,0.00569869,4,3,0,1
Zone_DH532,1392394626,90.3897155,23.7171483,0.00395167,4,3,0,0
Zone_DH532,2526069123,90.3994389,23.7152437,0.01144115,4,2,0,0
Zone_DH532,2526069124,90.3982816,23.7152363,0.0,4,1,0,0
Zone_DH532,2526069127,90.3986845,23.7152474,0.0,4,1,0,0
Zone_DH532,2526069128,90.399564,23.7152977,0.01232792,4,3,0,1
Zone_DH532,2526069130,90.399795,23.7153025,0.0,4,1,0,0
Zone_DH532,2526069133,90.3998537,23.7153612,0.0,4,1,0,0
Zone_DH532,2526069134,90.3989435,23.7154973,0.0,4,1,0,0
Zone_DH532,2526069139,90.3997113,23.7156441,0.01296862,4,3,0,1
Zone_DH532,2525528468,90.402075,23.7235171,0.00685209,4,3,0,0
Zone_DH532,1778188695,90.3980177,23.7142583,0.09732337,2,3,0,0
Zone_DH532,1778188697,90.3921408,23.7160674,0.03296576,3,3,0,0
Zone_DH532,1392394659,90.3872779,23.7150455,0.0068753,4,3,0,0
Zone_DH532,1392394663,90.3870141,23.7125164,0.00364061,4,3,0,0
Zone_DH532,11671552425,90.3999168,23.7064155,0.01600567,4,4,0,0
Zone_DH532,2529403318,90.4029765,23.7165302,0.0041659,4,3,0,0
Zone_DH532,1392394680,90.3897713,23.7179594,0.00365785,4,3,0,0
Zone_DH532,1392394681,90.3869624,23.7144014,0.00124493,4,3,0,0
Zone_DH532,2426380730,90.4047567,23.7136115,0.08927145,2,3,0,0
Zone_DH532,2426380735,90.4047151,23.713819,0.06813418,3,3,0,0
Zone_DH532,1392394690,90.3870737,23.7137516,0.00672076,4,3,0,0
Zone_DH532,2426380741,90.4033575,23.7144575,0.00038005,4,2,0,0
Zone_DH532,2492203462,90.3998506,23.7168932,0.02453048,3,3,0,1
Zone_DH532,2426380744,90.4048273,23.7144959,0.08135352,2,3,0,0
Zone_DH532,1392394699,90.3855752,23.7134789,0.00089672,4,2,0,0
Zone_DH532,1392394701,90.3900566,23.7189317,0.0037381,4,3,0,0
Zone_DH532,2426380751,90.4029013,23.7145775,0.07470505,3,3,0,0
Zone_DH532,2426380753,90.4037637,23.7146068,0.03737508,3,3,0,0
Zone_DH532,1392394707,90.3890953,23.7167711,0.00631419,4,3,0,0
Zone_DH532,1392394711,90.3869412,23.7150069,0.00398218,4,2,0,0
Zone_DH532,2492203479,90.3998287,23.7169028,0.0240158,3,3,0,1
Zone_DH532,2532458970,90.4010747,23.7222921,0.00951837,4,3,0,0
Zone_DH532,2426380763,90.4033299,23.7150371,0.03998366,3,3,0,1
Zone_DH532,2532458973,90.4007985,23.7223236,0.00371887,4,3,0,0
Zone_DH532,2426380766,90.4031323,23.715086,0.04497929,3,3,0,0
Zone_DH532,9143255518,90.3901214,23.7230735,0.0,4,1,0,0
Zone_DH532,2532458977,90.4009781,23.7225263,0.0,4,1,0,0
Zone_DH532,2532458979,90.400969,23.7226027,0.00405514,4,3,0,1
Zone_DH532,4908532200,90.4062298,23.7230819,1.33e-06,4,3,0,0
Zone_DH532,4908532201,90.405645,23.7230919,0.00115008,4,3,0,0
Zone_DH532,1392394742,90.3886449,23.7149068,0.01104784,4,4,0,0
Zone_DH532,1392394745,90.3885536,23.7138141,0.01294873,4,3,0,0
Zone_DH532,1392394746,90.3881192,23.7213976,0.0,4,1,0,0
Zone_DH532,6112297466,90.3960484,23.7209597,0.0,4,1,0,0
Zone_DH532,1392394748,90.3914853,23.7144567,0.02471089,3,3,0,0
Zone_DH532,6557049341,90.4057018,23.7139459,0.05333896,3,4,0,0
Zone_DH532,394215934,90.4090658,23.7085004,0.01914154,3,3,0,0
Zone_DH532,6557049340,90.4057254,23.7138797,0.03383926,3,4,0,0
Zone_DH532,6557049339,90.4057476,23.7138201,0.00852747,4,3,0,0
Zone_DH532,394215938,90.4093007,23.7091473,0.00208196,4,3,0,0
Zone_DH532,2525528580,90.4020905,23.7236238,3.582e-05,4,3,0,0
Zone_DH532,1392394756,90.3855129,23.7136861,0.00042846,4,3,0,0
Zone_DH532,1392394760,90.3863306,23.7173534,0.00230149,4,3,0,1
Zone_DH532,2450358799,90.401588,23.7225844,0.00230216,4,3,0,1
Zone_DH532,2492203535,90.3996429,23.7169372,0.0,4,1,0,0
Zone_DH532,2538250770,90.4042662,23.715994,0.04114303,3,2,0,0
Zone_DH532,1392394778,90.3869709,23.713986,0.00135967,4,3,0,0
Zone_DH532,2480382491,90.4038773,23.7197519,0.05777414,3,3,0,0
Zone_DH532,2426200606,90.3964108,23.7210596,0.0,4,1,0,0
Zone_DH532,1392394787,90.3869426,23.7147032,0.00252965,4,3,0,0
Zone_DH532,2538250789,90.4048084,23.7160068,0.05465685,3,3,0,0
Zone_DH532,2538250792,90.4050054,23.7160076,0.01605541,4,3,0,0
Zone_DH532,1392394793,90.3889111,23.711997,0.01503334,4,3,0,0
Zone_DH532,2450358825,90.40275,23.722597,0.02403238,3,3,0,0
Zone_DH532,4124533291,90.3998305,23.7220332,0.0,4,1,0,0
Zone_DH532,373391924,90.3962314,23.7153807,0.09962752,2,3,0,0
Zone_DH532,394215993,90.4096425,23.7099604,0.00420172,4,3,0,0
Zone_DH532,1392394809,90.3869464,23.7148906,0.00311995,4,2,0,0
Zone_DH532,2492203580,90.399025,23.7169941,0.0275463,3,3,0,1
Zone_DH532,3895140930,90.405546,23.7221525,0.01413462,4,3,0,1
Zone_DH532,1392394825,90.3872648,23.7128832,0.00016449,4,3,0,0
Zone_DH532,373391956,90.40281,23.7137979,0.0840072,2,4,0,0
Zone_DH532,2541191765,90.4060818,23.7157721,3.98e-06,4,3,0,0
Zone_DH532,373391961,90.4029656,23.7151132,0.11349684,2,3,0,0
Zone_DH532,2450358873,90.4017477,23.7226236,0.0,4,1,0,0
Zone_DH532,2529403483,90.4032173,23.716592,0.00398285,4,3,0,1
Zone_DH532,373391969,90.4025945,23.7156973,0.12545532,1,4,0,0
Zone_DH532,2492203619,90.3992378,23.7170236,0.0,4,1,0,0
Zone_DH532,4981482087,90.4091271,23.7132929,0.00245603,4,3,0,0
Zone_DH532,4981482091,90.4089893,23.7133294,0.0,4,1,0,0
Zone_DH532,4981482092,90.408991,23.7134987,0.00348408,4,3,0,1
Zone_DH532,5892416110,90.4066808,23.7081757,0.00157656,4,3,0,1
Zone_DH532,2538250863,90.4043643,23.7160383,0.0805596,2,3,0,0
Zone_DH532,394216059,90.4089687,23.7093855,0.00308148,4,3,0,0
Zone_DH532,394216064,90.4091221,23.7099585,0.00609266,4,3,0,0
Zone_DH532,5892416130,90.4063381,23.7083037,0.0010108,4,3,0,0
Zone_DH532,5892416133,90.4053717,23.7085616,0.0,4,1,0,0
Zone_DH532,5892416134,90.4057137,23.708483,0.00115141,4,3,0,1
Zone_DH532,2529403527,90.4035354,23.7166323,0.0,4,1,0,0
Zone_DH532,2541191819,90.4057605,23.7158163,0.00230017,4,3,0,1
Zone_DH532,2450358927,90.401385,23.7226971,0.0,4,1,0,0
Zone_DH532,387097233,90.3858462,23.7188038,0.00230083,4,2,0,0
Zone_DH532,2450358931,90.4020304,23.7227037,0.0,4,1,0,0
Zone_DH532,393372308,90.4078902,23.7084628,0.00029515,4,4,0,0
Zone_DH532,2452538007,90.4036917,23.7210012,0.04498792,3,3,0,1
Zone_DH532,2484060829,90.4043046,23.720705,0.0,4,1,0,0
Zone_DH532,11335090845,90.4001089,23.7074099,0.0,4,1,0,0
Zone_DH532,373392033,90.4046866,23.7113417,0.08121224,2,3,0,0
Zone_DH532,401711777,90.4002156,23.7184757,0.09282252,2,3,0,0
Zone_DH532,373392035,90.4040742,23.711424,0.05363477,3,3,0,0
Zone_DH532,373392036,90.4038087,23.7114455,0.05806399,3,3,0,0
Zone_DH532,2538250917,90.4048772,23.7160607,0.01692494,4,4,0,1
Zone_DH532,11335475885,90.3918695,23.7084114,0.00364724,4,3,0,0
Zone_DH532,373392046,90.40201,23.7117749,0.1418669,1,3,0,0
Zone_DH532,2492203696,90.398939,23.7170755,0.02732477,3,3,0,1
Zone_DH532,2513576627,90.4035288,23.7196445,0.07806245,2,3,0,0
Zone_DH532,2452538036,90.4036725,23.7212015,0.0,4,1,0,0
Zone_DH532,2450358965,90.4018177,23.7227342,0.0,4,1,0,0
Zone_DH532,2452538038,90.4033031,23.7212324,0.0,4,1,0,0
Zone_DH532,2484060853,90.4043036,23.7207054,0.00230216,4,3,0,1
Zone_DH532,373392058,90.3993278,23.7134122,0.11090816,2,3,0,0
Zone_DH532,11335475901,90.3915238,23.706695,0.00235588,4,3,0,0
Zone_DH532,2450358974,90.4014761,23.7227475,0.0,4,1,0,0
Zone_DH532,2452538047,90.4037881,23.7213695,0.0,4,1,0,0
Zone_DH532,2452538048,90.4030071,23.7214032,0.01815594,4,2,0,0
Zone_DH532,2484060864,90.4041845,23.7206997,0.01072085,4,3,0,1
Zone_DH532,11335475905,90.3916973,23.7065953,0.00160906,4,3,0,1
Zone_DH532,11335475904,90.392038,23.7066772,0.00098427,4,3,0,0
Zone_DH532,11335475906,90.3916616,23.7067209,0.00018372,4,3,0,0
Zone_DH532,2492203718,90.3994825,23.7170878,0.0,4,1,0,0
Zone_DH532,11335475907,90.3917237,23.7065076,0.0,4,1,0,0
Zone_DH532,2492203722,90.3989158,23.7170965,0.02745212,3,3,0,1
Zone_DH532,373392075,90.3959044,23.7155484,0.0849278,2,3,0,0
Zone_DH532,1121485521,90.3947236,23.7229317,0.0,4,1,0,0
Zone_DH532,2492203733,90.3997411,23.7171171,0.0238407,3,3,0,1
Zone_DH532,373392102,90.3929757,23.7159625,0.01268342,4,3,0,0
Zone_DH532,2538250983,90.4049826,23.7161138,0.0294127,3,3,0,0
Zone_DH532,2492203761,90.3991717,23.7171397,0.0,4,1,0,0
Zone_DH532,373392116,90.3919519,23.7160831,0.03288948,3,3,0,0
Zone_DH532,373392131,90.3896894,23.7169438,0.00972066,4,3,0,0
Zone_DH532,2492203790,90.3997005,23.7171802,0.02400916,3,3,0,1
Zone_DH532,387097362,90.3906162,23.7214476,0.00375203,4,3,0,0
Zone_DH532,2492203797,90.3994938,23.7171851,0.0,4,1,0,0
Zone_DH532,387097369,90.3905176,23.7197669,0.07847366,2,3,0,0
Zone_DH532,387097370,90.3908593,23.7192676,0.0680022,3,3,0,0
Zone_DH532,387097371,90.3911041,23.7189195,0.07094241,3,3,0,0
Zone_DH532,387097374,90.3915274,23.7186677,0.07263172,3,3,0,0
Zone_DH532,2450359071,90.401444,23.7228766,0.0,4,1,0,0
Zone_DH532,387097376,90.3923574,23.7187045,0.07368695,3,3,0,0
Zone_DH532,2492203828,90.3991331,23.7172067,0.0,4,1,0,0
Zone_DH532,2484060983,90.4051509,23.7207272,0.0,4,1,0,0
Zone_DH532,387097404,90.3914139,23.7137246,0.0065775,4,3,0,0
Zone_DH532,393921351,90.4053798,23.7128889,0.0130628,4,3,0,0
Zone_DH532,393921355,90.4051387,23.7123808,0.01004964,4,3,0,1
Zone_DH532,2492203855,90.3996859,23.7172734,0.02419355,3,3,0,1
Zone_DH532,2450359122,90.4021578,23.7229773,0.01753646,4,3,0,1
Zone_DH532,2484061013,90.4049512,23.7207331,0.0,4,1,0,0
Zone_DH532,393921368,90.4050074,23.7112201,0.08054037,2,3,0,0
Zone_DH532,11339203419,90.3901962,23.7068677,0.00443983,4,3,0,0
Zone_DH532,2426446684,90.4018448,23.7108049,0.0,4,1,0,0
Zone_DH532,11339203420,90.3904777,23.7066471,0.00737738,4,3,0,0
Zone_DH532,11339203422,90.3897657,23.7076377,0.00186574,4,3,0,0
Zone_DH532,11339203421,90.3904513,23.7069419,0.00028719,4,3,0,0
Zone_DH532,11339203423,90.3907644,23.7080005,0.00259996,4,3,0,0
Zone_DH532,2426446693,90.4017592,23.7110149,0.00115141,4,3,0,1
Zone_DH532,11339203430,90.3967349,23.7018866,0.00509181,4,3,0,0
Zone_DH532,1778189159,90.3944849,23.7113565,0.02186221,3,3,0,0
Zone_DH532,2492203880,90.39943,23.7172847,0.0,4,1,0,0
Zone_DH532,2541192039,90.4054624,23.7159834,0.0,4,1,0,0
Zone_DH532,11339203437,90.397513,23.7017955,0.01612704,4,4,0,0
Zone_DH532,11339203438,90.3968745,23.7029732,0.00256282,4,3,0,0
Zone_DH532,11339203439,90.3977709,23.702823,0.01466656,4,3,0,0
Zone_DH532,2426446704,90.3992428,23.7111218,0.02307862,3,3,0,1
Zone_DH532,11339203440,90.3969052,23.7033783,0.05274733,3,4,0,0
Zone_DH532,11339203442,90.3979293,23.7031507,0.06775082,3,3,0,0
Zone_DH532,11339203443,90.3972685,23.7029067,0.00293756,4,3,0,0
Zone_DH532,11339203445,90.396779,23.7022297,0.00210252,4,3,0,0
Zone_DH532,2426446712,90.3959825,23.7113939,0.02064049,3,3,0,0
Zone_DH532,11339203449,90.3949937,23.7031091,0.03374972,3,4,0,0
Zone_DH532,2552546170,90.4051426,23.7186406,0.01704963,4,3,0,0
Zone_DH532,11339203448,90.3968413,23.7027146,0.00268685,4,3,0,0
Zone_DH532,11339203450,90.3966047,23.7029669,0.00072759,4,3,0,0
Zone_DH532,11339203452,90.3952693,23.7041399,0.00524767,4,3,0,0
Zone_DH532,11339203454,90.3961039,23.7037595,4.444e-05,4,3,0,0
Zone_DH532,2426446719,90.3991308,23.7118502,0.0,4,1,0,0
Zone_DH532,11339203455,90.3960961,23.7035605,0.00106585,4,3,0,0
Zone_DH532,2426446721,90.3984319,23.7114374,0.02475068,3,3,0,0
Zone_DH532,387097474,90.4037697,23.7187369,0.09231181,2,3,0,0
Zone_DH532,11339203458,90.3966195,23.7032477,0.03657917,3,3,0,0
Zone_DH532,11339203460,90.3949838,23.703348,0.03430421,3,3,0,0
Zone_DH532,11339203461,90.3965811,23.702735,0.00069045,4,3,0,0
Zone_DH532,11339203462,90.3966375,23.7033934,0.04747512,3,3,0,0
Zone_DH532,2484061063,90.404389,23.7207591,0.0,4,1,0,0
Zone_DH532,11339203464,90.3969421,23.7037681,0.00420172,4,3,0,0
Zone_DH532,11339203463,90.3966479,23.7037842,0.0063248,4,4,0,0
Zone_DH532,11339203459,90.3966347,23.703536,0.00930812,4,3,0,0
Zone_DH532,2484061069,90.405338,23.7207593,0.00230216,4,3,0,1
Zone_DH532,2450359197,90.4019592,23.7230947,0.0168029,4,3,0,1
Zone_DH532,2492203937,90.3989369,23.7173613,0.0,4,1,0,0
Zone_DH532,2450359216,90.4013802,23.7231505,0.01433095,4,3,0,1
Zone_DH532,11335230387,90.3938283,23.7089608,0.0012834,4,3,0,0
Zone_DH532,2480382901,90.4032101,23.7206953,0.06541351,3,3,0,0
Zone_DH532,11335230390,90.3947272,23.7088565,0.00975648,4,4,0,0
Zone_DH532,11335230395,90.3947497,23.7094566,0.00177155,4,3,0,0
Zone_DH532,11335230396,90.3945212,23.708931,0.00129666,4,3,0,0
Zone_DH532,11335230397,90.3939573,23.7083487,0.00210583,4,3,0,0
Zone_DH532,2444002239,90.4041361,23.7214261,0.06348477,3,3,0,0
Zone_DH532,11335230399,90.3943435,23.7082549,0.01745952,4,3,0,0
Zone_DH532,11335230401,90.3940456,23.7079424,0.00030642,4,3,0,0
Zone_DH532,11335230402,90.3941112,23.7089266,0.00019632,4,3,0,0
Zone_DH532,11335230400,90.3942305,23.7082903,0.00633475,4,3,0,0
Zone_DH532,2442044356,90.4006165,23.7217673,0.00807513,4,3,0,1
Zone_DH532,2426446788,90.4012614,23.7120247,0.14043892,1,3,0,0
Zone_DH532,11335230404,90.3942159,23.7082948,0.00414004,4,3,0,0
Zone_DH532,7334282183,90.4026111,23.7100889,0.0227324,3,3,0,0
Zone_DH532,2442044364,90.4005422,23.7221347,0.00860242,4,3,0,0
Zone_DH532,2442044365,90.4007809,23.7221407,0.00616164,4,3,0,0
Zone_DH532,2444002252,90.4038034,23.7214873,0.00115141,4,3,0,1
Zone_DH532,2442044370,90.4010847,23.7223864,0.00820712,4,3,0,0
Zone_DH532,2426446803,90.3994556,23.712763,0.0,4,1,0,0
Zone_DH532,2426446809,90.3989294,23.7124202,0.00570466,4,3,0,1
Zone_DH532,2444002265,90.4032922,23.72151,0.0,4,1,0,0
Zone_DH532,2492203995,90.3994647,23.717458,0.0,4,1,0,0
Zone_DH532,2426446812,90.4004779,23.7124327,0.10507947,2,3,0,1
Zone_DH532,2426446814,90.3989062,23.7124219,0.00724274,4,3,0,0
Zone_DH532,387097568,90.4045051,23.7182789,0.09531371,2,3,0,0
Zone_DH532,387097570,90.4048345,23.7183243,0.03565725,3,3,0,0
Zone_DH532,387097574,90.4054379,23.7181333,0.02081957,3,3,0,1
Zone_DH532,387097575,90.4056218,23.7180709,0.01999316,3,3,0,0
Zone_DH532,1806222314,90.3853524,23.7159062,0.0,4,1,0,0
Zone_DH532,1806222320,90.3922651,23.7205286,0.01586439,4,3,0,0
Zone_DH532,387097588,90.4071219,23.7182804,0.05586795,3,4,0,0
Zone_DH532,2426446837,90.3975745,23.7125977,0.0,4,1,0,0
Zone_DH532,2426446839,90.3981973,23.7126468,0.00358622,4,3,0,1
Zone_DH532,2538251255,90.4048755,23.7163148,0.00230216,4,3,0,1
Zone_DH532,373392377,90.4039628,23.713567,0.0275662,3,3,0,0
Zone_DH532,387097599,90.4095485,23.714231,0.0027021,4,3,0,0
Zone_DH532,387097600,90.409618,23.7144301,0.00331031,4,4,0,0
Zone_DH532,1806222340,90.3912351,23.7194132,0.00493329,4,3,0,0
Zone_DH532,387097604,90.4099294,23.7148443,0.00144656,4,2,0,0
Zone_DH532,1806222341,90.3925347,23.719124,0.00562838,4,3,0,0
Zone_DH532,2444002309,90.4037253,23.7219803,0.01407095,4,3,0,0
Zone_DH532,387097608,90.4097357,23.7167237,0.00180803,4,3,0,0
Zone_DH532,12217492489,90.3974783,23.7011388,0.0033375,4,3,0,1
Zone_DH532,12217492488,90.3918103,23.7016876,0.01449477,4,3,0,0
Zone_DH532,12217492487,90.3917793,23.7016402,0.00323668,4,3,0,0
Zone_DH532,1121485836,90.3927459,23.7236143,0.00115141,4,2,0,1
Zone_DH532,12217492492,90.3939758,23.7010317,0.00858849,4,3,0,0
Zone_DH532,9559745550,90.3957642,23.7225616,0.0,4,2,0,0
Zone_DH532,12217492495,90.3931481,23.7012468,0.01731493,4,3,0,1
Zone_DH532,12217492491,90.3953462,23.7010402,0.02752043,3,3,0,1
Zone_DH532,12217492490,90.3974597,23.7011651,0.0118643,4,3,0,0
Zone_DH532,2426446866,90.3967645,23.7131653,0.00078463,4,3,0,0
Zone_DH532,12217492493,90.3939926,23.7010877,0.02576812,3,3,0,0
Zone_DH532,373392404,90.4002256,23.7150647,0.05870602,3,3,0,0
Zone_DH532,373392405,90.4002224,23.7153746,0.0570638,3,3,0,0
Zone_DH532,11335123989,90.3993084,23.707,0.00927562,4,3,0,0
Zone_DH532,2538251287,90.4047574,23.7163408,0.0,4,1,0,0
Zone_DH532,11335123990,90.3991297,23.7068109,0.00391718,4,3,0,0
Zone_DH532,2484061209,90.4055558,23.7207744,0.00714127,4,3,0,0
Zone_DH532,387097628,90.4093024,23.7174166,0.00477676,4,3,0,0
Zone_DH532,387097630,90.4084215,23.7144121,0.01588164,4,3,0,0
Zone_DH532,2426446878,90.3950033,23.7133465,0.0,4,1,0,0
Zone_DH532,401851424,90.4084642,23.7210163,0.00017974,4,2,0,0
Zone_DH532,387097634,90.4090118,23.7140382,0.00599715,4,3,0,0
Zone_DH532,387097635,90.4094027,23.7139419,0.00869196,4,3,0,0
Zone_DH532,2426446888,90.3992206,23.7134946,0.1000845,2,3,0,0
Zone_DH532,1806222376,90.3926033,23.7187298,0.08058083,2,3,0,0
Zone_DH532,2426446890,90.3981511,23.713654,0.00417784,4,3,0,0
Zone_DH532,2426446896,90.3967112,23.7139494,0.00852283,4,4,0,1
Zone_DH532,1806222387,90.3902444,23.722143,0.00508053,4,3,0,0
Zone_DH532,11335124024,90.3987643,23.7062889,0.0182017,4,3,0,0
Zone_DH532,11335124025,90.3980849,23.7048256,0.1022865,2,3,0,0
Zone_DH532,11335156796,90.4002192,23.7079634,0.0003827,4,3,0,0
Zone_DH532,11335156798,90.4006414,23.70821,0.00397953,4,3,0,0
Zone_DH532,11335156799,90.3973087,23.7073694,0.00676852,4,3,0,0
Zone_DH532,2426446912,90.3970502,23.714778,0.08775724,2,3,0,0
Zone_DH532,2426446913,90.3958893,23.7155497,0.02199287,3,3,0,0
Zone_DH532,11335156802,90.3964908,23.7062743,0.07281411,3,4,0,0
Zone_DH532,11335156804,90.3972041,23.705428,0.08162943,2,4,0,1
Zone_DH532,11335156805,90.3975821,23.7059117,0.0,4,1,0,0
Zone_DH532,11335156807,90.3969001,23.7066798,0.0057219,4,3,0,0
Zone_DH532,11335156808,90.3984932,23.7058274,0.01999316,3,3,0,0
Zone_DH532,2525135945,90.4010456,23.7142845,0.00871716,4,3,0,0
Zone_DH532,2525135963,90.4003599,23.7148093,0.04887393,3,3,0,1
Zone_DH532,2503730270,90.4042892,23.7177391,0.00689188,4,3,0,1
Zone_DH532,2492204129,90.398914,23.7175702,0.04325151,3,3,0,1
Zone_DH532,2525135970,90.4013523,23.7148591,0.0,4,1,0,0
Zone_DH532,2529404001,90.4035058,23.7169111,0.0,4,1,0,0
Zone_DH532,2503730281,90.4040692,23.7177844,0.0,4,1,0,0
Zone_DH532,2538251373,90.4050016,23.716395,0.0,4,1,0,0
Zone_DH532,2503730291,90.4042186,23.7179133,0.00459967,4,3,0,1
Zone_DH532,2503730300,90.403905,23.7179224,0.00109835,4,2,0,0
Zone_DH532,2503730302,90.4037055,23.7179246,0.02078508,3,3,0,0
Zone_DH532,401859715,90.4087237,23.7146549,0.01185767,4,4,0,0
Zone_DH532,11420796038,90.3966605,23.7010865,0.01003836,4,2,0,0
Zone_DH532,2492204168,90.3997056,23.7176485,0.06440205,3,3,0,0
Zone_DH532,11350385801,90.4085836,23.7202857,0.00257675,4,3,0,0
Zone_DH532,2503730312,90.404146,23.7179644,0.00230216,4,3,0,1
Zone_DH532,11350385804,90.4084752,23.7191387,0.00242486,4,3,0,0
Zone_DH532,2534630545,90.4041821,23.7100541,0.0,4,1,0,0
Zone_DH532,2503730321,90.4041457,23.7180288,0.0,4,1,0,0
Zone_DH532,2503730329,90.4042189,23.7180373,0.0,4,1,0,0
Zone_DH532,2503779483,90.4000601,23.7163157,0.0,4,1,0,0
Zone_DH532,2503730331,90.4040671,23.7180984,0.0,4,1,0,0
Zone_DH532,2484061342,90.4054618,23.7207844,0.0,4,1,0,0
Zone_DH532,2552546463,90.4057998,23.7188219,0.0126098,4,3,0,1
Zone_DH532,2503730343,90.4039001,23.7183712,0.00159446,4,3,0,1
Zone_DH532,2503730351,90.4041322,23.7183939,0.07301972,3,3,0,0
Zone_DH532,2503730360,90.4038974,23.7185292,0.0,4,1,0,0
Zone_DH532,2426201297,90.4006364,23.7216645,0.00982148,4,3,0,0
Zone_DH532,2426201298,90.3983945,23.7216993,0.00614174,4,4,0,0
Zone_DH532,2522809560,90.4012525,23.7139958,0.00871451,4,3,0,0
Zone_DH532,2426201307,90.3998047,23.7222879,0.01710601,4,3,0,0
Zone_DH532,2426201317,90.3996117,23.7227793,0.0,4,1,0,0
Zone_DH532,373392615,90.4009799,23.7158597,0.05351671,3,3,0,1
Zone_DH532,2426201319,90.3996344,23.7234954,0.00656954,4,3,0,1
Zone_DH532,2426201320,90.4007558,23.7237986,0.0,4,2,0,0
Zone_DH532,373392621,90.4005427,23.7160129,0.0728088,3,3,0,0
Zone_DH532,2503779565,90.4002561,23.7166645,0.0,4,1,0,0
Zone_DH532,5226857733,90.406499,23.7045829,0.00346352,4,3,0,0
Zone_DH532,5892408583,90.3894424,23.7196914,0.0,4,1,0,0
Zone_DH532,5226857737,90.4052184,23.7050808,0.00914231,4,3,0,0
Zone_DH532,5226857738,90.4050485,23.7052064,0.00015454,4,2,0,0
Zone_DH532,2451563795,90.400237,23.7193959,0.04535735,3,3,0,0
Zone_DH532,7007225107,90.4067537,23.717454,0.01733549,4,3,0,0
Zone_DH532,2503779605,90.4004525,23.7167852,0.0,4,1,0,0
Zone_DH532,2503779607,90.4003836,23.7167875,0.0,4,1,0,0
Zone_DH532,2503779612,90.4002544,23.7167941,0.0,4,1,0,0
Zone_DH532,2451563805,90.4004382,23.7196996,0.04683375,3,3,0,0
Zone_DH532,2484061471,90.4053787,23.7208287,0.0,4,1,0,0
Zone_DH532,2451563814,90.400075,23.7197843,0.03184552,3,3,0,0
Zone_DH532,4316685611,90.3944675,23.7228613,0.00558527,4,3,0,0
Zone_DH532,5068088622,90.3931819,23.7044991,0.00586317,4,3,0,0
Zone_DH532,2451563823,90.400588,23.7200261,0.03231709,3,3,0,0
Zone_DH532,4316685615,90.3944984,23.7209109,0.01845507,4,3,0,0
Zone_DH532,4316685618,90.394646,23.7206164,0.02810742,3,3,0,0
Zone_DH532,5068088626,90.3919244,23.704197,0.01416978,4,3,0,0
Zone_DH532,5068088627,90.3918385,23.7044328,0.01308934,4,3,0,0
Zone_DH532,2503779637,90.4006336,23.7168405,0.02822879,3,3,0,1
Zone_DH532,5068088633,90.3921457,23.7014316,0.00783503,4,3,0,0
Zone_DH532,2451563839,90.4001105,23.7201255,0.01696871,4,3,0,0
Zone_DH532,2503779650,90.4001576,23.7168516,0.00230216,4,3,0,1
Zone_DH532,2451563846,90.4004148,23.7202579,0.0,4,1,0,0
Zone_DH532,2451563847,90.4002817,23.7202648,0.00230216,4,3,0,1
Zone_DH532,2529404238,90.4029641,23.7170326,0.0,4,1,0,0
Zone_DH532,2451563859,90.4001815,23.720359,0.00459967,4,3,0,1
Zone_DH532,2451563861,90.4000968,23.7203576,0.01715177,4,3,0,1
Zone_DH532,2529404250,90.4030992,23.7170342,0.0028898,4,2,0,0
Zone_DH532,5892408666,90.3892058,23.7180819,0.00115141,4,3,0,1
Zone_DH532,5892408668,90.3891244,23.71968,0.00115406,4,3,0,1
Zone_DH532,5892408667,90.3891824,23.7185421,0.00117794,4,3,0,0
Zone_DH532,2503779678,90.4004525,23.7168584,0.00230216,4,3,0,1
Zone_DH532,5892408669,90.386675,23.7195706,0.0,4,1,0,0
Zone_DH532,2451563876,90.4004484,23.7204712,0.0,4,1,0,0
Zone_DH532,5892408678,90.3870173,23.7184173,0.0,4,1,0,0
Zone_DH532,5892408679,90.389185,23.7184895,0.00234593,4,3,0,0
Zone_DH532,5892408680,90.3896001,23.7185515,0.0,4,3,0,0
Zone_DH532,346621291,90.3975126,23.7008101,0.0,4,1,0,0
Zone_DH532,5892408684,90.3891641,23.7189001,0.00340979,4,3,0,0
Zone_DH532,3357279598,90.3858983,23.7187511,0.00115207,4,3,0,0
Zone_DH532,2451563887,90.4008173,23.7205417,0.03651749,3,3,0,0
Zone_DH532,2451563890,90.4005235,23.7205482,0.00454927,4,2,0,0
Zone_DH532,402130291,90.4023053,23.7194702,0.07987977,2,3,0,0
Zone_DH532,373392767,90.3967678,23.7164266,0.06191418,3,3,0,0
Zone_DH532,2451563905,90.4005235,23.7206537,0.00551894,4,3,0,0
Zone_DH532,2451563917,90.4003101,23.720688,0.00412545,4,3,0,1
Zone_DH532,5892408785,90.3888134,23.7188976,0.005637,4,3,0,0
Zone_DH532,5892408789,90.3891676,23.7188325,0.00230083,4,3,0,0
Zone_DH532,5892408790,90.3888153,23.7188238,5.173e-05,4,3,0,0
Zone_DH532,5892408792,90.3887077,23.7186871,0.00457712,4,3,0,0
Zone_DH532,5892408793,90.3887186,23.718474,0.00346683,4,3,0,0
Zone_DH532,5892408794,90.3870002,23.7196032,0.0,4,1,0,0
Zone_DH532,5892408795,90.3891463,23.7192506,0.00115804,4,3,0,0
Zone_DH532,5892408796,90.3886613,23.7196632,0.00228558,4,3,0,0
Zone_DH532,5892408797,90.3886773,23.7192291,0.01020948,4,4,0,0
Zone_DH532,5892408798,90.3886844,23.7190361,0.00681892,4,3,0,0
Zone_DH532,5892408800,90.3881759,23.7184559,0.00011607,4,3,0,0
Zone_DH532,5892408801,90.3881648,23.7187586,0.00357096,4,3,0,0
Zone_DH532,2503779811,90.4007776,23.7169171,0.02192455,3,3,0,0
Zone_DH532,373392869,90.3960395,23.7165531,0.14214481,1,3,0,0
Zone_DH532,5892408806,90.3882311,23.718762,0.00134176,4,3,0,0
Zone_DH532,5892408807,90.3882345,23.7184578,8.357e-05,4,3,0,0
Zone_DH532,5892408808,90.3885701,23.7188802,0.00683683,4,3,0,0
Zone_DH532,5892408809,90.3882651,23.7188714,0.00902292,4,3,0,0
Zone_DH532,5892408810,90.3885709,23.7188132,0.00577629,4,3,0,0
Zone_DH532,2538251755,90.4051281,23.7166211,0.0,4,1,0,0
Zone_DH532,5892408812,90.3881137,23.7187835,0.00459437,4,3,0,0
Zone_DH532,5892408811,90.3882686,23.7187943,0.00016648,4,3,0,0
Zone_DH532,2503779822,90.4006434,23.7169368,0.02756023,3,3,0,0
Zone_DH532,5892408813,90.3877739,23.7187746,0.00910052,4,3,0,0
Zone_DH532,5920392685,90.3974559,23.7012173,0.03917648,3,3,0,0
Zone_DH532,2462647794,90.4045264,23.7216671,0.05966376,3,3,0,0
Zone_DH532,5892408819,90.3881095,23.7188536,0.00571062,4,3,0,0
Zone_DH532,5892408818,90.3877724,23.7188459,0.01688846,4,3,0,0
Zone_DH532,2503779829,90.4013821,23.7169462,0.00626378,4,3,0,1
Zone_DH532,5892408821,90.3876027,23.7184368,0.00460962,4,4,0,1
Zone_DH532,5892408823,90.3876593,23.7186501,0.00796569,4,3,0,0
Zone_DH532,5892408824,90.387659,23.7184387,0.00687928,4,4,0,1
Zone_DH532,5892408822,90.3875963,23.7186491,7.826e-05,4,3,0,0
Zone_DH532,5892408826,90.3875665,23.7198991,0.07687257,2,3,0,1
Zone_DH532,5892408827,90.3875792,23.7196241,0.05923131,3,4,0,1
Zone_DH532,2538251772,90.4053591,23.7166273,0.02269327,3,3,0,1
Zone_DH532,5892408829,90.3876092,23.71898,0.02354953,3,3,0,0
Zone_DH532,2462647806,90.4042295,23.7223779,0.0,4,1,0,0
Zone_DH532,5892408825,90.3876619,23.7182536,0.0,4,1,0,0
Zone_DH532,5892408828,90.3875997,23.7191799,0.02578602,3,4,0,1
Zone_DH532,2462647809,90.4045484,23.7224824,0.01077524,4,3,0,1
Zone_DH532,5892408834,90.3882056,23.7192076,0.02250755,3,4,0,0
Zone_DH532,5892408835,90.3881796,23.7196458,0.00335673,4,3,0,0
Zone_DH532,5892408833,90.3882232,23.7189087,0.01013652,4,3,0,0
Zone_DH532,5892408831,90.3869696,23.7191317,0.00230216,4,3,0,1
Zone_DH532,5892408838,90.3881138,23.7196434,0.03019269,3,3,0,0
Zone_DH532,2462647815,90.4029085,23.7225528,0.01223904,4,3,0,1
Zone_DH532,5892408840,90.3881492,23.7189055,8.954e-05,4,3,0,0
Zone_DH532,5892408839,90.3881348,23.7192044,0.02473941,3,4,0,0
Zone_DH532,2538251786,90.4044744,23.7166336,0.06064073,3,3,0,0
Zone_DH532,2462647819,90.403187,23.722571,0.0,4,1,0,0
Zone_DH532,2462647820,90.4049407,23.7226114,0.0,4,1,0,0
Zone_DH532,2462647821,90.4032117,23.7226681,0.00459967,4,3,0,1
Zone_DH532,5892408844,90.3868126,23.7182316,0.00230216,4,3,0,1
Zone_DH532,2462647823,90.4028952,23.7226678,0.01007418,4,3,0,1
Zone_DH532,5892408848,90.3874329,23.7187577,0.00230614,4,3,0,1
Zone_DH532,5892408841,90.3874341,23.7188251,0.00452539,4,3,0,1
Zone_DH532,5892408842,90.3871389,23.7188139,0.0,4,1,0,0
Zone_DH532,5892408843,90.386827,23.7179637,0.0,4,1,0,0
Zone_DH532,5892408845,90.3867935,23.7185856,0.0,4,1,0,0
Zone_DH532,5892408847,90.3871408,23.7187556,0.0,4,1,0,0
Zone_DH532,2462647844,90.4032123,23.7229316,0.0,4,1,0,0
Zone_DH532,2462647846,90.4053457,23.7229604,0.01032025,4,3,0,1
Zone_DH532,9721906727,90.387484,23.7122237,0.0010035,4,3,0,0
Zone_DH532,2462647852,90.4040908,23.7230364,0.00803998,4,3,0,1
Zone_DH532,2441430573,90.4011185,23.7226557,0.00870389,4,3,0,0
Zone_DH532,2462647858,90.4032094,23.7231408,0.00230216,4,3,0,1
Zone_DH532,2462647860,90.4031007,23.7231642,0.0,4,1,0,0
Zone_DH532,2476500534,90.3977517,23.7165176,0.06470317,3,3,0,0
Zone_DH532,2462647864,90.4032244,23.7232244,0.0,4,1,0,0
Zone_DH532,4987659834,90.3969493,23.7139159,0.0,4,1,0,0
Zone_DH532,373392957,90.3933968,23.7175084,0.00423621,4,3,0,0
Zone_DH532,373392964,90.3940067,23.7185596,0.1003624,2,4,0,0
Zone_DH532,11341448776,90.4007741,23.7011556,0.00925174,4,3,0,0
Zone_DH532,2503779914,90.4006183,23.7170373,0.00640505,4,3,0,1
Zone_DH532,11341448779,90.3991789,23.701655,0.00201099,4,3,0,0
Zone_DH532,11341448780,90.3991551,23.7011489,0.01434886,4,3,0,0
Zone_DH532,2484061777,90.4053355,23.7208872,0.00459967,4,3,0,1
Zone_DH532,2484061785,90.4051597,23.7208875,0.0,4,1,0,0
Zone_DH532,2538251883,90.4048662,23.7167446,0.0,4,1,0,0
Zone_DH532,2503779973,90.4002536,23.7170772,0.0,4,1,0,0
Zone_DH532,2442823309,90.4020665,23.7219702,0.0210086,3,3,0,0
Zone_DH532,2538251944,90.4054481,23.7168154,0.0473942,3,3,0,0
Zone_DH532,2441430697,90.401009,23.7230123,0.01524956,4,3,0,0
Zone_DH532,2966308535,90.4045694,23.7227817,0.0,4,1,0,0
Zone_DH532,2523473599,90.404664,23.7112123,0.03438313,3,3,0,0
Zone_DH532,2441430720,90.4006746,23.7230484,0.01320143,4,3,0,0
Zone_DH532,2441430721,90.4007295,23.7230466,0.01232792,4,3,0,0
Zone_DH532,2503780031,90.4014046,23.7171338,0.0,4,1,0,0
Zone_DH532,11335468798,90.3954391,23.7070216,0.04330325,3,3,0,1
Zone_DH532,11335468799,90.3955307,23.7071707,0.0,4,1,0,0
Zone_DH532,11328857857,90.4060298,23.7095013,0.00851951,4,3,0,0
Zone_DH532,11328857858,90.4064891,23.709457,0.00759228,4,3,0,0
Zone_DH532,2503780102,90.4006278,23.7171845,0.0,4,1,0,0
Zone_DH532,6557083405,90.4068896,23.7151536,0.08559437,2,3,0,0
Zone_DH532,11335468833,90.3955987,23.7069398,0.04520944,3,3,0,1
Zone_DH532,11335468834,90.3959096,23.7073209,0.0,4,1,0,0
Zone_DH532,2503780163,90.4010745,23.7172254,0.0,4,1,0,0
Zone_DH532,2503780177,90.4004411,23.717233,0.00688326,4,3,0,0
Zone_DH532,2529404769,90.4037597,23.7171566,0.01200359,4,3,0,0
Zone_DH532,2519500655,90.400671,23.7214626,0.01356025,4,3,0,0
Zone_DH532,12195596143,90.4035435,23.7047347,0.00329704,4,4,0,0
Zone_DH532,12195596145,90.4031866,23.7049683,0.0065649,4,4,0,0
Zone_DH532,12195596144,90.4035038,23.705321,0.00115937,4,4,0,0
Zone_DH532,2519500669,90.4002579,23.7215944,0.00589634,4,3,0,1
Zone_DH532,2503780229,90.4008165,23.7172592,0.01674719,4,3,0,1
Zone_DH532,2503780230,90.4007972,23.7172599,0.01631939,4,2,0,0
Zone_DH532,2519500681,90.4004316,23.7216514,0.0,4,1,0,0
Zone_DH532,401811352,90.4009308,23.7210808,0.03328147,3,4,0,0
Zone_DH532,401647515,90.4097214,23.717416,0.00115141,4,3,0,1
Zone_DH532,2519500706,90.4004641,23.7217765,0.0,4,1,0,0
Zone_DH532,2503780263,90.4002939,23.7172888,0.0062399,4,3,0,1
Zone_DH532,2529404843,90.4035541,23.7171743,0.00428065,4,3,0,1
Zone_DH532,401647532,90.4097476,23.7195664,0.0,4,2,0,0
Zone_DH532,5097121707,90.3863246,23.7048886,0.00013,4,2,0,0
Zone_DH532,5097121708,90.3863266,23.7042118,0.00041586,4,2,0,0
Zone_DH532,2519500734,90.3998293,23.7220337,0.00115141,4,2,0,1
Zone_DH532,2519500749,90.3997042,23.722089,0.02229929,3,3,0,1
Zone_DH532,7874619344,90.402882,23.7105951,0.21937222,1,4,0,0
Zone_DH532,4217292761,90.3888068,23.712558,0.00971801,4,4,0,1
Zone_DH532,4217292762,90.3886976,23.7130639,0.0097976,4,3,0,0
Zone_DH532,3249580002,90.3983659,23.7201079,0.04951662,3,3,0,0
Zone_DH532,2538252262,90.404863,23.7170643,0.03013897,3,3,0,1
Zone_DH532,373393394,90.3951135,23.718303,0.01028642,4,3,0,0
Zone_DH532,373393411,90.3958776,23.7166311,0.14079442,1,3,0,0
Zone_DH532,2538252291,90.4047132,23.7170816,0.08866988,2,3,0,0
Zone_DH532,373393425,90.3969641,23.7163587,0.05491949,3,3,0,0
Zone_DH532,2503780378,90.4006123,23.7173891,0.00163028,4,2,0,0
Zone_DH532,2484062258,90.4058735,23.7209905,0.05201046,3,3,0,0
Zone_DH532,393373755,90.4071299,23.7089085,0.00047555,4,3,0,0
Zone_DH532,7227394112,90.4084437,23.7191509,0.00401336,4,3,0,0
Zone_DH532,2503780424,90.4007992,23.7174242,0.01775865,4,3,0,0
Zone_DH532,373393489,90.399224,23.7214459,0.02423931,3,3,0,0
Zone_DH532,373393500,90.400194,23.7230858,0.01150349,4,3,0,0
Zone_DH532,2492311644,90.3999584,23.7166573,0.0261276,3,3,0,1
Zone_DH532,2503780452,90.4003196,23.7174408,0.0,4,1,0,0
Zone_DH532,2424080503,90.3983746,23.7201498,0.042703,3,3,0,0
Zone_DH532,401860730,90.410145,23.7140672,0.00115141,4,3,0,1
Zone_DH532,401860733,90.4102217,23.7142938,0.0,4,2,0,0
Zone_DH532,4971882622,90.4078147,23.7152488,0.0,4,1,0,0
Zone_DH532,4971882623,90.4068951,23.7152788,0.08546702,2,3,0,1
Zone_DH532,2538252417,90.4046546,23.7172051,0.08790581,2,3,0,0
Zone_DH532,6139144362,90.4107119,23.7071846,0.00230216,4,3,0,1
Zone_DH532,6139144363,90.4108407,23.7074732,0.00230216,4,3,0,1
Zone_DH532,6139144364,90.4106549,23.7075479,0.0,4,2,0,0
Zone_DH532,6139144365,90.4106778,23.7074149,0.01420626,4,6,0,1
Zone_DH532,2538252461,90.4048494,23.7172356,0.00115141,4,3,0,1
Zone_DH532,388311215,90.3956952,23.7223611,0.01105049,4,4,0,0
Zone_DH532,6139144366,90.4104732,23.7073292,0.00230216,4,3,0,1
Zone_DH532,393922753,90.4041622,23.7132118,0.01345479,4,3,0,0
Zone_DH532,393922756,90.4043025,23.7130652,0.00969612,4,3,0,0
Zone_DH532,393922767,90.4045019,23.7119882,0.00196987,4,3,0,1
Zone_DH532,393922777,90.404499,23.7113725,0.04752089,3,3,0,0
Zone_DH532,388311260,90.3894033,23.7028133,0.01317954,4,3,0,0
Zone_DH532,388311263,90.3888529,23.7025232,0.00162365,4,3,0,1
Zone_DH532,388311264,90.3881611,23.7020922,0.0,4,1,0,0
Zone_DH532,373393639,90.3975122,23.7217723,0.00809304,4,3,0,0
Zone_DH532,2503780597,90.4008383,23.7178844,0.09379684,2,3,0,0
Zone_DH532,2484062456,90.4054961,23.7210359,0.00115141,4,3,0,1
Zone_DH532,373393658,90.3972507,23.723064,0.00630158,4,3,0,0
Zone_DH532,5063379198,90.3932534,23.7057465,0.02114125,3,4,0,0
Zone_DH532,5920499968,90.3905664,23.7044583,0.0014061,4,3,0,0
Zone_DH532,5063379205,90.3942997,23.7081818,0.03468624,3,3,0,0
Zone_DH532,9143216390,90.3897005,23.7223959,0.00273526,4,3,0,1
Zone_DH532,5063379209,90.3951484,23.7071957,0.04190378,3,3,0,0
Zone_DH532,5063379211,90.3937443,23.706994,0.00442524,4,3,0,0
Zone_DH532,5063379217,90.3914882,23.705938,0.01759947,4,3,0,0
Zone_DH532,5624154388,90.401892,23.7156571,0.01487283,4,3,0,1
Zone_DH532,2471725336,90.4046066,23.7225313,0.00953893,4,3,0,1
Zone_DH532,11353229594,90.3899561,23.7168566,0.00824956,4,3,0,0
Zone_DH532,5063379228,90.3902319,23.7066283,0.00530869,4,3,0,0
Zone_DH532,9143216416,90.3900584,23.7230951,0.00115141,4,2,0,1
Zone_DH532,11353229602,90.3908045,23.7189266,0.00162232,4,3,0,0
Zone_DH532,5063379234,90.391565,23.7065572,0.01416779,4,4,0,0
Zone_DH532,2538252580,90.4046313,23.7172781,0.08817642,2,3,0,0
Zone_DH532,5063379235,90.3913645,23.7072936,0.00180405,4,3,0,0
Zone_DH532,11353229606,90.3910511,23.7176718,0.00242486,4,3,0,0
Zone_DH532,11353229607,90.3905893,23.7179039,0.00193471,4,4,0,0
Zone_DH532,11337140520,90.4089133,23.7094383,0.00324995,4,3,0,0
Zone_DH532,5063379241,90.3909631,23.7053968,0.01143783,4,3,0,0
Zone_DH532,11337140522,90.4093009,23.7090217,0.00096902,4,3,0,0
Zone_DH532,11353229611,90.3924314,23.7175389,0.00280955,4,3,0,0
Zone_DH532,5063379238,90.390814,23.7070944,0.00040989,4,3,0,0
Zone_DH532,5063379245,90.3917434,23.7061083,0.0166855,4,3,0,0
Zone_DH532,5624154406,90.4016018,23.7155585,0.0,4,1,0,0
Zone_DH532,402131247,90.4030257,23.7206227,0.07306349,3,3,0,0
Zone_DH532,5624154412,90.401631,23.7155521,0.00230216,4,3,0,1
Zone_DH532,5624154408,90.401631,23.7155103,0.0,4,1,0,0
Zone_DH532,2471725362,90.4033293,23.7226696,0.0,4,1,0,0
Zone_DH532,2471725363,90.4032568,23.7226701,0.00230216,4,3,0,1
Zone_DH532,5624154411,90.401761,23.7157562,0.00115141,4,3,0,1
Zone_DH532,5624154418,90.4018363,23.7156123,0.00574113,4,3,0,1
Zone_DH532,5624154420,90.4017624,23.7156116,0.00115672,4,3,0,1
Zone_DH532,5624154419,90.4016997,23.7156123,0.0,4,1,0,0
Zone_DH532,5063379256,90.3918888,23.7081864,0.00102805,4,4,0,0
Zone_DH532,5063379258,90.3940802,23.707786,0.01728111,4,4,0,0
Zone_DH532,2471725371,90.4033486,23.7227239,0.0,4,1,0,0
Zone_DH532,393374014,90.4073987,23.7097655,0.00244277,4,3,0,0
Zone_DH532,393374015,90.4075968,23.7098494,0.02768293,3,3,0,0
Zone_DH532,5063379263,90.3952073,23.709513,0.00234195,4,3,0,0
Zone_DH532,5063379266,90.3912615,23.7057118,0.0296528,3,4,0,0
Zone_DH532,5063379269,90.3920905,23.7063185,0.00331495,4,3,0,0
Zone_DH532,5063379285,90.3933495,23.7089584,0.01076927,4,3,0,0
Zone_DH532,5063379287,90.3950599,23.7095128,0.00331694,4,3,0,0
Zone_DH532,5063379294,90.3938064,23.7092316,0.00197584,4,3,0,0
Zone_DH532,2424080736,90.3958489,23.7209394,0.00230216,4,3,0,1
Zone_DH532,5063379299,90.3928264,23.7087679,0.0077561,4,3,0,0
Zone_DH532,5063379300,90.392464,23.7086284,0.00668163,4,3,0,0
Zone_DH532,11461544297,90.3950239,23.7182818,0.10388031,2,4,0,0
Zone_DH532,11461544300,90.3954061,23.7196038,0.00720892,4,4,0,0
Zone_DH532,11461544301,90.3954236,23.719463,0.00981949,4,4,0,0
Zone_DH532,11461544304,90.3953282,23.7199064,0.00695622,4,4,0,0
Zone_DH532,2538252656,90.4049417,23.7173032,0.0,4,1,0,0
Zone_DH532,11461544306,90.3954223,23.7195365,0.0077057,4,3,0,0
Zone_DH532,11461544307,90.3955027,23.7195334,0.00973923,4,3,0,0
Zone_DH532,11461544310,90.3950376,23.7183202,0.01045953,4,3,0,0
Zone_DH532,11461544314,90.3956164,23.7172096,0.11473779,1,3,0,0
Zone_DH532,11461544315,90.3950718,23.7181983,0.1022414,2,3,0,0
Zone_DH532,11461544316,90.39515,23.7182311,0.01100406,4,3,0,0
Zone_DH532,11461544317,90.3953078,23.7200428,0.00530339,4,3,0,0
Zone_DH532,366217615,90.3874704,23.7122143,0.00572721,4,4,0,0
Zone_DH532,393357719,90.4030645,23.7098798,0.00090733,4,3,0,0
Zone_DH532,387123612,90.3933075,23.7211741,0.01505257,4,3,0,0
Zone_DH532,6139152803,90.4105423,23.7074804,0.01643148,4,3,0,0
Zone_DH532,6139152805,90.4107116,23.7072083,0.0,4,1,0,0
Zone_DH532,6139152807,90.4107008,23.7072076,0.0,4,1,0,0
Zone_DH532,6139152809,90.4108249,23.707465,0.0,4,1,0,0
Zone_DH532,6139152811,90.4108221,23.7074693,0.0,4,1,0,0
Zone_DH532,6139152816,90.4104883,23.7073381,0.0,4,1,0,0
Zone_DH532,6139152819,90.4104895,23.7073337,0.0,4,1,0,0
Zone_DH532,2484062674,90.4052766,23.7211144,0.0173534,4,3,0,1
Zone_DH532,401861092,90.4107299,23.7139135,0.0,4,1,0,0
Zone_DH532,4961044986,90.4080679,23.7033144,0.0,4,2,0,0
Zone_DH532,2484062719,90.4058817,23.7211451,0.05501699,3,4,0,0
Zone_DH532,387123715,90.3942661,23.7159753,0.01438003,4,3,0,0
Zone_DH532,393914884,90.4105546,23.7122885,0.00425544,4,3,0,0
Zone_DH532,393914885,90.4104529,23.7124703,0.00469253,4,2,0,0
Zone_DH532,393914892,90.4106714,23.7131655,0.00545527,4,2,0,0
Zone_DH532,387123762,90.3965011,23.7158315,0.02543052,3,3,0,0
Zone_DH532,6397938237,90.4107147,23.7173776,0.0,4,1,0,0
Zone_DH532,2432289350,90.405558,23.7229705,0.02099334,3,3,0,1
Zone_DH532,373393996,90.4002474,23.7234772,0.00748881,4,3,0,0
Zone_DH532,3513305679,90.3882864,23.7028919,0.01020219,4,2,0,0
Zone_DH532,3513305682,90.3884809,23.7039534,0.00142268,4,3,0,0
Zone_DH532,3513305690,90.3880606,23.7049901,0.002787,4,3,0,0
Zone_DH532,11240581723,90.3923401,23.7230394,0.004601,4,4,0,1
Zone_DH532,11240581722,90.3923996,23.7228643,0.0,4,1,0,0
Zone_DH532,3513305693,90.3894705,23.7053235,0.00541282,4,3,0,0
Zone_DH532,11240581724,90.3922097,23.7233753,0.0,4,1,0,0
Zone_DH532,11240581729,90.3925916,23.7224659,0.01095697,4,3,0,1
Zone_DH532,373394025,90.3978176,23.7233239,0.00540022,4,3,0,0
Zone_DH532,3462990445,90.4055213,23.7231534,0.01251562,4,4,0,1
Zone_DH532,2525137521,90.4017151,23.715096,0.0,4,1,0,0
Zone_DH532,2525137524,90.4009668,23.7155403,0.0,4,1,0,0
Zone_DH532,394234493,90.4079908,23.7113723,0.0035776,4,3,0,0
Zone_DH532,2504624768,90.403241,23.7126799,0.08751715,2,3,0,0
Zone_DH532,11339205271,90.3961775,23.705093,0.00786222,4,4,0,0
Zone_DH532,11339205275,90.3970781,23.7055505,0.07830188,2,3,0,0
Zone_DH532,11339205276,90.3962702,23.704323,0.00203619,4,3,0,0
Zone_DH532,11339205277,90.3953036,23.7044261,0.00489615,4,3,0,0
Zone_DH532,11339205280,90.3970033,23.7042575,0.00453136,4,3,0,0
Zone_DH532,2445240995,90.4014388,23.7225376,0.01158839,4,3,0,1
Zone_DH532,3736971942,90.3914142,23.712972,0.00151421,4,3,0,0
Zone_DH532,11339205287,90.3963599,23.706078,0.02145961,3,3,0,0
Zone_DH532,2504624810,90.4026625,23.7129391,0.07116858,3,3,0,0
Zone_DH532,2445241003,90.4013171,23.7226215,0.00590032,4,3,0,1
Zone_DH532,5068081837,90.4026709,23.7024494,0.03484277,3,3,0,0
Zone_DH532,11339205300,90.3945545,23.7048335,0.0096948,4,3,0,0
Zone_DH532,11339205301,90.3945381,23.7049841,0.00825023,4,3,0,0
Zone_DH532,11339205305,90.3955816,23.7051666,0.00677117,4,3,0,0
Zone_DH532,11339205307,90.3933563,23.7068522,0.00456054,4,3,0,0
Zone_DH532,387123900,90.4046735,23.7094433,0.00075545,4,3,0,0
Zone_DH532,2445241021,90.4016984,23.7229866,0.0,4,1,0,0
Zone_DH532,5068081851,90.4034188,23.7032276,0.02781757,3,4,0,0
Zone_DH532,387123903,90.4050186,23.7091846,0.00189824,4,3,0,0
Zone_DH532,393358016,90.4028198,23.7106112,0.22693465,1,3,0,0
Zone_DH532,11339205309,90.3923727,23.7032035,0.03364891,3,4,0,0
Zone_DH532,11339205314,90.3923953,23.7036462,0.0020415,4,3,0,0
Zone_DH532,11339205308,90.3924289,23.7043039,0.00448294,4,3,0,0
Zone_DH532,387123908,90.4056614,23.7095669,0.0018664,4,3,0,0
Zone_DH532,387123916,90.403291,23.7092254,0.00869593,4,3,0,0
Zone_DH532,387123917,90.403552,23.7097369,0.00025071,4,3,0,0
Zone_DH532,387123922,90.4041074,23.710546,0.03407074,3,3,0,0
Zone_DH532,2445241043,90.401949,23.7231004,0.0161423,4,3,0,1
Zone_DH532,387123926,90.4065307,23.7074845,0.00486497,4,3,0,0
Zone_DH532,1556433642,90.4065262,23.7097473,0.00859844,4,3,0,0
Zone_DH532,2441284330,90.4021627,23.7231559,0.0,4,1,0,0
Zone_DH532,1556433653,90.4070463,23.7100869,0.044777,3,3,0,0
Zone_DH532,387123967,90.4075277,23.7077985,0.00148171,4,4,0,0
Zone_DH532,1556433664,90.4084198,23.7114495,0.00696418,4,3,0,0
Zone_DH532,2504624898,90.4016695,23.7130225,0.0,4,1,0,0
Zone_DH532,387123971,90.4088503,23.706852,0.00109503,4,3,0,0
Zone_DH532,387123972,90.4085772,23.7064762,0.00152814,4,3,0,0
Zone_DH532,5061643013,90.3875868,23.7049228,0.00419774,4,3,0,0
Zone_DH532,5061643021,90.3872573,23.7056979,4.643e-05,4,2,0,0
Zone_DH532,373394198,90.4035888,23.7196475,0.1133045,2,3,0,0
Zone_DH532,373394200,90.4032835,23.7196354,0.0564211,3,3,0,0
Zone_DH532,5061643032,90.3888542,23.7053778,0.00326719,4,3,0,0
Zone_DH532,373394207,90.4020014,23.7194431,0.07335135,3,3,0,1
Zone_DH532,373394213,90.400889,23.7191952,0.08025251,2,4,0,0
Zone_DH532,2441284401,90.4022533,23.7234696,0.0074205,4,3,0,1
Zone_DH532,2504624954,90.4011394,23.7131567,0.04023171,3,3,0,1
Zone_DH532,2445257553,90.4013801,23.721548,0.0,4,1,0,0
Zone_DH532,2445257556,90.4010538,23.7216178,0.01619204,4,4,0,1
Zone_DH532,2445257559,90.4011452,23.721897,0.02246245,3,4,0,0
Zone_DH532,2492517239,90.4003114,23.7160181,0.10237737,2,3,0,0
Zone_DH532,4962823031,90.4055032,23.7232817,0.00230149,4,2,0,1
Zone_DH532,2504625034,90.4027016,23.7133427,0.07178607,3,3,0,1
Zone_DH532,2492517265,90.3999575,23.7161151,0.08255069,2,3,0,1
Zone_DH532,9559468957,90.3954327,23.7224868,0.00617689,4,3,0,0
Zone_DH532,2504625076,90.4023043,23.7133695,0.0,4,1,0,0
Zone_DH532,5206174663,90.3991032,23.7222722,0.00115141,4,3,0,1
Zone_DH532,5206174666,90.3994117,23.7220723,0.0,4,1,0,0
Zone_DH532,2520042445,90.4059043,23.710732,0.05822184,3,3,0,0
Zone_DH532,373394382,90.3953673,23.7200516,0.00924511,4,3,0,0
Zone_DH532,373394386,90.3953269,23.7205047,0.04471797,3,4,0,0
Zone_DH532,373394389,90.3953228,23.7206721,0.03842169,3,3,0,0
Zone_DH532,2452499422,90.4034083,23.7208132,0.04662748,3,3,0,1
Zone_DH532,11969154023,90.4050889,23.7015101,0.0,4,1,0,0
Zone_DH532,11969154025,90.4014485,23.7011194,0.00733361,4,4,0,1
Zone_DH532,11969154029,90.4032505,23.7009686,0.0,4,1,0,0
Zone_DH532,401804270,90.4007707,23.7233931,0.00816201,4,3,0,0
Zone_DH532,11969154030,90.4040938,23.7014055,0.0,4,1,0,0
Zone_DH532,2504625139,90.402297,23.7134915,0.0,4,1,0,0
Zone_DH532,401804287,90.40163,23.7232529,0.021514,3,4,0,0
Zone_DH532,2504625156,90.4021328,23.7135142,0.0,4,1,0,0
Zone_DH532,2504625160,90.4020747,23.713516,0.00230216,4,3,0,1
Zone_DH532,10074369037,90.3994812,23.7039452,0.07803061,2,3,0,0
Zone_DH532,10074369038,90.4002888,23.7029919,0.00918475,4,3,0,0
Zone_DH532,2504625169,90.4019935,23.7135188,0.0,4,1,0,0
Zone_DH532,2520042516,90.4060927,23.7108652,0.0,4,1,0,0
Zone_DH532,2452499480,90.4038378,23.7211253,0.04376222,3,3,0,1
Zone_DH532,393923621,90.4038702,23.7114382,0.05704655,3,3,0,0
Zone_DH532,2492517417,90.3997218,23.7174883,0.02930857,3,3,0,0
Zone_DH532,2511146040,90.4027632,23.7184541,0.02196103,3,3,0,0
Zone_DH532,2452499518,90.4041099,23.7211805,0.07436546,3,3,0,0
Zone_DH532,2504625226,90.4016334,23.7135909,0.0,4,1,0,0
Zone_DH532,2514594898,90.397291,23.7155642,0.00404387,4,3,0,0
Zone_DH532,2520042581,90.4062202,23.7109018,0.0,4,1,0,0
Zone_DH532,2514594908,90.3973598,23.71583,0.01296,4,3,0,0
Zone_DH532,2511146088,90.40258,23.7195182,0.04278458,3,3,0,0
Zone_DH532,2514594920,90.3977132,23.715938,0.0188172,3,3,0,0
Zone_DH532,2476559466,90.4058778,23.7173783,0.04126639,3,3,0,0
Zone_DH532,2574126187,90.404461,23.7166276,0.06765266,3,3,0,0
Zone_DH532,2476559469,90.4061202,23.7173809,0.03450783,3,4,0,0
Zone_DH532,4690365552,90.3986073,23.7044814,0.11652659,1,4,0,0
Zone_DH532,387124338,90.4077495,23.7100199,0.01261113,4,3,0,0
Zone_DH532,2514594930,90.3967962,23.7159805,0.01256934,4,3,0,0
Zone_DH532,2514594931,90.3977349,23.7160376,0.01161293,4,3,0,1
Zone_DH532,387124345,90.4106889,23.7098542,0.00342505,4,2,0,0
Zone_DH532,2520042619,90.4061403,23.710938,0.00230216,4,3,0,1
Zone_DH532,2514594943,90.3968371,23.716077,0.00947526,4,3,0,0
Zone_DH532,387124352,90.4071836,23.7071802,0.00251175,4,3,0,0
Zone_DH532,2504625281,90.4012352,23.7136617,0.00646939,4,3,0,0
Zone_DH532,387124353,90.4082558,23.7092032,0.01928679,3,3,0,0
Zone_DH532,2476559490,90.4060907,23.7176918,0.00259266,4,3,0,0
Zone_DH532,2507975812,90.4029419,23.7115995,0.22933364,1,3,0,0
Zone_DH532,2514594948,90.3971185,23.7160975,0.0,4,1,0,0
Zone_DH532,387124359,90.407494,23.708878,0.00134309,4,3,0,0
Zone_DH532,2514594952,90.3966641,23.7161313,0.01948643,3,3,0,0
Zone_DH532,387124361,90.4076719,23.7097888,0.02532639,3,4,0,0
Zone_DH532,387124366,90.4084534,23.7113373,0.00589634,4,3,0,0
Zone_DH532,2507975823,90.402424,23.7117013,0.1455294,1,3,0,0
Zone_DH532,2520042640,90.4060824,23.7109641,0.01296862,4,3,0,1
Zone_DH532,2476559507,90.4060274,23.7178268,0.00055581,4,3,0,0
Zone_DH532,2476559519,90.4056464,23.7178914,0.01764523,4,3,0,0
Zone_DH532,2476559523,90.4070348,23.7179345,0.04689013,3,3,0,0
Zone_DH532,2476559524,90.4061532,23.7178858,0.00109968,4,3,0,0
Zone_DH532,4963691683,90.3876585,23.7070712,0.0,4,2,0,0
Zone_DH532,4963691685,90.3882433,23.7070491,0.00049943,4,3,0,0
Zone_DH532,369790138,90.4071264,23.718544,0.05535393,3,3,0,0
Zone_DH532,369790143,90.4050717,23.717519,0.01887557,3,3,0,1
Zone_DH532,2507975883,90.4024073,23.7118861,0.00599118,4,3,0,1
Zone_DH532,2507975899,90.402249,23.7119111,0.0,4,1,0,0
Zone_DH532,2520042719,90.4067856,23.7110643,0.02313499,3,3,0,1
Zone_DH532,2510253280,90.400864,23.7158846,0.05339732,3,3,0,1
Zone_DH532,2510253282,90.4009071,23.7160458,0.0,4,1,0,0
Zone_DH532,2510253283,90.4009654,23.7162669,0.0,4,1,0,0
Zone_DH532,2520042725,90.4062552,23.7110652,0.0,4,1,0,0
Zone_DH532,2510253288,90.4020921,23.7170619,0.0,4,1,0,0
Zone_DH532,2510253292,90.402377,23.7171767,0.07640696,2,3,0,1
Zone_DH532,2520042732,90.4060967,23.7110708,0.01062601,4,3,0,0
Zone_DH532,2507975925,90.4014064,23.7119641,0.14055034,1,3,0,1
Zone_DH532,2520042743,90.4065605,23.7110803,0.00230216,4,3,0,1
Zone_DH532,2520042789,90.4064254,23.7110947,0.0,4,1,0,0
Zone_DH532,2520042801,90.4061028,23.7110989,0.00932205,4,3,0,1
Zone_DH532,2504625466,90.4023038,23.7138611,0.01762003,4,3,0,1
Zone_DH532,2504625470,90.4014889,23.7138632,0.01408621,4,3,0,0
Zone_DH532,2504625471,90.4021487,23.7138622,0.01775533,4,3,0,1
Zone_DH532,2504625473,90.401655,23.7138651,0.01504527,4,3,0,1
Zone_DH532,2513374535,90.4068977,23.7159685,0.08536488,2,3,0,0
Zone_DH532,387124568,90.4068343,23.714075,0.05659222,3,3,0,0
Zone_DH532,2513374552,90.4064635,23.7159819,0.00626511,4,3,0,0
Zone_DH532,2520042850,90.4064256,23.7111231,0.0,4,1,0,0
Zone_DH532,2507976037,90.4008473,23.7122259,0.14249965,1,3,0,0
Zone_DH532,2507976042,90.403068,23.7122537,0.08707807,2,3,0,0
Zone_DH532,2442677644,90.4015565,23.7219575,0.0,4,1,0,0
Zone_DH532,4889128336,90.4098947,23.7067893,0.0,4,1,0,0
Zone_DH532,2442677650,90.4014336,23.7221826,0.0,4,1,0,0
Zone_DH532,2442677652,90.4017721,23.7221004,0.01336724,4,3,0,1
Zone_DH532,387124633,90.4064409,23.7103737,0.06020497,3,3,0,0
Zone_DH532,2442677658,90.4013086,23.7222751,0.0,4,1,0,0
Zone_DH532,5097123229,90.3874055,23.7043128,0.00032698,4,3,0,0
Zone_DH532,2513374622,90.4062109,23.7160949,0.01010071,4,3,0,0
Zone_DH532,2507976099,90.402397,23.7123556,0.00513956,4,3,0,0
Zone_DH532,5097123235,90.3867041,23.7039694,0.00402198,4,3,0,0
Zone_DH532,9630920102,90.408648,23.7144685,0.01308934,4,4,0,0
Zone_DH532,2442677670,90.4016031,23.7223333,0.01217471,4,3,0,1
Zone_DH532,2442677672,90.4015629,23.7223802,0.01136819,4,3,0,1
Zone_DH532,9630920104,90.4088146,23.7143234,0.00605751,4,3,0,0
Zone_DH532,9630920108,90.4086199,23.7144473,0.01310525,4,4,0,0
Zone_DH532,5097123246,90.3883057,23.7031471,0.009332,4,3,0,0
Zone_DH532,5097123251,90.3871608,23.7031078,0.00496446,4,2,0,0
Zone_DH532,2470301118,90.3998881,23.7185493,0.10025031,2,3,0,0
Zone_DH532,2470301120,90.3997119,23.7187383,0.05668309,3,3,0,0
Zone_DH532,271896005,90.4056465,23.7231466,0.00459768,4,3,0,1
Zone_DH532,2507976134,90.4015305,23.7124294,0.0,4,1,0,0
Zone_DH532,2507976144,90.401255,23.7124401,0.0,4,1,0,0
Zone_DH532,5097123295,90.3883847,23.7037742,0.0102327,4,3,0,0
Zone_DH532,5097123298,90.3878348,23.7038876,0.00709948,4,3,0,1
Zone_DH532,5097123299,90.3878769,23.7034246,0.0,4,1,0,0
Zone_DH532,2520042981,90.4065639,23.7112263,0.0,4,1,0,0
Zone_DH532,2455530987,90.4002876,23.7211028,0.01088269,4,3,0,0
Zone_DH532,5097123308,90.3877495,23.7042032,0.00486431,4,3,0,1
Zone_DH532,401853933,90.4094125,23.7200992,0.00143064,4,2,0,0
Zone_DH532,5097123307,90.3877321,23.7040423,0.0,4,1,0,0
Zone_DH532,5097123311,90.3877552,23.7049467,0.0053518,4,3,0,0
Zone_DH532,401853936,90.4094761,23.7203284,0.0004603,4,2,0,0
Zone_DH532,2513374704,90.4055454,23.7162044,0.00828803,4,3,0,0
Zone_DH532,5097123312,90.3875149,23.7049076,0.00192344,4,3,0,0
Zone_DH532,5097123320,90.386678,23.7042572,0.00143595,4,3,0,0
Zone_DH532,2507976188,90.4009735,23.7125078,0.04011233,3,3,0,1
Zone_DH532,2513374733,90.4064274,23.7162365,0.0,4,1,0,0
Zone_DH532,9156832788,90.4105163,23.7053869,0.0,4,1,0,0
Zone_DH532,2520911423,90.3982588,23.7168455,0.04034977,3,3,0,1
Zone_DH532,2507976268,90.4017829,23.7126643,0.0,4,1,0,0
Zone_DH532,2520043096,90.4062569,23.7113178,0.00859379,4,3,0,1
Zone_DH532,2507976281,90.401319,23.7126775,0.0,4,1,0,0
Zone_DH532,2455531103,90.4004738,23.7214572,0.00934858,4,3,0,0
Zone_DH532,2513374822,90.4068581,23.7164147,0.08198892,2,3,0,0
Zone_DH532,2455531135,90.3992598,23.7214868,0.0241385,3,3,0,0
Zone_DH532,2457620103,90.404676,23.7213569,0.0,4,1,0,0
Zone_DH532,2507976327,90.4010614,23.7127349,0.04010172,3,3,0,1
Zone_DH532,401813136,90.4015375,23.71942,0.08013379,2,3,0,0
Zone_DH532,2452098705,90.4024077,23.7200977,0.04729405,3,3,0,0
Zone_DH532,2507976356,90.4013016,23.7127814,0.0,4,1,0,0
Zone_DH532,2507976367,90.4017893,23.7127914,0.00230216,4,3,0,1
Zone_DH532,5097123521,90.3866981,23.7039834,0.00245736,4,2,0,0
Zone_DH532,2454990536,90.3993766,23.719839,0.02580857,3,3,0,1
Zone_DH532,2454990538,90.3995048,23.7199396,0.0,4,1,0,0
Zone_DH532,2454990539,90.3994174,23.7199614,0.00230216,4,3,0,1
Zone_DH532,2455531212,90.4001409,23.7216546,0.00431779,4,2,0,0
Zone_DH532,2454990541,90.398787,23.7200179,0.02287831,3,3,0,1
Zone_DH532,4963299021,90.3945884,23.7132985,0.0,4,1,0,0
Zone_DH532,2520911570,90.3980714,23.7171128,0.0,4,1,0,0
Zone_DH532,2507976403,90.4016351,23.7128144,0.0,4,1,0,0
Zone_DH532,4963299029,90.3940186,23.7125054,0.00230813,4,3,0,0
Zone_DH532,4963299030,90.3935053,23.7126328,0.00446967,4,3,0,0
Zone_DH532,4963299031,90.3942429,23.7131661,0.00760621,4,3,0,0
Zone_DH532,4963299032,90.3937032,23.7132681,0.00467263,4,3,0,0
Zone_DH532,2513374937,90.4065107,23.7164873,0.03668728,3,3,0,1
Zone_DH532,2454990561,90.3993118,23.7203164,0.0,4,1,0,0
Zone_DH532,2454990562,90.3995722,23.7203285,0.0,4,1,0,0
Zone_DH532,2454990564,90.3993313,23.7207644,0.0,4,1,0,0
Zone_DH532,4963299044,90.3899873,23.7125073,0.0,4,1,0,0
Zone_DH532,4963299048,90.3888908,23.7122311,0.00875297,4,3,0,1
Zone_DH532,5097123560,90.3897919,23.7048861,0.00196191,4,3,0,0
Zone_DH532,4963299049,90.3897257,23.7127069,0.0,4,1,0,0
Zone_DH532,2507976427,90.4010876,23.7128415,0.04012825,3,3,0,1
Zone_DH532,4963299052,90.3879567,23.7125131,0.0,4,3,0,0
Zone_DH532,2454990573,90.3988937,23.7209951,0.02087661,3,3,0,1
Zone_DH532,2486693614,90.3990272,23.7136718,0.09381939,2,3,0,1
Zone_DH532,2454990575,90.4003215,23.7210786,0.00957408,4,3,0,0
Zone_DH532,5097123566,90.3896185,23.7038855,0.00120845,4,3,0,1
Zone_DH532,5097123567,90.3900562,23.7038323,0.0,4,1,0,0
Zone_DH532,5097123577,90.3887714,23.7034357,0.00982413,4,3,0,0
Zone_DH532,5097123578,90.3883312,23.7036746,0.01087605,4,3,0,0
Zone_DH532,5097123579,90.3891244,23.7027055,0.01593271,4,3,0,0
Zone_DH532,4963299067,90.3862326,23.7131635,0.00229354,4,3,0,0
Zone_DH532,4963299069,90.3870382,23.7135891,0.00148105,4,3,0,0
Zone_DH532,4963299070,90.3870471,23.7141246,0.00180273,4,3,0,0
Zone_DH532,4963299071,90.3860492,23.7133482,0.00301516,4,3,0,0
Zone_DH532,4963299075,90.3889898,23.7147104,0.01637842,4,3,0,0
Zone_DH532,4963299079,90.3878443,23.713699,0.00975582,4,3,0,0
Zone_DH532,4963299080,90.3887638,23.7127458,0.00939368,4,3,0,0
Zone_DH532,2520911626,90.3980469,23.7171971,0.0,4,1,0,0
Zone_DH532,4963299084,90.3886524,23.7132966,0.01009938,4,3,0,0
Zone_DH532,5097123597,90.3896351,23.7017214,0.00216287,4,3,0,0
Zone_DH532,4963299090,90.3913136,23.7120948,0.00515681,4,3,0,0
Zone_DH532,5097123602,90.3900846,23.7010673,0.00312061,4,2,0,0
Zone_DH532,5097123606,90.3889739,23.7026044,0.00374673,4,3,0,0
Zone_DH532,4963299095,90.3936801,23.7113473,0.02060667,3,3,0,0
Zone_DH532,4963299096,90.3939871,23.712045,0.00237843,4,3,0,1
Zone_DH532,5097123611,90.3892991,23.7017425,0.00052596,4,3,0,0
Zone_DH532,5097123612,90.3893079,23.7015851,0.00142732,4,3,0,0
Zone_DH532,4963299101,90.3943794,23.7135762,0.00841936,4,3,0,0
Zone_DH532,5097123615,90.3887771,23.7016179,0.0,4,2,0,0
Zone_DH532,4963299104,90.3952394,23.7139608,0.01061009,4,4,0,1
Zone_DH532,2455531296,90.3996482,23.7219815,0.0229075,3,3,0,0
Zone_DH532,2520911659,90.3984326,23.7172708,0.04271361,3,3,0,1
Zone_DH532,2520911661,90.3982977,23.7172727,0.00230216,4,3,0,1
Zone_DH532,2507976496,90.4015695,23.7129286,0.0,4,1,0,0
Zone_DH532,2507976505,90.4025936,23.7129501,0.00860507,4,3,0,1
Zone_DH532,3736973130,90.3912134,23.7116028,0.0196277,3,3,0,0
Zone_DH532,264892235,90.4025475,23.723509,0.00589236,4,3,0,0
Zone_DH532,2513375051,90.4063664,23.7165052,0.03969514,3,3,0,0
Zone_DH532,2504576845,90.400242,23.7220679,0.00724208,4,3,0,1
Zone_DH532,2507976526,90.4017937,23.713018,0.00459967,4,3,0,1
Zone_DH532,2452098899,90.4027184,23.7204494,0.0440766,3,3,0,0
Zone_DH532,13573902173,90.4025554,23.7236361,0.00115141,4,2,0,1
Zone_DH532,2504576868,90.400181,23.7220917,0.00592486,4,3,0,1
Zone_DH532,2513375080,90.4063079,23.7165049,0.03660902,3,3,0,0
Zone_DH532,2513375092,90.4052934,23.7165108,0.02418758,3,4,0,0
Zone_DH532,2490617743,90.401762,23.7048091,0.02715962,3,4,0,0
Zone_DH532,2520911762,90.3981902,23.717506,0.0,4,1,0,0
Zone_DH532,2520043429,90.4065389,23.7114116,0.00755315,4,3,0,0
Zone_DH532,2520043433,90.4065174,23.7114122,0.008164,4,3,0,1
Zone_DH532,2504576944,90.4002906,23.7221765,0.0,4,1,0,0
Zone_DH532,2467352497,90.4039335,23.7187889,0.00291036,4,3,0,1
Zone_DH532,2486693824,90.3982826,23.7141358,0.09309247,2,3,0,1
Zone_DH532,2486693827,90.3982751,23.7141407,0.09639614,2,3,0,0
Zone_DH532,2426376142,90.40409,23.7137696,0.03867904,3,3,0,0
Zone_DH532,2426376150,90.4041615,23.7145092,0.05991248,3,3,0,0
Zone_DH532,2504576983,90.4002334,23.7222041,0.0,4,1,0,0
Zone_DH532,2426376155,90.4041963,23.7147045,0.04810986,3,3,0,0
Zone_DH532,2504576989,90.4005452,23.7221934,0.00803069,4,3,0,0
Zone_DH532,2520911843,90.3984437,23.7176647,0.02388513,3,3,0,1
Zone_DH532,2520911844,90.3982148,23.7176656,0.0,4,1,0,0
Zone_DH532,2518323174,90.4028135,23.7205286,0.07377915,3,3,0,0
Zone_DH532,5097123823,90.3906524,23.7011585,0.0041533,4,2,0,0
Zone_DH532,2426376177,90.4043272,23.7155423,0.02586561,3,3,0,0
Zone_DH532,2426376181,90.4041519,23.7155973,0.02604801,3,3,0,0
Zone_DH532,2486693879,90.3990217,23.7141915,0.0,4,1,0,0
Zone_DH532,2520043512,90.4050992,23.7114236,0.02233842,3,3,0,0
Zone_DH532,2520043513,90.4067702,23.7114249,0.02173619,3,3,0,0
Zone_DH532,2528366591,90.4019964,23.7173969,0.0878103,2,3,0,1
Zone_DH532,2426376195,90.4031315,23.7156496,0.02199817,3,3,0,0
Zone_DH532,393359372,90.4037236,23.71059,0.03422263,3,3,0,0
Zone_DH532,2518323213,90.4030321,23.7206249,0.04763696,3,3,0,1
Zone_DH532,2467352592,90.4038499,23.7191964,0.0,4,1,0,0
Zone_DH532,2426376209,90.4020199,23.7157918,0.06130995,3,3,0,0
Zone_DH532,393359377,90.4033843,23.7104394,0.03426176,3,3,0,0
Zone_DH532,5607174163,90.4019505,23.7149897,0.0,4,1,0,0
Zone_DH532,5607174164,90.4019532,23.7148737,0.00230216,4,3,0,1
Zone_DH532,2486693917,90.3995972,23.7142647,0.01910307,3,3,0,0
Zone_DH532,2513375265,90.4068202,23.7165874,0.04995636,3,3,0,0
Zone_DH532,2528366626,90.4015995,23.7174671,0.08049129,2,3,0,1
Zone_DH532,2520043555,90.4057548,23.7114332,0.00293689,4,3,0,0
Zone_DH532,2528366628,90.4026824,23.7174689,0.0656881,3,3,0,0
Zone_DH532,2426376231,90.4052559,23.7162272,0.02923561,3,3,0,0
Zone_DH532,2426376239,90.4025486,23.7164809,0.08092704,2,4,0,0
Zone_DH532,3734802480,90.4083722,23.7141441,0.00578491,4,3,0,0
Zone_DH532,2424303672,90.4061859,23.71052,0.04949938,3,3,0,0
Zone_DH532,2426376251,90.4045777,23.7175697,0.1160245,1,4,0,0
Zone_DH532,5607174216,90.402045,23.7138645,0.01563159,4,3,0,1
Zone_DH532,2504577099,90.3997967,23.7222665,0.02156109,3,3,0,0
Zone_DH532,2486693969,90.3983468,23.7143758,0.0,4,1,0,0
Zone_DH532,2528366678,90.4031203,23.7175239,0.06635799,3,3,0,0
Zone_DH532,11240616038,90.3930217,23.7214567,0.0,4,1,0,0
Zone_DH532,11240616043,90.3926182,23.7222001,0.00230216,4,3,0,1
Zone_DH532,11333611628,90.398559,23.7076731,0.00601373,4,3,0,0
Zone_DH532,11240616044,90.3929407,23.7222374,0.0,4,1,0,0
Zone_DH532,11333611627,90.4005056,23.7082918,0.00313454,4,3,0,0
Zone_DH532,11333611632,90.3995423,23.7088366,0.00102539,4,3,0,0
Zone_DH532,11333611633,90.399309,23.7084901,0.00216884,4,3,0,1
Zone_DH532,11333611636,90.3998751,23.7081525,0.0,4,1,0,0
Zone_DH532,11333611638,90.3987359,23.7092311,0.0010506,4,3,0,0
Zone_DH532,5607174262,90.4018707,23.7148731,0.0,4,1,0,0
Zone_DH532,5624172664,90.4024011,23.717383,0.0648199,3,3,0,0
Zone_DH532,5607174267,90.4019529,23.7152562,0.00459967,4,3,0,1
Zone_DH532,5624172668,90.4023475,23.7172734,0.07617217,2,3,0,0
Zone_DH532,5607174268,90.4019545,23.7152163,0.0,4,1,0,0
Zone_DH532,2518323329,90.4029802,23.7207628,0.0,4,1,0,0
Zone_DH532,2513375376,90.406582,23.7164688,0.03555908,3,3,0,0
Zone_DH532,2470768796,90.4045832,23.7220342,0.02117574,3,3,0,0
Zone_DH532,8946938029,90.3943818,23.7164297,0.0297881,3,3,0,0
Zone_DH532,8946938030,90.3943334,23.7159733,0.02212618,3,3,0,0
Zone_DH532,8946938031,90.3944134,23.7164777,0.02760467,3,4,0,0
Zone_DH532,2504577210,90.3998391,23.7223664,0.01640362,4,3,0,0
Zone_DH532,2528366778,90.4012032,23.7176401,0.08445689,2,3,0,0
Zone_DH532,2513375423,90.4059331,23.7166944,0.0,4,1,0,0
Zone_DH532,2470768834,90.4039555,23.722878,0.0,4,1,0,0
Zone_DH532,2470768836,90.4041588,23.7228338,0.0,4,1,0,0
Zone_DH532,2470768839,90.4040861,23.722948,0.00345224,4,4,0,1
Zone_DH532,2470768840,90.4039733,23.7229509,0.0,4,1,0,0
Zone_DH532,6052335818,90.4076643,23.7099948,0.0160501,4,3,0,0
Zone_DH532,6052335822,90.4107323,23.7108287,0.00306158,4,2,0,0
Zone_DH532,2513375441,90.4061549,23.716702,0.0098825,4,3,0,0
Zone_DH532,11335127256,90.3935132,23.7078102,7.76e-05,4,3,0,0
Zone_DH532,11335127259,90.3939901,23.7079235,0.0109636,4,3,0,0
Zone_DH532,2467352818,90.4045939,23.7200248,0.04113043,3,4,0,1
Zone_DH532,2504577267,90.4001316,23.7225275,0.0,4,1,0,0
Zone_DH532,6199677175,90.3876677,23.7180649,0.0,4,1,0,0
Zone_DH532,2513375481,90.4054264,23.7167408,0.05017125,3,3,0,0
Zone_DH532,6199677179,90.3955775,23.7138632,0.01766447,4,3,0,0
Zone_DH532,2486694142,90.3980165,23.7147582,0.01595062,4,3,0,0
Zone_DH532,2504577284,90.3999385,23.7225709,0.01180328,4,3,0,1
Zone_DH532,2513375494,90.4067151,23.716748,0.0,4,1,0,0
Zone_DH532,1117204743,90.3940335,23.7188262,0.01846037,3,4,0,0
Zone_DH532,2513375495,90.406815,23.7167585,0.04987411,3,3,0,1
Zone_DH532,11340517690,90.4024081,23.705537,0.01425998,4,3,0,0
Zone_DH532,11340517691,90.4038055,23.7045631,6.102e-05,4,3,0,0
Zone_DH532,11340517692,90.4027043,23.7047555,0.00336403,4,3,0,0
Zone_DH532,11340517693,90.4030032,23.7051089,0.0075883,4,3,0,0
Zone_DH532,11340517694,90.4032245,23.7043708,0.00114942,4,3,0,0
Zone_DH532,2426360127,90.4080171,23.717588,0.01095564,4,3,0,0
Zone_DH532,11340517695,90.4038458,23.7050797,0.00111891,4,3,0,0
Zone_DH532,11340517696,90.4008328,23.7061151,0.0,4,1,0,0
Zone_DH532,2426360130,90.4080332,23.7180769,0.0086515,4,3,0,0
Zone_DH532,11340517698,90.4023569,23.705484,0.01536828,4,3,0,0
Zone_DH532,11340517700,90.4012117,23.7070242,0.0,4,1,0,0
Zone_DH532,11340517702,90.4008892,23.7037713,0.06608871,3,3,0,0
Zone_DH532,2426360137,90.4037394,23.7187181,0.0243786,3,3,0,0
Zone_DH532,11340517706,90.400868,23.7056273,0.00604822,4,3,0,0
Zone_DH532,11340517707,90.401125,23.7059186,0.00249119,4,3,0,1
Zone_DH532,11340517708,90.3996532,23.7057057,0.02255995,3,3,0,0
Zone_DH532,11340517711,90.4009003,23.7049481,0.00010015,4,3,0,0
Zone_DH532,11340517713,90.4014796,23.7044892,0.02594918,3,3,0,0
Zone_DH532,11340517714,90.4003397,23.7041072,0.06769843,3,3,0,0
Zone_DH532,11340517719,90.4007801,23.7038454,0.06650589,3,3,0,0
Zone_DH532,11340517729,90.4055003,23.7039919,0.00116998,4,3,0,1
Zone_DH532,11340517730,90.4062134,23.7046773,0.00690183,4,3,0,0
Zone_DH532,11340517731,90.4058015,23.7045865,0.0,4,1,0,0
Zone_DH532,11340517732,90.4059698,23.7044439,0.00119519,4,3,0,1
Zone_DH532,11340517737,90.4052919,23.7038936,0.0,4,1,0,0
Zone_DH532,11340517739,90.4064547,23.7029272,0.00114544,4,3,0,0
Zone_DH532,2513375598,90.4059768,23.7168086,0.00230216,4,3,0,1
Zone_DH532,5920543105,90.3923237,23.7042766,0.00238175,4,3,0,0
Zone_DH532,5920543110,90.3917167,23.7048081,0.01069565,4,3,0,0
Zone_DH532,2518323596,90.4025312,23.7210805,0.03190322,3,3,0,1
Zone_DH532,2518323605,90.4020365,23.7210854,0.03480032,3,3,0,0
Zone_DH532,12763271576,90.397635,23.7011864,0.01833369,4,3,0,0
Zone_DH532,12763271581,90.3976181,23.7012458,0.05257555,3,3,0,0
Zone_DH532,2528367007,90.4019801,23.7177665,0.0,4,1,0,0
Zone_DH532,6140498371,90.4085835,23.7159398,0.00042448,4,2,0,0
Zone_DH532,6140498373,90.4086099,23.7175453,0.01821829,4,4,0,0
Zone_DH532,4217303494,90.3869892,23.7133018,0.00052861,4,3,0,0
Zone_DH532,2518323668,90.4027688,23.7211304,0.0,4,1,0,0
Zone_DH532,4217303509,90.3886174,23.7138196,0.01030963,4,3,0,0
Zone_DH532,4217303510,90.3869858,23.7138135,0.00343168,4,3,0,0
Zone_DH532,2518323683,90.4025675,23.7211548,0.00230216,4,3,0,1
Zone_DH532,2528367076,90.4022953,23.7177858,0.0,4,1,0,0
Zone_DH532,2513375719,90.4057585,23.7168879,0.0,4,1,0,0
Zone_DH532,12732846584,90.3891473,23.7192294,2.189e-05,4,3,0,0
Zone_DH532,2528367109,90.4026075,23.717804,0.00610062,4,3,0,1
Zone_DH532,2520044052,90.4061441,23.7117332,0.0,4,1,0,0
Zone_DH532,2530947627,90.3946019,23.7194637,0.0,4,1,0,0
Zone_DH532,1723609644,90.3968778,23.7220905,0.01056631,4,3,0,0
Zone_DH532,2530947631,90.3943745,23.7194719,0.0081514,4,3,0,1
Zone_DH532,2530251315,90.3997777,23.7144397,0.0,4,1,0,0
Zone_DH532,2520044085,90.4059427,23.7117577,0.0,4,1,0,0
Zone_DH532,2530947642,90.3954872,23.7195936,0.00946067,4,3,0,0
Zone_DH532,2530947644,90.3952387,23.7196249,0.00251374,4,3,0,1
Zone_DH532,2530947646,90.3951958,23.7196233,0.0,4,1,0,0
Zone_DH532,2530947656,90.3952336,23.7197827,0.00202425,4,3,0,1
Zone_DH532,2530947657,90.3949993,23.7197866,0.0,4,1,0,0
Zone_DH532,2530251339,90.3992352,23.7149091,0.00828273,4,3,0,1
Zone_DH532,2530947661,90.3949538,23.7198627,0.0,4,1,0,0
Zone_DH532,1723601487,90.406008,23.7093691,0.00764003,4,3,0,0
Zone_DH532,2530947668,90.3952756,23.719908,0.00295679,4,3,0,1
Zone_DH532,2530947674,90.3953904,23.7199045,0.00933399,4,3,0,0
Zone_DH532,2520044127,90.4058399,23.7117807,0.00289046,4,3,0,1
Zone_DH532,2530251361,90.3992503,23.7150554,0.0,4,1,0,0
Zone_DH532,346624616,90.3858647,23.7134887,0.00204283,4,3,0,0
Zone_DH532,2518323828,90.4025742,23.7212751,0.0,4,1,0,0
Zone_DH532,2513130103,90.4013171,23.7193544,0.07305156,3,3,0,1
Zone_DH532,11343917726,90.4000114,23.7017755,0.00110167,4,3,0,0
Zone_DH532,2528367267,90.4037032,23.7179124,0.02237888,3,3,0,0
Zone_DH532,11343917731,90.3998505,23.7009489,0.01298321,4,3,0,0
Zone_DH532,2528367270,90.4035268,23.7179155,0.00062744,4,2,0,0
Zone_DH532,2520044203,90.4055053,23.7118029,0.01084753,4,3,0,0
Zone_DH532,5920338618,90.3974954,23.7012671,0.04489904,3,3,0,0
Zone_DH532,346624703,90.3930388,23.7112013,0.01782962,4,3,0,1
Zone_DH532,2510213832,90.4013792,23.7158336,0.05524781,3,3,0,1
Zone_DH532,2510213837,90.4013761,23.7162539,0.00230216,4,3,0,1
Zone_DH532,2510213839,90.4005815,23.7163073,0.0275138,3,3,0,1
Zone_DH532,2510213842,90.4015022,23.7163256,0.0,4,1,0,0
Zone_DH532,2510213845,90.4013621,23.7165366,0.0,4,1,0,0
Zone_DH532,2528367324,90.4016969,23.7179511,0.0,4,1,0,0
Zone_DH532,2528367334,90.4031364,23.7179581,0.01642285,4,3,0,1
Zone_DH532,2528367346,90.4012659,23.7179631,0.01007882,4,3,0,1
Zone_DH532,2452427509,90.4001812,23.720386,0.0,4,1,0,0
Zone_DH532,2520044286,90.4051013,23.7118519,0.01987045,3,3,0,0
Zone_DH532,2513376002,90.4068564,23.7170219,0.04907423,3,3,0,0
Zone_DH532,2528367376,90.4007432,23.7179766,0.06295881,3,3,0,1
Zone_DH532,2513376021,90.4060857,23.7170954,0.01167063,4,3,0,1
Zone_DH532,2528367383,90.4025608,23.7179806,0.00480992,4,3,0,1
Zone_DH532,2513662744,90.4019754,23.719191,0.0,4,1,0,0
Zone_DH532,2528367393,90.4019801,23.7179829,0.0,4,1,0,0
Zone_DH532,2528367418,90.4028118,23.7179877,0.0,4,1,0,0
Zone_DH532,2513130322,90.4011414,23.719606,0.0,4,1,0,0
Zone_DH532,2528367463,90.4021676,23.7180015,0.00387208,4,3,0,1
Zone_DH532,401707904,90.4061256,23.7203451,0.05833061,3,4,0,0
Zone_DH532,2528367510,90.4011585,23.7180155,0.0,4,1,0,0
Zone_DH532,11420373913,90.3927207,23.7006892,0.0030775,4,2,0,0
Zone_DH532,11420373919,90.3916274,23.700833,0.0,4,1,0,0
Zone_DH532,11420373920,90.3920049,23.7008301,0.00138023,4,3,0,1
Zone_DH532,11420373927,90.3897975,23.7026837,0.00252368,4,3,0,0
Zone_DH532,11420373928,90.3897423,23.7023548,0.0001751,4,3,0,0
Zone_DH532,7114830765,90.405977,23.7187913,0.0,4,1,0,0
Zone_DH532,2513130428,90.4011151,23.7198068,0.0,4,1,0,0
Zone_DH532,2524951486,90.4001978,23.7126802,0.10696444,2,3,0,0
Zone_DH532,5624157121,90.4017624,23.7156926,0.00115539,4,4,0,1
Zone_DH532,9026171842,90.4107436,23.7105865,0.00314714,4,2,0,0
Zone_DH532,5624157123,90.4018365,23.7156936,0.00458707,4,3,0,0
Zone_DH532,2518324164,90.4027067,23.7219092,0.0,4,1,0,0
Zone_DH532,2518324165,90.4022731,23.721911,0.0,4,1,0,0
Zone_DH532,5624157124,90.4018368,23.7156575,0.01260052,4,3,0,1
Zone_DH532,5624157122,90.4016973,23.7156918,0.0,4,1,0,0
Zone_DH532,2483295177,90.4067549,23.7174448,0.02024586,3,3,0,0
Zone_DH532,2468418509,90.404736,23.7217521,0.05900382,3,3,0,0
Zone_DH532,2483295192,90.4062618,23.7176534,0.0,4,1,0,0
Zone_DH532,2468418522,90.4049672,23.7218664,0.03682789,3,3,0,0
Zone_DH532,2520044513,90.4058972,23.7119886,0.0,4,1,0,0
Zone_DH532,5892412386,90.4037554,23.7197068,0.06162566,3,3,0,1
Zone_DH532,5624157162,90.4018874,23.7143126,0.0,4,1,0,0
Zone_DH532,5624157167,90.401929,23.7157995,0.06302314,3,3,0,1
Zone_DH532,2468418544,90.4046306,23.72195,0.02227807,3,3,0,0
Zone_DH532,2468418545,90.4051385,23.7219513,0.03013366,3,3,0,0
Zone_DH532,5892412403,90.4038875,23.7192801,0.0,4,1,0,0
Zone_DH532,2483295221,90.4061631,23.7179276,0.00158783,4,3,0,0
Zone_DH532,2483295223,90.4064319,23.71795,0.00184518,4,3,0,1
Zone_DH532,2518324216,90.4020619,23.7219432,0.02118569,3,3,0,1
Zone_DH532,2476463097,90.4031803,23.7206772,0.06388073,3,3,0,0
Zone_DH532,2468418556,90.4047842,23.7219783,0.0,4,1,0,0
Zone_DH532,2513130494,90.4014399,23.7199393,0.01476074,4,3,0,1
Zone_DH532,2483295239,90.4066748,23.7180197,0.0,4,1,0,0
Zone_DH532,2483295243,90.406681,23.717976,0.00115141,4,3,0,1
Zone_DH532,2528367628,90.4013639,23.7180532,0.00850425,4,3,0,1
Zone_DH532,2518324236,90.4030144,23.7219854,0.01775202,4,3,0,1
Zone_DH532,2520044558,90.4055793,23.7120033,0.01078187,4,3,0,1
Zone_DH532,2524951568,90.3998265,23.7129919,0.1046908,2,3,0,0
Zone_DH532,2468418580,90.404876,23.7219957,0.00636459,4,3,0,1
Zone_DH532,5892412437,90.4038131,23.7195223,0.00230216,4,3,0,1
Zone_DH532,5892412436,90.4040082,23.7195699,0.0,4,1,0,0
Zone_DH532,2483295259,90.4060788,23.7181773,0.00221063,4,3,0,0
Zone_DH532,6139180061,90.4084413,23.7145047,0.01665499,4,3,0,0
Zone_DH532,6139180072,90.4085502,23.714575,0.00110896,4,3,0,0
Zone_DH532,6139180075,90.4088919,23.714409,0.00688857,4,3,0,0
Zone_DH532,2468418612,90.4053098,23.7220383,0.01606337,4,3,0,1
Zone_DH532,2520044597,90.4052801,23.7120392,0.0,4,1,0,0
Zone_DH532,2518324281,90.4025267,23.7220842,0.0,4,1,0,0
Zone_DH532,2518324285,90.4021009,23.7220877,0.00779391,4,3,0,1
Zone_DH532,393352265,90.4046368,23.7108224,0.005054,4,3,0,0
Zone_DH532,393352269,90.404345,23.7099302,0.00410621,4,3,0,1
Zone_DH532,393352270,90.4042441,23.7098158,0.00214563,4,3,0,0
Zone_DH532,393352272,90.403876,23.7089621,0.00793916,4,3,0,0
Zone_DH532,2524951641,90.401147,23.7132072,0.04224337,3,3,0,0
Zone_DH532,2468418658,90.4049518,23.7220709,0.00576766,4,3,0,1
Zone_DH532,2520044645,90.4051183,23.7120479,0.01081901,4,3,0,1
Zone_DH532,2528367724,90.401463,23.7180965,0.0071207,4,3,0,1
Zone_DH532,6335730813,90.3963347,23.7203625,0.0385895,3,3,0,1
Zone_DH532,2468418694,90.4045479,23.7220979,0.02008667,3,3,0,0
Zone_DH532,2468418704,90.4054354,23.7221083,0.01457105,4,3,0,1
Zone_DH532,2513130645,90.4011146,23.7203449,0.0,4,1,0,0
Zone_DH532,2513130650,90.4014088,23.7203572,0.0133427,4,3,0,1
Zone_DH532,2468418718,90.4050911,23.7221179,0.0018989,4,3,0,0
Zone_DH532,2468418734,90.404533,23.7221307,0.01902613,3,3,0,1
Zone_DH532,2520044744,90.406484,23.7121215,0.00734356,4,3,0,1
Zone_DH532,2520044750,90.4062797,23.7121237,0.0,4,1,0,0
Zone_DH532,2468418769,90.4047693,23.7221496,0.0,4,1,0,0
Zone_DH532,2468418785,90.404887,23.7221565,0.00230216,4,3,0,1
Zone_DH532,2468418786,90.4049291,23.7221571,0.00459967,4,3,0,1
Zone_DH532,2524951784,90.4004887,23.7134281,0.00435758,4,3,0,0
Zone_DH532,1778185452,90.3941426,23.7172177,0.00281618,4,3,0,0
Zone_DH532,401831155,90.402538,23.7237187,0.0,4,1,0,0
Zone_DH532,1778185460,90.3940459,23.7182272,0.00146447,4,3,0,0
Zone_DH532,1778185464,90.3939785,23.718442,0.00694428,4,3,0,0
Zone_DH532,1778185466,90.3928243,23.716806,0.02698784,3,3,0,0
Zone_DH532,2468418810,90.4049585,23.7221641,0.0,4,1,0,0
Zone_DH532,2468418812,90.4046399,23.7221657,0.0,4,1,0,0
Zone_DH532,3357275394,90.3869374,23.7207368,0.00115141,4,2,0,1
Zone_DH532,3357275399,90.3874805,23.720831,0.0,4,1,0,0
Zone_DH532,2468418828,90.4051807,23.7221841,0.0,4,1,0,0
Zone_DH532,2520044826,90.406734,23.7121572,0.02880052,3,3,0,0
Zone_DH532,2468418851,90.405388,23.7222042,0.0,4,1,0,0
Zone_DH532,2513130788,90.4013941,23.7205958,0.01326178,4,3,0,0
Zone_DH532,2468418859,90.4045049,23.7222079,0.01684269,4,3,0,1
Zone_DH532,2520044844,90.4061343,23.7121705,0.0,4,1,0,0
Zone_DH532,2524951866,90.4007336,23.7135363,0.04069201,3,3,0,0
Zone_DH532,2528367930,90.4032832,23.718168,0.0,4,1,0,0
Zone_DH532,2524951869,90.4006,23.7135386,0.00448692,4,3,0,0
Zone_DH532,2524951871,90.4004793,23.7135399,0.00115141,4,3,0,1
Zone_DH532,2513130817,90.4009559,23.7206297,0.00492268,4,2,0,0
Zone_DH532,2513130827,90.4008149,23.7206536,0.03545562,3,3,0,0
Zone_DH532,401864018,90.4098251,23.7157275,0.0013484,4,3,0,0
Zone_DH532,2468418903,90.4046164,23.7222313,0.0,4,1,0,0
Zone_DH532,2468418904,90.4046869,23.7222313,0.0,4,1,0,0
Zone_DH532,401864035,90.4106827,23.7163483,0.0,4,2,0,0
Zone_DH532,2513130852,90.4011884,23.7206972,0.0,4,1,0,0
Zone_DH532,2513130854,90.4014031,23.7207002,0.00870124,4,3,0,1
Zone_DH532,3280622958,90.3853568,23.7139939,0.0,4,2,0,0
Zone_DH532,2524951933,90.3994259,23.7136218,0.0169906,4,3,0,0
Zone_DH532,2468418946,90.4051688,23.7222587,0.0,4,1,0,0
Zone_DH532,2490635651,90.4056177,23.717401,0.03158154,3,3,0,1
Zone_DH532,2490635657,90.4057048,23.717479,0.0,4,1,0,0
Zone_DH532,2490635661,90.4051474,23.7175074,0.0184418,4,3,0,1
Zone_DH532,2490635666,90.4048087,23.7175484,0.01991025,3,3,0,1
Zone_DH532,2484057504,90.4049671,23.7201584,0.02767962,3,3,0,1
Zone_DH532,2524951972,90.4000838,23.7136791,0.0,4,2,0,0
Zone_DH532,2468418981,90.4045023,23.7222777,0.01465793,4,3,0,1
Zone_DH532,2468418987,90.4045783,23.7222792,0.0,4,1,0,0
Zone_DH532,2490635691,90.4056211,23.7177077,0.0,4,1,0,0
Zone_DH532,2530268588,90.3985441,23.7147571,0.00615169,4,3,0,0
Zone_DH532,2531218865,90.4010413,23.7226279,0.00789539,4,3,0,0
Zone_DH532,2528368051,90.4013599,23.7182063,0.0,4,1,0,0
Zone_DH532,2490635701,90.4053308,23.7179302,0.0,4,1,0,0
Zone_DH532,2490635702,90.4048197,23.7179659,0.0,4,1,0,0
Zone_DH532,2490635705,90.4053417,23.7180337,0.0,4,1,0,0
Zone_DH532,2449724867,90.4029478,23.7195893,0.03320984,3,3,0,0
Zone_DH532,2520044998,90.405458,23.7122774,0.0,4,1,0,0
Zone_DH532,11330254281,90.3956906,23.7135887,0.00257476,4,3,0,0
Zone_DH532,11330254283,90.394688,23.711885,0.00233532,4,3,0,0
Zone_DH532,2513130956,90.4014203,23.720835,0.00711739,4,3,0,1
Zone_DH532,11330254284,90.3959698,23.7134592,0.00280093,4,3,0,1
Zone_DH532,2513130958,90.4011671,23.7208364,0.0,4,1,0,0
Zone_DH532,11330254285,90.3955377,23.7122331,0.0,4,1,0,0
Zone_DH532,4963694033,90.3897442,23.7069404,0.00335076,4,3,0,0
Zone_DH532,4963694034,90.389368,23.7069747,0.00232206,4,4,0,0
Zone_DH532,4963694035,90.3893711,23.707523,0.00107248,4,3,0,0
Zone_DH532,5896197589,90.3870175,23.7191533,0.0,4,1,0,0
Zone_DH532,5896197590,90.3869516,23.7195823,0.00459967,4,3,0,1
Zone_DH532,6139180504,90.4068268,23.7142806,0.07106179,3,4,0,0
Zone_DH532,4963694041,90.3898286,23.7049003,0.00940761,4,3,0,0
Zone_DH532,5896197596,90.3870822,23.7186378,0.0,4,1,0,0
Zone_DH532,6139180508,90.4084655,23.7144058,0.0074583,4,3,0,0
Zone_DH532,6139180510,90.4075268,23.7145164,0.01864807,3,3,0,1
Zone_DH532,6139180512,90.4023637,23.7096682,0.02634515,3,3,0,0
Zone_DH532,2528368096,90.4017732,23.718229,0.0,4,1,0,0
Zone_DH532,4715484648,90.3955158,23.7136698,0.00611322,4,3,0,0
Zone_DH532,4715484649,90.3960839,23.7134063,0.00252368,4,3,0,1
Zone_DH532,2484057579,90.4053572,23.7201782,0.01480916,4,3,0,0
Zone_DH532,2468419051,90.4054852,23.7223211,0.0,4,1,0,0
Zone_DH532,4715484653,90.3957308,23.7142625,0.01922444,3,3,0,0
Zone_DH532,4715484652,90.39589,23.7126674,0.0,4,1,0,0
Zone_DH532,4715484655,90.3964145,23.7140155,0.00598919,4,3,0,0
Zone_DH532,3357283839,90.3869562,23.7199521,0.01603817,4,4,0,1
Zone_DH532,2520045059,90.4056981,23.7123189,0.01032157,4,3,0,1
Zone_DH532,2529637902,90.3963227,23.7153308,0.10242711,2,3,0,0
Zone_DH532,2468419086,90.4052613,23.7223533,0.0,4,1,0,0
Zone_DH532,2484057616,90.4051494,23.720186,0.02649836,3,3,0,0
Zone_DH532,2468419100,90.4049737,23.7223606,0.0,4,1,0,0
Zone_DH532,2468419105,90.4045113,23.7223696,0.01248113,4,3,0,1
Zone_DH532,2528368166,90.4004973,23.7182577,0.06174969,3,3,0,0
Zone_DH532,2468419112,90.4045771,23.7223727,0.0,4,1,0,0
Zone_DH532,5892408832,90.3866861,23.7191197,0.0,4,1,0,0
Zone_DH532,11340527170,90.4018711,23.7069377,0.0,4,1,0,0
Zone_DH532,11340527171,90.402563,23.707029,0.00066325,4,3,0,0
Zone_DH532,11340527173,90.4026989,23.7058859,0.00445973,4,3,0,0
Zone_DH532,11340527174,90.4032532,23.7065238,0.00169263,4,3,0,0
Zone_DH532,2468419143,90.4047449,23.7224027,0.0,4,1,0,0
Zone_DH532,11340527175,90.4030237,23.7062604,0.00246863,4,3,0,0
Zone_DH532,11340527177,90.4029923,23.7036843,0.00250909,4,3,0,0
Zone_DH532,11340527178,90.4048932,23.7053305,0.00014658,4,2,0,0
Zone_DH532,11340527181,90.40212,23.7052035,0.02083284,3,4,0,0
Zone_DH532,11340527182,90.4034809,23.7041802,0.00021489,4,3,0,0
Zone_DH532,11340527183,90.4041103,23.7049161,1.33e-06,4,3,0,0
Zone_DH532,11340527184,90.4027361,23.7059362,0.00345688,4,3,0,0
Zone_DH532,11340527185,90.4028801,23.7046155,0.00238175,4,4,0,0
Zone_DH532,11340527186,90.4038214,23.7056895,0.0,4,3,0,0
Zone_DH532,2520045145,90.405741,23.7123552,0.00961123,4,3,0,0
Zone_DH532,2455098972,90.3988033,23.7183596,0.04279188,3,3,0,0
Zone_DH532,2455098978,90.3992788,23.7184621,0.04806542,3,3,0,0
Zone_DH532,2470721127,90.4042021,23.7198729,0.03952071,3,3,0,0
Zone_DH532,2528368239,90.4015,23.7182923,0.00593083,4,3,0,1
Zone_DH532,394270323,90.4106762,23.7113053,0.00492931,4,3,0,1
Zone_DH532,2513131123,90.4012726,23.7210518,0.01020882,4,3,0,0
Zone_DH532,6139229812,90.409132,23.7190292,0.0,4,2,0,0
Zone_DH532,6139229818,90.4086483,23.7178438,0.01041841,4,3,0,0
Zone_DH532,2455099005,90.3988432,23.7188155,0.00345025,4,3,0,1
Zone_DH532,2468419201,90.4051889,23.7224407,0.0,4,1,0,0
Zone_DH532,394270342,90.4098885,23.711388,0.00230216,4,3,0,1
Zone_DH532,2468419211,90.4053868,23.7224441,0.0,4,1,0,0
Zone_DH532,394270354,90.4095855,23.7113959,0.0,4,1,0,0
Zone_DH532,2455099033,90.399313,23.7191289,0.0,4,1,0,0
Zone_DH532,2528368282,90.4010032,23.7183107,0.0,4,1,0,0
Zone_DH532,2455099040,90.3993145,23.7192859,0.00230216,4,3,0,1
Zone_DH532,2455099045,90.3993131,23.7193946,0.0,4,1,0,0
Zone_DH532,3357259442,90.3861878,23.7186001,0.0,4,3,0,0
Zone_DH532,2484057787,90.4045522,23.7202339,0.00917878,4,3,0,1
Zone_DH532,6139180737,90.4059973,23.7140935,0.04243438,3,3,0,0
Zone_DH532,6139180739,90.4056857,23.7139833,0.03289811,3,4,0,0
Zone_DH532,6139180741,90.4047481,23.7136543,0.07034813,3,4,0,0
Zone_DH532,2528368328,90.4022469,23.7183239,0.00299261,4,3,0,0
Zone_DH532,6139180750,90.4030112,23.7115894,0.23128162,1,4,1,0
Zone_DH532,6139180753,90.4021459,23.7097775,0.02526537,3,3,0,0
Zone_DH532,318322387,90.4099256,23.7077718,0.01762268,4,3,0,0
Zone_DH532,6139180756,90.4060913,23.7139673,0.02143374,3,3,0,0
Zone_DH532,401708758,90.4077512,23.7204432,0.00253695,4,3,0,0
Zone_DH532,318322393,90.4097671,23.7078996,0.01810885,4,3,0,0
Zone_DH532,6139180762,90.3979639,23.703227,0.09733862,2,3,0,0
Zone_DH532,2484057819,90.4046836,23.7202368,0.00689188,4,3,0,1
Zone_DH532,6139180774,90.4032327,23.7115556,0.22951206,1,4,0,0
Zone_DH532,2468419303,90.4050535,23.7225316,0.0070577,4,3,0,1
Zone_DH532,2468419304,90.4049111,23.7225322,0.00705438,4,3,0,0
Zone_DH532,318322411,90.407432,23.7099462,0.04388559,3,3,0,0
Zone_DH532,6139180783,90.4042026,23.7131712,0.01345744,4,4,0,0
Zone_DH532,393352944,90.4047225,23.7085685,0.00692173,4,3,0,0
Zone_DH532,2468419311,90.4051385,23.722535,0.00693433,4,3,0,1
Zone_DH532,11341444851,90.407186,23.7036127,2.056e-05,4,3,0,0
Zone_DH532,11341444855,90.4051452,23.7018932,0.01139671,4,3,0,0
Zone_DH532,11341444857,90.4068456,23.7017975,0.00342372,4,2,0,0
Zone_DH532,318322425,90.4066145,23.7102105,0.05404002,3,3,0,0
Zone_DH532,2468419324,90.4051904,23.7225391,0.00695688,4,3,0,1
Zone_DH532,11341444861,90.4073052,23.7024472,0.0011607,4,3,0,0
Zone_DH532,318322430,90.4067984,23.7080957,0.00469584,4,4,0,0
Zone_DH532,2490619647,90.4058329,23.7013549,0.00800217,4,4,0,1
Zone_DH532,318322431,90.4069184,23.7088099,0.00560649,4,3,0,0
Zone_DH532,11335153406,90.3984798,23.7077227,0.00682622,4,3,0,0
Zone_DH532,2490619650,90.4051915,23.7010017,0.00115141,4,2,0,1
Zone_DH532,11335153408,90.3980294,23.7068463,0.01150615,4,3,0,0
Zone_DH532,11341444867,90.4071587,23.7020715,0.00229155,4,3,0,0
Zone_DH532,2468419333,90.4047596,23.7225417,0.00834242,4,3,0,1
Zone_DH532,11341444868,90.4016298,23.7032633,0.03776905,3,3,0,0
Zone_DH532,2484057871,90.4048607,23.7202402,0.0,4,1,0,0
Zone_DH532,2468419345,90.4053134,23.7225481,0.00722881,4,3,0,1
Zone_DH532,2468419350,90.4053736,23.7225525,0.00775013,4,3,0,1
Zone_DH532,11335153439,90.4003566,23.7083898,0.0019314,4,3,0,1
Zone_DH532,11335153440,90.4000959,23.7080576,0.0,4,1,0,0
Zone_DH532,11335153441,90.3958178,23.7095221,0.00096437,4,3,0,0
Zone_DH532,11335153442,90.3967005,23.7094432,0.00104197,4,3,0,0
Zone_DH532,2520045357,90.4055963,23.7124273,0.0,4,1,0,0
Zone_DH532,11335153467,90.3981701,23.7093537,0.00097366,4,3,0,0
Zone_DH532,2528368447,90.4028485,23.7183805,0.01600102,4,3,0,0
Zone_DH532,2520045379,90.4054402,23.7124372,0.0,4,1,0,0
Zone_DH532,2528368489,90.4016041,23.7184032,0.00480064,4,3,0,1
Zone_DH532,2524952426,90.3997993,23.7143492,0.01086677,4,3,0,1
Zone_DH532,2528368497,90.4029867,23.7184086,0.02066437,3,3,0,0
Zone_DH532,6397925235,90.4085919,23.7144806,0.01451334,4,4,0,0
Zone_DH532,2520045454,90.4065203,23.7124785,0.02978877,3,3,0,1
Zone_DH532,2524952470,90.4004894,23.7145161,0.04788103,3,3,0,0
Zone_DH532,11372918708,90.3861341,23.7193746,0.00344826,4,2,0,0
Zone_DH532,11372918709,90.3864761,23.7193729,0.00574379,4,3,0,1
Zone_DH532,2520045524,90.4052659,23.7124875,0.00989444,4,3,0,1
Zone_DH532,2528368611,90.4019496,23.7184751,0.0,4,1,0,0
Zone_DH532,11335284708,90.3950706,23.7072621,0.04071523,3,3,0,0
Zone_DH532,2520045545,90.4062629,23.7124885,0.00804793,4,3,0,1
Zone_DH532,352999402,90.3888524,23.722193,0.00023877,4,2,0,0
Zone_DH532,11335374836,90.3952609,23.708003,0.0,4,1,0,0
Zone_DH532,11335374837,90.3955414,23.7078502,0.00353581,4,3,0,1
Zone_DH532,11335374838,90.3954744,23.7077663,0.00548445,4,3,0,1
Zone_DH532,11425036279,90.407411,23.7038392,0.00234328,4,3,0,0
Zone_DH532,11335374839,90.3957792,23.7075693,0.0,4,1,0,0
Zone_DH532,11425036281,90.4078196,23.7035048,0.00118059,4,3,0,0
Zone_DH532,394237946,90.4083848,23.7141938,0.01033019,4,3,0,0
Zone_DH532,11425036280,90.4070825,23.7026826,2.719e-05,4,3,0,0
Zone_DH532,11335374852,90.3957255,23.7081589,0.00166941,4,3,0,0
Zone_DH532,11335374857,90.397201,23.7072004,0.00119054,4,3,0,0
Zone_DH532,11335284747,90.395005,23.7089139,0.00315842,4,3,0,0
Zone_DH532,11335284748,90.3953198,23.7094198,0.00229155,4,3,0,0
Zone_DH532,2528368657,90.4014235,23.7184972,0.0,4,1,0,0
Zone_DH532,11335284757,90.3950044,23.7093743,0.00253363,4,3,0,0
Zone_DH532,11335284758,90.3952538,23.7093177,0.00190885,4,3,0,0
Zone_DH532,11335284762,90.3958249,23.7083051,0.00077601,4,3,0,0
Zone_DH532,2520045629,90.4062635,23.7124935,0.00807712,4,3,0,1
Zone_DH532,2484058193,90.4051688,23.720317,0.0094023,4,3,0,1
Zone_DH532,2442221659,90.4005339,23.7219563,0.01171441,4,3,0,0
Zone_DH532,2484557920,90.3896346,23.7032016,0.01902414,3,3,0,0
Zone_DH532,2484557921,90.389308,23.702818,0.01923505,3,3,0,0
Zone_DH532,2520045670,90.4061316,23.7124956,0.0,4,1,0,0
Zone_DH532,2484058220,90.4049487,23.7203213,0.0,4,1,0,0
Zone_DH532,2484058239,90.4052571,23.7203222,0.0,4,1,0,0
Zone_DH532,2520045705,90.4061317,23.7124998,0.0,4,1,0,0
Zone_DH532,2528368792,90.4023113,23.7186104,0.01265358,4,3,0,0
Zone_DH532,4971665588,90.4064109,23.7151107,0.00441927,4,3,0,0
Zone_DH532,2520045762,90.4056325,23.7125222,0.00213767,4,3,0,1
Zone_DH532,4959492293,90.3925693,23.7195265,0.00543537,4,3,0,0
Zone_DH532,2528368850,90.4014044,23.7186542,0.0,4,1,0,0
Zone_DH532,2484058323,90.4044198,23.720341,0.0,4,1,0,0
Zone_DH532,2528368851,90.400445,23.7186544,0.01882185,3,3,0,1
Zone_DH532,13519878362,90.4019726,23.7009079,0.0,4,1,0,0
Zone_DH532,2528368861,90.4014413,23.7186635,0.00404453,4,3,0,1
Zone_DH532,13519878371,90.4014348,23.7009558,0.00115141,4,2,0,1
Zone_DH532,2426280174,90.3997274,23.718559,0.09466239,2,3,0,0
Zone_DH532,2484058367,90.4041591,23.7203474,0.01326244,4,3,0,1
Zone_DH532,352999683,90.3891932,23.721122,0.00137426,4,3,0,0
Zone_DH532,2426280198,90.4002742,23.7206914,0.01211833,4,3,0,0
Zone_DH532,2484058379,90.4045427,23.720349,0.0,4,1,0,0
Zone_DH532,2528368907,90.4006534,23.718689,0.0,4,1,0,0
Zone_DH532,2454984985,90.4048152,23.7210622,0.01706687,4,4,0,1
Zone_DH532,7227406620,90.408371,23.7187181,0.00459835,4,3,0,0
Zone_DH532,2530818332,90.4051667,23.7182914,0.02067564,3,3,0,0
Zone_DH532,2454984989,90.4041072,23.7210845,0.04177179,3,3,0,0
Zone_DH532,2454984990,90.4042233,23.7210561,0.0220519,3,3,0,0
Zone_DH532,2454984992,90.4052042,23.7210823,0.01542864,4,3,0,1
Zone_DH532,2528368925,90.4021257,23.7186964,0.01263965,4,3,0,0
Zone_DH532,2454984994,90.4054062,23.7211288,0.01472956,4,3,0,1
Zone_DH532,7227406626,90.4088364,23.7185707,0.00142533,4,3,0,0
Zone_DH532,2528368932,90.4035268,23.7186999,0.00590231,4,3,0,0
Zone_DH532,2454985000,90.4054003,23.7212327,0.0,4,1,0,0
Zone_DH532,2454985001,90.4051934,23.7212429,0.0,4,1,0,0
Zone_DH532,2454985003,90.4055484,23.7212911,0.0,4,1,0,0
Zone_DH532,2454985005,90.4058667,23.7213049,0.03971968,3,3,0,1
Zone_DH532,2454985008,90.4052483,23.7213962,0.0,4,1,0,0
Zone_DH532,2454985009,90.4053436,23.7214062,0.01347933,4,3,0,1
Zone_DH532,2454985011,90.4055554,23.7214246,0.01360535,4,3,0,1
Zone_DH532,2454985013,90.4050218,23.7214927,0.0,4,1,0,0
Zone_DH532,2454985014,90.4053278,23.7215199,0.01360137,4,3,0,1
Zone_DH532,2454985015,90.404149,23.72152,0.06794516,3,3,0,0
Zone_DH532,2454985016,90.4045852,23.7215355,0.0,4,1,0,0
Zone_DH532,2454985018,90.4053182,23.7215735,0.0137433,4,3,0,1
Zone_DH532,2528368955,90.4003254,23.7187212,0.06814679,3,3,0,0
Zone_DH532,2454985020,90.40554,23.7215936,0.0,4,1,0,0
Zone_DH532,2454985021,90.4047624,23.7216393,0.0,4,1,0,0
Zone_DH532,2454985022,90.404541,23.7216732,0.05924989,3,3,0,1
Zone_DH532,2454985024,90.4054063,23.7217017,0.0,4,1,0,0
Zone_DH532,2454985026,90.4047233,23.7217464,0.05796715,3,3,0,1
Zone_DH532,2454985027,90.4052873,23.7217542,0.01394891,4,3,0,1
Zone_DH532,2454985028,90.4051438,23.7217782,0.0,4,1,0,0
Zone_DH532,2530818374,90.4048124,23.7185565,0.02622709,3,3,0,0
Zone_DH532,2454985031,90.4055653,23.7217994,0.0,4,1,0,0
Zone_DH532,2454985034,90.4057834,23.7218347,0.02400187,3,3,0,1
Zone_DH532,2454985035,90.404929,23.7218472,0.03779492,3,3,0,1
Zone_DH532,2530818381,90.4051479,23.7185703,0.01802926,4,3,0,0
Zone_DH532,2454985038,90.405116,23.7219416,0.02956459,3,3,0,1
Zone_DH532,2454985039,90.4054476,23.7219467,0.0,4,1,0,0
Zone_DH532,2454985040,90.4052315,23.7219915,0.02979341,3,3,0,0
Zone_DH532,2454985041,90.4055281,23.7219862,0.0,4,1,0,0
Zone_DH532,2454985042,90.4053816,23.7220813,0.01482839,4,3,0,1
Zone_DH532,2454985043,90.4054676,23.7221244,0.01433493,4,3,0,1
Zone_DH532,2454985045,90.405642,23.7225632,0.02755094,3,4,0,0
Zone_DH532,2484058456,90.4053351,23.7203555,0.00224445,4,3,0,1
Zone_DH532,394271067,90.409708,23.7104835,0.0,4,1,0,0
Zone_DH532,2530818408,90.405458,23.7186591,0.01438732,4,3,0,1
Zone_DH532,2483165564,90.4064463,23.7174255,0.02214741,3,3,0,0
Zone_DH532,2520045949,90.4060426,23.7126323,0.0,4,1,0,0
Zone_DH532,11341568382,90.4013362,23.7034768,0.03893439,3,3,0,0
Zone_DH532,2483165567,90.4064354,23.7176535,0.00321546,4,3,0,1
Zone_DH532,11341568385,90.4002559,23.7027981,0.00824028,4,3,0,0
Zone_DH532,11341568390,90.4016753,23.7016738,0.0,4,1,0,0
Zone_DH532,2483165576,90.40641,23.7180819,0.0,4,1,0,0
Zone_DH532,2520045976,90.4063099,23.7126533,0.00814212,4,3,0,1
Zone_DH532,6397917609,90.408585,23.7164726,0.0004656,4,2,0,0
Zone_DH532,2520046012,90.4058843,23.7126663,0.0,4,1,0,0
Zone_DH532,2530818494,90.4047894,23.7188005,0.01490864,4,3,0,1
Zone_DH532,568736211,90.3930232,23.7090128,0.0,4,1,0,0
Zone_DH532,6138976726,90.4094609,23.7141342,0.00822038,4,3,0,0
Zone_DH532,2530818518,90.4050517,23.7188155,0.0,4,1,0,0
Zone_DH532,2520046057,90.4058298,23.7126785,0.00460432,4,3,0,1
Zone_DH532,2484058617,90.4054513,23.7203724,0.0,4,1,0,0
Zone_DH532,5920627201,90.3894677,23.7059506,0.0003429,4,3,0,0
Zone_DH532,2532440593,90.4008341,23.7216902,0.00356168,4,3,0,0
Zone_DH532,2520046112,90.4056771,23.712694,0.00541282,4,3,0,0
Zone_DH532,2532440610,90.4011313,23.7218256,0.01158375,4,3,0,0
Zone_DH532,12212910628,90.4081142,23.7148025,0.0,4,1,0,0
Zone_DH532,2532440619,90.4010248,23.721843,0.00707295,4,3,0,0
Zone_DH532,11425503792,90.4048016,23.7022246,0.01590751,4,3,0,0
Zone_DH532,2532440626,90.4005886,23.7218451,0.01283995,4,3,0,0
Zone_DH532,11425503794,90.4059212,23.70325,0.00227695,4,3,0,0
Zone_DH532,2528369206,90.4011742,23.7189738,0.00933001,4,3,0,0
Zone_DH532,2532440651,90.4008059,23.7218568,0.00917149,4,4,0,0
Zone_DH532,11425503830,90.4017788,23.7031516,0.03668396,3,3,0,0
Zone_DH532,2530818651,90.4053609,23.7189422,0.0,4,1,0,0
Zone_DH532,11425503842,90.4011088,23.7011498,0.00817462,4,3,0,0
Zone_DH532,2532440675,90.4007791,23.722055,0.00394106,4,3,0,0
Zone_DH532,11425503843,90.4020211,23.7029726,0.03695391,3,3,0,0
Zone_DH532,11425503847,90.4015139,23.7020775,0.00166875,4,3,0,0
Zone_DH532,393919083,90.4093518,23.7133081,0.00758498,4,3,0,0
Zone_DH532,2528369260,90.4005732,23.7190138,0.0671466,3,3,0,0
Zone_DH532,3049855596,90.3897958,23.7198236,0.08103847,2,4,0,1
Zone_DH532,393919086,90.4090635,23.7131893,0.00140544,4,3,0,0
Zone_DH532,2532440687,90.4010957,23.7220723,0.01239822,4,3,0,0
Zone_DH532,393919092,90.4089548,23.7118151,0.00153941,4,3,0,0
Zone_DH532,2484058741,90.4052958,23.7203997,0.00700795,4,3,0,0
Zone_DH532,11425503860,90.4032635,23.701788,0.00466136,4,3,0,0
Zone_DH532,5068085879,90.3920001,23.7007811,0.00215757,4,2,0,0
Zone_DH532,11425503861,90.4026243,23.7014343,0.00050341,4,3,0,0
Zone_DH532,11425503865,90.4028988,23.7026865,0.02902934,3,3,0,0
Zone_DH532,393919098,90.4090224,23.7107902,0.0,4,1,0,0
Zone_DH532,5068085881,90.3941671,23.7009985,0.00603562,4,3,0,0
Zone_DH532,11425503867,90.4037062,23.7020019,0.00128804,4,3,0,1
Zone_DH532,11425503868,90.4038698,23.7022057,0.0,4,1,0,0
Zone_DH532,11425503872,90.4033655,23.701574,0.00343301,4,3,0,1
Zone_DH532,11425503874,90.40355,23.7018058,0.00127478,4,3,0,1
Zone_DH532,2426337923,90.405708,23.7222105,0.03191384,3,3,0,0
Zone_DH532,5068085891,90.3920388,23.7014911,0.00704509,4,3,0,0
Zone_DH532,11425503878,90.4007737,23.7025849,0.00166079,4,3,0,0
Zone_DH532,2520046215,90.4053265,23.7127308,0.01219062,4,3,0,0
Zone_DH532,3447978632,90.3892601,23.7208745,0.00295148,4,3,0,1
Zone_DH532,2426337929,90.4062307,23.7228351,0.0,4,2,0,0
Zone_DH532,11425503883,90.4005081,23.7016966,0.00058698,4,3,0,0
Zone_DH532,2426337932,90.4062354,23.7231125,0.00115008,4,2,0,0
Zone_DH532,11425503885,90.4004936,23.7010953,0.01043234,4,3,0,0
Zone_DH532,5068085903,90.3930235,23.7044714,0.00486298,4,2,0,0
Zone_DH532,5068085904,90.3920075,23.7032711,0.03166047,3,3,0,0
Zone_DH532,11425503888,90.3994675,23.7020199,0.00021556,4,2,0,0
Zone_DH532,2530818707,90.405551,23.7190063,0.0,4,1,0,0
Zone_DH532,5068085908,90.3934962,23.7031115,0.03535679,3,4,0,0
Zone_DH532,11425503891,90.4001538,23.7019737,0.0048862,4,3,0,0
Zone_DH532,11425503893,90.3997619,23.7019878,0.00194732,4,3,0,1
Zone_DH532,11425503892,90.3997769,23.7025518,0.0,4,1,0,0
Zone_DH532,5068085918,90.3900953,23.7036221,0.01918398,3,3,0,0
Zone_DH532,2432400089,90.396697,23.7157598,0.00883522,4,3,0,0
Zone_DH532,2530818777,90.4059324,23.7190457,0.01190277,4,3,0,1
Zone_DH532,2424224476,90.4055678,23.7174078,0.03395268,3,3,0,0
Zone_DH532,2530818814,90.4056585,23.7190836,0.00230216,4,3,0,1
Zone_DH532,4875934465,90.3930912,23.7166369,0.02396672,3,3,0,0
Zone_DH532,4875934467,90.3937966,23.7181238,0.00437019,4,3,0,0
Zone_DH532,4875934468,90.3940839,23.7180965,0.00204879,4,3,0,0
Zone_DH532,4875934470,90.3939012,23.7182515,0.00497972,4,3,0,0
Zone_DH532,2492201735,90.3996911,23.7159031,0.02400187,3,3,0,0
Zone_DH532,2492201743,90.3994168,23.71591,0.01186961,4,3,0,0
Zone_DH532,2492070673,90.3984951,23.7174539,0.0686953,3,4,0,0
Zone_DH532,2530818841,90.4056615,23.7191057,0.0,4,1,0,0
Zone_DH532,12217498406,90.3921652,23.7014856,0.0161622,4,3,0,0
Zone_DH532,2484058922,90.404676,23.7204299,0.00459967,4,3,0,1
Zone_DH532,2530818858,90.405964,23.7191535,0.00922588,4,3,0,1
Zone_DH532,3357317930,90.3857567,23.7182563,0.0,4,2,0,0
Zone_DH532,2492201775,90.3987242,23.7159474,0.01149819,4,3,0,0
Zone_DH532,2492070708,90.3989364,23.7175753,0.04262275,3,3,0,1
Zone_DH532,2530818876,90.404663,23.7191606,0.01505721,4,4,0,1
Zone_DH532,2492070717,90.3990302,23.7176037,0.0429504,3,3,0,1
Zone_DH532,2484058944,90.4047797,23.7204313,0.0,4,1,0,0
Zone_DH532,2520046402,90.4059508,23.7128541,0.0,4,1,0,0
Zone_DH532,2492070731,90.3994731,23.7176404,0.04523929,3,3,0,1
Zone_DH532,2530818902,90.4057569,23.7191727,0.0,4,1,0,0
Zone_DH532,2492201815,90.3977232,23.7159823,0.02072274,3,3,0,0
Zone_DH532,393919322,90.4094985,23.7142461,0.00639046,4,3,0,0
Zone_DH532,2492070746,90.3992289,23.7176501,0.0481145,3,3,0,0
Zone_DH532,2424126313,90.4058517,23.721434,0.03774385,3,3,0,0
Zone_DH532,2492070770,90.3997148,23.7176489,0.05375283,3,3,0,0
Zone_DH532,2520046456,90.4058682,23.7128702,0.00429524,4,3,0,1
Zone_DH532,394230656,90.4089378,23.711373,0.00316107,4,3,0,1
Zone_DH532,393567109,90.4058304,23.7087815,0.00400142,4,3,0,0
Zone_DH532,2492070807,90.3988648,23.7177157,0.0,4,1,0,0
Zone_DH532,5892414363,90.4065069,23.7078218,0.0,4,1,0,0
Zone_DH532,11425897402,90.4004385,23.7059955,0.00915955,4,3,0,0
Zone_DH532,2530819004,90.404972,23.7193192,0.0,4,1,0,0
Zone_DH532,11425897405,90.4011254,23.7068539,0.0,4,1,0,0
Zone_DH532,11425897406,90.4024719,23.704133,0.00540287,4,3,0,0
Zone_DH532,11425897409,90.4027388,23.7044324,0.00125819,4,3,0,0
Zone_DH532,11425897410,90.4033129,23.7040076,0.00027459,4,3,0,0
Zone_DH532,11425897411,90.4009199,23.7065922,0.00115141,4,3,0,1
Zone_DH532,2492201924,90.3987817,23.7161314,0.00021688,4,3,0,0
Zone_DH532,11425897417,90.393032,23.7057285,0.01892863,3,3,0,0
Zone_DH532,11425897424,90.3927123,23.7043856,0.00441131,4,3,0,0
Zone_DH532,11425897425,90.3977276,23.7053817,0.0,4,1,0,0
Zone_DH532,11425897426,90.3982341,23.7051542,0.02067631,3,3,0,1
Zone_DH532,5063498709,90.3955534,23.70584,0.02081957,3,3,0,0
Zone_DH532,5063498715,90.3947501,23.7058603,0.02065309,3,3,0,0
Zone_DH532,5063498717,90.3945328,23.7057418,0.02204792,3,3,0,0
Zone_DH532,2492070894,90.3989463,23.7177909,0.0,4,1,0,0
Zone_DH532,2492070897,90.4001879,23.7177915,0.02986902,3,3,0,1
Zone_DH532,2520587249,90.4055524,23.7143107,0.03174404,3,3,0,0
Zone_DH532,2492201971,90.3998481,23.7161692,0.09054955,2,3,0,0
Zone_DH532,2492201972,90.3981277,23.7161643,0.0,4,1,0,0
Zone_DH532,2520587253,90.4047904,23.7143619,0.08177402,2,3,0,0
Zone_DH532,11425283078,90.4061133,23.7011775,0.0,4,1,0,0
Zone_DH532,2426371082,90.3976785,23.7154636,0.0127146,4,3,0,0
Zone_DH532,2492201996,90.3998166,23.7161846,0.07819443,2,3,0,0
Zone_DH532,393919510,90.408774,23.7140966,0.00704642,4,3,0,0
Zone_DH532,2492070934,90.3984404,23.7178149,0.02287831,3,3,0,1
Zone_DH532,5624154410,90.4015542,23.7157681,0.0,4,1,0,0
Zone_DH532,2492202018,90.3977695,23.7162011,0.01151742,4,3,0,1
Zone_DH532,2530819119,90.4059085,23.7194287,0.00852216,4,3,0,0
Zone_DH532,2492070967,90.398653,23.7178327,0.0,4,1,0,0
Zone_DH532,2520046650,90.4058855,23.7129543,0.00375535,4,3,0,0
Zone_DH532,10973412417,90.4017151,23.7010884,0.00260858,4,3,0,1
Zone_DH532,10973412423,90.3999485,23.7009207,0.01110156,4,3,0,0
Zone_DH532,2520046694,90.4063724,23.712968,0.00835635,4,3,0,0
Zone_DH532,2492071035,90.3984335,23.7179087,0.02188476,3,3,0,1
Zone_DH532,2492071038,90.3987121,23.7179111,0.0,4,1,0,0
Zone_DH532,393362564,90.4040578,23.7110767,0.00543206,4,3,0,0
Zone_DH532,393362565,90.4043931,23.7109507,0.03768415,3,4,0,0
Zone_DH532,2492071045,90.4008027,23.7179153,0.09235294,2,3,0,0
Zone_DH532,2453929096,90.4002701,23.7201737,0.0,4,1,0,0
Zone_DH532,2492071071,90.3989126,23.7179401,0.0,4,1,0,0
Zone_DH532,2426354851,90.4056013,23.72019,0.016978,4,3,0,0
Zone_DH532,11335171237,90.3983252,23.7065729,0.01250103,4,3,0,0
Zone_DH532,11335171240,90.3980028,23.7060735,0.00150493,4,3,0,0
Zone_DH532,2426354859,90.4068654,23.7226232,6.765e-05,4,2,0,0
Zone_DH532,2492071084,90.400166,23.7179511,0.0,4,1,0,0
Zone_DH532,2492071083,90.3990092,23.7179509,0.00230216,4,3,0,1
Zone_DH532,2492071090,90.399223,23.7179545,0.00935853,4,3,0,1
Zone_DH532,2492202163,90.3980912,23.7163382,0.0,4,1,0,0
Zone_DH532,4761246905,90.3932857,23.7213142,0.02087595,3,3,0,0
Zone_DH532,2492202180,90.3994858,23.7163639,0.05275728,3,3,0,0
Zone_DH532,2520046796,90.4060665,23.7130031,6.367e-05,4,3,0,0
Zone_DH532,2484059344,90.4050176,23.720475,0.0,4,1,0,0
Zone_DH532,2530409682,90.3946481,23.7198034,0.0,4,1,0,0
Zone_DH532,6052240596,90.4002107,23.7136541,0.0,4,1,0,0
Zone_DH532,2530409687,90.3946455,23.7199949,0.00173972,4,3,0,1
Zone_DH532,2530409688,90.3949696,23.7202195,0.0,4,1,0,0
Zone_DH532,2530409689,90.394966,23.7206603,0.02983718,3,3,0,1
Zone_DH532,2529402088,90.4035868,23.7155761,0.02144436,3,3,0,0
Zone_DH532,2492071149,90.3989153,23.7180208,0.0,4,1,0,0
Zone_DH532,2492202226,90.398236,23.7163977,0.0,4,1,0,0
Zone_DH532,2492071171,90.3984233,23.7180343,0.02092967,3,3,0,1
Zone_DH532,2479824148,90.4056503,23.7178813,0.0179815,4,3,0,1
Zone_DH532,2492202261,90.3993977,23.7164176,0.05213382,3,3,0,0
Zone_DH532,2520046871,90.4064958,23.7130423,0.0,4,1,0,0
Zone_DH532,2492071193,90.3987438,23.7180418,0.0,4,1,0,0
Zone_DH532,2530819361,90.4056307,23.719571,0.0,4,1,0,0
Zone_DH532,2520046895,90.4063728,23.7130467,0.00920332,4,3,0,1
Zone_DH532,2530819377,90.4058844,23.719574,0.0089042,4,3,0,1
Zone_DH532,2520046917,90.4058609,23.7130499,0.00394438,4,3,0,0
Zone_DH532,11335212363,90.4077421,23.7175272,0.01290628,4,3,0,1
Zone_DH532,11335212368,90.4076517,23.716652,0.0,4,1,0,0
Zone_DH532,2530819455,90.4051899,23.7196102,0.00115141,4,3,0,1
Zone_DH532,2530819482,90.4049971,23.7196142,0.0,4,1,0,0
Zone_DH532,2454371742,90.3983572,23.7183033,0.06253499,3,4,0,0
Zone_DH532,2454371762,90.3999156,23.7195862,0.04105349,3,3,0,0
Zone_DH532,2976357814,90.4038346,23.7148691,0.0,4,1,0,0
Zone_DH532,2976357817,90.4036094,23.7150078,0.00230216,4,3,0,1
Zone_DH532,2484059578,90.4042769,23.7205146,0.0,4,1,0,0
Zone_DH532,2976357820,90.403794,23.7150661,0.0,4,1,0,0
Zone_DH532,2443951557,90.402916,23.7225098,0.0336383,3,3,0,0
Zone_DH532,2530819529,90.4051969,23.7196578,0.0,4,1,0,0
Zone_DH532,373390798,90.4068226,23.7143971,0.09853447,2,4,0,0
Zone_DH532,2484059601,90.4053621,23.7205178,0.0,4,1,0,0
Zone_DH532,2529402328,90.4025906,23.7159566,0.07181724,3,3,0,0
Zone_DH532,2454371809,90.3983465,23.720014,0.05444129,3,3,0,0
Zone_DH532,2492071400,90.4001268,23.7182985,0.0,4,1,0,0
Zone_DH532,3654860265,90.4061151,23.7165371,0.0302358,3,3,0,0
Zone_DH532,2443951597,90.4018879,23.7231359,0.01509634,4,3,0,0
Zone_DH532,2443951616,90.4018037,23.723346,0.00726131,4,3,0,0
Zone_DH532,2530819593,90.4051948,23.7197457,0.0,4,1,0,0
Zone_DH532,2443951628,90.4025439,23.7234897,0.00897517,4,3,0,0
Zone_DH532,2426658330,90.3980765,23.7207835,0.00793717,4,3,0,0
Zone_DH532,2530819617,90.4056194,23.7197593,0.0,4,1,0,0
Zone_DH532,2484059684,90.4041588,23.7205422,0.01173431,4,3,0,1
Zone_DH532,11335179814,90.3959288,23.7010114,0.0091695,4,3,0,1
Zone_DH532,2520047144,90.4061266,23.7132507,0.0,4,1,0,0
Zone_DH532,2280578604,90.3905814,23.7222601,0.00889557,4,3,0,1
Zone_DH532,11335179823,90.3959192,23.7009302,0.00115141,4,2,0,1
Zone_DH532,2492202544,90.3999537,23.7165632,0.02678953,3,3,0,1
Zone_DH532,11335179824,90.3953462,23.7009317,0.0,4,1,0,0
Zone_DH532,11335179828,90.3948712,23.7020744,0.0,4,1,0,0
Zone_DH532,11335179833,90.3985944,23.7012351,0.01492125,4,3,0,0
Zone_DH532,2423971394,90.3974956,23.7232268,0.00575241,4,2,0,0
Zone_DH532,11335179843,90.3997258,23.7005072,0.0,4,2,0,0
Zone_DH532,4987944523,90.4010069,23.7079898,0.00523308,4,3,0,0
Zone_DH532,4987944524,90.401199,23.7078774,0.00383693,4,3,0,0
Zone_DH532,4987944525,90.4021704,23.7072984,0.00277373,4,3,0,1
Zone_DH532,2492071526,90.3991218,23.7184189,0.04672697,3,3,0,0
Zone_DH532,2492071531,90.4002906,23.7184442,0.0433059,3,3,0,1
Zone_DH532,2426199666,90.395502,23.719451,0.00980689,4,3,0,0
Zone_DH532,2492202614,90.3980925,23.716577,0.00230216,4,3,0,1
Zone_DH532,1200103033,90.4018955,23.7174114,0.08680481,2,3,0,0
Zone_DH532,11478105723,90.3980757,23.7032132,0.22663685,1,3,0,0
Zone_DH532,393354875,90.4040144,23.710562,0.03458012,3,3,0,0
Zone_DH532,2426199675,90.3944147,23.7199847,0.00865879,4,3,0,0
Zone_DH532,2520047230,90.4067078,23.7133167,0.05270223,3,3,0,0
Zone_DH532,11478105727,90.3976141,23.7011439,0.00360479,4,2,0,0
Zone_DH532,2530819713,90.4046584,23.7198152,0.01381162,4,3,0,1
Zone_DH532,373390986,90.4087391,23.7175233,0.014774,4,4,0,0
Zone_DH532,2520047245,90.4058657,23.7133227,0.01303495,4,3,0,0
Zone_DH532,2484059818,90.4046504,23.7205692,0.00230216,4,3,0,1
Zone_DH532,2454494910,90.4004981,23.720958,0.00313786,4,3,0,1
Zone_DH532,2530819776,90.4051967,23.719872,0.0,4,1,0,0
Zone_DH532,3357286096,90.3865531,23.7200535,0.00688857,4,2,0,1
Zone_DH532,2541190865,90.4056433,23.7150624,0.00916088,4,3,0,1
Zone_DH532,2454494928,90.4007145,23.7210088,0.0,4,1,0,0
Zone_DH532,2575990483,90.4051653,23.7203774,0.00780651,4,3,0,1
Zone_DH532,2484059856,90.4047563,23.720575,0.0,4,1,0,0
Zone_DH532,2530819793,90.4055965,23.7199085,0.00230216,4,3,0,1
Zone_DH532,2575990486,90.4055065,23.7207729,0.00233864,4,3,0,1
Zone_DH532,2530819800,90.4056972,23.7199178,0.01063397,4,3,0,1
Zone_DH532,2492202720,90.399777,23.7166096,0.0,4,1,0,0
Zone_DH532,4330594019,90.3917074,23.7208297,0.01638638,4,3,0,0
Zone_DH532,2530819811,90.4051846,23.7199709,0.00230216,4,3,0,1
Zone_DH532,2490810089,90.4051437,23.7179558,0.0,4,1,0,0
Zone_DH532,4330594026,90.391246,23.7202528,0.01581531,4,3,0,0
Zone_DH532,2484059888,90.4057595,23.7205887,0.0,4,1,0,0
Zone_DH532,2530819836,90.4051772,23.7200232,0.0,4,1,0,0
Zone_DH532,1197629190,90.3982191,23.7217042,0.00410488,4,3,0,0
Zone_DH532,7963893511,90.4058729,23.7207888,0.05336217,3,3,0,0
Zone_DH532,8014864141,90.3930577,23.7089621,0.00981551,4,3,0,1
Zone_DH532,8014864147,90.3911239,23.7116421,0.01712856,4,3,0,1
Zone_DH532,1197629205,90.3975548,23.7216421,0.00892874,4,3,0,0
Zone_DH532,2530819870,90.4053469,23.7201786,0.0167777,4,3,0,1
Zone_DH532,2520047392,90.4063641,23.7133946,0.02265546,3,3,0,0
Zone_DH532,11461582625,90.3993902,23.7115663,0.0,4,1,0,0
Zone_DH532,2457624368,90.4052631,23.7215134,0.0,4,1,0,0
Zone_DH532,2457624369,90.4052536,23.7215658,0.0,4,1,0,0
Zone_DH532,2520047408,90.406236,23.7134006,0.01340703,4,3,0,1
Zone_DH532,2492202804,90.3979892,23.7166394,0.06486434,3,3,0,1
Zone_DH532,11335393079,90.3961276,23.7086626,0.00446172,4,3,0,0
Zone_DH532,11335393081,90.3974879,23.7076206,0.00554879,4,3,0,0
Zone_DH532,2541190996,90.4059801,23.7152767,0.00229751,4,3,0,0
Zone_DH532,11482496875,90.407402,23.7091176,0.00042183,4,3,0,0
Zone_DH532,11482496876,90.4075414,23.7091029,0.00278103,4,3,0,0
Zone_DH532,11335393144,90.3963922,23.7070685,0.0,4,1,0,0
Zone_DH532,11335393145,90.3969475,23.7067417,0.00323005,4,3,0,1
Zone_DH532,2513190784,90.4014636,23.7210146,0.01453855,4,3,0,0
Zone_DH532,2426363784,90.3943893,23.7184897,0.09369802,2,3,0,0
Zone_DH532,2518613903,90.4050961,23.7114147,0.02372264,3,3,0,1
Zone_DH532,2518613919,90.4049361,23.7115055,0.0,4,1,0,0
Zone_DH532,13204152233,90.3988134,23.70437,0.18357104,1,4,0,0
Zone_DH532,13204152239,90.4007816,23.707251,0.00486033,4,3,0,1
Zone_DH532,2506055616,90.4019989,23.7216195,0.03445675,3,3,0,0
Zone_DH532,2538250180,90.4045989,23.7154884,0.003305,4,3,0,1
Zone_DH532,2506055621,90.4016468,23.721689,0.0,4,1,0,0
Zone_DH532,2506055623,90.4017031,23.7216753,0.01441783,4,3,0,1
Zone_DH532,2508996562,90.4048401,23.715503,0.05726543,3,3,0,0
Zone_DH532,2506055641,90.4012934,23.7225378,0.00398948,4,3,0,1
Zone_DH532,2508996570,90.404204,23.7159506,0.04127634,3,3,0,0
Zone_DH532,2506055644,90.4012406,23.7225696,0.0,4,1,0,0
Zone_DH532,2313101277,90.3974457,23.7083544,0.00366913,4,3,0,0
Zone_DH532,2506055646,90.401371,23.722588,0.00985199,4,3,0,0
Zone_DH532,2506686431,90.402201,23.7173743,0.08770949,2,3,0,0
Zone_DH532,401719268,90.4084836,23.7216881,0.0,4,1,0,0
Zone_DH532,2492202982,90.3989203,23.7166883,0.02441309,3,3,0,0
Zone_DH532,2313101287,90.3963426,23.7088899,0.00582669,4,4,0,0
Zone_DH532,12794535913,90.3929383,23.711998,0.0,4,1,0,0
Zone_DH532,8424226796,90.3909546,23.711391,0.0,4,1,0,0
Zone_DH532,401719291,90.4074045,23.7215957,0.00115406,4,3,0,1
