zone_id,node_id,lon,lat,bc,tier,degree,is_master,is_art_pt
Zone_DH436,4314791936,90.3642718,23.8026411,0.01525261,4,3,0,0
Zone_DH436,4402528267,90.3681513,23.7909377,0.0,4,1,0,0
Zone_DH436,3717103631,90.3714992,23.7945993,0.0,4,1,0,0
Zone_DH436,4402528272,90.3683801,23.7909955,0.04117044,3,3,0,1
Zone_DH436,4402528281,90.3690883,23.7911388,0.04049024,3,3,0,0
Zone_DH436,3731849282,90.3572398,23.7830151,0.00192683,4,3,0,0
Zone_DH436,3713294413,90.3634347,23.7844835,0.04432574,3,3,0,0
Zone_DH436,3713294414,90.3635482,23.7841668,0.03831054,3,3,0,0
Zone_DH436,3713294417,90.3642784,23.7840779,0.01373208,4,3,0,1
Zone_DH436,3713294418,90.3646472,23.7840017,0.01090613,4,3,0,1
Zone_DH436,3713294419,90.3649271,23.7839452,0.00909545,4,3,0,1
Zone_DH436,4397580377,90.3659267,23.7978817,0.0827902,2,3,0,0
Zone_DH436,382025821,90.3556785,23.7911053,0.01323735,4,4,0,1
Zone_DH436,382025822,90.3558184,23.7901331,0.01002421,4,3,0,0
Zone_DH436,1554792543,90.3774265,23.7862151,0.00823074,4,3,0,0
Zone_DH436,382025825,90.3558947,23.7896167,0.01000031,4,3,0,0
Zone_DH436,4402528354,90.3678681,23.7919336,0.0,4,1,0,0
Zone_DH436,1554792547,90.3767334,23.7878981,0.01291757,4,3,0,0
Zone_DH436,10100506723,90.3715568,23.800509,0.09079724,2,3,0,0
Zone_DH436,3738976355,90.3614474,23.7997278,0.02644076,3,3,0,0
Zone_DH436,3738976359,90.3599931,23.7993795,0.00431303,4,3,0,0
Zone_DH436,3738976360,90.3599156,23.7997161,0.00621166,4,4,0,0
Zone_DH436,1554792555,90.3756364,23.790445,0.00893102,4,3,0,0
Zone_DH436,1554792556,90.37415,23.7938678,0.08689195,2,4,0,0
Zone_DH436,6556663915,90.3746369,23.7927434,0.05439345,3,3,0,0
Zone_DH436,382025838,90.35778,23.7886943,0.00917814,4,3,0,0
Zone_DH436,6556663916,90.3747938,23.7927947,0.04257147,3,3,0,0
Zone_DH436,1554792560,90.3702537,23.8030635,0.0222807,3,4,0,0
Zone_DH436,11992113276,90.363765,23.8018836,0.01563597,4,3,0,1
Zone_DH436,11992113277,90.3637055,23.8016711,0.00195408,4,2,0,1
Zone_DH436,11992113279,90.3635097,23.8013042,0.0,4,1,0,0
Zone_DH436,11992113280,90.3635841,23.8014536,0.00097752,4,2,0,1
Zone_DH436,11992113286,90.3629438,23.8023055,0.0,4,1,0,0
Zone_DH436,11992113287,90.3633139,23.8022085,0.0,4,1,0,0
Zone_DH436,11992113289,90.3638429,23.8022838,0.0174825,4,3,0,1
Zone_DH436,11992113294,90.3646349,23.8020196,0.0,4,1,0,0
Zone_DH436,11992113299,90.3713762,23.8005001,0.04871811,3,3,0,0
Zone_DH436,3717120152,90.3720208,23.792014,0.00079444,4,3,0,0
Zone_DH436,3717120156,90.3725159,23.7921904,0.00143544,4,3,0,1
Zone_DH436,11993227427,90.3640207,23.7813899,0.00113335,4,3,0,1
Zone_DH436,11993227435,90.3633671,23.7816084,0.00373321,4,3,0,1
Zone_DH436,11993227436,90.3633654,23.7818945,0.0,4,1,0,0
Zone_DH436,11993227437,90.3617136,23.7813096,0.00025621,4,2,0,0
Zone_DH436,11993227438,90.3638962,23.7823122,0.00221889,4,3,0,1
Zone_DH436,11993227439,90.363845,23.7819855,0.0,4,1,0,0
Zone_DH436,386793674,90.3724669,23.798352,0.02601486,3,3,0,0
Zone_DH436,386793678,90.3732732,23.798702,0.00434983,4,3,0,0
Zone_DH436,386793682,90.3742203,23.7988412,0.00380013,4,3,0,1
Zone_DH436,386793683,90.3742228,23.7992045,0.01742705,4,3,0,0
Zone_DH436,386793685,90.3742358,23.7994978,0.01758814,4,3,0,0
Zone_DH436,386793689,90.3750606,23.7996944,0.02083044,3,3,0,0
Zone_DH436,10266829026,90.355711,23.8002129,0.00532639,4,4,0,1
Zone_DH436,4597282875,90.3651535,23.7845523,0.0,4,1,0,0
Zone_DH436,4597645551,90.3682292,23.8039809,0.00133984,4,2,0,0
Zone_DH436,3735404784,90.3622133,23.7975646,0.02200967,3,3,0,1
Zone_DH436,3735404789,90.3644884,23.7934377,0.05828249,3,3,0,1
Zone_DH436,4611334417,90.3670519,23.7888343,0.12147263,1,3,0,0
Zone_DH436,4611334419,90.3677533,23.7878486,0.04711919,3,3,0,1
Zone_DH436,7281598740,90.3569108,23.7840789,0.0,4,1,0,0
Zone_DH436,4611334421,90.3672121,23.7877697,0.0,4,1,0,0
Zone_DH436,4507533592,90.3678601,23.789116,0.07384628,2,3,0,0
Zone_DH436,4611334427,90.3687668,23.7879494,0.01677362,4,3,0,1
Zone_DH436,4611334428,90.3693867,23.7879025,0.0,4,1,0,0
Zone_DH436,10658062620,90.3663376,23.7897001,0.10887055,1,3,0,0
Zone_DH436,10658062622,90.3666941,23.7882909,0.04178181,3,3,0,0
Zone_DH436,10658062621,90.3664168,23.7897103,0.06831817,3,3,0,0
Zone_DH436,10658062623,90.3667785,23.7883189,0.01120153,4,3,0,0
Zone_DH436,4611334433,90.3686578,23.7874858,0.01652028,4,3,0,0
Zone_DH436,7281598757,90.3564047,23.7838318,0.00480919,4,3,0,0
Zone_DH436,3735036198,90.3622662,23.7842511,0.00097752,4,3,0,1
Zone_DH436,7281598758,90.3563607,23.783844,0.00383693,4,3,0,1
Zone_DH436,7281598759,90.356567,23.7838386,0.00763802,4,3,0,0
Zone_DH436,7281598765,90.3569873,23.7832825,0.00130447,4,3,0,0
Zone_DH436,7281598766,90.3570665,23.7832324,0.00221746,4,3,0,0
Zone_DH436,12045391487,90.367624,23.7849997,0.0,4,1,0,0
Zone_DH436,7281598768,90.3570117,23.7833204,9.082e-05,4,3,0,0
Zone_DH436,7281598769,90.3569412,23.7834032,0.00107646,4,3,0,0
Zone_DH436,11672273202,90.3646427,23.7857714,0.0,4,1,0,0
Zone_DH436,10092462386,90.363298,23.7907665,0.00195456,4,3,0,1
Zone_DH436,7281598772,90.3568519,23.7833488,0.00126719,4,3,0,0
Zone_DH436,3720741173,90.3669267,23.7911924,0.0,4,1,0,0
Zone_DH436,7281598770,90.3569236,23.7833684,0.00010516,4,3,0,0
Zone_DH436,9993314615,90.3705102,23.7824374,0.01059973,4,3,0,1
Zone_DH436,7281598773,90.3571573,23.7833788,0.0,4,1,0,0
Zone_DH436,7281598777,90.3570174,23.7834347,0.00097752,4,3,0,1
Zone_DH436,10092462385,90.3632884,23.7911485,0.0,4,1,0,0
Zone_DH436,3734765885,90.3591598,23.7916762,0.0384071,3,3,0,1
Zone_DH436,4611334462,90.3692229,23.788127,0.0,4,1,0,0
Zone_DH436,7281598781,90.3570208,23.7835924,0.0,4,1,0,0
Zone_DH436,7281598782,90.3569891,23.7835171,0.00195456,4,3,0,1
Zone_DH436,7281598783,90.357114,23.7835083,0.0,4,1,0,0
Zone_DH436,7281598786,90.3569388,23.7835349,0.00581587,4,3,0,1
Zone_DH436,4611334467,90.3690218,23.7890989,0.07712251,2,3,0,1
Zone_DH436,7281598787,90.3570262,23.7838808,0.0,4,1,0,0
Zone_DH436,9742598468,90.3639243,23.7888117,0.08207941,2,3,0,1
Zone_DH436,9742598470,90.3637979,23.7888085,0.08005268,2,3,0,1
Zone_DH436,7281598790,90.3567905,23.7839364,0.02957886,3,3,0,1
Zone_DH436,7281598791,90.3567167,23.784107,0.0,4,1,0,0
Zone_DH436,9742598473,90.3643447,23.788873,0.08319698,2,3,0,1
Zone_DH436,7281598792,90.356814,23.7840986,0.03410029,3,3,0,1
Zone_DH436,7281598794,90.3568186,23.7841328,0.03593104,3,3,0,1
Zone_DH436,7281598793,90.3567217,23.7841428,0.0,4,1,0,0
Zone_DH436,9742598477,90.3658273,23.7899273,0.03990373,3,3,0,1
Zone_DH436,7281598797,90.356593,23.7842336,0.01323448,4,3,0,0
Zone_DH436,7281598798,90.3564147,23.7840185,0.00100476,4,3,0,1
Zone_DH436,9742598472,90.3639084,23.7883616,0.0,4,1,0,0
Zone_DH436,7281598801,90.3564131,23.784226,0.00189098,4,2,0,0
Zone_DH436,7281598802,90.3563563,23.784025,0.0,4,1,0,0
Zone_DH436,9742598474,90.3643344,23.789468,0.0,4,1,0,0
Zone_DH436,9742598476,90.3663184,23.789861,0.13916498,1,3,0,0
Zone_DH436,7281598805,90.3565906,23.7839907,0.00864995,4,3,0,0
Zone_DH436,7281598806,90.3565926,23.7839983,0.00960596,4,3,0,0
Zone_DH436,9742598489,90.3657646,23.7912754,0.06955668,3,3,0,0
Zone_DH436,7281598810,90.3563871,23.7839157,0.0,4,1,0,0
Zone_DH436,4601094491,90.3706599,23.8043475,0.0,4,1,0,0
Zone_DH436,7281598809,90.3567947,23.7839635,0.03052674,3,3,0,0
Zone_DH436,9742598493,90.3614093,23.7891805,0.04590889,3,3,0,0
Zone_DH436,7281598813,90.3563344,23.7836648,0.00195408,4,3,0,1
Zone_DH436,386793830,90.3747557,23.7975367,0.02437674,3,3,0,0
Zone_DH436,4601094504,90.3710215,23.803058,0.0,4,1,0,0
Zone_DH436,4601094505,90.3711982,23.8027461,0.00097752,4,3,0,1
Zone_DH436,7281598826,90.3561798,23.7836053,0.0,4,1,0,0
Zone_DH436,386040174,90.3730565,23.7851999,0.04376409,3,4,0,1
Zone_DH436,4601094511,90.370644,23.8025897,0.00893102,4,3,0,0
Zone_DH436,7281598834,90.3565515,23.783504,0.0011582,4,3,0,0
Zone_DH436,7281598835,90.3565453,23.7834029,0.00013767,4,2,0,0
Zone_DH436,7281598837,90.3568023,23.7840119,0.03226571,3,3,0,1
Zone_DH436,7281598838,90.3567216,23.7832391,1.816e-05,4,3,0,0
Zone_DH436,386040183,90.3744165,23.784014,0.01187169,4,3,0,0
Zone_DH436,7281598842,90.356863,23.7833428,0.00029827,4,3,0,0
Zone_DH436,4948296060,90.3571968,23.7829353,0.00095887,4,3,0,0
Zone_DH436,3808575871,90.3629251,23.7811234,0.00063527,4,2,0,0
Zone_DH436,386040192,90.3729882,23.7839942,0.00230493,4,3,0,1
Zone_DH436,382026114,90.3598435,23.7893533,0.09133499,2,3,0,0
Zone_DH436,4601094531,90.3701716,23.8036817,0.00292968,4,3,0,1
Zone_DH436,4601094532,90.3703352,23.8044704,0.00097752,4,2,0,1
Zone_DH436,7281598850,90.3569336,23.783105,1.625e-05,4,3,0,0
Zone_DH436,382026118,90.3595693,23.7901641,0.08476053,2,3,0,0
Zone_DH436,386040198,90.3725496,23.7844656,0.03130779,3,3,0,0
Zone_DH436,382026120,90.3592235,23.7908002,0.0853719,2,3,0,1
Zone_DH436,4601094537,90.3700799,23.8034789,0.0134166,4,3,0,1
Zone_DH436,382026122,90.3590654,23.7913603,0.08462143,2,3,0,0
Zone_DH436,4601094535,90.3692685,23.8040825,0.0,4,1,0,0
Zone_DH436,4601094536,90.3697158,23.8042495,0.00293064,4,3,0,1
Zone_DH436,6441460106,90.375056,23.7931434,0.0,4,1,0,0
Zone_DH436,7281598860,90.3565809,23.7832635,0.00098517,4,2,0,0
Zone_DH436,4420641167,90.3758151,23.80152,0.01360015,4,3,0,1
Zone_DH436,7281598864,90.3566002,23.7833997,0.00304201,4,3,0,0
Zone_DH436,4601094545,90.3691091,23.8033886,0.01001847,4,3,0,0
Zone_DH436,7281598863,90.3565923,23.7833328,0.00195695,4,3,0,0
Zone_DH436,7281598871,90.3567456,23.7836629,0.01820476,4,3,0,0
Zone_DH436,7281598872,90.3568608,23.7836503,0.00761746,4,3,0,0
Zone_DH436,7281598873,90.3567549,23.7837229,0.02769122,3,3,0,0
Zone_DH436,4601094555,90.3677106,23.8018345,0.00384697,4,3,0,0
Zone_DH436,4601094557,90.368658,23.800878,0.0,4,1,0,0
Zone_DH436,7281598879,90.3569502,23.78355,0.00670448,4,3,0,0
Zone_DH436,7281598880,90.3569068,23.783477,0.00199997,4,3,0,0
Zone_DH436,7281598881,90.3568847,23.7834271,0.0020578,4,3,0,0
Zone_DH436,4601094563,90.3705202,23.8003794,0.03456252,3,3,0,0
Zone_DH436,7281598884,90.3568609,23.7834331,0.00295358,4,3,0,0
Zone_DH436,386040231,90.3696529,23.7866723,0.08208754,2,3,0,0
Zone_DH436,4601094568,90.3705214,23.8012329,0.00812845,4,3,0,0
Zone_DH436,4601094569,90.3704352,23.8010088,0.0,4,1,0,0
Zone_DH436,386040234,90.3689282,23.7866317,0.07345001,3,3,0,0
Zone_DH436,4601094570,90.371081,23.801156,0.01527556,4,3,0,0
Zone_DH436,4601094572,90.3706065,23.8010837,0.0090682,4,3,0,1
Zone_DH436,4595581357,90.3597518,23.7917957,0.03761075,3,3,0,0
Zone_DH436,4601094573,90.370354,23.8015729,0.01842417,4,3,0,0
Zone_DH436,386040239,90.3687934,23.7875091,0.00243399,4,3,0,1
Zone_DH436,4595581359,90.3592895,23.7925158,0.00111184,4,3,0,1
Zone_DH436,4595581360,90.3590753,23.7923236,0.0,4,1,0,0
Zone_DH436,7281598889,90.3567745,23.7835283,0.00484074,4,3,0,0
Zone_DH436,7281598893,90.3565566,23.7837019,0.0010583,4,3,0,0
Zone_DH436,7281598900,90.3574726,23.7829323,3.489e-05,4,3,0,0
Zone_DH436,386040245,90.3679293,23.7873309,0.06469681,3,3,0,0
Zone_DH436,7281598894,90.3565512,23.7836635,0.00019359,4,3,0,0
Zone_DH436,7281598895,90.3561826,23.7836709,0.00097752,4,2,0,1
Zone_DH436,7281598897,90.3574788,23.782968,0.00100476,4,3,0,0
Zone_DH436,382026173,90.361218,23.7912762,0.02670558,3,3,0,0
Zone_DH436,7281598909,90.3575774,23.7829113,0.0,4,3,0,0
Zone_DH436,382026175,90.3616688,23.7910973,0.02726149,3,3,0,1
Zone_DH436,4601094591,90.3674543,23.8025545,0.01097209,4,3,0,0
Zone_DH436,7281598912,90.3575026,23.7830449,0.00283934,4,3,0,0
Zone_DH436,7281598914,90.3572992,23.7831484,0.01147591,4,3,0,0
Zone_DH436,7281598915,90.3568041,23.7842422,0.0509915,3,3,0,0
Zone_DH436,7281598917,90.356715,23.7833892,0.00791574,4,3,0,0
Zone_DH436,4601094601,90.366494,23.8039519,0.00206641,4,2,0,0
Zone_DH436,3713311194,90.3657224,23.783965,0.00465575,4,3,0,1
Zone_DH436,4611162589,90.3600693,23.7990434,0.01112362,4,3,0,1
Zone_DH436,386032107,90.3596829,23.80073,0.00863896,4,3,0,0
Zone_DH436,386032112,90.3584292,23.800051,0.01791175,4,4,0,0
Zone_DH436,4948296179,90.3568263,23.7833604,0.00221889,4,3,0,0
Zone_DH436,386785782,90.376712,23.7985031,0.00875846,4,3,0,0
Zone_DH436,386785784,90.3767929,23.7989745,0.01072496,4,3,0,0
Zone_DH436,4611162625,90.3595876,23.7997566,0.00450853,4,3,0,0
Zone_DH436,386785796,90.3764357,23.8016319,0.0126886,4,4,0,0
Zone_DH436,4611162629,90.359457,23.8001855,0.00049282,4,3,0,0
Zone_DH436,4611162632,90.3585565,23.7998403,0.01194339,4,3,0,0
Zone_DH436,4611162635,90.358159,23.7984673,0.00327624,4,3,0,0
Zone_DH436,4611162636,90.3618783,23.7984691,0.04164605,3,3,0,0
Zone_DH436,6349070859,90.3621272,23.8022487,0.01095488,4,4,0,1
Zone_DH436,4611162637,90.3614593,23.7983053,0.02185145,3,3,0,0
Zone_DH436,4601102863,90.3743688,23.8014647,0.0,4,1,0,0
Zone_DH436,4601102866,90.3753756,23.8008732,0.01540318,4,3,0,1
Zone_DH436,4601102870,90.3748574,23.8007335,0.01830945,4,3,0,0
Zone_DH436,4601102871,90.3757321,23.8008326,0.0,4,1,0,0
Zone_DH436,4601102872,90.3769616,23.8013667,0.0,4,1,0,0
Zone_DH436,4601102874,90.3764891,23.8013455,0.0019818,4,3,0,1
Zone_DH436,4601102875,90.3773884,23.8017724,0.00760934,4,3,0,1
Zone_DH436,4601102878,90.37708,23.8022456,0.0,4,1,0,0
Zone_DH436,348365344,90.358645,23.7923908,0.051839,3,3,0,1
Zone_DH436,4601102880,90.3761505,23.8031623,0.00075286,4,2,0,0
Zone_DH436,4601102882,90.372397,23.8019729,0.01370532,4,3,0,1
Zone_DH436,4601102885,90.3721219,23.8016526,0.0,4,1,0,0
Zone_DH436,4601102886,90.3732371,23.8014864,0.0,4,1,0,0
Zone_DH436,386040360,90.3646966,23.7868572,0.07516079,2,3,0,0
Zone_DH436,386040361,90.3649795,23.7869888,0.07097587,3,3,0,0
Zone_DH436,4601102888,90.3727169,23.8012902,0.00361418,4,3,0,1
Zone_DH436,386040365,90.3647491,23.7879166,0.06549604,3,3,0,1
Zone_DH436,3508724278,90.3613622,23.8036626,0.00616242,4,3,0,0
Zone_DH436,3508724279,90.3607662,23.8034046,0.00113,4,2,0,0
Zone_DH436,3508724281,90.3578221,23.8013817,0.01252417,4,3,0,0
Zone_DH436,3508724282,90.3561602,23.8003383,0.00975605,4,3,0,0
Zone_DH436,4512285243,90.3616566,23.7823922,0.01044055,4,4,0,1
Zone_DH436,2894094920,90.3764986,23.7888525,0.00049473,4,2,0,0
Zone_DH436,4611162700,90.358911,23.7989129,0.02270039,3,3,0,0
Zone_DH436,4611162701,90.3581031,23.7987888,0.00548796,4,3,0,0
Zone_DH436,4611162703,90.3569163,23.796554,0.01465415,4,3,0,0
Zone_DH436,4611162705,90.356818,23.7971208,0.00063335,4,3,0,0
Zone_DH436,9288204905,90.3600828,23.7942834,0.0,4,1,0,0
Zone_DH436,11409244797,90.367764,23.7897917,0.00876706,4,3,0,1
Zone_DH436,11409244800,90.3669792,23.7896131,0.0,4,1,0,0
Zone_DH436,11409244802,90.3672773,23.7903558,0.0,4,1,0,0
Zone_DH436,11409244813,90.3697381,23.7921242,0.0,4,1,0,0
Zone_DH436,11409244818,90.3662371,23.7937366,0.0,4,1,0,0
Zone_DH436,11409244820,90.3651615,23.790016,0.0,4,1,0,0
Zone_DH436,11409244821,90.3637306,23.7895693,0.0,4,1,0,0
Zone_DH436,11409244822,90.3641274,23.7904811,0.04532286,3,3,0,0
Zone_DH436,11409244824,90.3639372,23.7909265,0.00365338,4,3,0,1
Zone_DH436,11409244825,90.3639435,23.7914235,0.0079296,4,3,0,1
Zone_DH436,11409244828,90.3636023,23.7919403,0.0,4,1,0,0
Zone_DH436,11409244829,90.3630842,23.7917554,0.00764375,4,3,0,1
Zone_DH436,11409244830,90.3635937,23.7918402,0.0,4,1,0,0
Zone_DH436,11409244831,90.362671,23.7914769,0.0,4,1,0,0
Zone_DH436,11409244832,90.3630752,23.7915408,0.00739997,4,3,0,1
Zone_DH436,11409244833,90.3630423,23.7920826,0.00836841,4,3,0,1
Zone_DH436,11409244834,90.3633174,23.7921371,0.0,4,1,0,0
Zone_DH436,11409244839,90.3618261,23.7913744,0.0,4,1,0,0
Zone_DH436,11409244840,90.3635923,23.7908965,0.0,4,1,0,0
Zone_DH436,11409244841,90.363597,23.7911781,0.0,4,1,0,0
Zone_DH436,11409244842,90.3639348,23.7911835,0.00918006,4,3,0,1
Zone_DH436,11409244843,90.3639264,23.7911027,0.01055623,4,3,0,0
Zone_DH436,6559294124,90.3668176,23.7905271,0.0,4,1,0,0
Zone_DH436,6489965229,90.3738214,23.8020801,0.0068627,4,3,0,1
Zone_DH436,6559294126,90.3667506,23.7909902,0.04698679,3,3,0,1
Zone_DH436,11409244847,90.3646419,23.7909264,0.06632394,3,3,0,0
Zone_DH436,6489965230,90.3737204,23.802244,0.0,4,1,0,0
Zone_DH436,11337769657,90.3741949,23.7845823,0.02086629,3,3,0,1
Zone_DH436,11409294036,90.361117,23.7875709,0.04161211,3,3,0,0
Zone_DH436,4601103092,90.373484,23.8020042,0.012115,4,3,0,0
Zone_DH436,3713336057,90.3638653,23.7810027,0.0,4,1,0,0
Zone_DH436,4601103099,90.3733512,23.8033581,0.0,4,1,0,0
Zone_DH436,4601103106,90.372602,23.8032769,0.00922738,4,3,0,1
Zone_DH436,4601103107,90.3721863,23.802472,0.0,4,1,0,0
Zone_DH436,4601103110,90.3726189,23.8031992,0.01035738,4,3,0,1
Zone_DH436,6556943110,90.3764508,23.7889479,0.01141472,4,3,0,0
Zone_DH436,6556943111,90.3763104,23.7888973,0.01986391,4,3,0,0
Zone_DH436,4597572366,90.3629215,23.8033135,0.00460365,4,3,0,0
Zone_DH436,6499124035,90.3744799,23.8039562,0.00292968,4,2,0,1
Zone_DH436,12015518532,90.3577245,23.7931758,0.0,4,1,0,0
Zone_DH436,6499124036,90.3745789,23.8037363,0.00195456,4,3,0,1
Zone_DH436,11610792775,90.371476,23.789745,0.09288659,2,3,0,1
Zone_DH436,11610792778,90.3713566,23.7901761,0.0,4,1,0,0
Zone_DH436,11610792779,90.3718768,23.7900183,0.08065639,2,3,0,1
Zone_DH436,3731743566,90.3633669,23.8036018,0.0069234,4,3,0,0
Zone_DH436,11991647072,90.3696724,23.8007482,0.0,4,1,0,0
Zone_DH436,4611400545,90.3702094,23.7885523,0.0,4,1,0,0
Zone_DH436,4611400546,90.3697505,23.788515,0.0182908,4,3,0,1
Zone_DH436,4611400547,90.3694377,23.788558,0.0,4,1,0,0
Zone_DH436,11991647075,90.3702628,23.8009369,0.00159797,4,3,0,1
Zone_DH436,4611400553,90.3697638,23.788067,0.01721147,4,3,0,1
Zone_DH436,4611400554,90.3701987,23.7877878,0.0,4,1,0,0
Zone_DH436,4595598216,90.3632921,23.7900866,0.0,4,1,0,0
Zone_DH436,4595598217,90.3646719,23.7907109,0.0665247,3,3,0,0
Zone_DH436,4595598220,90.3636537,23.7903122,0.04448109,3,3,0,1
Zone_DH436,4595598223,90.3636267,23.7904257,0.04400404,3,3,0,1
Zone_DH436,386278293,90.3558913,23.8003269,0.00048948,4,2,0,0
Zone_DH436,4595598231,90.3620946,23.7906789,0.03079394,3,3,0,1
Zone_DH436,4595598233,90.3626644,23.7903143,0.0,4,1,0,0
Zone_DH436,4595598239,90.3622795,23.79068,0.00390577,4,3,0,1
Zone_DH436,4595598242,90.3624555,23.7913212,0.0,4,1,0,0
Zone_DH436,4599120812,90.3758845,23.7850104,0.00944678,4,3,0,0
Zone_DH436,3717096364,90.3693453,23.7934829,0.01663309,4,3,0,1
Zone_DH436,4595598253,90.3600838,23.7889218,0.0,4,1,0,0
Zone_DH436,4595598256,90.3600445,23.7893553,0.04195915,3,3,0,1
Zone_DH436,4595598265,90.3607318,23.7890673,0.0,4,1,0,0
Zone_DH436,4595598266,90.3603992,23.7890514,0.00390577,4,3,0,1
Zone_DH436,4595598267,90.36042,23.7887054,0.0,4,1,0,0
Zone_DH436,4595598273,90.3603722,23.7893605,0.04491894,3,3,0,1
Zone_DH436,12048671688,90.3650424,23.7997586,0.0,4,1,0,0
Zone_DH436,12048671691,90.3651939,23.7995696,0.0,4,1,0,0
Zone_DH436,12048671693,90.3662413,23.7991401,0.0,4,1,0,0
Zone_DH436,12048671694,90.3660442,23.7988468,0.0,4,1,0,0
Zone_DH436,12048671696,90.364575,23.8006698,0.01583769,4,3,0,1
Zone_DH436,12048671700,90.364809,23.8009946,0.0,4,1,0,0
Zone_DH436,12048671701,90.3650692,23.8010854,0.0,4,1,0,0
Zone_DH436,12048671703,90.3654184,23.8013156,0.00182311,4,3,0,1
Zone_DH436,12048671704,90.3651818,23.8009541,0.0,4,1,0,0
Zone_DH436,12048671705,90.3655374,23.8011427,0.00450948,4,3,0,1
Zone_DH436,382026714,90.3560222,23.7963039,0.01118815,4,3,0,1
Zone_DH436,3713295325,90.3660308,23.7840265,0.0,4,1,0,0
Zone_DH436,3713295330,90.3671851,23.7822768,0.00293064,4,3,0,1
Zone_DH436,3713295333,90.3671853,23.7826573,0.01180908,4,3,0,1
Zone_DH436,4611228684,90.3555542,23.7977477,0.0,4,1,0,0
Zone_DH436,4611228687,90.3581345,23.7991159,0.0,4,1,0,0
Zone_DH436,4611400722,90.3681903,23.786657,0.07305566,3,3,0,0
Zone_DH436,9742582806,90.36678,23.7891094,0.0,4,1,0,0
Zone_DH436,9742582807,90.3672923,23.7856592,0.00841191,4,3,0,0
Zone_DH436,9742582808,90.3672211,23.7856432,0.03273416,3,3,0,0
Zone_DH436,4611400733,90.3709037,23.7852261,0.00756345,4,3,0,0
Zone_DH436,4611400734,90.3702889,23.7853806,0.0,4,1,0,0
Zone_DH436,4611400735,90.3705233,23.785326,0.00530058,4,3,0,1
Zone_DH436,154346528,90.3757745,23.7904839,0.01225601,4,3,0,0
Zone_DH436,4611400736,90.3704492,23.7849795,0.00444639,4,3,0,0
Zone_DH436,4611400738,90.3695885,23.7848471,0.01108203,4,3,0,0
Zone_DH436,4611400743,90.3694605,23.7855371,0.00616577,4,3,0,0
Zone_DH436,386040872,90.360938,23.7894281,0.04731948,3,3,0,1
Zone_DH436,3720725544,90.3640444,23.794683,0.0,4,1,0,0
Zone_DH436,3720725546,90.3638917,23.7954279,0.0,4,1,0,0
Zone_DH436,4611400746,90.369577,23.7849156,0.01458436,4,3,0,0
Zone_DH436,386040877,90.3620839,23.788994,0.06903756,3,3,0,1
Zone_DH436,3720717360,90.3630586,23.7932453,0.0,4,1,0,0
Zone_DH436,3720717362,90.3631558,23.7936933,0.00195456,4,3,0,1
Zone_DH436,386040882,90.3633229,23.7888567,0.07878405,2,3,0,1
Zone_DH436,386040883,90.363503,23.7888329,0.07939686,2,3,0,1
Zone_DH436,8950416439,90.3597326,23.781673,0.0,4,1,0,0
Zone_DH436,4599137336,90.3750905,23.7855061,0.0,4,1,0,0
Zone_DH436,8950416440,90.3597432,23.7814493,0.00097752,4,2,0,1
Zone_DH436,4599137338,90.3752944,23.7846953,0.00877232,4,3,0,1
Zone_DH436,386040891,90.3653613,23.7889904,0.05514583,3,3,0,1
Zone_DH436,386040893,90.3656512,23.7885196,0.11659413,1,3,0,0
Zone_DH436,386040896,90.366085,23.788545,0.11027253,1,3,0,1
Zone_DH436,386040897,90.3658395,23.78945,0.0,4,1,0,0
Zone_DH436,4611400770,90.3694066,23.7833763,8.365e-05,4,3,0,0
Zone_DH436,9339978820,90.3734842,23.8005551,0.03160081,3,3,0,0
Zone_DH436,4611400775,90.3690239,23.7845984,0.0154768,4,3,0,0
Zone_DH436,386049099,90.3689981,23.7926854,0.01421535,4,3,0,1
Zone_DH436,386049100,90.3684185,23.7925671,0.01407768,4,3,0,1
Zone_DH436,9339978828,90.3726687,23.8000499,0.0401021,3,3,0,1
Zone_DH436,386049103,90.368371,23.7927519,0.01464746,4,3,0,1
Zone_DH436,4493714516,90.3579722,23.7927815,0.0,4,1,0,0
Zone_DH436,4493714517,90.3583482,23.7929093,0.01266996,4,4,0,1
Zone_DH436,386049109,90.3672807,23.792787,0.03412037,3,3,0,0
Zone_DH436,11174470743,90.3744396,23.7919831,0.0183931,4,3,0,1
Zone_DH436,386049111,90.3670248,23.792723,0.03665474,3,3,0,0
Zone_DH436,4611400788,90.3680139,23.7854579,0.02260478,3,3,0,0
Zone_DH436,13408461912,90.3708077,23.7901955,0.0,4,1,0,0
Zone_DH436,11174470744,90.3743619,23.7922666,0.0,4,1,0,0
Zone_DH436,386049116,90.3666621,23.7932706,0.02887906,3,3,0,1
Zone_DH436,13408461917,90.3701,23.7898468,0.0,4,1,0,0
Zone_DH436,4603421792,90.3702478,23.7902543,0.0,4,1,0,0
Zone_DH436,4603421795,90.3699267,23.790351,0.00097752,4,3,0,1
Zone_DH436,4603421796,90.369599,23.7912048,0.00370931,4,3,0,0
Zone_DH436,386049128,90.3654286,23.7941269,0.07244764,3,3,0,1
Zone_DH436,386049137,90.3646894,23.795344,0.00964946,4,3,0,0
Zone_DH436,11991893108,90.3610669,23.8017508,0.0152268,4,3,0,0
Zone_DH436,11991893109,90.361172,23.8036694,0.00171364,4,3,0,0
Zone_DH436,11991893110,90.3612401,23.8035825,0.00368493,4,3,0,0
Zone_DH436,4611400823,90.3667035,23.7875129,0.0,4,1,0,0
Zone_DH436,11991893112,90.3614094,23.8036957,0.00285607,4,3,0,0
Zone_DH436,4611400825,90.3667028,23.7871129,0.00988272,4,3,0,1
Zone_DH436,386049146,90.3641355,23.7957752,0.00888035,4,3,0,1
Zone_DH436,3713279099,90.3630644,23.7847921,0.01707715,4,3,0,0
Zone_DH436,11991893111,90.3613425,23.8037833,0.0,4,2,0,0
Zone_DH436,4611318915,90.3687098,23.7857706,0.0,4,1,0,0
Zone_DH436,3713279108,90.3643675,23.7846964,0.01959049,4,3,0,1
Zone_DH436,3713279111,90.3648517,23.7847481,0.02020329,3,3,0,1
Zone_DH436,3416433801,90.3751402,23.7915489,0.00947594,4,3,0,0
Zone_DH436,3732407434,90.3613255,23.8015492,0.03368204,3,3,0,0
Zone_DH436,386049162,90.3636378,23.7966533,0.06137517,3,3,0,0
Zone_DH436,3416433802,90.374849,23.7914909,0.02451536,3,3,0,0
Zone_DH436,4611318922,90.3699941,23.7858187,0.00637991,4,3,0,0
Zone_DH436,3732407438,90.3603893,23.8010093,0.00794251,4,3,0,0
Zone_DH436,4611318926,90.3696836,23.7862145,0.00963607,4,4,0,1
Zone_DH436,3713279120,90.3663372,23.7853504,0.02300344,3,3,0,1
Zone_DH436,4603421847,90.3716243,23.7869135,0.0,4,1,0,0
Zone_DH436,4603421848,90.3723244,23.7884633,0.01023549,4,3,0,0
Zone_DH436,386049177,90.3631523,23.797693,0.01040805,4,3,0,0
Zone_DH436,348357787,90.3590635,23.7929305,0.04386686,3,3,0,0
Zone_DH436,4603421853,90.3731046,23.7891687,0.00438042,4,3,0,0
Zone_DH436,4603421854,90.3734296,23.7884443,0.01369815,4,4,0,0
Zone_DH436,348357791,90.3598505,23.7932504,0.02398621,3,3,0,0
Zone_DH436,4611318943,90.3685093,23.7847452,0.0,4,1,0,0
Zone_DH436,4611318944,90.3681458,23.7847368,0.00863131,4,3,0,1
Zone_DH436,4611318945,90.3690487,23.7831029,0.00139673,4,3,0,0
Zone_DH436,4603421859,90.3732579,23.7887217,0.00291773,4,3,0,0
Zone_DH436,4611318949,90.3687736,23.7845051,0.01555041,4,3,0,0
Zone_DH436,4611318952,90.3686237,23.7851684,0.0169261,4,3,0,0
Zone_DH436,4603421866,90.3751688,23.7889349,0.00140198,4,3,0,1
Zone_DH436,4603421869,90.3746554,23.7888751,0.02683655,3,3,0,0
Zone_DH436,4486366381,90.3734011,23.8039455,0.0,4,1,0,0
Zone_DH436,3732407479,90.3602936,23.8012273,0.00861745,4,3,0,0
Zone_DH436,3732407481,90.3606128,23.7998975,0.00673459,4,3,0,0
Zone_DH436,4611318972,90.3680889,23.7851426,0.02357131,3,3,0,0
Zone_DH436,4603421886,90.37515,23.7890598,0.0,4,1,0,0
Zone_DH436,4603421887,90.3752732,23.7885772,0.00405443,4,3,0,0
Zone_DH436,4603421890,90.3745464,23.7883787,0.02180078,3,3,0,0
Zone_DH436,4611318979,90.3682778,23.7856974,0.00780771,4,3,0,1
Zone_DH436,6784312546,90.37237,23.7860238,0.0,4,1,0,0
Zone_DH436,6784312547,90.3714626,23.7860469,0.0,4,1,0,0
Zone_DH436,6784312548,90.3719082,23.7860701,0.00488137,4,4,0,1
Zone_DH436,6784312549,90.3718526,23.7854258,0.05223526,3,3,0,1
Zone_DH436,6784312551,90.3719008,23.7862896,0.0,4,1,0,0
Zone_DH436,6784312553,90.3722369,23.7860462,0.00195456,4,3,0,1
Zone_DH436,6784312555,90.3724906,23.7862629,0.0,4,1,0,0
Zone_DH436,6784312556,90.371366,23.785453,0.0518629,3,3,0,1
Zone_DH436,4487963909,90.3677155,23.8004881,0.0022992,4,3,0,1
Zone_DH436,4487963910,90.368077,23.8006686,0.0,4,1,0,0
Zone_DH436,4603421962,90.3742294,23.7891277,0.0,4,1,0,0
Zone_DH436,11068179732,90.3600493,23.7991317,0.01283774,4,3,0,0
Zone_DH436,3718079771,90.3649871,23.7945625,0.00988655,4,3,0,0
Zone_DH436,386024739,90.3647815,23.8043845,0.0,4,1,0,0
Zone_DH436,386024744,90.3636515,23.8041517,0.0,4,1,0,0
Zone_DH436,386049332,90.3638782,23.7986248,0.00351189,4,3,0,0
Zone_DH436,1158350137,90.3577718,23.788922,0.00520116,4,3,0,0
Zone_DH436,4611097931,90.3577144,23.7996585,0.00327767,4,3,0,0
Zone_DH436,4611097941,90.3575658,23.8012142,0.00618489,4,3,0,0
Zone_DH436,6499132780,90.3740951,23.8031663,0.00973645,4,3,0,1
Zone_DH436,6499132782,90.3739458,23.8033369,0.0,4,1,0,0
Zone_DH436,7130031493,90.3581666,23.7960415,0.0,4,1,0,0
Zone_DH436,386794886,90.3774149,23.8017791,0.00568346,4,2,0,0
Zone_DH436,7130031495,90.3581591,23.7951057,0.02240593,3,3,0,0
Zone_DH436,11992278410,90.3671629,23.7862835,0.02685424,3,3,0,0
Zone_DH436,3519792526,90.3601285,23.7964402,0.0796067,2,4,0,1
Zone_DH436,9992684981,90.3677163,23.7826497,0.01200171,4,4,0,1
Zone_DH436,4452337110,90.3559787,23.7964566,0.0,4,1,0,0
Zone_DH436,386049501,90.3645334,23.7976761,0.00134558,4,3,0,0
Zone_DH436,386049508,90.363887,23.7990654,0.01842847,4,3,0,0
Zone_DH436,6349112841,90.3664484,23.7888071,0.14410705,1,3,0,0
Zone_DH436,6349112846,90.3670165,23.7871188,0.05964241,3,4,0,0
Zone_DH436,6349112852,90.3672727,23.7854842,0.03886646,3,4,0,0
Zone_DH436,6349112855,90.3676534,23.784477,0.01904175,4,3,0,0
Zone_DH436,4488103466,90.3673027,23.7992019,0.0,4,1,0,0
Zone_DH436,3720709681,90.3630745,23.7918848,0.00800034,4,3,0,1
Zone_DH436,4595779122,90.3649512,23.7823032,0.00266391,4,3,0,0
Zone_DH436,4595779126,90.364937,23.7832959,0.00195599,4,3,0,0
Zone_DH436,386049613,90.368107,23.793914,0.00459361,4,3,0,1
Zone_DH436,386049629,90.3659415,23.7966727,0.14751331,1,3,0,0
Zone_DH436,11411613295,90.3712448,23.7825106,0.0,4,1,0,0
Zone_DH436,4485613173,90.3640873,23.7939269,0.05812474,3,3,0,1
Zone_DH436,11411613305,90.3693079,23.7822698,0.01253469,4,3,0,1
Zone_DH436,4424320635,90.3603901,23.7982226,0.0,4,1,0,0
Zone_DH436,11411613308,90.3689491,23.7815175,0.0,4,1,0,0
Zone_DH436,11411613309,90.3676732,23.7844323,0.01813115,4,3,0,0
Zone_DH436,11411613310,90.367745,23.7844359,0.02222812,3,3,0,0
Zone_DH436,4595779199,90.3613133,23.7820098,0.0,4,1,0,0
Zone_DH436,4485613184,90.3626801,23.7948458,0.00195456,4,3,0,1
Zone_DH436,11411613311,90.3681618,23.7844582,0.00821688,4,3,0,0
Zone_DH436,4506601131,90.3613189,23.7896994,0.0,4,1,0,0
Zone_DH436,382019244,90.3608459,23.7828134,0.00262759,4,3,0,1
Zone_DH436,4506601132,90.3613122,23.789528,0.0,4,1,0,0
Zone_DH436,4506601135,90.3609115,23.7895473,0.00390577,4,3,0,1
Zone_DH436,382019248,90.3596342,23.782718,0.01019103,4,3,0,0
Zone_DH436,382019250,90.35983,23.7821563,0.00403531,4,3,0,0
Zone_DH436,382019259,90.3613044,23.7823842,0.01078854,4,4,0,1
Zone_DH436,386041540,90.368242,23.7860877,0.00940233,4,3,0,1
Zone_DH436,382019269,90.3636653,23.7823405,0.01807809,4,3,0,0
Zone_DH436,386041543,90.3682125,23.7863036,0.02721752,3,3,0,0
Zone_DH436,386041556,90.3670529,23.789115,0.07502695,2,3,0,1
Zone_DH436,386041557,90.3674166,23.789105,0.07249831,3,3,0,1
Zone_DH436,4601046744,90.379423,23.7921859,0.00390433,4,2,0,1
Zone_DH436,386041562,90.3685411,23.7891225,0.07980411,2,3,0,0
Zone_DH436,386041565,90.3693229,23.7891034,0.07665216,2,3,0,1
Zone_DH436,386041566,90.3696373,23.7890996,0.09250323,2,3,0,0
Zone_DH436,11409254115,90.3646873,23.7902524,0.0267051,3,3,0,1
Zone_DH436,11409254116,90.3642166,23.7902885,0.0,4,1,0,0
Zone_DH436,11409254117,90.3633817,23.7884974,0.0,4,1,0,0
Zone_DH436,11409254118,90.3643694,23.7900533,0.00585315,4,3,0,1
Zone_DH436,11409254120,90.3643956,23.7895749,0.0,4,1,0,0
Zone_DH436,11409254122,90.3617256,23.7895562,0.05836518,3,3,0,1
Zone_DH436,11409254124,90.3621058,23.789651,0.0,4,1,0,0
Zone_DH436,11409254125,90.3620914,23.7893494,0.0,4,1,0,0
Zone_DH436,11409254128,90.3621943,23.7889906,0.06878135,3,3,0,1
Zone_DH436,11409254130,90.3621607,23.7887711,0.0,4,1,0,0
Zone_DH436,386041587,90.3740256,23.7885934,0.01092812,4,3,0,1
Zone_DH436,386041588,90.3737609,23.7887126,0.01574639,4,3,0,0
Zone_DH436,11409254132,90.3597213,23.7897227,0.08006319,2,3,0,1
Zone_DH436,6349104884,90.3647106,23.7977457,0.02015406,3,3,0,0
Zone_DH436,11409254135,90.3599789,23.7897577,0.0,4,1,0,0
Zone_DH436,11409254136,90.3606321,23.7900533,0.00807635,4,3,0,1
Zone_DH436,11409254137,90.3606957,23.7896172,0.0,4,1,0,0
Zone_DH436,11409254138,90.3610357,23.7900848,0.00911457,4,3,0,1
Zone_DH436,11409254139,90.3609009,23.7896343,0.0,4,1,0,0
Zone_DH436,11409254140,90.3611936,23.7896957,0.0,4,1,0,0
Zone_DH436,11409254141,90.3612032,23.7895917,0.00195456,4,3,0,1
Zone_DH436,11409254142,90.3614919,23.7886974,0.03434216,3,3,0,1
Zone_DH436,11409254144,90.3614919,23.7883287,0.0,4,1,0,0
Zone_DH436,3718899458,90.3667789,23.8014086,0.0139252,4,3,0,0
Zone_DH436,3718932246,90.3672737,23.8024786,0.00992335,4,3,0,0
Zone_DH436,382019353,90.3660998,23.7827145,0.00853523,4,2,0,0
Zone_DH436,386041632,90.3730005,23.7882171,0.01166854,4,3,0,0
Zone_DH436,386041635,90.3725183,23.788088,0.02125968,3,4,0,0
Zone_DH436,5701691184,90.3571363,23.8027397,0.0,4,1,0,0
Zone_DH436,4609337162,90.3760913,23.7989522,0.0,4,1,0,0
Zone_DH436,4609337163,90.3748736,23.7996175,0.02460332,3,3,0,0
Zone_DH436,4609337173,90.3755735,23.7990239,0.00378818,4,3,0,1
Zone_DH436,4609337174,90.3755774,23.7988722,0.00384458,4,3,0,1
Zone_DH436,4609337175,90.3755952,23.798663,0.00394687,4,3,0,1
Zone_DH436,4609337176,90.3759848,23.7987664,0.0,4,1,0,0
Zone_DH436,11993212763,90.3642919,23.783394,0.00378627,4,3,0,1
Zone_DH436,4609337180,90.3779499,23.7974849,0.0,4,1,0,0
Zone_DH436,11993212765,90.3642622,23.7824956,0.0,4,1,0,0
Zone_DH436,11993212766,90.3597562,23.7822985,0.00555105,4,3,0,1
Zone_DH436,4609337183,90.3776386,23.7979775,0.00113621,4,3,0,1
Zone_DH436,4609337182,90.3776096,23.7982743,0.0,4,1,0,0
Zone_DH436,4609337192,90.3772759,23.7973533,0.0,4,1,0,0
Zone_DH436,4609337195,90.3776241,23.7972784,0.00217731,4,3,0,1
Zone_DH436,4609337196,90.3778842,23.7973004,0.00396791,4,3,0,1
Zone_DH436,4609337198,90.3778919,23.7968776,0.01109303,4,3,0,0
Zone_DH436,4609337199,90.3783274,23.7942431,0.0,4,1,0,0
Zone_DH436,4609337201,90.3789987,23.7942343,0.0024904,4,3,0,1
Zone_DH436,4609337202,90.3777415,23.7949051,0.00500422,4,3,0,0
Zone_DH436,4609337204,90.3747207,23.7946678,0.0,4,1,0,0
Zone_DH436,4609337207,90.3740497,23.7945749,0.05619074,3,3,0,1
Zone_DH436,4609337208,90.3762811,23.7949338,0.0,4,1,0,0
Zone_DH436,386746257,90.3717939,23.7999188,0.05627774,3,3,0,0
Zone_DH436,7281600402,90.3572626,23.7830598,0.0029727,4,3,0,0
Zone_DH436,386746265,90.3732469,23.800247,0.04655324,3,3,0,0
Zone_DH436,4424648638,90.3707304,23.7982301,0.00069167,4,3,0,0
Zone_DH436,11412121537,90.3589336,23.7931817,0.02457368,3,3,0,0
Zone_DH436,11991476161,90.3757734,23.7885973,0.00384171,4,3,0,0
Zone_DH436,11991476163,90.3772869,23.7907775,0.00195456,4,3,0,1
Zone_DH436,11412121541,90.3575908,23.7941102,0.00578862,4,3,0,0
Zone_DH436,11991476168,90.3771464,23.7898754,0.0,4,1,0,0
Zone_DH436,11412121547,90.3570152,23.7958028,0.0,4,1,0,0
Zone_DH436,4611278795,90.3627358,23.7934782,0.0,4,1,0,0
Zone_DH436,11412121549,90.3592776,23.7962912,0.0,4,1,0,0
Zone_DH436,11412121550,90.3593055,23.7960841,0.00326046,4,4,0,1
Zone_DH436,4611278801,90.3627884,23.7937472,0.04192807,3,3,0,1
Zone_DH436,4611278802,90.3627395,23.793999,0.0,4,1,0,0
Zone_DH436,11412121557,90.3622093,23.7952386,0.0,4,1,0,0
Zone_DH436,11412121558,90.3628699,23.7951414,0.00585315,4,3,0,1
Zone_DH436,11412121560,90.3645452,23.7966295,0.0194122,4,3,0,1
Zone_DH436,11412121564,90.3651191,23.7969763,0.03554338,3,3,0,0
Zone_DH436,4603348958,90.370831,23.7877116,0.0,4,1,0,0
Zone_DH436,11412121567,90.3643251,23.7984731,0.04179567,3,3,0,1
Zone_DH436,11412121568,90.3645074,23.7985637,0.0,4,1,0,0
Zone_DH436,4603348974,90.369682,23.7865856,0.07621718,2,3,0,0
Zone_DH436,4424648693,90.3720841,23.7987988,0.02209858,3,3,0,0
Zone_DH436,4510124027,90.3615276,23.7963724,0.07100503,3,3,0,0
Zone_DH436,4424648716,90.3709278,23.7994048,0.05632889,3,3,0,0
Zone_DH436,382019599,90.3676953,23.7831083,0.0,4,1,0,0
Zone_DH436,382019606,90.3669363,23.7810331,0.00097752,4,2,0,1
Zone_DH436,382019611,90.366531,23.7820727,0.0,4,1,0,0
Zone_DH436,11072546843,90.3602301,23.7983672,0.0,4,1,0,0
Zone_DH436,4424648754,90.3714017,23.8004434,0.10348154,2,4,0,0
Zone_DH436,4487989303,90.3690011,23.7999831,0.05160573,3,3,0,1
Zone_DH436,4487989314,90.3694087,23.8000115,0.0509762,3,3,0,0
Zone_DH436,8942356552,90.3634845,23.7866934,0.0,4,1,0,0
Zone_DH436,4487989320,90.3692991,23.8009571,0.01309969,4,3,0,0
Zone_DH436,8942356553,90.360354,23.7872939,0.0,4,1,0,0
Zone_DH436,8942356556,90.3611268,23.7873226,0.02335573,3,3,0,1
Zone_DH436,8942356561,90.3635639,23.7891823,0.0,4,1,0,0
Zone_DH436,12048959570,90.3623763,23.8022711,0.0,4,1,0,0
Zone_DH436,12048959569,90.3625661,23.8025294,0.0,4,1,0,0
Zone_DH436,4487989332,90.3685418,23.801666,0.00393301,4,3,0,0
Zone_DH436,12048959572,90.3633055,23.8001894,0.0225111,3,3,0,0
Zone_DH436,12048959576,90.3622491,23.7998597,0.01549831,4,3,0,0
Zone_DH436,12048959577,90.3622224,23.800032,0.01629227,4,3,0,0
Zone_DH436,12048959578,90.3622646,23.7997455,0.00903331,4,3,0,1
Zone_DH436,12048959579,90.3623064,23.7995461,0.01891412,4,3,0,0
Zone_DH436,12048959580,90.3620286,23.7996952,0.0,4,1,0,0
Zone_DH436,12048959581,90.3623761,23.800201,0.00942193,4,3,0,1
Zone_DH436,12048959582,90.3627029,23.8002802,0.0,4,1,0,0
Zone_DH436,12048959584,90.3630702,23.8004513,0.0,4,1,0,0
Zone_DH436,4487989345,90.3686106,23.8015031,0.00208935,4,3,0,0
Zone_DH436,4404594786,90.3661246,23.7946889,0.0296171,3,3,0,0
Zone_DH436,9742598469,90.3639318,23.7895631,0.0,4,1,0,0
Zone_DH436,12048959589,90.3632478,23.8003049,0.01385875,4,3,0,1
Zone_DH436,12048959590,90.3637462,23.8009733,0.00260799,4,3,0,1
Zone_DH436,12048959591,90.3637636,23.8007394,0.0,4,1,0,0
Zone_DH436,4487989352,90.3680232,23.8009112,0.00425853,4,3,0,0
Zone_DH436,4493731955,90.3569219,23.7886563,0.00216344,4,3,0,0
Zone_DH436,4493731958,90.3569224,23.7889461,0.00463424,4,3,0,0
Zone_DH436,4485613692,90.3636178,23.7953042,0.09015002,2,3,0,0
Zone_DH436,4597745796,90.3738878,23.7876601,0.016874,4,3,0,0
Zone_DH436,3739289737,90.3566356,23.7927834,0.00726613,4,3,0,0
Zone_DH436,4597745810,90.3726203,23.7862597,0.0,4,1,0,0
Zone_DH436,4609009818,90.3713309,23.7926794,0.0107589,4,3,0,0
Zone_DH436,4611508378,90.3641104,23.7958304,0.05342358,3,3,0,0
Zone_DH436,4611508380,90.3638962,23.7963223,0.03906005,3,3,0,0
Zone_DH436,4611508379,90.3635886,23.7957296,0.04737445,3,3,0,0
Zone_DH436,4597745820,90.372427,23.784083,0.02568934,3,3,0,0
Zone_DH436,4597745821,90.3717746,23.7842524,0.00097752,4,3,0,1
Zone_DH436,4609009824,90.3736521,23.7950955,0.03254248,3,3,0,0
Zone_DH436,4597745823,90.3717068,23.7840513,0.00190628,4,3,0,0
Zone_DH436,4597745826,90.3714649,23.7834475,0.00396217,4,4,0,1
Zone_DH436,4597745825,90.3715632,23.7837519,0.00575277,4,4,0,1
Zone_DH436,4597745828,90.3709284,23.7839159,0.0,4,1,0,0
Zone_DH436,4597745827,90.3713643,23.7831365,0.00195456,4,3,0,1
Zone_DH436,4597745829,90.3712715,23.7841576,0.0,4,1,0,0
Zone_DH436,4609009831,90.3710207,23.7945881,0.0102852,4,3,0,0
Zone_DH436,4609009825,90.3708559,23.7940601,0.04110161,3,3,0,0
Zone_DH436,4609009833,90.3685998,23.7943594,0.00390577,4,3,0,1
Zone_DH436,4609009835,90.3695559,23.7942939,0.0167827,4,3,0,1
Zone_DH436,4597745835,90.372366,23.78389,0.02287008,3,3,0,0
Zone_DH436,4597745837,90.3722114,23.7835835,0.01914356,4,3,0,0
Zone_DH436,7146154158,90.3710087,23.7845199,0.00163716,4,3,0,1
Zone_DH436,7146154159,90.3712424,23.7850235,0.0,4,1,0,0
Zone_DH436,4609009877,90.3735175,23.7943584,0.01430186,4,3,0,1
Zone_DH436,386230520,90.3680085,23.80342,0.00917289,4,3,0,0
Zone_DH436,386230524,90.3689233,23.8038139,0.0102852,4,3,0,0
Zone_DH436,11335395586,90.3575533,23.7981925,0.0,4,1,0,0
Zone_DH436,11335395587,90.358187,23.7983067,0.00442153,4,3,0,1
Zone_DH436,386042120,90.3732336,23.7867469,0.0027447,4,3,0,1
Zone_DH436,386042121,90.3726925,23.786733,0.00805531,4,3,0,0
Zone_DH436,12025506057,90.3730557,23.8044195,0.0,4,1,0,0
Zone_DH436,386042125,90.3725572,23.7876012,0.01074791,4,4,0,0
Zone_DH436,12025506062,90.3725707,23.8043833,0.00097752,4,2,0,1
Zone_DH436,12025506063,90.3726554,23.8040533,0.0,4,1,0,0
Zone_DH436,3718646029,90.3622207,23.7901076,0.07020341,3,4,0,0
Zone_DH436,12102732062,90.3743915,23.7912395,0.0,4,1,0,0
Zone_DH436,12102732075,90.3746241,23.7910107,0.02497664,3,3,0,1
Zone_DH436,3732392237,90.3600663,23.7853845,0.05916918,3,3,0,1
Zone_DH436,3732392241,90.3604772,23.7846055,0.0,4,1,0,0
Zone_DH436,3732392246,90.3616065,23.7842093,0.0,4,1,0,0
Zone_DH436,4595951926,90.3669299,23.7871142,0.03180635,3,3,0,0
Zone_DH436,4595951930,90.3667215,23.7855372,0.02503878,3,3,0,0
Zone_DH436,4595951931,90.3668732,23.7862984,0.04601883,3,4,0,0
Zone_DH436,4404545856,90.3652053,23.796023,0.09864223,2,4,0,0
Zone_DH436,11416193357,90.3714093,23.785714,0.0,4,1,0,0
Zone_DH436,11416193359,90.371531,23.786721,0.00195456,4,3,0,1
Zone_DH436,11416193362,90.3719626,23.7864137,0.0,4,1,0,0
Zone_DH436,11416193367,90.3722902,23.7869611,0.0,4,1,0,0
Zone_DH436,10142640494,90.3650686,23.7815562,0.00127149,4,3,0,0
Zone_DH436,11502717295,90.3658284,23.7875424,0.0,4,1,0,0
Zone_DH436,11502717297,90.3655994,23.7867762,0.0,4,1,0,0
Zone_DH436,3556591988,90.3557904,23.800114,0.00860024,4,4,0,1
Zone_DH436,12048976249,90.354729,23.7965134,0.00351619,4,3,0,0
Zone_DH436,386034050,90.3549461,23.7980163,0.00621309,4,3,0,1
Zone_DH436,3516778884,90.3553416,23.8000944,0.00208888,4,3,0,0
Zone_DH436,386034053,90.3546532,23.7974985,0.00212712,4,2,0,0
Zone_DH436,12048976262,90.3545678,23.7982691,0.00097752,4,3,0,1
Zone_DH436,12048976263,90.3548998,23.7979746,0.00429725,4,3,0,0
Zone_DH436,3516778888,90.3555026,23.8001076,0.0024469,4,3,0,0
Zone_DH436,4611623306,90.362569,23.7981017,0.0,4,1,0,0
Zone_DH436,12048976267,90.3564705,23.7985562,0.02812764,3,3,0,1
Zone_DH436,386034060,90.3547866,23.7956098,0.00935644,4,2,0,0
Zone_DH436,12048976266,90.3561532,23.7968717,0.0,4,1,0,0
Zone_DH436,4611320206,90.3667654,23.7857573,0.02048914,3,3,0,1
Zone_DH436,4611320207,90.3662618,23.786036,0.0,4,1,0,0
Zone_DH436,4611320208,90.3656843,23.7878628,0.0,4,1,0,0
Zone_DH436,4611623317,90.3648361,23.7972149,0.02368985,3,3,0,1
Zone_DH436,3717007766,90.368223,23.7944351,0.0,4,1,0,0
Zone_DH436,4611320214,90.3664165,23.7873898,0.0,4,1,0,0
Zone_DH436,4611623322,90.364202,23.7973143,0.0,4,1,0,0
Zone_DH436,3717007771,90.3685639,23.7942906,0.00195456,4,3,0,1
Zone_DH436,4611320221,90.3664651,23.7878921,0.00195456,4,3,0,1
Zone_DH436,3717007774,90.3689815,23.794334,0.0,4,1,0,0
Zone_DH436,4611320223,90.3655256,23.7882119,0.0,4,1,0,0
Zone_DH436,4611623325,90.3644625,23.7967969,0.0,4,1,0,0
Zone_DH436,4611320229,90.3653401,23.7882498,0.06809924,3,3,0,1
Zone_DH436,4611320230,90.3651718,23.7881258,0.0666595,3,3,0,1
Zone_DH436,4611320234,90.366241,23.786706,0.0,4,1,0,0
Zone_DH436,4611320239,90.3658405,23.7872749,0.00797166,4,3,0,1
Zone_DH436,4611623343,90.3654037,23.7946622,0.06894388,3,3,0,0
Zone_DH436,4611320241,90.3655914,23.7871027,0.00745829,4,3,0,1
Zone_DH436,4611320243,90.3661462,23.7865166,0.0,4,1,0,0
Zone_DH436,4611320249,90.3647761,23.786432,0.06166293,3,3,0,1
Zone_DH436,4611320250,90.3673447,23.7854826,0.03498268,3,4,0,0
Zone_DH436,6464793020,90.3664552,23.7823029,0.0,4,1,0,0
Zone_DH436,4611320257,90.3677211,23.7844907,0.02283996,3,3,0,0
Zone_DH436,4611623362,90.3649066,23.793533,0.04479371,3,3,0,1
Zone_DH436,4611623375,90.3647706,23.7951142,0.01010643,4,3,0,1
Zone_DH436,4611623377,90.3641203,23.7953332,0.0,4,1,0,0
Zone_DH436,4611508689,90.3634569,23.7976754,0.00627236,4,3,0,0
Zone_DH436,4611623380,90.3639699,23.7949971,0.00195456,4,3,0,1
Zone_DH436,4611623381,90.3637267,23.7949563,0.08886515,2,3,0,1
Zone_DH436,4611508694,90.3632026,23.7983988,0.00789518,4,3,0,0
Zone_DH436,4611623382,90.3650634,23.79726,0.08089683,2,4,0,0
Zone_DH436,4611623388,90.3627411,23.7993069,0.00069597,4,3,0,0
Zone_DH436,4611508710,90.3618651,23.8006522,0.0,4,1,0,0
Zone_DH436,4611508712,90.3616044,23.8003959,0.00195456,4,3,0,1
Zone_DH436,4611508713,90.3615924,23.8006607,0.0,4,1,0,0
Zone_DH436,4597320180,90.3730026,23.7856822,0.02253978,3,3,0,1
Zone_DH436,4597320181,90.3724477,23.7858461,0.0,4,1,0,0
Zone_DH436,386042369,90.3736879,23.7867419,0.01768613,4,3,0,0
Zone_DH436,6556666369,90.3780774,23.7915322,0.0,4,1,0,0
Zone_DH436,6556666372,90.3777413,23.7926437,0.01386258,4,3,0,1
Zone_DH436,4611508749,90.3614109,23.7999976,0.0288695,3,3,0,0
Zone_DH436,4611508750,90.3616142,23.7999982,0.00996159,4,3,0,1
Zone_DH436,4611508758,90.3628752,23.7983672,0.00358503,4,3,0,0
Zone_DH436,3717024285,90.371225,23.7935463,0.01732954,4,3,0,0
Zone_DH436,3717024289,90.371839,23.7936357,0.0,4,1,0,0
Zone_DH436,11409394222,90.3604261,23.7877895,0.0,4,1,0,0
Zone_DH436,11409394223,90.3604232,23.7876348,0.00310702,4,3,0,1
Zone_DH436,11409394224,90.3607171,23.7877466,0.0,4,1,0,0
Zone_DH436,11409394225,90.3607184,23.7876303,0.00408406,4,3,0,1
Zone_DH436,11409394226,90.3602007,23.7881636,0.01672056,4,3,0,1
Zone_DH436,11409394227,90.3601994,23.7879417,0.0,4,1,0,0
Zone_DH436,4611508788,90.3613197,23.8013483,0.0354148,3,3,0,0
Zone_DH436,11409394229,90.3619275,23.7877742,0.0,4,1,0,0
Zone_DH436,11409394230,90.3627002,23.7874158,0.00703,4,3,0,1
Zone_DH436,11409394231,90.3628233,23.7874711,0.0,4,1,0,0
Zone_DH436,386230840,90.3702758,23.7969077,0.0162048,4,3,0,0
Zone_DH436,11409394232,90.363911,23.7881092,0.0,4,1,0,0
Zone_DH436,11409394233,90.364132,23.7888367,0.08226679,2,3,0,1
Zone_DH436,386230844,90.3698846,23.796312,0.00142971,4,3,0,1
Zone_DH436,386230845,90.3697073,23.7962867,0.00665907,4,3,0,0
Zone_DH436,11409394236,90.3642229,23.7885301,0.0,4,1,0,0
Zone_DH436,386230847,90.369162,23.7962658,0.01365943,4,3,0,0
Zone_DH436,11409394239,90.3654801,23.7891116,0.0,4,1,0,0
Zone_DH436,11409394240,90.3667162,23.7899446,0.0,4,1,0,0
Zone_DH436,11409394241,90.3663639,23.7901872,0.03388136,3,3,0,1
Zone_DH436,11409394245,90.3671732,23.7902189,0.0,4,1,0,0
Zone_DH436,11409394247,90.36731,23.7898146,0.0,4,1,0,0
Zone_DH436,379947592,90.3773557,23.7836279,5.354e-05,4,2,0,0
Zone_DH436,11409394248,90.3677392,23.7899441,0.00682541,4,3,0,1
Zone_DH436,11409394250,90.3677043,23.790508,0.0,4,1,0,0
Zone_DH436,11409394253,90.3681549,23.7905656,0.0,4,1,0,0
Zone_DH436,379947599,90.3766343,23.7854483,0.00808925,4,3,0,1
Zone_DH436,386230864,90.3727989,23.7972115,0.03277096,3,3,0,0
Zone_DH436,386230865,90.3723412,23.7971486,0.0118086,4,3,0,1
Zone_DH436,11409394258,90.3695184,23.7911728,0.01985865,4,3,0,0
Zone_DH436,11409394259,90.3707629,23.7888687,0.00390577,4,3,0,1
Zone_DH436,4424657493,90.3717545,23.7970817,0.01444048,4,3,0,1
Zone_DH436,11409394262,90.3706285,23.7895256,0.10083627,2,3,0,1
Zone_DH436,11409394263,90.3698086,23.7903093,0.01715411,4,3,0,0
Zone_DH436,11409394267,90.3669411,23.7894174,0.0,4,1,0,0
Zone_DH436,11409394268,90.3669895,23.7891137,0.00195456,4,3,0,1
Zone_DH436,11332635228,90.373924,23.7911115,0.0587863,3,3,0,0
Zone_DH436,6349204078,90.3617709,23.8023988,0.01007727,4,3,0,1
Zone_DH436,386042478,90.3752536,23.783354,0.01452605,4,3,0,0
Zone_DH436,12045388401,90.3681761,23.7824008,0.0,4,1,0,0
Zone_DH436,12045388404,90.3692267,23.7839609,0.00184653,4,3,0,1
Zone_DH436,11309132406,90.3746878,23.8002402,0.0,4,1,0,0
Zone_DH436,12045388406,90.3695427,23.7839458,0.0,4,1,0,0
Zone_DH436,11409762938,90.3616305,23.7974329,0.0,4,1,0,0
Zone_DH436,11409762939,90.3591203,23.7968473,0.06941471,3,3,0,0
Zone_DH436,11409762940,90.3590839,23.7976029,0.0,4,1,0,0
Zone_DH436,11409762941,90.3590975,23.7973194,0.00163429,4,3,0,1
Zone_DH436,11409762942,90.3596579,23.7973539,0.00487803,4,3,0,1
Zone_DH436,11409762943,90.3594873,23.7966861,0.07446195,2,3,0,0
Zone_DH436,11409762947,90.3596384,23.7976896,0.00390577,4,3,0,1
Zone_DH436,11409762949,90.3602238,23.7979951,0.00195456,4,3,0,1
Zone_DH436,11409762950,90.360307,23.7980184,0.0,4,1,0,0
Zone_DH436,11409762953,90.3593427,23.7980786,0.0,4,1,0,0
Zone_DH436,3416443530,90.3737449,23.7924722,0.03963557,3,3,0,0
Zone_DH436,11409762958,90.3599583,23.7976061,0.0,4,1,0,0
Zone_DH436,11409762960,90.3600186,23.7976405,0.0,4,1,0,0
Zone_DH436,11409762961,90.3607036,23.7975556,0.0,4,1,0,0
Zone_DH436,11409762962,90.3602265,23.7972233,0.0,4,1,0,0
Zone_DH436,11411630751,90.3716561,23.7830566,0.0,4,1,0,0
Zone_DH436,386230944,90.3702577,23.7979267,0.0576128,3,3,0,0
Zone_DH436,386230945,90.3707602,23.7978881,0.00492248,4,3,0,0
Zone_DH436,4597279394,90.3608456,23.7844793,0.00500087,4,3,0,1
Zone_DH436,4597279393,90.3606141,23.7842516,0.0,4,1,0,0
Zone_DH436,11411630750,90.3711411,23.7831977,0.0,4,1,0,0
Zone_DH436,4597279397,90.3604534,23.7848911,0.00639091,4,3,0,0
Zone_DH436,11411630758,90.3760022,23.785778,0.0,4,1,0,0
Zone_DH436,386230951,90.3711619,23.7992685,0.00434696,4,3,0,0
Zone_DH436,4597279400,90.3602528,23.7854112,0.06132259,3,4,0,0
Zone_DH436,4597279411,90.3581119,23.7905875,0.00041443,4,3,0,0
Zone_DH436,4597279418,90.3579549,23.7914403,0.03843435,3,3,0,0
Zone_DH436,4597279419,90.3574215,23.7908238,0.0,4,1,0,0
Zone_DH436,4597279420,90.3573839,23.7913755,0.03418824,3,3,0,1
Zone_DH436,4597279421,90.3571107,23.7907343,0.0,4,1,0,0
Zone_DH436,4597279423,90.3570004,23.7913286,0.02879445,3,3,0,1
Zone_DH436,4597279424,90.3568295,23.7898721,0.00061997,4,3,0,0
Zone_DH436,4597279430,90.3567589,23.7896147,0.00488233,4,3,0,0
Zone_DH436,4597279433,90.3571566,23.7902352,0.00206354,4,3,0,0
Zone_DH436,4601170644,90.3757493,23.7947604,0.00208266,4,3,0,1
Zone_DH436,4597279445,90.3558482,23.7899414,0.01046971,4,3,0,1
Zone_DH436,4597279444,90.3553782,23.7898794,0.0,4,1,0,0
Zone_DH436,386231026,90.3660284,23.797535,0.04612925,3,3,0,0
Zone_DH436,386231028,90.3658853,23.7981769,0.07693036,2,3,0,1
Zone_DH436,386231030,90.3658454,23.7985742,0.0864498,2,3,0,0
Zone_DH436,386231031,90.3657649,23.7990922,0.02412579,3,3,0,1
Zone_DH436,12015266551,90.3593463,23.7947153,0.0,4,1,0,0
Zone_DH436,12015266555,90.3592516,23.7952186,0.04663593,3,3,0,1
Zone_DH436,386231036,90.3654299,23.8013017,0.00314144,4,3,0,1
Zone_DH436,12015266556,90.3590338,23.7956909,0.0,4,1,0,0
Zone_DH436,12015266559,90.359084,23.7952017,0.04569713,3,3,0,1
Zone_DH436,386231040,90.3665036,23.8019221,0.0,4,1,0,0
Zone_DH436,4491029254,90.3604236,23.7836362,0.0,4,1,0,0
Zone_DH436,4491029255,90.3596159,23.7838783,0.01385875,4,3,0,1
Zone_DH436,4491029256,90.3602086,23.7840771,0.00195456,4,3,0,1
Zone_DH436,12015266568,90.3599169,23.7949896,0.0,4,1,0,0
Zone_DH436,4491029258,90.360055,23.7844277,0.0,4,1,0,0
Zone_DH436,4611623691,90.3628608,23.7996587,0.01135545,4,3,0,0
Zone_DH436,4611623696,90.3616558,23.7990413,0.03933347,3,3,0,0
Zone_DH436,4613696275,90.3720022,23.781527,0.00887987,4,3,0,1
Zone_DH436,3739937576,90.3765478,23.7835402,0.00614999,4,3,0,0
Zone_DH436,4497845052,90.3645627,23.7920978,0.05080364,3,3,0,1
Zone_DH436,10542336834,90.3746677,23.7995325,0.02699477,3,3,0,0
Zone_DH436,7281598887,90.3567586,23.7834465,0.00390577,4,3,0,0
Zone_DH436,7281598888,90.3567387,23.7833876,0.00318685,4,3,0,0
Zone_DH436,4601310042,90.3723977,23.799485,0.0,4,1,0,0
Zone_DH436,4601310043,90.3734514,23.7993487,0.0,4,1,0,0
Zone_DH436,4601310045,90.3727418,23.7991186,0.01096875,4,3,0,1
Zone_DH436,4601310050,90.37333,23.7999521,0.02414348,3,3,0,0
Zone_DH436,4497845091,90.3616968,23.7897402,0.05824855,3,3,0,1
Zone_DH436,4601310051,90.3724897,23.8004348,0.0,4,1,0,0
Zone_DH436,4601310053,90.3741969,23.7999391,0.00377623,4,3,0,1
Zone_DH436,4601310052,90.3743843,23.8001201,0.0,4,1,0,0
Zone_DH436,4601310055,90.3739518,23.7998787,0.00349946,4,3,0,0
Zone_DH436,4601310056,90.3735947,23.7995343,0.01549066,4,3,0,0
Zone_DH436,6489983849,90.3735176,23.80201,0.01402175,4,3,0,0
Zone_DH436,4601310062,90.3741095,23.8013647,0.0,4,1,0,0
Zone_DH436,4491733875,90.3765922,23.7999384,0.01156051,4,3,0,0
Zone_DH436,4601310075,90.3721749,23.7971202,0.01345484,4,3,0,1
Zone_DH436,4601310078,90.3714309,23.7979858,0.00358742,4,3,0,0
Zone_DH436,12609162126,90.3723597,23.7933612,0.0,4,1,0,0
Zone_DH436,12609162127,90.372487,23.7933874,0.02163731,3,3,0,1
Zone_DH436,12049173397,90.3648495,23.7909732,0.0,4,1,0,0
Zone_DH436,12049173398,90.3648744,23.7907893,0.0,4,1,0,0
Zone_DH436,12049173400,90.3643433,23.791626,0.0,4,1,0,0
Zone_DH436,12049173401,90.3630228,23.7912906,0.0,4,1,0,0
Zone_DH436,386231194,90.3672372,23.8033888,0.00951801,4,3,0,0
Zone_DH436,12049173402,90.3644502,23.7940969,0.0,4,1,0,0
Zone_DH436,12049173404,90.364006,23.7941214,0.05807408,3,3,0,1
Zone_DH436,12049173405,90.3637561,23.7947354,0.08818734,2,3,0,1
Zone_DH436,12049173403,90.3642983,23.7942473,0.0,4,1,0,0
Zone_DH436,12049173408,90.3631823,23.7946692,0.0,4,1,0,0
Zone_DH436,12049173420,90.3651341,23.7942198,0.00934353,4,3,0,1
Zone_DH436,12049173423,90.3646376,23.7941647,0.0,4,1,0,0
Zone_DH436,12049173425,90.3642655,23.7947866,0.0,4,1,0,0
Zone_DH436,12049173426,90.3644422,23.7950742,0.00195456,4,3,0,1
Zone_DH436,12049173427,90.3644919,23.7949079,0.0,4,1,0,0
Zone_DH436,12049173431,90.3629183,23.7955723,0.04007677,3,3,0,1
Zone_DH436,4597582776,90.3666362,23.8032922,0.00960213,4,4,0,0
Zone_DH436,12049173432,90.363265,23.7956557,0.0,4,1,0,0
Zone_DH436,12049173438,90.3555268,23.7973024,0.00195456,4,3,0,1
Zone_DH436,4599393215,90.3560754,23.7948127,0.00250474,4,3,0,0
Zone_DH436,12012727231,90.3632241,23.8026189,0.0,4,1,0,0
Zone_DH436,12049173440,90.3557873,23.7973379,0.0,4,1,0,0
Zone_DH436,4613336002,90.3670693,23.7932223,0.0,4,1,0,0
Zone_DH436,4599393226,90.3557915,23.7937778,0.00198849,4,4,0,1
Zone_DH436,12012727243,90.3629985,23.8033613,0.00386514,4,3,0,1
Zone_DH436,12049173460,90.3553421,23.799668,0.00067876,4,3,0,0
Zone_DH436,4062931924,90.373754,23.7816043,0.0045635,4,3,0,1
Zone_DH436,12049173468,90.3550649,23.79986,0.00442631,4,3,0,0
Zone_DH436,4062931933,90.3721271,23.7817373,0.0086858,4,3,0,0
Zone_DH436,386231262,90.3695711,23.7972945,0.07964924,2,3,0,0
Zone_DH436,386231266,90.3695184,23.7983582,0.00966284,4,3,0,1
Zone_DH436,386231268,90.3691316,23.7987394,0.01081483,4,3,0,0
Zone_DH436,386231272,90.3687093,23.7998479,0.05483369,3,3,0,0
Zone_DH436,9958566914,90.36314,23.7889,0.07760339,2,3,0,1
Zone_DH436,9958566915,90.3631228,23.7886947,0.0,4,1,0,0
Zone_DH436,6349106186,90.364983,23.7972143,0.06269541,3,4,0,0
Zone_DH436,386804749,90.3798188,23.7916406,0.0,4,1,0,0
Zone_DH436,6349106192,90.3651839,23.796238,0.09801796,2,4,0,0
Zone_DH436,4601048081,90.3794602,23.7910677,0.00097752,4,2,0,1
Zone_DH436,4601048080,90.3795225,23.7908412,0.0,4,1,0,0
Zone_DH436,4597705747,90.3674893,23.804099,0.0,4,1,0,0
Zone_DH436,4597705748,90.3673633,23.8043401,0.00187425,4,3,0,1
Zone_DH436,6349106197,90.3651073,23.7954678,0.04752502,3,4,0,0
Zone_DH436,4601048085,90.3795881,23.791937,0.00293064,4,3,0,1
Zone_DH436,6349106193,90.3651138,23.796011,0.04692034,3,3,0,0
Zone_DH436,6349106200,90.3653305,23.7946447,0.04794996,3,4,0,0
Zone_DH436,6349106202,90.365345,23.7941025,0.05541016,3,3,0,0
Zone_DH436,4597705755,90.367608,23.8035802,0.00906438,4,3,0,0
Zone_DH436,6349106204,90.3653266,23.7930598,0.02184619,3,3,0,0
Zone_DH436,4597705756,90.3679192,23.803918,0.00177578,4,3,0,0
Zone_DH436,6349106206,90.3653844,23.7923464,0.01231576,4,3,0,0
Zone_DH436,6349106203,90.3653247,23.7934417,0.0608747,3,3,0,0
Zone_DH436,4597705760,90.3676406,23.804468,0.00078297,4,2,0,0
Zone_DH436,6349106210,90.36597,23.7908387,0.06889368,3,4,0,1
Zone_DH436,6342528040,90.3687392,23.801714,0.00340816,4,3,0,1
Zone_DH436,4597705768,90.3664303,23.8034907,0.01579801,4,3,0,0
Zone_DH436,6342528045,90.3692449,23.8016956,0.00288284,4,3,0,0
Zone_DH436,6342528050,90.3691554,23.8012757,0.00095123,4,3,0,0
Zone_DH436,4452346935,90.3567431,23.7942426,0.00231879,4,3,0,0
Zone_DH436,4597705785,90.3697932,23.8029724,0.0,4,1,0,0
Zone_DH436,4597705787,90.3696367,23.8028021,0.00640047,4,3,0,1
Zone_DH436,4597705797,90.3688747,23.8028814,0.0,4,1,0,0
Zone_DH436,4452346955,90.3563726,23.7948633,0.00350998,4,3,0,0
Zone_DH436,4452346957,90.3573628,23.7949845,0.00884115,4,4,0,1
Zone_DH436,6349098063,90.3618419,23.8024634,0.01007584,4,3,0,0
Zone_DH436,3556592722,90.3621367,23.8041656,0.00197989,4,2,0,0
Zone_DH436,6349098068,90.3625476,23.8015077,0.02935945,3,3,0,0
Zone_DH436,6349098072,90.3634526,23.7998535,0.03406731,3,3,0,0
Zone_DH436,6349098077,90.3640827,23.7986992,0.01762399,4,3,0,0
Zone_DH436,4488039526,90.3689193,23.7990707,0.00771545,4,3,0,0
Zone_DH436,4597705840,90.3678968,23.8031567,0.00862031,4,3,0,0
Zone_DH436,4488039538,90.3673096,23.7988162,0.0027447,4,3,0,1
Zone_DH436,386231411,90.3691407,23.7957396,0.01195248,4,3,0,1
Zone_DH436,3738578034,90.3697309,23.7844217,0.00540765,4,3,0,0
Zone_DH436,4488039541,90.3667373,23.7987785,0.044972,3,3,0,0
Zone_DH436,386231414,90.3691922,23.7968155,0.0,4,1,0,0
Zone_DH436,6499093636,90.3738341,23.8042654,0.00097752,4,2,0,1
Zone_DH436,13386214535,90.3611419,23.7845558,0.00540861,4,3,0,1
Zone_DH436,13386214536,90.3612841,23.7845739,0.0,4,1,0,0
Zone_DH436,3716140185,90.3660448,23.7908636,0.12558538,1,4,0,0
Zone_DH436,10243820698,90.3686207,23.7879918,0.01590365,4,3,0,1
Zone_DH436,3717885101,90.3691548,23.7920524,0.01564458,4,3,0,1
Zone_DH436,3717885102,90.3692675,23.7917946,0.0,4,1,0,0
Zone_DH436,3718606001,90.3633244,23.7871502,0.02810708,3,3,0,0
Zone_DH436,386804914,90.3790229,23.792851,0.00669492,4,3,0,1
Zone_DH436,3718606003,90.3630207,23.7869319,0.02250584,3,3,0,0
Zone_DH436,877497537,90.3701205,23.797197,0.07407811,2,3,0,0
Zone_DH436,877497540,90.369193,23.7966836,0.00934784,4,3,0,1
Zone_DH436,212643032,90.3551082,23.8000788,0.00219643,4,3,0,1
Zone_DH436,4489669855,90.3712009,23.7937585,0.01685297,4,3,0,1
Zone_DH436,877497568,90.3659855,23.7966863,0.14643302,1,3,0,0
Zone_DH436,4601261282,90.3748306,23.7951156,0.0,4,1,0,0
Zone_DH436,4601261283,90.374798,23.7952708,0.00097752,4,3,0,1
Zone_DH436,3416444137,90.3746941,23.7926067,0.05451438,3,3,0,0
Zone_DH436,3718950125,90.3682419,23.800772,0.00594684,4,3,0,1
Zone_DH436,4597337339,90.3721813,23.7833177,0.01171013,4,3,0,0
Zone_DH436,8307723516,90.3744078,23.8008469,0.01565366,4,3,0,1
Zone_DH436,877497597,90.3752351,23.7868514,0.00964085,4,3,0,0
Zone_DH436,8307723515,90.3743793,23.8010236,0.0,4,1,0,0
Zone_DH436,3716140291,90.3663628,23.7941865,0.03084843,3,3,0,0
Zone_DH436,3716140293,90.367535,23.7942535,0.00501856,4,3,0,0
Zone_DH436,12015242512,90.3588869,23.7962756,0.0,4,1,0,0
Zone_DH436,877497622,90.3730029,23.7970638,0.02310191,3,3,0,0
Zone_DH436,12015242522,90.3586207,23.7966355,0.01621818,4,3,0,1
Zone_DH436,877497642,90.3584817,23.7951462,0.04397489,3,3,0,0
Zone_DH436,379948333,90.3765802,23.7849067,0.01042287,4,3,0,0
Zone_DH436,2541423921,90.3703539,23.8032336,0.00835741,4,3,0,0
Zone_DH436,386821431,90.3712653,23.7970776,0.01593759,4,3,0,0
Zone_DH436,2541423930,90.371561,23.8034341,0.00368063,4,3,0,0
Zone_DH436,2541423933,90.3725041,23.8036664,0.00920587,4,3,0,1
Zone_DH436,11309034822,90.3745443,23.7845304,0.01033348,4,3,0,1
Zone_DH436,4412034374,90.378025,23.7927,0.01023119,4,3,0,0
Zone_DH436,386821459,90.3669102,23.7968244,0.11908023,1,3,0,0
Zone_DH436,386821461,90.3663502,23.7967373,0.15284687,1,3,1,0
Zone_DH436,386821468,90.3646602,23.7963697,0.07754459,2,3,0,0
Zone_DH436,13065514332,90.358664,23.7970732,0.0,4,1,0,0
Zone_DH436,386821472,90.3640224,23.7960847,0.08315348,2,3,0,0
Zone_DH436,11332316522,90.3757993,23.7821326,0.00195408,4,2,0,1
Zone_DH436,386805112,90.3761395,23.793974,0.02933268,3,4,0,0
Zone_DH436,7438003579,90.3620312,23.7863968,0.0,4,1,0,0
Zone_DH436,4611181948,90.356157,23.7970178,0.0,4,1,0,0
Zone_DH436,7438003581,90.3608188,23.7856738,4.684e-05,4,3,0,0
Zone_DH436,7438003580,90.3615573,23.7858064,0.00568872,4,3,0,0
Zone_DH436,4611181957,90.3568396,23.7969989,0.00215293,4,3,0,1
Zone_DH436,6490090894,90.3778268,23.7999697,0.0,4,1,0,0
Zone_DH436,877497744,90.3586012,23.7943165,0.02536764,3,3,0,1
Zone_DH436,3717918096,90.368475,23.7984882,0.00749031,4,3,0,1
Zone_DH436,4401827250,90.3713305,23.792354,0.0338871,3,3,0,0
Zone_DH436,11992272309,90.3663239,23.7898152,0.11006795,1,3,0,0
Zone_DH436,11992272310,90.3664039,23.7898282,0.03338233,3,3,0,0
Zone_DH436,11992272311,90.3647552,23.7897259,0.0,4,1,0,0
Zone_DH436,11992272312,90.3631553,23.7888964,0.07818942,2,3,0,1
Zone_DH436,11992272314,90.3633403,23.7892056,0.0,4,1,0,0
Zone_DH436,4489817531,90.3707508,23.7936744,0.0,4,1,0,0
Zone_DH436,11992272315,90.362948,23.78857,0.02168654,3,3,0,1
Zone_DH436,11992272316,90.3631418,23.7885405,0.0,4,1,0,0
Zone_DH436,11992272317,90.3630909,23.7882484,0.0,4,1,0,0
Zone_DH436,11992272319,90.3631207,23.788033,0.00195456,4,3,0,1
Zone_DH436,11992272322,90.3597122,23.7869574,0.04194098,3,3,0,1
Zone_DH436,11992272323,90.360009,23.7869722,0.0,4,1,0,0
Zone_DH436,11992272324,90.3597211,23.7863868,0.04095343,3,3,0,1
Zone_DH436,11992272326,90.3600734,23.7862727,0.0,4,1,0,0
Zone_DH436,4424707528,90.3601921,23.7964188,0.05003215,3,3,0,0
Zone_DH436,11992272329,90.3604082,23.785982,0.02052451,3,3,0,1
Zone_DH436,4417195464,90.3774511,23.798971,0.00783687,4,3,0,0
Zone_DH436,11992272330,90.3606219,23.7859904,0.0,4,1,0,0
Zone_DH436,11992272332,90.359042,23.7894034,0.00249422,4,3,0,1
Zone_DH436,11992272333,90.3590454,23.7891713,0.0,4,1,0,0
Zone_DH436,11992272337,90.3595202,23.7909689,0.00195456,4,3,0,1
Zone_DH436,11992272338,90.3596869,23.7906664,0.0,4,1,0,0
Zone_DH436,4417195475,90.3773769,23.7991572,0.00649224,4,3,0,0
Zone_DH436,11992272341,90.366928,23.7855034,0.00725753,4,3,0,1
Zone_DH436,11992272342,90.3676178,23.7859705,0.0,4,1,0,0
Zone_DH436,11992272343,90.3676473,23.7854704,0.01941841,4,3,0,1
Zone_DH436,877497820,90.3605204,23.79343,0.04088412,3,3,0,0
Zone_DH436,4417195487,90.3784641,23.7993309,0.00049234,4,3,0,0
Zone_DH436,4601122275,90.366408,23.7911282,0.00195456,4,3,0,1
Zone_DH436,386805267,90.377185,23.7926694,0.01825065,4,3,0,0
Zone_DH436,386805271,90.3764719,23.792864,0.01922817,4,3,0,0
Zone_DH436,3732377112,90.3696115,23.8044425,0.00097752,4,2,0,1
Zone_DH436,3732377113,90.3690975,23.8042497,0.0,4,1,0,0
Zone_DH436,7116213792,90.3651706,23.7952264,0.04576214,3,4,0,0
Zone_DH436,7116213793,90.3647616,23.7951463,0.00916285,4,3,0,0
Zone_DH436,386805282,90.3755008,23.7955829,0.00169022,4,3,0,0
Zone_DH436,7116213794,90.3650292,23.794463,0.00912556,4,3,0,1
Zone_DH436,7116213797,90.3646312,23.7944498,0.0,4,1,0,0
Zone_DH436,386805288,90.3736924,23.7954019,0.05608176,3,3,0,0
Zone_DH436,386805291,90.374025,23.7954567,0.01582909,4,3,0,0
Zone_DH436,3720728108,90.3663097,23.7923008,0.01236691,4,3,0,1
Zone_DH436,3720728110,90.3664732,23.7918358,0.0,4,1,0,0
Zone_DH436,386805295,90.3748477,23.7955486,0.01343524,4,3,0,0
Zone_DH436,3720728111,90.3662552,23.7917834,0.0,4,1,0,0
Zone_DH436,3720728114,90.3665179,23.7916172,0.0,4,1,0,0
Zone_DH436,3720728117,90.3678249,23.7913957,0.0623393,3,3,0,0
Zone_DH436,11991502391,90.369315,23.7943284,0.0,4,1,0,0
Zone_DH436,11991502395,90.368243,23.7942352,0.0,4,1,0,0
Zone_DH436,11991502399,90.3683098,23.7935313,0.0,4,1,0,0
Zone_DH436,11991502400,90.369062,23.792462,0.0,4,1,0,0
Zone_DH436,11991502402,90.3684996,23.7922192,0.0,4,1,0,0
Zone_DH436,11991502404,90.3684469,23.7920729,0.0,4,1,0,0
Zone_DH436,11991502405,90.3672044,23.7917228,0.00390577,4,3,0,1
Zone_DH436,11991502407,90.3667647,23.7916698,0.00195456,4,3,0,1
Zone_DH436,11991502408,90.3667864,23.7914472,0.0,4,1,0,0
Zone_DH436,11991502416,90.3718453,23.7876175,0.01804559,4,3,0,0
Zone_DH436,4484992594,90.3582599,23.7833243,0.01236882,4,3,0,0
Zone_DH436,4484992595,90.3588136,23.7833537,0.01419192,4,3,0,1
Zone_DH436,11991502418,90.3718019,23.7891311,0.0,4,1,0,0
Zone_DH436,11991502423,90.375621,23.7898594,0.0057413,4,3,0,0
Zone_DH436,11502792283,90.3659612,23.7869201,0.00873934,4,3,0,1
Zone_DH436,3737554525,90.3604012,23.7921258,0.03854907,3,3,0,1
Zone_DH436,3737554529,90.359765,23.7923607,0.0,4,1,0,0
Zone_DH436,11502792291,90.366005,23.7860274,0.0,4,1,0,0
Zone_DH436,11502792292,90.365966,23.7855267,0.0,4,1,0,0
Zone_DH436,11502792294,90.3661542,23.7850765,0.02194132,3,3,0,1
Zone_DH436,11502792297,90.3667265,23.7848026,0.0,4,1,0,0
Zone_DH436,877497962,90.3753341,23.7863489,0.00798983,4,3,0,0
Zone_DH436,4417195626,90.3783485,23.799825,0.00281448,4,3,0,0
Zone_DH436,11502792300,90.3643127,23.7844149,0.0,4,1,0,0
Zone_DH436,11502792302,90.3646681,23.7843081,0.0,4,1,0,0
Zone_DH436,11502792303,90.3649672,23.7843081,0.0,4,1,0,0
Zone_DH436,4417195630,90.3781879,23.8000518,0.00304058,4,3,0,1
Zone_DH436,5332446840,90.3690025,23.7989483,0.00720734,4,3,0,1
Zone_DH436,877497976,90.3727137,23.7901603,0.07712204,2,4,0,1
Zone_DH436,5332446841,90.3696306,23.7993638,0.0,4,1,0,0
Zone_DH436,5332446848,90.3707843,23.8018268,0.0051677,4,3,0,0
Zone_DH436,4417195649,90.3776235,23.8013833,0.0047547,4,2,0,0
Zone_DH436,5332446854,90.3702299,23.8017581,0.01756519,4,3,0,0
Zone_DH436,3648204435,90.370253,23.7928654,0.01923916,4,3,0,1
Zone_DH436,3734908573,90.3733877,23.7961243,0.04050315,3,3,0,0
Zone_DH436,3734908574,90.3737363,23.7962454,0.0249427,3,3,0,1
Zone_DH436,3734908575,90.3738431,23.7959089,0.0,4,1,0,0
Zone_DH436,11302031031,90.3761781,23.782439,0.0,4,1,0,0
Zone_DH436,11302031032,90.3762392,23.7822509,0.00097752,4,2,0,1
Zone_DH436,386035389,90.3551561,23.7991142,0.00958875,4,2,0,0
Zone_DH436,4493717189,90.3577077,23.7921233,0.0,4,1,0,0
Zone_DH436,12025466576,90.3742654,23.8036226,0.0,4,1,0,0
Zone_DH436,12025466581,90.3748521,23.8036214,0.0,4,1,0,0
Zone_DH436,9131314911,90.3760404,23.7922438,0.00211134,4,3,0,1
Zone_DH436,386232033,90.3681107,23.7960223,0.0,4,1,0,0
Zone_DH436,11301375737,90.3608097,23.7992173,0.01335207,4,3,0,1
Zone_DH436,11301375738,90.3609416,23.7986316,0.0,4,1,0,0
Zone_DH436,11409772307,90.3649466,23.7939006,0.0,4,1,0,0
Zone_DH436,6548893460,90.3630095,23.7814998,0.00236277,4,3,0,1
Zone_DH436,11409772308,90.3649862,23.793511,0.04503749,3,3,0,1
Zone_DH436,11409772309,90.3650985,23.7938202,0.0,4,1,0,0
Zone_DH436,11409772312,90.3653579,23.7942906,0.04722149,3,3,0,0
Zone_DH436,11409772313,90.3654379,23.7942892,0.06995294,3,3,0,0
Zone_DH436,11409772314,90.3651903,23.7954859,0.06938459,3,3,0,0
Zone_DH436,6548893465,90.3620368,23.7818761,0.0,4,1,0,0
Zone_DH436,11409772316,90.3659256,23.7937723,0.0,4,1,0,0
Zone_DH436,11409772317,90.3661597,23.7938209,0.00195456,4,3,0,1
Zone_DH436,11409772319,90.3665586,23.7937214,0.02874426,3,3,0,1
Zone_DH436,11409772320,90.3680467,23.7936894,0.0,4,1,0,0
Zone_DH436,4420652833,90.3739272,23.8016577,0.0,4,1,0,0
Zone_DH436,11409772327,90.3678664,23.7943291,0.0,4,1,0,0
Zone_DH436,11409772330,90.365198,23.7963934,0.01731233,4,3,0,0
Zone_DH436,11409772331,90.3652753,23.7963923,0.02259236,3,3,0,0
Zone_DH436,11409772332,90.365011,23.7961926,0.05886326,3,3,0,0
Zone_DH436,11409772335,90.3651402,23.7960964,0.07215128,3,4,0,0
Zone_DH436,11409772337,90.365677,23.7965357,0.1470353,1,3,0,0
Zone_DH436,11409772338,90.3651785,23.79732,0.05570987,3,3,0,0
Zone_DH436,11409772343,90.3655728,23.7974112,0.0377379,3,3,0,0
Zone_DH436,11409772347,90.3635342,23.7970336,0.00698172,4,3,0,1
Zone_DH436,11409772348,90.3638428,23.7971077,0.0,4,1,0,0
Zone_DH436,11409772350,90.3638554,23.7986174,0.00793103,4,3,0,0
Zone_DH436,11409772352,90.3638436,23.799131,0.04035688,3,3,0,0
Zone_DH436,11409772353,90.3639102,23.7991608,0.04020631,3,3,0,0
Zone_DH436,11409772354,90.3641517,23.7987368,0.05167457,3,3,0,0
Zone_DH436,11409772364,90.364819,23.797975,0.0,4,1,0,0
Zone_DH436,11409772365,90.3648892,23.7975936,0.04213935,3,3,0,0
Zone_DH436,11409772367,90.3655157,23.7977854,0.04130189,3,3,0,0
Zone_DH436,386232156,90.3682871,23.7972425,0.08117885,2,3,0,0
Zone_DH436,9993252723,90.3683249,23.783146,0.01544334,4,3,0,0
Zone_DH436,4493791093,90.3584715,23.7902724,0.00269498,4,4,0,0
Zone_DH436,9993252730,90.3712639,23.7827357,0.0,4,1,0,0
Zone_DH436,9993252734,90.3718443,23.784473,0.0,4,1,0,0
Zone_DH436,9993252735,90.37165,23.7840652,0.00098756,4,3,0,1
Zone_DH436,9993252737,90.3725219,23.7843727,0.02961566,3,3,0,0
Zone_DH436,9993252742,90.3749234,23.7826323,0.00390577,4,3,0,1
Zone_DH436,9993252745,90.3740502,23.7826428,0.0,4,1,0,0
Zone_DH436,9993252746,90.3748628,23.7828577,0.00195456,4,3,0,1
Zone_DH436,9993252753,90.3727976,23.7821744,0.00292968,4,3,0,1
Zone_DH436,9993252755,90.3728114,23.7819937,0.00097752,4,3,0,1
Zone_DH436,9993252756,90.3722931,23.7819545,0.0,4,1,0,0
Zone_DH436,9993252757,90.375362,23.782978,0.01198403,4,3,0,1
Zone_DH436,4609380249,90.3787263,23.8001021,0.00097752,4,2,0,1
Zone_DH436,4609380250,90.3783052,23.800003,0.00366581,4,3,0,1
Zone_DH436,4609380251,90.3729947,23.8037023,0.0,4,1,0,0
Zone_DH436,4609380253,90.3725706,23.8034735,0.00829432,4,3,0,1
Zone_DH436,4609380254,90.3730236,23.8006456,0.0,4,1,0,0
Zone_DH436,4609380257,90.372688,23.8011075,0.0,4,1,0,0
Zone_DH436,4609380258,90.372715,23.801071,0.00195456,4,3,0,1
Zone_DH436,4609380259,90.3728441,23.8011713,0.00551855,4,3,0,1
Zone_DH436,4609380260,90.3776145,23.8013451,0.00389429,4,3,0,1
Zone_DH436,4609380261,90.3772755,23.8012115,0.0,4,1,0,0
Zone_DH436,4609380262,90.377377,23.800672,0.0,4,1,0,0
Zone_DH436,4609380265,90.3772537,23.8003476,0.00539762,4,3,0,1
Zone_DH436,4412034990,90.3786656,23.7928014,0.00888226,4,3,0,0
Zone_DH436,4609380271,90.3766244,23.8003426,0.00740858,4,3,0,0
Zone_DH436,4609380272,90.3770989,23.8007955,0.0,4,1,0,0
Zone_DH436,4609380275,90.3772496,23.8003612,0.00195456,4,3,0,1
Zone_DH436,4609380278,90.3774008,23.8000386,0.00251047,4,3,0,1
Zone_DH436,4609380279,90.3773972,23.799814,0.00253055,4,3,0,1
Zone_DH436,4609380280,90.3771219,23.7997844,0.0,4,1,0,0
Zone_DH436,4609380281,90.3776641,23.8001999,0.0,4,1,0,0
Zone_DH436,4609380285,90.3774442,23.7994237,0.00514953,4,3,0,0
Zone_DH436,4609380286,90.3758251,23.8002179,0.0,4,1,0,0
Zone_DH436,4609380287,90.3760836,23.8004284,0.0,4,1,0,0
Zone_DH436,4609380288,90.3760277,23.8001577,0.00195456,4,3,0,1
Zone_DH436,3717877728,90.3699594,23.7950883,0.0,4,1,0,0
Zone_DH436,4609355748,90.3783544,23.7964493,0.0,4,1,0,0
Zone_DH436,4609355749,90.3778052,23.7964041,0.01394862,4,4,0,1
Zone_DH436,4490981351,90.3718272,23.7970885,0.01451792,4,3,0,1
Zone_DH436,4609355754,90.3752244,23.7960962,0.0103918,4,3,0,0
Zone_DH436,4412035054,90.3785998,23.7932406,0.00098947,4,3,0,1
Zone_DH436,4603432943,90.3710957,23.7940977,0.0436355,3,3,0,0
Zone_DH436,4609355760,90.3750795,23.7961177,0.01198737,4,3,0,0
Zone_DH436,4603432952,90.3733483,23.7905156,0.0,4,1,0,0
Zone_DH436,4603432953,90.3723882,23.7928608,0.02945935,3,3,0,0
Zone_DH436,4603432955,90.3724813,23.7938797,0.04909956,3,3,0,0
Zone_DH436,4609355775,90.3761932,23.7969052,0.01236834,4,3,0,0
Zone_DH436,4603432960,90.3718583,23.7927533,0.03033649,3,3,0,0
Zone_DH436,4603432961,90.3685187,23.793384,0.0,4,1,0,0
Zone_DH436,12048945153,90.3662105,23.802202,0.0,4,1,0,0
Zone_DH436,12048945157,90.3666003,23.8024736,0.00535459,4,3,0,1
Zone_DH436,12048945158,90.3632141,23.8005217,0.02260144,3,3,0,0
Zone_DH436,4412035079,90.3785673,23.7935724,0.0,4,1,0,0
Zone_DH436,4412035080,90.3781594,23.7935898,0.00017256,4,3,0,0
Zone_DH436,4609355787,90.3751751,23.7973355,0.00674415,4,3,0,0
Zone_DH436,12048945165,90.3625608,23.8014881,0.0329918,3,3,0,0
Zone_DH436,12048945166,90.3626198,23.8015216,0.03181878,3,3,0,0
Zone_DH436,12048945168,90.3621396,23.8024829,0.00923455,4,3,0,1
Zone_DH436,4597526545,90.3625218,23.8036235,0.00288618,4,3,0,0
Zone_DH436,4597526546,90.3617595,23.8031054,0.00503338,4,3,0,0
Zone_DH436,4597526544,90.3626655,23.8037314,0.00229633,4,3,0,0
Zone_DH436,10167357465,90.3567677,23.7953953,0.0,4,1,0,0
Zone_DH436,10167357466,90.3577346,23.7950462,0.0090314,4,3,0,1
Zone_DH436,10167357468,90.3575676,23.7961448,0.0,4,1,0,0
Zone_DH436,4609380390,90.375873,23.7996375,0.01463312,4,3,0,1
Zone_DH436,4609380391,90.3742928,23.8001418,0.0,4,1,0,0
Zone_DH436,11991519270,90.3777772,23.7907308,0.0,4,1,0,0
Zone_DH436,11991519271,90.3765215,23.7917929,0.0,4,1,0,0
Zone_DH436,10779095082,90.3680131,23.7927324,0.01546867,4,3,0,1
Zone_DH436,4609380395,90.3740487,23.800755,0.01902932,4,3,0,1
Zone_DH436,11991519277,90.3773089,23.7914296,0.00426092,4,3,0,1
Zone_DH436,4609380398,90.372026,23.8019577,0.0,4,1,0,0
Zone_DH436,4609380397,90.3727805,23.799127,0.00919344,4,3,0,1
Zone_DH436,4609380400,90.3756092,23.799362,0.0,4,1,0,0
Zone_DH436,10779095087,90.3680858,23.7921897,0.0,4,1,0,0
Zone_DH436,11991519282,90.376358,23.791325,0.0,4,1,0,0
Zone_DH436,4603424819,90.3726976,23.7917056,0.0,4,1,0,0
Zone_DH436,11991519283,90.375627,23.79251,0.0,4,1,0,0
Zone_DH436,386781248,90.3735814,23.7971562,0.01205334,4,3,0,0
Zone_DH436,4615655489,90.3678077,23.793222,0.0,4,1,0,0
Zone_DH436,386781253,90.3746094,23.7975278,0.02301204,3,3,0,0
Zone_DH436,386781266,90.3772116,23.7968425,0.01284634,4,3,0,0
Zone_DH436,386035805,90.3548832,23.7995071,0.00876611,4,2,0,0
Zone_DH436,386035807,90.3555652,23.7985222,0.01836585,4,3,0,0
Zone_DH436,348401790,90.3568862,23.7913125,0.03075427,3,3,0,0
Zone_DH436,348401797,90.3568984,23.7920739,0.0119955,4,3,0,0
Zone_DH436,12052394121,90.3573337,23.8025648,0.00585172,4,4,0,1
Zone_DH436,12052394138,90.358837,23.8035533,0.0,4,2,0,0
Zone_DH436,4611240090,90.3553245,23.7973096,0.0,4,1,0,0
Zone_DH436,4611240093,90.35754,23.7944461,0.00408263,4,3,0,0
Zone_DH436,4601376926,90.3740286,23.7978148,0.0,4,1,0,0
Zone_DH436,4611240095,90.357646,23.7937886,0.01679226,4,3,0,0
Zone_DH436,4601376929,90.3741427,23.7973233,0.02432846,3,3,0,1
Zone_DH436,4611240100,90.3552687,23.7918196,0.00097752,4,3,0,1
Zone_DH436,4611240102,90.3552701,23.7910868,0.00195408,4,2,0,0
Zone_DH436,7030460583,90.3764337,23.7886141,0.01691654,4,3,0,0
Zone_DH436,3735417014,90.3615301,23.7993644,0.04809145,3,3,0,0
Zone_DH436,6556913875,90.3717273,23.7893507,0.01185783,4,3,0,1
Zone_DH436,12012736725,90.3629109,23.8027109,0.0,4,1,0,0
Zone_DH436,11993207004,90.366506,23.7877721,0.0,4,1,0,0
Zone_DH436,11993207005,90.368447,23.7880189,0.0,4,1,0,0
Zone_DH436,12012736740,90.3625276,23.803042,0.00853045,4,3,0,1
Zone_DH436,11993207014,90.3714578,23.7877334,0.0,4,1,0,0
Zone_DH436,11993207018,90.3610213,23.7849312,0.0072451,4,3,0,1
Zone_DH436,3732361451,90.3604281,23.7881505,0.0175303,4,3,0,1
Zone_DH436,4609249516,90.3745562,23.7933824,0.02069134,3,3,0,1
Zone_DH436,11993207021,90.3624658,23.784645,0.00541148,4,3,0,1
Zone_DH436,11993207019,90.3611704,23.7849754,0.0,4,1,0,0
Zone_DH436,11993207022,90.3626334,23.7840911,0.0,4,1,0,0
Zone_DH436,3536302330,90.3598386,23.7965053,0.07614117,2,3,0,1
Zone_DH436,4603334914,90.3729005,23.7901632,0.02760805,3,3,0,0
Zone_DH436,4603334916,90.3730405,23.7893069,0.00504294,4,3,0,0
Zone_DH436,4609249548,90.3764795,23.7914833,0.0,4,1,0,0
Zone_DH436,4603334926,90.3717342,23.7882544,0.01032774,4,3,0,1
Zone_DH436,2541433103,90.3723792,23.8020788,0.03302335,3,3,0,0
Zone_DH436,4609249551,90.3765201,23.7910657,0.00408406,4,3,0,1
Zone_DH436,2541433109,90.3715683,23.8020315,0.03530916,3,3,0,0
Zone_DH436,4609249558,90.3755705,23.7921925,0.00373655,4,3,0,1
Zone_DH436,2541433113,90.370965,23.8018787,0.03872306,3,3,0,0
Zone_DH436,4609249562,90.3753056,23.7916019,0.01151415,4,3,0,0
Zone_DH436,3720728861,90.366786,23.7929109,0.02930735,3,3,0,1
Zone_DH436,3720728864,90.366115,23.7935231,0.0,4,1,0,0
Zone_DH436,3720728866,90.3654709,23.7923753,0.08627246,2,3,0,0
Zone_DH436,3720728868,90.3649189,23.7929944,0.09404671,2,3,0,0
Zone_DH436,3720728869,90.3645236,23.7929906,0.1083892,1,3,0,0
Zone_DH436,4501852460,90.362134,23.793155,0.05738766,3,4,0,1
Zone_DH436,4613329197,90.3657284,23.8002663,0.0170695,4,3,0,0
Zone_DH436,4501852464,90.361675,23.7917624,0.0,4,1,0,0
Zone_DH436,4501852467,90.3610737,23.7927983,0.05058424,3,3,0,1
Zone_DH436,4613329209,90.3662495,23.792663,0.0,4,1,0,0
Zone_DH436,4613329210,90.3659882,23.7926507,0.00195456,4,3,0,1
Zone_DH436,13387075904,90.3617643,23.7854251,0.0,4,1,0,0
Zone_DH436,13387075905,90.3617143,23.7856223,0.04656327,3,3,0,1
Zone_DH436,5620576583,90.3677593,23.7818018,0.00040535,4,2,0,0
Zone_DH436,5620576584,90.3684909,23.7819162,0.00227864,4,2,0,0
Zone_DH436,4613329238,90.3673324,23.7917408,0.0,4,1,0,0
Zone_DH436,4493807972,90.3618126,23.7890238,0.10554747,1,4,0,0
Zone_DH436,386027882,90.358722,23.7995922,0.01338601,4,3,0,0
Zone_DH436,4613329259,90.3680575,23.7891468,0.06565665,3,3,0,0
Zone_DH436,386027884,90.3588491,23.7992222,0.01482576,4,3,0,1
Zone_DH436,386027885,90.3589086,23.7989359,0.02536286,3,3,0,0
Zone_DH436,386027887,90.3590054,23.7982741,0.01850973,4,3,0,1
Zone_DH436,4613329272,90.367737,23.7899588,0.00488089,4,3,0,1
Zone_DH436,4613329275,90.3679476,23.790214,0.00097752,4,3,0,1
Zone_DH436,3519787395,90.3600882,23.7953997,0.0402498,3,3,0,0
Zone_DH436,386232711,90.3704029,23.8031348,0.01636493,4,3,0,0
Zone_DH436,386232712,90.3701593,23.8026766,0.01532384,4,3,0,0
Zone_DH436,4613329287,90.3691882,23.7898193,0.0,4,1,0,0
Zone_DH436,386822538,90.3736499,23.8006608,0.03135081,3,3,0,0
Zone_DH436,386822539,90.3742188,23.8007875,0.01733623,4,3,0,1
Zone_DH436,4590539162,90.3572815,23.7831178,0.00692914,4,3,0,0
Zone_DH436,4611404204,90.3690959,23.7876515,0.0,4,1,0,0
Zone_DH436,4611404206,90.3679362,23.788541,0.0,4,1,0,0
Zone_DH436,4611248560,90.355991,23.7987983,0.02465064,3,3,0,0
Zone_DH436,4611248561,90.3605182,23.7974265,0.00195456,4,3,0,1
Zone_DH436,4611404210,90.3679899,23.789142,0.06791904,3,3,0,1
Zone_DH436,4611404211,90.3705507,23.7874716,0.01646292,4,3,0,1
Zone_DH436,4611404208,90.3679979,23.7888114,0.00195456,4,3,0,1
Zone_DH436,12104118709,90.3623457,23.7927501,0.0,4,1,0,0
Zone_DH436,12104118711,90.3622831,23.7928611,0.00195456,4,3,0,1
Zone_DH436,348369338,90.3585875,23.7925588,0.05233708,3,3,0,0
Zone_DH436,4611248571,90.3547713,23.7959536,0.00861936,4,3,0,0
Zone_DH436,4611248578,90.3552237,23.7967983,0.00487803,4,3,0,1
Zone_DH436,4611248581,90.3593639,23.7936531,0.0,4,1,0,0
Zone_DH436,4611248582,90.3595669,23.7931326,0.02318556,3,3,0,1
Zone_DH436,4611248587,90.3606405,23.7929648,0.02636476,3,3,0,0
Zone_DH436,4595765713,90.3616333,23.7817074,0.00182311,4,3,0,1
Zone_DH436,4595765715,90.3611003,23.7817744,0.0,4,1,0,0
Zone_DH436,4595765740,90.3616966,23.7813656,0.00063861,4,3,0,0
Zone_DH436,4595765745,90.3603407,23.7814927,0.00365386,4,3,0,1
Zone_DH436,4595765754,90.3603037,23.7818164,0.00459266,4,3,0,0
Zone_DH436,4595765758,90.3639536,23.7860118,0.07441223,2,3,0,1
Zone_DH436,4595765760,90.3638811,23.7863645,0.0,4,1,0,0
Zone_DH436,4595765761,90.3641254,23.7857959,0.0,4,1,0,0
Zone_DH436,4595765762,90.3639818,23.7860408,0.07510916,2,3,0,1
Zone_DH436,4494365186,90.3782903,23.7916544,0.0,4,1,0,0
Zone_DH436,4595765764,90.3638564,23.7855019,0.019938,4,3,0,1
Zone_DH436,4595765763,90.3633917,23.7852403,0.0,4,1,0,0
Zone_DH436,4595765766,90.3635924,23.7854519,0.0,4,1,0,0
Zone_DH436,4595765771,90.362183,23.7857161,0.04840932,3,4,0,1
Zone_DH436,386232843,90.369294,23.8028751,0.00536368,4,3,0,0
Zone_DH436,386232845,90.3690677,23.8026981,0.00608929,4,3,0,1
Zone_DH436,4595765772,90.3639405,23.7845816,0.03414761,3,3,0,0
Zone_DH436,386232847,90.3686589,23.8024903,0.00664186,4,3,0,1
Zone_DH436,12104118800,90.3622343,23.7918021,0.0,4,1,0,0
Zone_DH436,4595765775,90.3639011,23.7852421,0.0184342,4,3,0,1
Zone_DH436,11993256470,90.3603194,23.7827771,0.00341342,4,3,0,1
Zone_DH436,11993256471,90.3608762,23.7823848,0.00560555,4,3,0,0
Zone_DH436,11993256473,90.3609513,23.7831813,0.0,4,1,0,0
Zone_DH436,11993256476,90.3602258,23.7835519,0.0,4,1,0,0
Zone_DH436,11993256477,90.3606183,23.7831588,0.0,4,1,0,0
Zone_DH436,11993256478,90.3606408,23.7827993,0.00265722,4,3,0,1
Zone_DH436,3735777827,90.3681412,23.7997893,0.05390541,3,3,0,0
Zone_DH436,12052468261,90.3573421,23.8026351,0.00195312,4,3,0,0
Zone_DH436,348353065,90.3568663,23.7949463,0.00406494,4,3,0,1
Zone_DH436,4595782185,90.3611301,23.784395,0.00763037,4,3,0,0
Zone_DH436,348353069,90.3580427,23.7950911,0.02305124,3,3,0,0
Zone_DH436,3720696365,90.3680576,23.791655,0.05801433,3,4,0,1
Zone_DH436,3720696368,90.3671604,23.7910329,0.04596673,3,3,0,1
Zone_DH436,3720696371,90.3652465,23.7905023,0.0,4,1,0,0
Zone_DH436,3720696372,90.3646785,23.7905224,0.02708846,3,3,0,1
Zone_DH436,12013089346,90.3584457,23.7994764,0.0,4,1,0,0
Zone_DH436,12013089347,90.3587564,23.7995268,0.01193957,4,3,0,1
Zone_DH436,3720704583,90.3645857,23.7912642,0.06110796,3,3,0,0
Zone_DH436,4421628489,90.3656063,23.7853615,0.0,4,1,0,0
Zone_DH436,386822733,90.3735851,23.8009343,0.01275887,4,3,0,0
Zone_DH436,386822740,90.3724262,23.8019302,0.01204282,4,3,0,0
Zone_DH436,386822743,90.373692,23.8020398,0.00873743,4,3,0,1
Zone_DH436,386822747,90.374949,23.8028743,0.00139338,4,2,0,0
Zone_DH436,3519771237,90.3588938,23.7979398,0.04908235,3,3,0,0
Zone_DH436,4421628519,90.3652059,23.7859031,0.02502683,3,3,0,1
Zone_DH436,4597584492,90.3661464,23.8036913,0.01542852,4,3,0,0
Zone_DH436,3519771245,90.3588882,23.79692,0.06738128,3,4,0,1
Zone_DH436,4421628541,90.3659122,23.7861828,0.02555837,3,3,0,1
Zone_DH436,4493824649,90.3587329,23.7893231,0.00219786,4,3,0,1
Zone_DH436,4493824655,90.3598486,23.7891956,0.06167583,3,3,0,0
Zone_DH436,4516729584,90.3628108,23.788968,0.07047731,3,3,0,1
Zone_DH436,4516729587,90.3614002,23.7886969,0.03319208,3,3,0,0
Zone_DH436,4516729588,90.3610215,23.7892095,0.04660008,3,3,0,0
Zone_DH436,4595782390,90.3610109,23.7849542,0.00851946,4,3,0,0
Zone_DH436,4595782392,90.3608683,23.7854724,0.044885,3,4,0,0
Zone_DH436,4611248889,90.3599382,23.7928079,0.00505011,4,3,0,0
Zone_DH436,4595782396,90.3643205,23.7840661,0.01182915,4,3,0,0
Zone_DH436,4595782397,90.365054,23.7839201,0.0073407,4,3,0,0
Zone_DH436,4611248894,90.3582062,23.7939251,0.01389365,4,3,0,0
Zone_DH436,4595782398,90.3650399,23.7835378,0.00027007,4,3,0,0
Zone_DH436,4595782399,90.3650597,23.7836374,0.00105687,4,3,0,0
Zone_DH436,4611248896,90.3576426,23.7938082,0.01594094,4,3,0,0
Zone_DH436,4611248899,90.3582176,23.793275,0.01186691,4,3,0,0
Zone_DH436,4611248901,90.3578563,23.7931966,0.00834259,4,3,0,1
Zone_DH436,4611248903,90.3574271,23.7931624,0.0,4,1,0,0
Zone_DH436,4611248926,90.3567623,23.7941189,0.00282882,4,3,0,1
Zone_DH436,4611248927,90.3569472,23.7940898,0.00286228,4,3,0,0
Zone_DH436,4611248928,90.3570406,23.7936367,0.01001561,4,3,0,0
Zone_DH436,3739988770,90.3770767,23.7844726,0.00091299,4,3,0,0
Zone_DH436,3739988771,90.3782215,23.7843726,0.0,4,2,0,0
Zone_DH436,11991642916,90.3731219,23.7947137,0.0,4,1,0,0
Zone_DH436,11991642919,90.3735153,23.7946473,0.01355331,4,3,0,1
Zone_DH436,11991642920,90.3715891,23.7954464,0.00405443,4,3,0,1
Zone_DH436,11991642922,90.3714487,23.7947934,0.0,4,1,0,0
Zone_DH436,11991642926,90.3725635,23.7963049,0.0,4,1,0,0
Zone_DH436,11991642930,90.3721802,23.7964014,0.00195456,4,3,0,1
Zone_DH436,4493243187,90.3574486,23.7929559,0.00097752,4,3,0,1
Zone_DH436,11991642932,90.3722962,23.7964368,0.0,4,1,0,0
Zone_DH436,11991642931,90.37208,23.7963564,0.0,4,1,0,0
Zone_DH436,11991642934,90.3722346,23.7977987,0.0,4,1,0,0
Zone_DH436,11991642939,90.3736298,23.7971631,0.03079346,3,3,0,0
Zone_DH436,4595782459,90.3658094,23.7836151,0.00329201,4,3,0,0
Zone_DH436,11991642944,90.3690126,23.7969222,0.0,4,1,0,0
Zone_DH436,3536220993,90.3599722,23.7958607,0.04008681,3,3,0,0
Zone_DH436,11991642946,90.3689879,23.7975309,0.07567942,2,4,0,1
Zone_DH436,11991642947,90.3691638,23.7978444,0.00195456,4,3,0,1
Zone_DH436,3536220997,90.3593482,23.7957669,0.02605693,3,3,0,0
Zone_DH436,11991642950,90.3694431,23.7977627,0.0,4,1,0,0
Zone_DH436,11991642951,90.3689737,23.7981493,0.0,4,1,0,0
Zone_DH436,3536221002,90.3594217,23.7952493,0.04689835,3,3,0,0
Zone_DH436,11991642957,90.370123,23.7988843,0.0,4,1,0,0
Zone_DH436,3739956046,90.3768858,23.7849553,0.00906773,4,3,0,0
Zone_DH436,4595766094,90.3634105,23.7836618,0.0,4,1,0,0
Zone_DH436,4595766096,90.3635016,23.7842927,0.04087886,3,3,0,0
Zone_DH436,11991642961,90.3700184,23.7993187,0.00195456,4,3,0,1
Zone_DH436,4595766098,90.3632376,23.7842124,0.00097752,4,3,0,1
Zone_DH436,11991642962,90.369777,23.7995751,0.0,4,1,0,0
Zone_DH436,4595766100,90.3627973,23.7847259,0.00557448,4,3,0,0
Zone_DH436,11991642965,90.3702142,23.7990377,0.0,4,1,0,0
Zone_DH436,11991642966,90.3688168,23.7992227,0.00690667,4,3,0,1
Zone_DH436,11991642968,90.3693519,23.7995567,0.0,4,1,0,0
Zone_DH436,4595766108,90.362165,23.7845644,0.00264049,4,3,0,0
Zone_DH436,7466406756,90.3734547,23.7820424,0.0,4,2,0,0
Zone_DH436,7466406758,90.3725105,23.7823602,0.0,4,1,0,0
Zone_DH436,4412044139,90.3790057,23.7936047,0.00175953,4,2,0,0
Zone_DH436,7466406771,90.3723891,23.7821666,0.0,4,1,0,0
Zone_DH436,7466406772,90.3727908,23.7823639,0.00487898,4,3,0,1
Zone_DH436,7466406773,90.3729236,23.7823774,0.00682446,4,3,0,1
Zone_DH436,7466406776,90.3725593,23.7825661,0.00800273,4,3,0,1
Zone_DH436,7466406777,90.3743113,23.7817461,0.00231975,4,3,0,1
Zone_DH436,4613329790,90.3694376,23.7890998,0.07619806,2,3,0,1
Zone_DH436,4613329791,90.3678538,23.7875016,0.0646103,3,3,0,0
Zone_DH436,4613329793,90.3671085,23.7871248,0.03022846,3,4,0,0
Zone_DH436,3713299330,90.364868,23.7809901,0.00026099,4,2,0,0
Zone_DH436,7466406790,90.3740367,23.7818276,0.0,4,1,0,0
Zone_DH436,6349075335,90.3626387,23.801493,0.03024902,3,3,0,0
Zone_DH436,3713299336,90.3638724,23.7814551,0.00197511,4,3,0,0
Zone_DH436,7466406795,90.3741914,23.7829975,0.0,4,1,0,0
Zone_DH436,7466406798,90.3754305,23.782751,0.01011503,4,3,0,1
Zone_DH436,7466406799,90.3740984,23.7824388,0.0,4,1,0,0
Zone_DH436,4603376529,90.3705718,23.7888338,0.0,4,1,0,0
Zone_DH436,3713299346,90.3630821,23.7816686,0.00792147,4,3,0,0
Zone_DH436,3713299350,90.3631482,23.7823566,0.01695526,4,3,0,0
Zone_DH436,4603376534,90.370973,23.7882727,0.00195456,4,3,0,1
Zone_DH436,4494365590,90.3779977,23.7926946,0.01206815,4,3,0,1
Zone_DH436,4603376539,90.3709268,23.7878319,0.0,4,1,0,0
Zone_DH436,11332522910,90.3680779,23.7870057,0.04996618,3,3,0,1
Zone_DH436,4506588062,90.3629517,23.7889477,0.08999037,2,3,0,0
Zone_DH436,11332522913,90.3678052,23.7865619,0.0,4,1,0,0
Zone_DH436,11328557994,90.3581708,23.795986,0.00110084,4,3,0,1
Zone_DH436,11328557996,90.3594596,23.7961064,0.0,4,1,0,0
Zone_DH436,4603376560,90.3715366,23.7887439,0.0103808,4,3,0,0
Zone_DH436,3718108084,90.3619177,23.7939828,0.01370866,4,3,0,0
Zone_DH436,4603376565,90.373247,23.7897569,0.0,4,1,0,0
Zone_DH436,4603376566,90.3731856,23.7901441,0.02190021,3,3,0,1
Zone_DH436,3739980730,90.376497,23.7832453,0.0,4,1,0,0
Zone_DH436,386782161,90.3789427,23.7946876,0.00464046,4,3,0,1
Zone_DH436,6489994195,90.3747909,23.8027638,0.00322605,4,3,0,1
Zone_DH436,6489994197,90.3752901,23.8021188,0.0,4,1,0,0
Zone_DH436,6489994198,90.3763582,23.8019275,0.00192205,4,3,0,1
Zone_DH436,6489994199,90.3750675,23.8018194,0.0,4,1,0,0
Zone_DH436,4595676122,90.3621083,23.7845674,0.00138764,4,3,0,0
Zone_DH436,386782171,90.3777581,23.7968691,0.01521198,4,3,0,0
Zone_DH436,4595676123,90.362034,23.7850001,0.00525517,4,3,0,0
Zone_DH436,4595676125,90.3624457,23.7846396,0.00653335,4,3,0,0
Zone_DH436,4595676127,90.3623123,23.78507,0.00910358,4,4,0,0
Zone_DH436,4595676128,90.3617977,23.7841915,0.00097752,4,3,0,1
Zone_DH436,4595676129,90.3617928,23.7845624,0.00311276,4,3,0,0
Zone_DH436,4595676131,90.3617618,23.7849289,0.00652427,4,3,0,0
Zone_DH436,4595676134,90.3615059,23.78558,0.04769519,3,3,0,0
Zone_DH436,4595676135,90.3628942,23.7859175,0.06947016,3,3,0,0
Zone_DH436,379950069,90.3753905,23.7859934,0.00823552,4,3,0,0
Zone_DH436,3734934527,90.3752633,23.7964011,0.00188094,4,3,0,0
Zone_DH436,3734934534,90.3736651,23.7965925,0.02437913,3,3,0,0
Zone_DH436,379950088,90.3745489,23.788429,0.03807584,3,3,0,0
Zone_DH436,4595676172,90.3647357,23.785248,0.0,4,1,0,0
Zone_DH436,379950094,90.3746529,23.7901466,0.03836121,3,4,0,0
Zone_DH436,4595676177,90.364701,23.786818,0.06266865,3,3,0,1
Zone_DH436,4595676178,90.3641952,23.7866029,0.0,4,1,0,0
Zone_DH436,4595676179,90.3640107,23.7871598,0.0,4,1,0,0
Zone_DH436,4595676180,90.3643327,23.7873226,0.01715937,4,3,0,1
Zone_DH436,3738948629,90.358211,23.798169,0.00459887,4,3,0,0
Zone_DH436,3738948630,90.3582555,23.7978506,0.02967589,3,3,0,0
Zone_DH436,3734934551,90.3750609,23.7964222,0.00064148,4,3,0,0
Zone_DH436,3734934548,90.3750632,23.7955485,0.01380856,4,3,0,0
Zone_DH436,4595676182,90.3629172,23.7880012,0.02105462,3,3,0,1
Zone_DH436,4595676181,90.3632793,23.7880577,0.0,4,1,0,0
Zone_DH436,6556652571,90.376903,23.796211,0.01201988,4,3,0,0
Zone_DH436,4595676183,90.3636495,23.7879878,0.00164194,4,3,0,1
Zone_DH436,4595676184,90.3634598,23.7882998,0.0,4,1,0,0
Zone_DH436,4609381417,90.371959,23.8014808,0.0,4,1,0,0
Zone_DH436,4609381420,90.3711401,23.8015025,0.03394064,3,3,0,1
Zone_DH436,208516172,90.3698249,23.8044335,0.00195408,4,2,0,1
Zone_DH436,10185929808,90.360398,23.8031754,0.00770685,4,3,0,0
Zone_DH436,10185929809,90.3604748,23.8030836,0.0141881,4,4,0,0
Zone_DH436,10185929810,90.3589196,23.8022299,0.00874555,4,3,0,0
Zone_DH436,10185929811,90.3589936,23.8021342,0.00589665,4,3,0,0
Zone_DH436,10724930653,90.3549451,23.7997241,0.00575707,4,3,0,1
Zone_DH436,11350488172,90.3742349,23.7879476,0.0,4,3,0,0
Zone_DH436,11350488173,90.3746949,23.7880794,0.01648777,4,3,0,0
Zone_DH436,8909976684,90.3676595,23.7902587,0.00195456,4,3,0,1
Zone_DH436,8909976685,90.3670428,23.7900354,0.0,4,1,0,0
Zone_DH436,8909976686,90.3663976,23.7899151,0.03378098,3,3,0,1
Zone_DH436,4488320128,90.3644356,23.8011079,0.01515701,4,3,0,0
Zone_DH436,4595676291,90.3641144,23.7874545,0.01613692,4,3,0,0
Zone_DH436,4595676295,90.3638072,23.7880564,0.00212186,4,3,0,1
Zone_DH436,4595676298,90.3637894,23.7873283,0.01493809,4,3,0,0
Zone_DH436,3717076111,90.3721517,23.7913195,0.00190437,4,3,0,0
Zone_DH436,4595676315,90.3617833,23.7874498,0.0,4,1,0,0
Zone_DH436,4595676317,90.3617921,23.7871,0.00152722,4,3,0,1
Zone_DH436,4595676320,90.3620832,23.7875524,0.0,4,1,0,0
Zone_DH436,4595676323,90.3624279,23.7872052,0.0014928,4,3,0,1
Zone_DH436,4595676326,90.3626453,23.7866843,0.01620862,4,3,0,0
Zone_DH436,4595676327,90.3615969,23.7868722,0.01978504,4,3,0,0
Zone_DH436,4595676331,90.3614375,23.7862798,0.00751278,4,3,0,0
Zone_DH436,3713283243,90.3704732,23.7882577,0.0,4,1,0,0
Zone_DH436,4595676333,90.3615216,23.7862682,0.0065692,4,3,0,1
Zone_DH436,4595676334,90.3615739,23.7855968,0.04841841,3,3,0,0
Zone_DH436,4595676335,90.3625598,23.7866045,0.02415877,3,3,0,0
Zone_DH436,3713283250,90.3700911,23.7865045,0.06784973,3,3,0,0
Zone_DH436,4595676342,90.3617759,23.78681,0.01338792,4,3,0,0
Zone_DH436,4595676343,90.361453,23.7868743,0.0186364,4,3,0,0
Zone_DH436,4595676351,90.3626912,23.7881794,0.00996589,4,3,0,1
Zone_DH436,4595676353,90.3623021,23.788052,0.01475358,4,3,0,0
Zone_DH436,4595676355,90.3619088,23.7879801,0.01310733,4,3,0,1
Zone_DH436,4595676358,90.3611083,23.7880578,0.05126444,3,3,0,0
Zone_DH436,4599092436,90.3650535,23.7922963,0.0518194,3,3,0,0
Zone_DH436,4114617590,90.3654077,23.7930606,0.08040449,2,3,0,0
Zone_DH436,4114617595,90.3652716,23.7963137,0.1524463,1,4,0,0
Zone_DH436,12047152398,90.3673854,23.7888843,0.0,4,1,0,0
Zone_DH436,12047152400,90.3660151,23.790759,0.12832386,1,3,0,0
Zone_DH436,12047152401,90.3660799,23.790794,0.10887868,1,3,0,0
Zone_DH436,12047152402,90.3659249,23.7909332,0.06851845,3,3,0,0
Zone_DH436,12047152403,90.3657218,23.7915451,0.07791504,2,3,0,0
Zone_DH436,12047152404,90.3656501,23.7915148,0.0113717,4,3,0,0
Zone_DH436,12047152406,90.3652489,23.7952424,0.06885736,3,3,0,0
Zone_DH436,12047152407,90.365463,23.7953834,0.0,4,1,0,0
Zone_DH436,4493751576,90.3591715,23.7910382,0.08422565,2,3,0,1
Zone_DH436,12047152409,90.3651944,23.7959928,0.069593,3,3,0,0
Zone_DH436,12047152408,90.365783,23.7954736,0.03058457,3,3,0,1
Zone_DH436,4493751579,90.3584576,23.7907864,0.0,4,1,0,0
Zone_DH436,12047152412,90.3659147,23.7979675,0.07802881,2,3,0,1
Zone_DH436,3734836508,90.3646908,23.7993482,0.01900637,4,3,0,1
Zone_DH436,12047152414,90.3666545,23.7976786,0.00657589,4,3,0,1
Zone_DH436,4493751583,90.3587656,23.7889006,0.0,4,1,0,0
Zone_DH436,12047152413,90.3662047,23.798018,0.0,4,1,0,0
Zone_DH436,12047152417,90.3667572,23.7978609,0.0,4,1,0,0
Zone_DH436,12047152418,90.3682874,23.7978302,0.0,4,1,0,0
Zone_DH436,12047152422,90.3679461,23.7979713,0.0,4,1,0,0
Zone_DH436,12047152423,90.3677564,23.7984122,0.0075037,4,3,0,1
Zone_DH436,12047152424,90.3677778,23.7981235,0.0,4,1,0,0
Zone_DH436,12047152425,90.3685303,23.7982137,0.00195456,4,3,0,1
Zone_DH436,12047152426,90.3684919,23.7980698,0.0,4,1,0,0
Zone_DH436,10936349996,90.3606166,23.7945681,0.0,4,1,0,0
Zone_DH436,12047152429,90.3675774,23.7984028,0.00827328,4,3,0,1
Zone_DH436,12047152428,90.3687028,23.7982428,0.0,4,1,0,0
Zone_DH436,12047152431,90.3665094,23.7984867,0.0550096,3,3,0,1
Zone_DH436,12047152430,90.3675947,23.7981745,0.0,4,1,0,0
Zone_DH436,12047152433,90.3663401,23.7981579,0.0,4,1,0,0
Zone_DH436,4493825334,90.3577168,23.7914099,0.03504817,3,3,0,0
Zone_DH436,12047152438,90.3642176,23.7997144,0.0,4,1,0,0
Zone_DH436,12047152443,90.3646654,23.7997006,0.01783049,4,3,0,1
Zone_DH436,4493825339,90.3580895,23.7902039,0.0001238,4,3,0,0
Zone_DH436,4493825349,90.3580667,23.7891068,0.00750274,4,3,0,0
Zone_DH436,4493825352,90.3581148,23.7887091,0.01849969,4,3,0,0
Zone_DH436,4397823319,90.368382,23.7973041,0.07762872,2,3,0,0
Zone_DH436,4397823327,90.3667685,23.7975131,0.00682159,4,3,0,0
Zone_DH436,4417893730,90.3630624,23.7914563,0.00733496,4,3,0,1
Zone_DH436,4597437795,90.3630133,23.8016252,0.01447825,4,3,0,1
Zone_DH436,12102727014,90.3749259,23.7909959,0.0,4,1,0,0
Zone_DH436,12102727017,90.3753444,23.7910945,0.00944057,4,3,0,1
Zone_DH436,4397823337,90.368223,23.7975445,0.00755532,4,3,0,1
Zone_DH436,4397823339,90.3680618,23.7975783,0.00630391,4,3,0,1
Zone_DH436,4487886198,90.3719786,23.8024885,0.0,4,1,0,0
Zone_DH436,4487886202,90.3720206,23.8020906,0.0345826,3,3,0,1
Zone_DH436,3720705402,90.3659961,23.7909634,0.07706802,2,3,0,0
Zone_DH436,4506695045,90.3596283,23.7994305,0.0,4,1,0,0
Zone_DH436,4506695046,90.3588274,23.7993092,0.0133688,4,3,0,1
Zone_DH436,264877447,90.3638753,23.8038588,0.00159988,4,3,0,1
Zone_DH436,12015277472,90.3595756,23.7952657,0.02550483,3,3,0,1
Zone_DH436,4588803490,90.371873,23.7871182,0.00390577,4,3,0,1
Zone_DH436,3516781993,90.3556207,23.7999307,0.00087618,4,3,0,0
Zone_DH436,12025492914,90.3726909,23.8037643,0.0,4,1,0,0
Zone_DH436,12025492916,90.3724921,23.8037064,0.00682541,4,3,0,1
Zone_DH436,3516782011,90.3551162,23.799949,0.00387231,4,3,0,0
Zone_DH436,12025492944,90.3719178,23.8037576,0.0,4,1,0,0
Zone_DH436,12015277520,90.3587736,23.7955338,0.0,4,1,0,0
Zone_DH436,12015277522,90.3587965,23.7951726,0.04480518,3,3,0,1
Zone_DH436,2894091739,90.3764856,23.7906263,0.00488185,4,3,0,0
Zone_DH436,4588803552,90.3726659,23.7870141,0.00978139,4,3,0,1
Zone_DH436,2894091744,90.3772816,23.7910595,0.00449228,4,3,0,1
Zone_DH436,4424611306,90.3728304,23.7985017,0.01269864,4,3,0,0
Zone_DH436,4452644365,90.3709502,23.7811273,0.00943818,4,2,0,0
Zone_DH436,4452644368,90.3715473,23.7813809,0.00944009,4,3,0,1
Zone_DH436,6821123609,90.3615207,23.7944332,0.0,4,1,0,0
Zone_DH436,4948145691,90.3622766,23.7838973,0.0,4,1,0,0
Zone_DH436,386045471,90.3756121,23.7820841,0.00461799,4,3,0,1
Zone_DH436,4611405374,90.3704907,23.7856741,0.0,4,1,0,0
Zone_DH436,11993290311,90.3621083,23.7884472,0.00195456,4,3,0,1
Zone_DH436,11993290312,90.3618642,23.7883822,0.0,4,1,0,0
Zone_DH436,11993290325,90.366278,23.793329,0.0,4,1,0,0
Zone_DH436,11993290326,90.3658668,23.7924319,0.01508005,4,3,0,1
Zone_DH436,11993290330,90.3673633,23.7924527,0.02056036,3,3,0,1
Zone_DH436,11993290331,90.3678575,23.7924882,0.0,4,1,0,0
Zone_DH436,11993290332,90.3667401,23.7925652,0.0119759,4,3,0,1
Zone_DH436,11993290333,90.3668905,23.7922931,0.0,4,1,0,0
Zone_DH436,348354146,90.3587731,23.7915853,0.10552309,2,3,0,0
Zone_DH436,348354147,90.3587716,23.7916319,0.08873561,2,3,0,0
Zone_DH436,4488918641,90.3601771,23.79544,0.04063555,3,3,0,0
Zone_DH436,4488918644,90.3608948,23.7952628,0.04010258,3,3,0,0
Zone_DH436,12045391483,90.3677435,23.7854671,0.01854749,4,3,0,1
Zone_DH436,11409372797,90.363715,23.7893713,0.0,4,1,0,0
Zone_DH436,11409372798,90.3639156,23.7893501,0.00195456,4,3,0,1
Zone_DH436,11409372799,90.3632926,23.789843,0.00195456,4,3,0,1
Zone_DH436,9961199232,90.3546464,23.7972598,0.00324756,4,3,0,1
Zone_DH436,11409372801,90.3627649,23.7895207,0.0,4,1,0,0
Zone_DH436,11409372802,90.3625053,23.7889777,0.07032244,3,3,0,1
Zone_DH436,4452636291,90.3742458,23.7853602,0.0,4,1,0,0
Zone_DH436,11409372800,90.3633502,23.7893443,0.0,4,1,0,0
Zone_DH436,12045391490,90.3668464,23.7851987,0.0,4,1,0,0
Zone_DH436,11409372806,90.3625061,23.7894155,0.00195456,4,3,0,1
Zone_DH436,12045391495,90.3645255,23.7878173,0.0,4,1,0,0
Zone_DH436,379950728,90.3741868,23.7901247,0.02332275,3,3,0,0
Zone_DH436,11409372807,90.3626435,23.7894609,0.0,4,1,0,0
Zone_DH436,379950730,90.3737645,23.7901096,0.02739868,3,3,0,0
Zone_DH436,11409372808,90.362449,23.7895928,0.0,4,1,0,0
Zone_DH436,11409372815,90.3617299,23.7905922,0.0,4,1,0,0
Zone_DH436,11409372816,90.3614878,23.7903455,0.0,4,1,0,0
Zone_DH436,11409372817,90.3615262,23.7900189,0.0104807,4,3,0,1
Zone_DH436,11409372818,90.360444,23.7901141,0.00815378,4,3,0,1
Zone_DH436,11409372821,90.3605001,23.7906246,0.00195456,4,3,0,1
Zone_DH436,11409372822,90.3602895,23.7906695,0.0,4,1,0,0
Zone_DH436,11409372825,90.3607978,23.7903695,0.0,4,1,0,0
Zone_DH436,11409372827,90.3610446,23.7908351,0.0,4,1,0,0
Zone_DH436,11409372830,90.3605848,23.7881464,0.01842225,4,3,0,1
Zone_DH436,11409372833,90.3607726,23.7884602,0.0,4,1,0,0
Zone_DH436,11409372834,90.3590453,23.7899561,0.0,4,1,0,0
Zone_DH436,11332531877,90.3682574,23.7917713,0.0162048,4,3,0,1
Zone_DH436,11409372840,90.3597395,23.7896764,0.08012629,2,3,0,1
Zone_DH436,4493244092,90.3571814,23.7928906,0.00953474,4,3,0,0
Zone_DH436,3734812350,90.3646537,23.8002121,0.02592739,3,3,0,0
Zone_DH436,4613338834,90.3668646,23.8027402,0.00605439,4,3,0,0
Zone_DH436,348403414,90.3587099,23.79383,0.0221177,3,3,0,0
Zone_DH436,4613338845,90.3631739,23.8006021,0.02257467,3,3,0,0
Zone_DH436,4613338856,90.3666771,23.8010092,0.0161178,4,3,0,0
Zone_DH436,4613338862,90.3688339,23.8007815,0.0,4,1,0,0
Zone_DH436,11416278771,90.3730536,23.7847318,0.0,4,1,0,0
Zone_DH436,11416278774,90.3729359,23.7836408,0.0,4,1,0,0
Zone_DH436,4613338872,90.3674593,23.7947729,0.00223897,4,4,0,1
Zone_DH436,4613314298,90.3664851,23.7866522,0.0,4,1,0,0
Zone_DH436,4613314301,90.3669314,23.7867596,0.02105653,3,3,0,1
Zone_DH436,3415709491,90.3747136,23.7920846,0.04168573,3,3,0,0
Zone_DH436,3415709492,90.3748827,23.7921768,0.05022144,3,3,0,0
Zone_DH436,9880557419,90.3553612,23.8002609,0.0,4,1,0,0
Zone_DH436,9880557422,90.3550184,23.800053,0.0,4,1,0,0
Zone_DH436,9880557425,90.3551058,23.7995048,0.0,4,1,0,0
Zone_DH436,9880557426,90.3548736,23.7998166,0.0,4,1,0,0
Zone_DH436,9880557427,90.3556607,23.8002757,0.0,4,1,0,0
Zone_DH436,9880557428,90.3558462,23.8000444,0.0,4,1,0,0
Zone_DH436,6784325498,90.3711002,23.7844765,0.00411083,4,3,0,0
Zone_DH436,6784325502,90.3704079,23.7840858,0.00421408,4,3,0,1
Zone_DH436,6784325503,90.370483,23.7837543,0.0,4,1,0,0
Zone_DH436,4489672587,90.3696611,23.7935762,0.0,4,1,0,0
Zone_DH436,11991447435,90.3664113,23.7889416,0.07250596,3,3,0,0
Zone_DH436,11991447436,90.3665043,23.7889563,0.06829905,3,3,0,0
Zone_DH436,386045838,90.3739521,23.786721,0.01758384,4,3,0,0
Zone_DH436,11991447438,90.36659,23.7886945,0.07656086,2,3,0,0
Zone_DH436,11991447440,90.3682754,23.788804,0.0,4,1,0,0
Zone_DH436,11991447437,90.3665188,23.788667,0.10531755,2,3,0,0
Zone_DH436,11991447444,90.3700415,23.7931473,0.0,4,1,0,0
Zone_DH436,11991447445,90.3692938,23.7932019,0.01687496,4,3,0,1
Zone_DH436,386045847,90.3740325,23.7883517,0.02464921,3,3,0,0
Zone_DH436,11991447448,90.3698623,23.7932196,0.0,4,1,0,0
Zone_DH436,386045850,90.3741692,23.7885328,0.03136276,3,3,0,0
Zone_DH436,11991447451,90.3706093,23.7940182,0.04192329,3,3,0,1
Zone_DH436,11991447450,90.3698131,23.7937953,0.0,4,1,0,0
Zone_DH436,3732412316,90.3614011,23.8000703,0.0250536,3,3,0,0
Zone_DH436,11991447453,90.370646,23.7945205,0.0,4,1,0,0
Zone_DH436,11991447456,90.3684122,23.7948046,0.04095438,3,3,0,1
Zone_DH436,11991447457,90.3685504,23.7949041,0.0,4,1,0,0
Zone_DH436,11991447459,90.3681692,23.7955183,0.0,4,1,0,0
Zone_DH436,11991447460,90.3686205,23.7956874,0.00195456,4,3,0,1
Zone_DH436,11991447462,90.3686595,23.7952627,0.0,4,1,0,0
Zone_DH436,386045869,90.3718751,23.7874324,0.00757205,4,3,0,1
Zone_DH436,7241848762,90.3587787,23.7840778,0.01602459,4,3,0,0
Zone_DH436,7241848765,90.3582114,23.7840369,1.96e-05,4,3,0,0
Zone_DH436,7241848766,90.3587697,23.7843138,0.01697486,4,3,0,0
Zone_DH436,348395490,90.3606666,23.7926624,0.06955811,3,3,0,0
Zone_DH436,4609038309,90.3763616,23.7930539,0.02813242,3,3,0,0
Zone_DH436,348395494,90.3604581,23.7921551,0.06370018,3,3,0,0
Zone_DH436,3718109157,90.3629423,23.7952867,0.04601357,3,3,0,1
Zone_DH436,3718109159,90.36276,23.7948488,0.00390577,4,3,0,1
Zone_DH436,3718109160,90.3627045,23.7943526,0.0,4,1,0,0
Zone_DH436,4497872877,90.361299,23.7903994,0.0,4,1,0,0
Zone_DH436,4609038317,90.3749034,23.7925461,0.02996795,3,3,0,0
Zone_DH436,4497872880,90.3617116,23.7908149,0.00195456,4,3,0,1
Zone_DH436,4497872881,90.3617064,23.7909295,0.0285521,3,3,0,1
Zone_DH436,4599109637,90.3770149,23.7872314,0.01049696,4,3,0,0
Zone_DH436,4599109658,90.3762891,23.7859775,0.0,4,1,0,0
Zone_DH436,4611266590,90.3652949,23.7912196,0.01146683,4,3,0,1
Zone_DH436,4599109663,90.3769055,23.7862655,0.00097752,4,3,0,1
Zone_DH436,4314789920,90.3563166,23.7995606,0.00499083,4,3,0,0
Zone_DH436,4599109665,90.3773278,23.7864553,0.01024744,4,3,0,0
Zone_DH436,11492136994,90.3571863,23.7917293,0.0,4,1,0,0
Zone_DH436,11492136995,90.357553,23.7917679,0.0,4,1,0,0
Zone_DH436,4611266596,90.3652639,23.7919152,0.06106733,3,3,0,0
Zone_DH436,386037797,90.363035,23.7921979,0.01824348,4,3,0,0
Zone_DH436,11492136997,90.3590655,23.7921185,0.0,4,1,0,0
Zone_DH436,11492137002,90.3618241,23.7942949,0.01238459,4,3,0,0
Zone_DH436,386037804,90.3621748,23.7928421,0.01648395,4,3,0,1
Zone_DH436,386037805,90.3620985,23.7934178,0.04806899,3,3,0,0
Zone_DH436,4611266604,90.3636252,23.7933166,0.0,4,1,0,0
Zone_DH436,4611266605,90.3637421,23.7933552,0.0,4,1,0,0
Zone_DH436,11492137007,90.3613654,23.7937457,0.0,4,1,0,0
Zone_DH436,11492137010,90.3642752,23.7944716,0.0,4,1,0,0
Zone_DH436,4597282869,90.3655428,23.7828231,0.0,4,1,0,0
Zone_DH436,4599109686,90.375721,23.7878559,0.00280875,4,3,0,1
Zone_DH436,4599109685,90.3758293,23.7874133,0.0,4,1,0,0
Zone_DH436,4599109688,90.3762262,23.7878697,0.002173,4,3,0,1
Zone_DH436,4597282873,90.3654451,23.7823874,0.00450327,4,3,0,0
Zone_DH436,4597282874,90.3620799,23.7860916,0.0,4,1,0,0
Zone_DH436,4611266619,90.3629605,23.7948458,0.0,4,1,0,0
Zone_DH436,4597282872,90.3655077,23.7824392,0.00483548,4,3,0,1
Zone_DH436,4597282877,90.3650743,23.7848067,0.02101303,3,3,0,1
Zone_DH436,4611266622,90.3625674,23.7948508,0.0,4,1,0,0
Zone_DH436,4599109695,90.3754505,23.7858576,0.00693631,4,3,0,1
Zone_DH436,4599109696,90.3750079,23.7859101,0.00158793,4,3,0,0
Zone_DH436,4599109697,90.3749425,23.7862614,0.00030305,4,3,0,0
Zone_DH436,4599109698,90.3736911,23.7862581,0.01956325,4,3,0,0
Zone_DH436,4611266626,90.3619333,23.7939008,0.00817338,4,3,0,0
Zone_DH436,4611266628,90.3620033,23.7936795,0.00805914,4,3,0,1
Zone_DH436,4599109699,90.3737354,23.7859073,0.0215656,3,3,0,0
Zone_DH436,4599109694,90.3747992,23.7857223,0.0,4,1,0,0
Zone_DH436,4611274817,90.3566891,23.7937634,0.0,4,1,0,0
Zone_DH436,4611266625,90.3614267,23.793817,0.00097752,4,3,0,1
Zone_DH436,4611266630,90.3614197,23.793508,0.0,4,1,0,0
Zone_DH436,4611266634,90.3629597,23.7927998,0.0,4,1,0,0
Zone_DH436,4611266637,90.3613796,23.7934226,0.0,4,1,0,0
Zone_DH436,4611266638,90.3606659,23.7932023,0.02098626,3,3,0,1
Zone_DH436,4611274831,90.356222,23.7939114,0.0,4,1,0,0
Zone_DH436,4611274832,90.3585072,23.7926197,0.01215993,4,3,0,1
Zone_DH436,6393419857,90.3670864,23.7862799,0.05153069,3,4,0,0
Zone_DH436,4611274833,90.3581164,23.7924719,0.0,4,1,0,0
Zone_DH436,4611274834,90.3619234,23.7922843,0.0,4,1,0,0
Zone_DH436,386029652,90.3612349,23.8018881,0.02443363,3,3,0,0
Zone_DH436,4611274837,90.3616934,23.793044,0.05135861,3,3,0,1
Zone_DH436,4611266644,90.3629955,23.7911796,0.0,4,1,0,0
Zone_DH436,4611274839,90.3640441,23.794008,0.05804157,3,3,0,1
Zone_DH436,4599109720,90.3732654,23.7875043,0.0,4,1,0,0
Zone_DH436,4611274840,90.3635575,23.7938529,0.0,4,1,0,0
Zone_DH436,4611266652,90.3592565,23.7919697,0.0,4,1,0,0
Zone_DH436,4611266653,90.3591117,23.791945,0.00195456,4,3,0,1
Zone_DH436,4611266654,90.3565112,23.7923246,0.0,4,1,0,0
Zone_DH436,4611266656,90.3568529,23.7922345,0.01119675,4,3,0,1
Zone_DH436,4611266657,90.3586817,23.7920644,0.05223096,3,3,0,1
Zone_DH436,4611266660,90.3579734,23.7917695,0.0,4,1,0,0
Zone_DH436,386029669,90.361947,23.7982925,0.02254742,3,3,0,0
Zone_DH436,4611266661,90.3578829,23.7915692,0.0,4,1,0,0
Zone_DH436,4611266663,90.3573556,23.7913724,0.03246743,3,3,0,1
Zone_DH436,4611266664,90.3569088,23.7917536,0.01323018,4,3,0,1
Zone_DH436,4611266662,90.3573563,23.7917281,0.00195456,4,3,0,1
Zone_DH436,4611266666,90.3558922,23.7914986,0.0,4,1,0,0
Zone_DH436,4611266665,90.3566111,23.7917444,0.0,4,1,0,0
Zone_DH436,4611266669,90.3562375,23.7914944,0.0,4,1,0,0
Zone_DH436,4611266670,90.3562792,23.7911799,0.01831279,4,3,0,1
Zone_DH436,4611266671,90.3563337,23.7909145,0.0,4,1,0,0
Zone_DH436,4611266672,90.356249,23.7911711,0.01641512,4,3,0,1
Zone_DH436,386029681,90.3623523,23.7975749,0.02653971,3,3,0,0
Zone_DH436,4611266673,90.3554462,23.7901503,0.0,4,1,0,0
Zone_DH436,4611266675,90.3557764,23.7904285,0.01171539,4,3,0,1
Zone_DH436,4611266676,90.3554152,23.7903829,0.00195456,4,3,0,1
Zone_DH436,386029685,90.362562,23.7965547,0.09845055,2,4,0,0
Zone_DH436,4611266674,90.3553771,23.7906698,0.0,4,1,0,0
Zone_DH436,4611266679,90.3557127,23.7926112,0.00101337,4,3,0,1
Zone_DH436,4599109752,90.3729234,23.7852347,0.05992538,3,3,0,0
Zone_DH436,4611266677,90.3557891,23.7921075,0.0,4,1,0,0
Zone_DH436,4611266680,90.3560918,23.793208,0.0,4,1,0,0
Zone_DH436,4611266683,90.3561455,23.7926541,0.0049091,4,3,0,1
Zone_DH436,4611266684,90.3557786,23.7932537,0.0,4,1,0,0
Zone_DH436,4611266685,90.3558256,23.7926246,0.00296267,4,3,0,1
Zone_DH436,4611266686,90.3553505,23.7929896,0.0,4,1,0,0
Zone_DH436,4611422342,90.3671623,23.7863989,0.02915869,3,3,0,0
Zone_DH436,4599109768,90.374707,23.7832967,0.01042382,4,3,0,0
Zone_DH436,4599109769,90.3746791,23.7834316,0.0108894,4,3,0,0
Zone_DH436,386029711,90.3639689,23.7943528,0.09904184,2,4,0,1
Zone_DH436,4611422351,90.3701569,23.7858715,0.00097752,4,3,0,1
Zone_DH436,386029726,90.3644971,23.7925185,0.06419013,3,3,0,0
Zone_DH436,3731847327,90.358203,23.7842929,0.05191452,3,4,0,0
Zone_DH436,3731847329,90.3581567,23.785239,0.05276011,3,2,0,0
Zone_DH436,4609013934,90.3655286,23.7904161,0.0,4,1,0,0
Zone_DH436,4609013935,90.3650037,23.7905331,0.0,4,1,0,0
Zone_DH436,11992111278,90.3671212,23.8009325,0.00145552,4,3,0,1
Zone_DH436,11992111282,90.3673932,23.8002847,0.00234126,4,3,0,0
Zone_DH436,11992111287,90.3677104,23.8006544,0.0,4,1,0,0
Zone_DH436,11992111288,90.3675343,23.7999896,0.0,4,1,0,0
Zone_DH436,11992111290,90.3676009,23.7996353,0.05296279,3,3,0,1
Zone_DH436,11992111292,90.3636347,23.8009702,0.00354009,4,3,0,1
Zone_DH436,11992111293,90.3634312,23.8009578,0.00591099,4,3,0,1
Zone_DH436,11992111294,90.3634807,23.8009616,0.00469591,4,3,0,1
Zone_DH436,11992111295,90.3634413,23.8006882,0.0,4,1,0,0
Zone_DH436,11992111296,90.3634601,23.8012686,0.0,4,1,0,0
Zone_DH436,11992111297,90.3635929,23.8012858,0.0,4,1,0,0
Zone_DH436,4421695694,90.3627613,23.7859136,0.06585932,3,3,0,0
Zone_DH436,382023891,90.3597378,23.7853245,0.09274749,2,4,0,1
Zone_DH436,4611266791,90.3552636,23.7922852,0.0,4,1,0,0
Zone_DH436,3718904040,90.3623462,23.8015018,0.02713148,3,3,0,0
Zone_DH436,4611266793,90.3599447,23.7933136,0.021231,3,3,0,1
Zone_DH436,4611266795,90.3597372,23.7937254,0.0,4,1,0,0
Zone_DH436,4611266797,90.3611858,23.7941891,0.0,4,1,0,0
Zone_DH436,4611266800,90.3614118,23.79461,0.00195456,4,3,0,1
Zone_DH436,4611266804,90.3613062,23.7957324,0.05580021,3,3,0,1
Zone_DH436,4611266805,90.3621216,23.7946985,0.0,4,1,0,0
Zone_DH436,4611266808,90.361742,23.7946691,0.01259348,4,3,0,1
Zone_DH436,4611266809,90.3616245,23.7963752,0.10428697,2,3,0,0
Zone_DH436,382023930,90.3637388,23.7858774,0.07661583,2,4,0,1
Zone_DH436,12590430458,90.3632499,23.8035241,0.00572075,4,3,0,0
Zone_DH436,12590430459,90.3622803,23.8034594,0.00167397,4,3,0,0
Zone_DH436,4611266813,90.3616968,23.7956181,0.01272732,4,3,0,1
Zone_DH436,12590430460,90.362568,23.8030724,0.0074038,4,3,0,0
Zone_DH436,4611266811,90.3622469,23.7960095,0.0,4,1,0,0
Zone_DH436,382023938,90.3647993,23.7863046,0.0802716,2,3,0,0
Zone_DH436,4114618642,90.3665436,23.7888029,0.13295141,1,3,0,0
Zone_DH436,6501423385,90.3739944,23.8036761,0.00779671,4,3,0,1
Zone_DH436,6501423387,90.3736992,23.8037669,0.0,4,1,0,0
Zone_DH436,4601133355,90.374043,23.7988342,0.00384745,4,3,0,0
Zone_DH436,4601133356,90.3722043,23.795306,0.00314813,4,3,0,1
Zone_DH436,4601133369,90.3708182,23.7954785,0.01256193,4,3,0,0
Zone_DH436,4611152185,90.3606006,23.798452,0.0,4,1,0,0
Zone_DH436,4611152187,90.3599263,23.7984214,0.0,4,1,0,0
Zone_DH436,4611152188,90.3615266,23.7993925,0.03933777,3,3,0,0
Zone_DH436,4611152186,90.3604384,23.7991318,0.0120433,4,3,0,1
Zone_DH436,4601133374,90.3714112,23.7958573,0.0,4,1,0,0
Zone_DH436,4601133375,90.371274,23.7955552,0.00503624,4,3,0,1
Zone_DH436,4493736256,90.3593616,23.7905404,0.08523997,2,3,0,0
Zone_DH436,4601133376,90.3699387,23.7959985,0.0,4,1,0,0
Zone_DH436,4601133377,90.3723254,23.7982629,0.02392264,3,3,0,0
Zone_DH436,4601133379,90.3717085,23.7981026,0.00328675,4,3,0,1
Zone_DH436,4601133380,90.3714284,23.7981729,0.00318589,4,3,0,0
Zone_DH436,10940324165,90.3600571,23.7945762,0.00195456,4,3,0,1
Zone_DH436,11337726279,90.3725225,23.7923698,0.01691941,4,3,0,0
Zone_DH436,386038090,90.3611343,23.7963793,0.05070709,3,3,0,0
Zone_DH436,4415248715,90.3560003,23.7889985,0.00624942,4,3,0,0
Zone_DH436,4493736279,90.3599133,23.7913058,0.00208362,4,4,0,1
Zone_DH436,3732683095,90.36207,23.8026695,0.01540796,4,4,0,0
Zone_DH436,386038117,90.3557232,23.7969101,0.00390577,4,3,0,1
Zone_DH436,386038120,90.3547284,23.7964705,0.00312423,4,2,0,0
Zone_DH436,11492178285,90.3604272,23.7888078,0.00195456,4,3,0,1
Zone_DH436,11492178288,90.3607655,23.7888391,0.0,4,1,0,0
Zone_DH436,11492178290,90.3596512,23.7910126,0.0,4,1,0,0
Zone_DH436,4599314820,90.3664589,23.7909613,0.04961102,3,3,0,1
Zone_DH436,386046344,90.3738044,23.7917737,0.06110318,3,3,0,0
Zone_DH436,386046346,90.3735511,23.7922934,0.05003549,3,3,0,0
Zone_DH436,4489673100,90.3711149,23.7933126,0.0084076,4,3,0,1
Zone_DH436,4489673102,90.3712124,23.7928904,0.01286499,4,3,0,0
Zone_DH436,4490606992,90.3697921,23.7972561,0.07772528,2,3,0,0
Zone_DH436,11611027859,90.3713318,23.7905797,0.0,4,1,0,0
Zone_DH436,11611027864,90.3716141,23.7905751,0.00195456,4,3,0,1
Zone_DH436,11611027866,90.3718558,23.790686,0.0,4,1,0,0
Zone_DH436,11611027867,90.3716199,23.7905525,0.00390577,4,3,0,1
Zone_DH436,386038172,90.3577497,23.7990893,0.00777281,4,3,0,0
Zone_DH436,11611027868,90.3715009,23.7904851,0.0,4,1,0,0
Zone_DH436,386038174,90.3567408,23.7985397,0.02960801,3,3,0,0
Zone_DH436,386038175,90.3561262,23.7985974,0.02629593,3,3,0,1
Zone_DH436,386038177,90.3558357,23.7974794,0.0,4,1,0,0
Zone_DH436,11416828321,90.3703439,23.7844522,0.00469877,4,3,0,0
Zone_DH436,11416828323,90.3684627,23.7825876,0.0148052,4,3,0,0
Zone_DH436,11416828324,90.3681967,23.7819423,0.00170886,4,3,0,1
Zone_DH436,386038183,90.3568068,23.7976856,0.0238887,3,3,0,0
Zone_DH436,3732830640,90.359992,23.8009863,0.00858494,4,3,0,0
Zone_DH436,386038192,90.3575523,23.7977464,0.02420323,3,3,0,0
Zone_DH436,3732830641,90.3602507,23.799809,0.00532735,4,3,0,0
Zone_DH436,4601133492,90.371189,23.7999888,0.05594744,3,3,0,0
Zone_DH436,4601133495,90.3705691,23.8001479,0.03855624,3,3,0,0
Zone_DH436,2627770810,90.373058,23.7862626,0.00277768,4,3,0,0
Zone_DH436,2627770812,90.373758,23.7862567,0.01668519,4,3,0,0
Zone_DH436,2627770813,90.3727422,23.7862611,0.00411991,4,3,0,1
Zone_DH436,2627770818,90.3731269,23.7867449,0.00285511,4,3,0,0
Zone_DH436,2627770819,90.374589,23.7868932,0.0,4,1,0,0
Zone_DH436,2627770820,90.3751622,23.7870198,0.01065804,4,3,0,1
Zone_DH436,2627770821,90.3743011,23.7871018,0.0,4,1,0,0
Zone_DH436,2627770823,90.3750591,23.7872219,0.01193718,4,3,0,1
Zone_DH436,2627770827,90.3749552,23.7875149,0.01265371,4,3,0,0
Zone_DH436,2627770828,90.3749348,23.7875739,0.01624399,4,3,0,0
Zone_DH436,2627770835,90.3715597,23.7897914,0.09210458,2,3,0,0
Zone_DH436,4588804589,90.3743887,23.7884695,0.02949712,3,3,0,0
Zone_DH436,4497832450,90.3608638,23.7915654,0.02768931,3,3,0,0
Zone_DH436,3095149059,90.3713868,23.8009146,0.03553143,3,3,0,1
Zone_DH436,3095149061,90.3719641,23.8009374,0.0,4,1,0,0
Zone_DH436,4397718032,90.3660421,23.7985841,0.05617497,3,3,0,1
Zone_DH436,386046489,90.3707953,23.7913805,0.01719139,4,3,0,0
Zone_DH436,386046495,90.3719752,23.7922702,0.01002421,4,3,0,0
Zone_DH436,264878624,90.358797,23.8036011,9.6e-07,4,2,0,0
Zone_DH436,386046496,90.3719365,23.7924681,0.02788672,3,3,0,0
Zone_DH436,386046498,90.3716929,23.792756,0.01344098,4,3,0,0
Zone_DH436,386038307,90.3588875,23.7982564,0.01874347,4,3,0,0
Zone_DH436,386046501,90.3712998,23.7935456,0.00971542,4,3,0,1
Zone_DH436,12015385125,90.3594321,23.7943085,0.0,4,1,0,0
Zone_DH436,386046503,90.3711834,23.7941037,0.04430662,3,3,0,0
Zone_DH436,12015385129,90.359569,23.7945064,0.00585315,4,3,0,1
Zone_DH436,12015385130,90.3597419,23.7942104,0.0,4,1,0,0
Zone_DH436,4415519278,90.356511,23.7912475,0.02083856,3,3,0,0
Zone_DH436,12015385134,90.3597029,23.7945309,0.00390577,4,3,0,1
Zone_DH436,386038328,90.3607306,23.7956779,0.05350388,3,3,0,0
Zone_DH436,386038331,90.3616791,23.7957185,0.0622676,3,3,0,0
Zone_DH436,6349150796,90.3667161,23.7831708,0.0,4,1,0,0
Zone_DH436,3713284695,90.3708381,23.7867376,0.0,4,1,0,0
Zone_DH436,4415519319,90.3578988,23.7914426,0.03673266,3,3,0,1
Zone_DH436,3556612701,90.3550385,23.7995965,0.00833112,4,4,0,1
Zone_DH436,4601158237,90.3757159,23.7982407,0.00413138,4,3,0,1
Zone_DH436,4601158238,90.3762975,23.7984969,0.0,4,1,0,0
Zone_DH436,4915886687,90.367215,23.7832783,0.00097752,4,3,0,1
Zone_DH436,4601158242,90.3752224,23.7983902,0.0,4,1,0,0
Zone_DH436,4601158243,90.3752216,23.798147,0.00510938,4,3,0,1
Zone_DH436,12109462114,90.3736974,23.7812827,0.0,4,1,0,0
Zone_DH436,12013042277,90.3619936,23.8018637,0.0,4,1,0,0
Zone_DH436,12109462115,90.3736445,23.7814815,0.00097752,4,2,0,1
Zone_DH436,4601158247,90.3751329,23.7973682,0.01272684,4,3,0,0
Zone_DH436,12109462120,90.3737776,23.7815112,0.00195408,4,2,0,1
Zone_DH436,12778437232,90.3660822,23.7827845,0.00826994,4,3,0,0
Zone_DH436,3734592116,90.3709978,23.7854917,0.05564486,3,3,0,0
Zone_DH436,386038389,90.3607986,23.7940955,0.03992189,3,3,0,0
Zone_DH436,12013042312,90.3609724,23.8010697,0.0,4,1,0,0
Zone_DH436,4899461770,90.3685624,23.7830789,0.00140629,4,3,0,0
Zone_DH436,12013042315,90.3609856,23.8012893,0.00879192,4,3,0,1
Zone_DH436,4595587724,90.3604486,23.7884558,0.0,4,1,0,0
Zone_DH436,4595587731,90.3594684,23.7890081,0.0,4,1,0,0
Zone_DH436,4595587732,90.3593556,23.7887641,0.02035339,3,3,0,1
Zone_DH436,4595587733,90.3577733,23.7891017,0.00527764,4,3,0,0
Zone_DH436,4595587734,90.3599087,23.7915554,0.0,4,1,0,0
Zone_DH436,1158322841,90.359687,23.7881876,0.05759751,3,3,0,0
Zone_DH436,264878754,90.3578158,23.8029409,0.00097752,4,2,0,0
Zone_DH436,4601273006,90.3719131,23.7960249,0.0,4,1,0,0
Zone_DH436,4601273011,90.3703555,23.7973923,0.0,4,1,0,0
Zone_DH436,4601273015,90.3712803,23.7972061,0.0011735,4,3,0,1
Zone_DH436,386038462,90.3629611,23.7938246,0.04396437,3,3,0,1
Zone_DH436,386038464,90.36315,23.7939771,0.0509566,3,3,0,0
Zone_DH436,4601273028,90.3717252,23.7975618,0.0,4,1,0,0
Zone_DH436,4601273031,90.371716,23.7977426,0.0,4,1,0,0
Zone_DH436,11409398472,90.3656861,23.7901574,0.0,4,1,0,0
Zone_DH436,4601273035,90.3717829,23.796596,0.00195456,4,3,0,1
Zone_DH436,11409398475,90.3646564,23.7908706,0.06457014,3,3,0,1
Zone_DH436,11409398476,90.3648632,23.790872,0.00195456,4,3,0,1
Zone_DH436,4601273043,90.3707827,23.7963159,0.0,4,1,0,0
Zone_DH436,348404465,90.3566584,23.7927507,0.01360207,4,3,0,0
Zone_DH436,348404479,90.3550749,23.7945953,1.91e-06,4,2,0,0
Zone_DH436,4488993581,90.3625449,23.7983611,0.00317108,4,3,0,1
Zone_DH436,382024496,90.3638791,23.7833993,0.02305315,3,4,0,1
Zone_DH436,11292547899,90.3645122,23.7928805,0.06500608,3,3,0,1
Zone_DH436,11292547900,90.3637447,23.7928908,0.0,4,1,0,0
Zone_DH436,4488026947,90.366741,23.7995819,0.05343505,3,3,0,0
Zone_DH436,4488026952,90.3667092,23.7984498,0.05384996,3,3,0,0
Zone_DH436,4595587917,90.3554598,23.7885915,0.0,4,1,0,0
Zone_DH436,4595587918,90.3554521,23.7888321,0.0,4,1,0,0
Zone_DH436,4595587919,90.3560067,23.7888481,0.0018341,4,3,0,1
Zone_DH436,4595587921,90.3563838,23.7894249,0.0,4,1,0,0
Zone_DH436,4595587922,90.3559506,23.7892868,0.00653622,4,3,0,1
Zone_DH436,4595587923,90.3554453,23.789091,0.0,4,1,0,0
Zone_DH436,4595587924,90.3559723,23.7892107,0.00664138,4,3,0,1
Zone_DH436,4595587925,90.355267,23.7893416,0.0,4,1,0,0
Zone_DH436,4595587926,90.355534,23.7894002,0.00195456,4,3,0,1
Zone_DH436,4595587927,90.3555073,23.7895261,0.0,4,1,0,0
Zone_DH436,4595587929,90.3559228,23.7893832,0.00736986,4,3,0,1
Zone_DH436,382024550,90.3623417,23.7840961,0.0,4,1,0,0
Zone_DH436,382024569,90.3602291,23.7855855,0.02007758,4,3,0,0
Zone_DH436,382024573,90.3604429,23.7862538,0.02079267,3,3,0,0
Zone_DH436,382024575,90.3604225,23.7867754,0.0216526,3,3,0,1
Zone_DH436,382024576,90.3603793,23.7871367,0.0,4,1,0,0
Zone_DH436,4415478670,90.35597,23.7911121,0.01451744,4,3,0,1
Zone_DH436,4402469781,90.3725637,23.7922207,0.01730994,4,3,0,0
Zone_DH436,4488027033,90.3664745,23.8002785,0.03030399,3,4,0,0
Zone_DH436,4488027037,90.3657304,23.8002287,0.03546834,3,3,0,0
Zone_DH436,3765156773,90.3552442,23.800161,0.00150045,4,3,0,1
Zone_DH436,382024618,90.3611493,23.7868689,0.02280794,3,3,0,0
Zone_DH436,382024621,90.3611144,23.7876273,0.04568996,3,3,0,0
Zone_DH436,382024623,90.3610927,23.7880996,0.04857137,3,3,0,0
Zone_DH436,12049021874,90.3563821,23.7972355,0.0,4,1,0,0
Zone_DH436,12049021875,90.3549445,23.7972932,0.0,4,1,0,0
Zone_DH436,382024628,90.361247,23.7886997,0.0338393,3,3,0,0
Zone_DH436,4452678581,90.3787035,23.7950124,0.00579245,4,3,0,0
Zone_DH436,4452678585,90.3773591,23.7947654,0.01816318,4,3,0,0
Zone_DH436,12049021882,90.3601337,23.7963819,0.04003805,3,3,0,0
Zone_DH436,3731807182,90.3641399,23.8016979,0.01202179,4,3,0,1
Zone_DH436,3731807183,90.3642855,23.8014157,0.01410062,4,3,0,0
Zone_DH436,10100530128,90.3653125,23.8032435,0.01386975,4,2,0,0
Zone_DH436,3731807186,90.3645862,23.8006171,0.02402732,3,3,0,0
Zone_DH436,386046934,90.367051,23.7968337,0.11988949,1,3,0,0
Zone_DH436,3731807191,90.364667,23.7997149,0.01667467,4,3,0,1
Zone_DH436,6556662743,90.3709358,23.7902265,0.01659915,4,4,0,1
Zone_DH436,6556662746,90.3711809,23.7896392,0.10316032,2,3,0,0
Zone_DH436,386046939,90.3678863,23.7953334,0.04081576,3,3,0,1
Zone_DH436,3731807196,90.3648341,23.7990098,0.02984319,3,3,0,0
Zone_DH436,386046942,90.3687007,23.7945661,0.0434314,3,3,0,1
Zone_DH436,8950397919,90.3619976,23.7840194,0.0,4,1,0,0
Zone_DH436,386046946,90.3699302,23.7941349,0.04244336,3,3,0,1
Zone_DH436,8950397922,90.3603539,23.781342,0.00195408,4,2,0,1
Zone_DH436,386046954,90.3735998,23.7938371,0.08244604,2,3,0,0
Zone_DH436,386046955,90.3736062,23.7938842,0.08207941,2,3,0,0
Zone_DH436,386046958,90.3743348,23.7938842,0.08166785,2,4,0,0
Zone_DH436,4611636211,90.3649553,23.7899715,0.02712957,3,3,0,1
Zone_DH436,4611636212,90.3647182,23.7899301,0.02699381,3,3,0,1
Zone_DH436,4611636213,90.363083,23.7897963,0.0,4,1,0,0
Zone_DH436,4611636215,90.3637945,23.7898981,0.00390577,4,3,0,1
Zone_DH436,11611405303,90.3719689,23.7900787,0.07690311,2,3,0,1
Zone_DH436,4611636220,90.3646963,23.7900097,0.0297538,3,3,0,1
Zone_DH436,11611405309,90.3727751,23.7898599,0.00195456,4,3,0,1
Zone_DH436,4611636222,90.3650747,23.7894991,0.05479306,3,3,0,0
Zone_DH436,6489979902,90.3741975,23.8023,0.00502525,4,3,0,1
Zone_DH436,6489979903,90.3739571,23.8026532,0.0,4,1,0,0
Zone_DH436,4611636225,90.3648344,23.7890541,0.09092726,2,3,0,0
Zone_DH436,11611405308,90.3720289,23.789659,0.0,4,1,0,0
Zone_DH436,11611405310,90.3723694,23.7898,0.0,4,1,0,0
Zone_DH436,11611405318,90.3708073,23.7918497,0.01674064,4,3,0,1
Zone_DH436,12013042695,90.3606297,23.801533,0.0,4,1,0,0
Zone_DH436,12013042696,90.3605238,23.8017735,0.00292873,4,3,0,1
Zone_DH436,12013042697,90.3608134,23.8016655,0.0,4,1,0,0
Zone_DH436,11611405322,90.3714113,23.7920177,0.0,4,1,0,0
Zone_DH436,12013042698,90.360733,23.8018471,0.00097752,4,3,0,1
Zone_DH436,12013042701,90.360559,23.8022032,0.00097752,4,3,0,1
Zone_DH436,4506606615,90.3621605,23.7883228,0.0,4,1,0,0
Zone_DH436,382024728,90.3597015,23.7876397,0.04316371,3,3,0,0
Zone_DH436,4506606620,90.361853,23.7887399,0.03730005,3,3,0,1
Zone_DH436,4599192608,90.376573,23.7841235,0.00619875,4,3,0,0
Zone_DH436,4599192611,90.3756879,23.7848185,0.00788801,4,3,0,0
Zone_DH436,4599192612,90.3751772,23.7846643,0.00930434,4,3,0,0
Zone_DH436,4506606638,90.3626893,23.7879862,0.0,4,1,0,0
Zone_DH436,4599192623,90.3765592,23.7837674,0.00586797,4,3,0,0
Zone_DH436,4506606640,90.3629483,23.7886111,0.03216581,3,3,0,0
Zone_DH436,13205453900,90.3603654,23.8021061,0.00585267,4,3,0,1
Zone_DH436,4498455634,90.3643082,23.7882246,0.0,4,1,0,0
Zone_DH436,386038890,90.3685597,23.7822364,0.01331861,4,2,0,0
Zone_DH436,4498455660,90.3653089,23.7890595,0.05503206,3,3,0,1
Zone_DH436,379952239,90.3724824,23.7824374,0.01180716,4,3,0,0
Zone_DH436,379952241,90.3721181,23.7832717,0.01082726,4,3,0,0
Zone_DH436,379952243,90.3706231,23.7836693,0.0,4,1,0,0
Zone_DH436,382024830,90.359687,23.7887788,0.06906959,3,3,0,0
Zone_DH436,382024832,90.3560167,23.7886162,0.00204633,4,3,0,1
Zone_DH436,3738967169,90.3589628,23.7985973,0.01920283,4,4,0,1
Zone_DH436,3738967170,90.359766,23.7987291,0.0,4,1,0,0
Zone_DH436,2541436113,90.3733902,23.8025519,0.01208488,4,3,0,1
Zone_DH436,3731774722,90.3638674,23.801951,0.02215785,3,3,0,0
Zone_DH436,11303763222,90.3629493,23.7852929,0.01776213,4,3,0,0
Zone_DH436,4490952007,90.3692028,23.7986724,0.01011599,4,3,0,1
Zone_DH436,11986943307,90.3677899,23.79634,0.0,4,1,0,0
Zone_DH436,11986943308,90.3675557,23.7970411,0.08134568,2,3,0,1
Zone_DH436,11986943309,90.3635453,23.7989831,0.0,4,1,0,0
Zone_DH436,11986943310,90.3637159,23.7985659,0.00762655,4,3,0,1
Zone_DH436,386792798,90.3739646,23.8037623,0.00585459,4,3,0,1
Zone_DH436,3416440170,90.3736922,23.7920566,0.04484007,3,3,0,0
Zone_DH436,6342532479,90.3701908,23.8018669,0.01705755,4,3,0,0
Zone_DH436,386047364,90.3707239,23.7921318,0.04097207,3,3,0,0
Zone_DH436,386047366,90.3698377,23.7918071,0.02126303,3,3,0,1
Zone_DH436,3734977958,90.3657725,23.7988979,0.03988987,3,3,0,0
Zone_DH436,3734068666,90.3750262,23.8004855,0.00626806,4,3,0,1
Zone_DH436,4613348801,90.3676778,23.7886345,0.0,4,1,0,0
Zone_DH436,4613348802,90.367616,23.7890903,0.07169048,3,3,0,1
Zone_DH436,4498709965,90.3662779,23.7886674,0.11244841,1,3,0,1
Zone_DH436,3720732110,90.367624,23.7916484,0.02337867,3,3,0,1
Zone_DH436,3717864925,90.3718196,23.7950715,0.0,4,1,0,0
Zone_DH436,9743719906,90.359593,23.7822282,0.0,4,1,0,0
Zone_DH436,3717864933,90.3727479,23.7953977,0.00252864,4,3,0,1
Zone_DH436,3717864938,90.3734468,23.7956081,0.03314763,3,3,0,0
Zone_DH436,2541428213,90.3725451,23.8041659,0.00293064,4,3,0,1
Zone_DH436,2541428216,90.3723918,23.8040989,0.00487994,4,3,0,1
Zone_DH436,3734879757,90.3685992,23.7998604,0.05615011,3,3,0,0
Zone_DH436,4417871373,90.3794003,23.7967095,0.00195408,4,3,0,1
Zone_DH436,2541428246,90.3727885,23.8025596,0.01927884,4,3,0,0
Zone_DH436,7030562331,90.3607209,23.8022924,0.0,4,1,0,0
Zone_DH436,3716152864,90.3654962,23.7947874,0.0,4,1,0,0
Zone_DH436,3716152865,90.3656085,23.7941567,0.00390577,4,3,0,1
Zone_DH436,7030562338,90.3598417,23.8026764,0.007758,4,3,0,1
Zone_DH436,12102868519,90.3614525,23.7914015,0.0,4,1,0,0
Zone_DH436,12102868524,90.3612018,23.7912857,0.02727775,3,3,0,1
Zone_DH436,12102868542,90.3623769,23.7909262,0.00195456,4,3,0,1
Zone_DH436,386039360,90.3697678,23.782315,0.01091378,4,2,0,0
Zone_DH436,12102868551,90.3620935,23.7913358,0.0,4,1,0,0
Zone_DH436,386039369,90.3704681,23.7835059,0.0,4,1,0,0
Zone_DH436,11611037269,90.3721482,23.7901319,0.07602932,2,3,0,1
Zone_DH436,11611037273,90.3720267,23.7905124,0.0,4,1,0,0
Zone_DH436,11611037278,90.3726452,23.7907255,0.04776737,3,3,0,0
Zone_DH436,386047590,90.369299,23.7927294,0.03292488,3,4,0,0
Zone_DH436,4417871474,90.3787467,23.7969562,0.00527142,4,3,0,0
Zone_DH436,386047603,90.3694543,23.7940067,0.01860246,4,3,0,0
Zone_DH436,386047605,90.3696337,23.7945118,0.05011962,3,3,0,0
Zone_DH436,386219638,90.3638238,23.8023445,0.01860915,4,3,0,0
Zone_DH436,4588715638,90.3794395,23.7945303,0.00097752,4,2,0,1
Zone_DH436,4588715637,90.3794003,23.7950042,0.0,4,1,0,0
Zone_DH436,11991686779,90.3687256,23.8020086,0.0,4,1,0,0
Zone_DH436,11991686780,90.3680286,23.8023018,0.0,4,1,0,0
Zone_DH436,11991686781,90.367415,23.8027315,0.00833495,4,3,0,1
Zone_DH436,11991686782,90.3678204,23.8028145,0.00195456,4,3,0,1
Zone_DH436,11991686783,90.3678996,23.8029206,0.0,4,1,0,0
Zone_DH436,11991686785,90.3678888,23.8026465,0.0,4,1,0,0
Zone_DH436,11337145991,90.3608268,23.7983593,0.00097752,4,3,0,1
Zone_DH436,11991686793,90.3648917,23.8014999,0.00221411,4,3,0,0
Zone_DH436,4588715666,90.3796889,23.7969903,0.0,4,1,0,0
Zone_DH436,4588715671,90.3796518,23.7966992,0.00097752,4,2,0,1
Zone_DH436,4510277278,90.3636563,23.7967329,0.03003965,3,3,0,0
Zone_DH436,4588715679,90.3791184,23.797554,0.00148324,4,3,0,0
Zone_DH436,3536199333,90.3619028,23.8025129,0.00843628,4,3,0,0
Zone_DH436,3717873318,90.3700448,23.7954394,0.01012172,4,3,0,1
Zone_DH436,4603387558,90.3758537,23.7899508,0.01224215,4,3,0,0
Zone_DH436,4588715688,90.379129,23.7988523,0.00095218,4,3,0,0
Zone_DH436,4603387562,90.3747743,23.789747,0.03251953,3,3,0,0
Zone_DH436,3731865334,90.3587317,23.785272,0.07156668,3,3,0,1
Zone_DH436,3731865337,90.3588957,23.7821858,0.0,4,1,0,0
Zone_DH436,4588715790,90.3791043,23.799398,0.00039196,4,2,0,0
Zone_DH436,4599209770,90.3787836,23.7999586,0.0,4,1,0,0
Zone_DH436,3648192303,90.3743021,23.7844668,0.02095997,3,3,0,0
Zone_DH436,4599209780,90.3768391,23.7896508,1.482e-05,4,3,0,0
Zone_DH436,3648192311,90.3728142,23.7896172,0.0,4,1,0,0
Zone_DH436,4599209784,90.3761711,23.7896081,0.0106872,4,3,0,0
Zone_DH436,3648192314,90.3708145,23.7915493,0.01790171,4,3,0,0
Zone_DH436,264879932,90.3572658,23.8025859,0.00097752,4,3,0,1
Zone_DH436,264879935,90.3579201,23.8015935,0.00728095,4,3,0,1
Zone_DH436,3648192320,90.3704607,23.7920401,0.03194927,3,3,0,0
Zone_DH436,3648192324,90.3703788,23.7923295,0.01865743,4,3,0,0
Zone_DH436,7281598295,90.3567307,23.7835316,0.01734149,4,3,0,0
Zone_DH436,7281598296,90.3567302,23.7835267,0.01067382,4,3,0,0
Zone_DH436,9230384988,90.3734389,23.7843663,0.0,4,1,0,0
Zone_DH436,6294536057,90.3687219,23.7860124,0.0,4,1,0,0
Zone_DH436,6294536060,90.368557,23.7860909,0.0,4,1,0,0
Zone_DH436,4603387793,90.3737304,23.7914665,0.05885131,3,3,0,0
Zone_DH436,4603387796,90.3740716,23.7907119,0.01118433,4,3,0,1
Zone_DH436,12013076373,90.3593188,23.8005364,0.00861123,4,3,0,0
Zone_DH436,9635159978,90.368531,23.7827717,0.01422873,4,3,0,0
Zone_DH436,4489994176,90.3702111,23.7893235,0.10380562,2,3,0,0
Zone_DH436,7299014598,90.3587414,23.8027097,0.0,4,1,0,0
Zone_DH436,7299014600,90.3590602,23.8023188,0.00710982,4,3,0,1
Zone_DH436,4599109687,90.3762949,23.7874232,0.0,4,1,0,0
Zone_DH436,7466385380,90.3608436,23.7823851,0.0024665,4,3,0,0
Zone_DH436,3738771434,90.3544147,23.7980735,0.0,4,1,0,0
Zone_DH436,3738771440,90.3553004,23.7989054,0.01055384,4,4,0,0
Zone_DH436,4314791935,90.3641119,23.803976,0.00132837,4,3,0,1
