zone_id,node_id,lon,lat,bc,tier,degree,is_master,is_art_pt
Zone_DH402,4314791936,90.3642718,23.8026411,0.02255382,4,3,0,0
Zone_DH402,6087081985,90.3549261,23.8061951,0.01247421,4,3,0,1
Zone_DH402,6087081986,90.3544895,23.805901,0.0,4,1,0,0
Zone_DH402,6087081987,90.3550538,23.8060452,0.0138062,4,3,0,1
Zone_DH402,6087081988,90.3554689,23.8063372,0.0,4,1,0,0
Zone_DH402,3713286150,90.3642839,23.808598,0.0039374,4,3,0,0
Zone_DH402,6291825608,90.3522225,23.7994522,0.01021131,4,3,0,0
Zone_DH402,3713286152,90.3643147,23.809086,0.00238157,4,3,0,0
Zone_DH402,4425416723,90.3482132,23.7938392,0.00217426,4,3,0,0
Zone_DH402,3731349533,90.3689482,23.8058788,0.01543464,4,3,0,0
Zone_DH402,1736179754,90.3571424,23.8036821,0.01570906,4,3,0,0
Zone_DH402,5142847530,90.3604263,23.8050981,0.07971653,2,3,0,0
Zone_DH402,5142847531,90.3611373,23.8055485,0.00950425,4,3,0,0
Zone_DH402,3713368129,90.3661897,23.8076723,0.03088381,3,3,0,1
Zone_DH402,3713368130,90.3665233,23.8077484,0.0,4,1,0,0
Zone_DH402,12018434124,90.3511072,23.7917647,0.0,4,1,0,0
Zone_DH402,12018434126,90.3519179,23.7917794,0.0,4,1,0,0
Zone_DH402,12018434128,90.3514385,23.7917775,0.0020005,4,3,0,1
Zone_DH402,12018434130,90.3508497,23.7919095,0.0,4,1,0,0
Zone_DH402,12018434134,90.3514378,23.7919212,0.00399749,4,3,0,1
Zone_DH402,4397580377,90.3659267,23.7978817,0.04485426,3,3,0,0
Zone_DH402,12018434140,90.3514847,23.7921329,0.00698247,4,3,0,1
Zone_DH402,382025821,90.3556785,23.7911053,0.01348572,4,4,0,0
Zone_DH402,382025822,90.3558184,23.7901331,0.0024667,4,3,0,1
Zone_DH402,12018434142,90.3514946,23.7922916,0.00897245,4,3,0,1
Zone_DH402,12018434144,90.35203,23.7923073,0.00995993,4,3,0,1
Zone_DH402,12018434141,90.3514867,23.7925096,0.0,4,1,0,0
Zone_DH402,3738976355,90.3614474,23.7997278,0.07678364,2,3,0,0
Zone_DH402,12018434148,90.3520147,23.7925983,0.01194541,4,3,0,1
Zone_DH402,3738976359,90.3599931,23.7993795,0.00471407,4,3,0,0
Zone_DH402,3738976360,90.3599156,23.7997161,0.01287881,4,4,0,0
Zone_DH402,4476125295,90.3465738,23.8016627,0.00399749,4,3,0,1
Zone_DH402,6121422963,90.353385,23.8049551,0.00412068,4,3,0,0
Zone_DH402,6121422964,90.354231,23.8055591,0.01281371,4,3,0,0
Zone_DH402,6121422965,90.3532067,23.805176,0.00387882,4,3,0,0
Zone_DH402,6121422966,90.354103,23.8058031,0.0124066,4,3,0,0
Zone_DH402,12054347895,90.3454669,23.8037505,0.0020005,4,4,0,1
Zone_DH402,6121422968,90.3539502,23.806075,0.01295743,4,3,0,0
Zone_DH402,6121422969,90.3528317,23.8056312,0.00159489,4,3,0,0
Zone_DH402,12054347898,90.3450819,23.8040315,0.00499249,4,3,0,1
Zone_DH402,6121422970,90.3538276,23.8063004,0.01329393,4,4,0,1
Zone_DH402,2541469820,90.3687038,23.806972,0.00983725,4,3,0,0
Zone_DH402,11992113276,90.363765,23.8018836,0.02302152,3,3,0,1
Zone_DH402,12054347901,90.3464626,23.801624,0.0020005,4,3,0,1
Zone_DH402,1554792575,90.3687305,23.806391,0.01042864,4,3,0,0
Zone_DH402,4476125312,90.3464253,23.8019903,0.00599048,4,3,0,1
Zone_DH402,12054347905,90.3467402,23.7999578,0.0,4,1,0,0
Zone_DH402,1554792578,90.3686326,23.8066667,0.01281772,4,3,0,0
Zone_DH402,4476125314,90.3463852,23.8019774,0.00797596,4,3,0,1
Zone_DH402,11992113277,90.3637055,23.8016711,0.002,4,2,0,1
Zone_DH402,11992113280,90.3635841,23.8014536,0.0010005,4,2,0,1
Zone_DH402,11992113286,90.3629438,23.8023055,0.0,4,1,0,0
Zone_DH402,11992113279,90.3635097,23.8013042,0.0,4,1,0,0
Zone_DH402,11992113287,90.3633139,23.8022085,0.0,4,1,0,0
Zone_DH402,11992113289,90.3638429,23.8022838,0.04186127,3,3,0,1
Zone_DH402,11992113294,90.3646349,23.8020196,0.0,4,1,0,0
Zone_DH402,4476125336,90.3448327,23.8021593,0.0,4,1,0,0
Zone_DH402,4476125339,90.3469817,23.8021873,0.0,4,1,0,0
Zone_DH402,4476125346,90.346262,23.8022836,0.01095342,4,4,0,1
Zone_DH402,4476125352,90.3453811,23.8023614,0.00399749,4,3,0,1
Zone_DH402,4476125357,90.3467661,23.8024558,0.0,4,1,0,0
Zone_DH402,4476125358,90.34617,23.8025096,0.01788582,4,3,0,1
Zone_DH402,4476125365,90.3452466,23.8026775,0.0020005,4,3,0,1
Zone_DH402,4476125379,90.3459367,23.802786,0.0,4,1,0,0
Zone_DH402,8870944964,90.3474436,23.8049866,0.02792087,3,3,0,1
Zone_DH402,8870944965,90.3478918,23.8052172,0.0,4,1,0,0
Zone_DH402,4476125385,90.3470464,23.8030081,0.02936704,3,4,0,1
Zone_DH402,4584915145,90.364914,23.811112,0.00296645,4,3,0,0
Zone_DH402,4584915147,90.3657963,23.8115669,0.0030035,4,3,0,0
Zone_DH402,4584915148,90.3649608,23.8106032,0.00409113,4,3,0,0
Zone_DH402,4476125389,90.3466706,23.8035731,0.00910065,4,3,0,0
Zone_DH402,3713343694,90.3653415,23.8102218,0.0160741,4,3,0,0
Zone_DH402,3713343695,90.3653475,23.8097664,0.01145768,4,3,0,0
Zone_DH402,4584915152,90.3648581,23.8117323,0.00071557,4,3,0,0
Zone_DH402,5428322513,90.3556219,23.8069644,0.03037455,3,3,0,1
Zone_DH402,4584915146,90.3658477,23.8112778,0.00357336,4,3,0,0
Zone_DH402,4584915151,90.3649141,23.8114092,0.0013305,4,3,0,0
Zone_DH402,5428322514,90.3552563,23.8067094,0.0,4,1,0,0
Zone_DH402,6087188704,90.3637313,23.8131381,0.0,4,1,0,0
Zone_DH402,6087188706,90.3637776,23.812893,0.00030946,4,2,0,0
Zone_DH402,10266829026,90.355711,23.8002129,0.09188678,2,4,0,1
Zone_DH402,6642843877,90.3541628,23.7975105,0.00499299,4,3,0,1
Zone_DH402,6642843878,90.3541821,23.7968196,0.0,4,1,0,0
Zone_DH402,6642843879,90.3537142,23.7975214,0.00455783,4,3,0,1
Zone_DH402,6642843880,90.3537318,23.7968322,0.0,4,1,0,0
Zone_DH402,4597645551,90.3682292,23.8039809,0.00068653,4,3,0,0
Zone_DH402,3735404784,90.3622133,23.7975646,0.02228542,4,3,0,1
Zone_DH402,3713302769,90.3651519,23.8082209,0.02073008,4,3,0,0
Zone_DH402,8572887279,90.3477095,23.7959105,0.00928993,4,3,0,0
Zone_DH402,3713310965,90.3637288,23.8089998,0.00412669,4,3,0,0
Zone_DH402,3735404789,90.3644884,23.7934377,0.016672,4,3,0,1
Zone_DH402,3556704508,90.3535109,23.7982485,0.0,4,1,0,0
Zone_DH402,3556704511,90.3535278,23.798409,0.00599048,4,3,0,1
Zone_DH402,3556704512,90.3533212,23.7984763,0.00399749,4,3,0,1
Zone_DH402,3556704514,90.3530752,23.7986777,0.0,4,1,0,0
Zone_DH402,3556704515,90.353173,23.7987612,0.0020005,4,3,0,1
Zone_DH402,3556704516,90.353323,23.7988281,0.0,4,1,0,0
Zone_DH402,8870945039,90.3497096,23.8055208,0.03993889,3,4,0,1
Zone_DH402,10092462385,90.3632884,23.7911485,0.0,4,1,0,0
Zone_DH402,10092462386,90.363298,23.7907665,0.0020005,4,3,0,1
Zone_DH402,3734765885,90.3591598,23.7916762,0.01328943,4,3,0,1
Zone_DH402,3853656396,90.3673743,23.8111312,0.00104006,4,2,0,0
Zone_DH402,3853656397,90.3657644,23.8108596,0.00128593,4,3,0,0
Zone_DH402,3853656398,90.3658898,23.8102176,0.0062714,4,3,0,0
Zone_DH402,9742598489,90.3657646,23.7912754,0.00238608,4,3,0,0
Zone_DH402,8856011103,90.3640723,23.8112255,0.00328442,4,3,0,0
Zone_DH402,8856011104,90.3649118,23.811365,0.00228292,4,3,0,0
Zone_DH402,8856011105,90.3641144,23.8109479,0.00333801,4,3,0,0
Zone_DH402,8856011106,90.3646286,23.8110213,0.00075513,4,3,0,0
Zone_DH402,8856011107,90.3641546,23.810683,0.00374962,4,3,0,0
Zone_DH402,8856011108,90.3646602,23.8107633,0.00161793,4,3,0,0
Zone_DH402,8856011109,90.3645705,23.8113155,0.0009995,4,3,0,0
Zone_DH402,6784205158,90.3543312,23.7932919,0.00599249,4,3,0,1
Zone_DH402,6784205159,90.3545988,23.7933201,0.0,4,1,0,0
Zone_DH402,6784205160,90.3537068,23.7932679,0.020341,4,3,0,1
Zone_DH402,3713278315,90.3643825,23.8093873,0.00381823,4,3,0,0
Zone_DH402,3713278317,90.3636554,23.8093805,0.01575012,4,3,0,0
Zone_DH402,3713278322,90.3634904,23.8103264,0.0034687,4,3,0,0
Zone_DH402,382026118,90.3595693,23.7901641,0.01040961,4,2,0,0
Zone_DH402,4601094534,90.3697503,23.804883,3e-06,4,2,0,0
Zone_DH402,382026120,90.3592235,23.7908002,0.01548672,4,3,0,1
Zone_DH402,4601094535,90.3692685,23.8040825,0.0,4,1,0,0
Zone_DH402,382026122,90.3590654,23.7913603,0.02341962,3,3,0,0
Zone_DH402,3732390282,90.3603749,23.8051685,0.07971553,2,3,0,0
Zone_DH402,4601094536,90.3697158,23.8042495,0.0010005,4,2,0,1
Zone_DH402,386277775,90.3498381,23.7966655,0.04375661,3,4,0,0
Zone_DH402,4601094545,90.3691091,23.8033886,0.00048423,4,2,0,0
Zone_DH402,386277777,90.3487744,23.7982467,0.02172508,4,3,0,0
Zone_DH402,386277778,90.3481764,23.7991026,0.01241812,4,3,0,1
Zone_DH402,386277779,90.34752,23.8000386,0.0092714,4,3,0,0
Zone_DH402,4601094555,90.3677106,23.8018345,0.01164747,4,3,0,0
Zone_DH402,4601094557,90.368658,23.800878,0.0,4,1,0,0
Zone_DH402,386277796,90.3507831,23.7971283,0.02497645,3,3,0,0
Zone_DH402,386277800,90.3497284,23.7988346,0.0228738,3,3,0,0
Zone_DH402,3095151018,90.369144,23.8054817,0.01749874,4,3,0,1
Zone_DH402,386277803,90.3485046,23.8006214,0.01679118,4,3,0,0
Zone_DH402,4595581357,90.3597518,23.7917957,0.01197045,4,3,0,0
Zone_DH402,4595581359,90.3592895,23.7925158,0.00104657,4,3,0,1
Zone_DH402,4595581360,90.3590753,23.7923236,0.0,4,1,0,0
Zone_DH402,4601094586,90.3683613,23.8045899,0.0,4,1,0,0
Zone_DH402,4601094587,90.3681614,23.8048354,0.01328342,4,3,0,1
Zone_DH402,6121898428,90.3598177,23.8059307,0.03308661,3,3,0,0
Zone_DH402,382026173,90.361218,23.7912762,0.01353129,4,3,0,0
Zone_DH402,6121898429,90.3592564,23.80568,0.01405958,4,3,0,0
Zone_DH402,382026175,90.3616688,23.7910973,0.01269954,4,3,0,1
Zone_DH402,4601094591,90.3674543,23.8025545,0.01612067,4,3,0,0
Zone_DH402,4601094588,90.3673773,23.8047784,0.0,4,1,0,0
Zone_DH402,4601094589,90.3670103,23.8047113,0.00187631,4,3,0,1
Zone_DH402,8870945222,90.3504541,23.8065645,0.00585428,4,3,0,0
Zone_DH402,386277832,90.3490642,23.802198,0.03869102,3,4,0,0
Zone_DH402,4601094601,90.366494,23.8039519,0.01637756,4,3,0,0
Zone_DH402,4601094602,90.3664343,23.8048373,0.0010005,4,3,0,1
Zone_DH402,4601094603,90.36646,23.8045581,0.00229094,4,3,0,0
Zone_DH402,386277836,90.3479456,23.8035289,0.02243214,4,4,0,0
Zone_DH402,11985297867,90.3632083,23.8057822,0.0,4,1,0,0
Zone_DH402,4601094606,90.3668835,23.80539,0.01938907,4,3,0,0
Zone_DH402,386277838,90.3477542,23.8038116,0.0143375,4,3,0,0
Zone_DH402,4601094607,90.3669936,23.8049216,0.00305358,4,3,0,0
Zone_DH402,386277841,90.3480552,23.8040786,0.0166715,4,3,0,0
Zone_DH402,4601094609,90.3661396,23.8047989,0.0,4,1,0,0
Zone_DH402,264880597,90.3478403,23.8119124,6.01e-06,4,2,0,0
Zone_DH402,264880598,90.3479177,23.8119751,1.402e-05,4,2,0,0
Zone_DH402,386277845,90.3475764,23.8047894,0.0456139,3,3,0,0
Zone_DH402,4601094616,90.3653196,23.8047102,0.04977213,3,3,0,0
Zone_DH402,8856011225,90.3627877,23.8128988,0.00268553,4,4,0,0
Zone_DH402,8856011226,90.3628768,23.8125177,0.00268803,4,3,0,0
Zone_DH402,4425400793,90.3502061,23.790047,0.0,4,2,0,0
Zone_DH402,8856011224,90.3626986,23.8132804,7.862e-05,4,2,0,0
Zone_DH402,4611162589,90.3600693,23.7990434,0.02139408,4,3,0,1
Zone_DH402,12019909082,90.3513603,23.7913932,0.0,4,1,0,0
Zone_DH402,12019909087,90.3514693,23.7912944,0.00399749,4,3,0,1
Zone_DH402,386032107,90.3596829,23.80073,0.03436453,3,3,0,0
Zone_DH402,386032112,90.3584292,23.800051,0.06188029,2,4,0,0
Zone_DH402,4611162625,90.3595876,23.7997566,0.01095993,4,3,0,0
Zone_DH402,4611162629,90.359457,23.8001855,0.00042213,4,3,0,0
Zone_DH402,6121447942,90.3484084,23.8058354,0.0,4,1,0,0
Zone_DH402,4611162632,90.3585565,23.7998403,0.03843563,3,3,0,0
Zone_DH402,6349070859,90.3621272,23.8022487,0.05219076,3,4,0,1
Zone_DH402,4611162636,90.3618783,23.7984691,0.08709209,2,3,0,0
Zone_DH402,4611162635,90.358159,23.7984673,0.00433851,4,3,0,0
Zone_DH402,4611162637,90.3614593,23.7983053,0.06090132,2,3,0,0
Zone_DH402,3765142039,90.353423,23.7965003,0.03331546,3,3,0,0
Zone_DH402,3508724253,90.3687683,23.8070584,0.00445168,4,3,0,0
Zone_DH402,348365344,90.358645,23.7923908,0.03688531,3,3,0,1
Zone_DH402,3508724256,90.3685018,23.8069871,0.01872007,4,3,0,0
Zone_DH402,3508724259,90.3684788,23.8071718,0.01659138,4,3,0,0
Zone_DH402,3508724263,90.3687401,23.8071805,0.00058538,4,2,0,0
Zone_DH402,3508724268,90.365767,23.8063114,0.0097346,4,3,0,0
Zone_DH402,3508724273,90.3650639,23.8060568,0.04933798,3,3,0,0
Zone_DH402,3508724275,90.3642323,23.8054501,0.05475611,3,3,0,0
Zone_DH402,3508724278,90.3613622,23.8036626,0.07045214,2,3,0,0
Zone_DH402,3508724279,90.3607662,23.8034046,0.12638301,1,3,0,0
Zone_DH402,3508724281,90.3578221,23.8013817,0.05656332,3,3,0,0
Zone_DH402,3508724282,90.3561602,23.8003383,0.04329742,3,3,0,0
Zone_DH402,9559441994,90.3487869,23.7951522,0.00967451,4,3,0,0
Zone_DH402,9559441995,90.3489031,23.7949777,0.00875613,4,4,0,0
Zone_DH402,4611162700,90.358911,23.7989129,0.04600649,3,3,0,0
Zone_DH402,4611162701,90.3581031,23.7987888,0.02050925,4,3,0,0
Zone_DH402,4611162703,90.3569163,23.796554,0.05053778,3,3,0,0
Zone_DH402,9559442000,90.3480695,23.7952428,0.00049624,4,3,0,0
Zone_DH402,4611162705,90.356818,23.7971208,0.00350926,4,3,0,0
Zone_DH402,9559442003,90.3476495,23.7958457,0.0060686,4,4,0,1
Zone_DH402,264880728,90.3515409,23.8060994,0.02376914,3,3,0,0
Zone_DH402,386277977,90.3501039,23.7982806,0.01997145,4,3,0,0
Zone_DH402,6102393435,90.3550023,23.8085082,0.0,4,1,0,0
Zone_DH402,6102393436,90.354217,23.8077434,0.0020005,4,3,0,1
Zone_DH402,6102393437,90.3551539,23.8080684,0.0,4,1,0,0
Zone_DH402,9288204905,90.3600828,23.7942834,0.0,4,1,0,0
Zone_DH402,12018238069,90.3524552,23.7926226,0.01392238,4,3,0,1
Zone_DH402,12018238074,90.3527373,23.7928072,0.0,4,1,0,0
Zone_DH402,6279733885,90.3615935,23.8077184,0.02637104,3,4,0,0
Zone_DH402,6279733886,90.3618064,23.8073502,0.02611266,3,3,0,0
Zone_DH402,6279733887,90.3620022,23.8070722,0.02655081,3,3,0,0
Zone_DH402,6279733888,90.3622125,23.8068062,0.03050825,3,4,0,0
Zone_DH402,6279733889,90.3624134,23.8065334,0.02172708,4,3,0,0
Zone_DH402,6279733890,90.3626149,23.8062503,0.024005,3,3,0,0
Zone_DH402,6279733891,90.362718,23.8060988,0.09506255,2,4,0,0
Zone_DH402,5928108683,90.3619695,23.8106321,0.02212868,4,3,0,0
Zone_DH402,6121439884,90.3492384,23.8047624,0.01928542,4,3,0,0
Zone_DH402,5928108684,90.3610337,23.8104763,0.0149379,4,3,0,0
Zone_DH402,10146849421,90.3545079,23.8070476,0.03573559,3,3,0,1
Zone_DH402,11409244818,90.3662371,23.7937366,0.0,4,1,0,0
Zone_DH402,386278036,90.3539571,23.8005889,0.02231546,4,3,0,0
Zone_DH402,11409244822,90.3641274,23.7904811,0.00976164,4,3,0,0
Zone_DH402,11409244824,90.3639372,23.7909265,0.00243515,4,3,0,1
Zone_DH402,11409244825,90.3639435,23.7914235,0.00517676,4,3,0,1
Zone_DH402,11409244828,90.3636023,23.7919403,0.0,4,1,0,0
Zone_DH402,11409244829,90.3630842,23.7917554,0.01042563,4,3,0,1
Zone_DH402,11409244830,90.3635937,23.7918402,0.0,4,1,0,0
Zone_DH402,11409244831,90.362671,23.7914769,0.0,4,1,0,0
Zone_DH402,11409244832,90.3630752,23.7915408,0.0085378,4,3,0,1
Zone_DH402,11409244833,90.3630423,23.7920826,0.01421732,4,3,0,1
Zone_DH402,11409244834,90.3633174,23.7921371,0.0,4,1,0,0
Zone_DH402,11409244839,90.3618261,23.7913744,0.0,4,1,0,0
Zone_DH402,11409244840,90.3635923,23.7908965,0.0,4,1,0,0
Zone_DH402,11409244841,90.363597,23.7911781,0.0,4,1,0,0
Zone_DH402,11409244842,90.3639348,23.7911835,0.00440561,4,3,0,1
Zone_DH402,11409244843,90.3639264,23.7911027,0.00466399,4,3,0,0
Zone_DH402,5201281710,90.3560073,23.8064883,0.03619477,3,3,0,0
Zone_DH402,11409244847,90.3646419,23.7909264,0.01428943,4,3,0,0
Zone_DH402,5201281711,90.3551714,23.8058974,0.01691486,4,3,0,0
Zone_DH402,4476150481,90.3447261,23.8056705,0.0,4,1,0,0
Zone_DH402,264880859,90.3574095,23.8079375,0.04489782,3,3,0,0
Zone_DH402,12019909351,90.3519132,23.7909057,0.0,4,1,0,0
Zone_DH402,12019909352,90.3518824,23.7910041,0.01476214,4,3,0,1
Zone_DH402,4601103097,90.3693014,23.8065146,0.001003,4,2,0,0
Zone_DH402,4597572366,90.3629215,23.8033135,0.02603454,3,3,0,0
Zone_DH402,3732874002,90.3606671,23.804797,0.09965593,1,3,0,0
Zone_DH402,3732874004,90.3595566,23.8064918,0.0431467,3,3,0,0
Zone_DH402,3732874006,90.3592179,23.8073143,0.04240559,3,3,0,0
Zone_DH402,3732874007,90.3591826,23.8074547,0.04089082,3,3,0,0
Zone_DH402,3732874008,90.3585624,23.8083548,0.04893788,3,3,0,0
Zone_DH402,386278176,90.3486396,23.7984397,0.0144742,4,3,0,0
Zone_DH402,11411800896,90.3488456,23.7938469,0.01425237,4,3,0,0
Zone_DH402,12019909440,90.3521895,23.7907063,0.0,4,1,0,0
Zone_DH402,12015518532,90.3577245,23.7931758,0.0,4,1,0,0
Zone_DH402,4454490949,90.3641937,23.8104252,0.00477216,4,3,0,0
Zone_DH402,11411800903,90.3511879,23.8022795,0.00328042,4,3,0,0
Zone_DH402,11411800904,90.3503156,23.80355,0.0,4,1,0,0
Zone_DH402,386278217,90.3502476,23.8025311,0.01586829,4,3,0,0
Zone_DH402,4450083661,90.3491094,23.8107152,0.01227841,4,3,0,0
Zone_DH402,3731743566,90.3633669,23.8036018,0.04425586,3,3,0,0
Zone_DH402,4454490965,90.364713,23.8105369,0.00731397,4,4,0,0
Zone_DH402,5988500317,90.3675997,23.8104151,0.0082714,4,4,0,0
Zone_DH402,5988500318,90.3676986,23.8104358,0.00198097,4,3,0,0
Zone_DH402,11985306469,90.3630634,23.8057319,0.03473809,3,3,0,1
Zone_DH402,12019909487,90.3515229,23.7909039,0.01346519,4,3,0,1
Zone_DH402,12019909501,90.351875,23.790475,0.00399599,4,2,0,1
Zone_DH402,386278273,90.3541536,23.802837,0.07133096,2,4,0,0
Zone_DH402,386278274,90.3530995,23.8043383,0.00874061,4,3,0,0
Zone_DH402,386278279,90.354427,23.8052733,0.01634451,4,4,0,0
Zone_DH402,386278280,90.3536373,23.8066591,0.0559534,3,4,0,0
Zone_DH402,4595598217,90.3646719,23.7907109,0.01007861,4,3,0,1
Zone_DH402,4595598216,90.3632921,23.7900866,0.0,4,1,0,0
Zone_DH402,4595598220,90.3636537,23.7903122,0.00966149,4,3,0,1
Zone_DH402,4595598223,90.3636267,23.7904257,0.00958037,4,3,0,1
Zone_DH402,386278290,90.3564806,23.8044868,0.07038254,2,3,0,0
Zone_DH402,386278293,90.3558913,23.8003269,0.0673545,2,3,0,0
Zone_DH402,386278295,90.3568138,23.8077299,0.04866347,3,3,0,0
Zone_DH402,4595598231,90.3620946,23.7906789,0.00783825,4,3,0,1
Zone_DH402,4595598233,90.3626644,23.7903143,0.0,4,1,0,0
Zone_DH402,12019909534,90.3520245,23.7905836,0.0029995,4,3,0,1
Zone_DH402,4595598239,90.3622795,23.79068,0.00399749,4,3,0,1
Zone_DH402,3732005792,90.3659825,23.8055476,0.00204457,4,4,0,0
Zone_DH402,4595598242,90.3624555,23.7913212,0.0,4,1,0,0
Zone_DH402,9717269420,90.345056,23.800056,0.0,4,1,0,0
Zone_DH402,4483679149,90.3491205,23.7912896,0.0,4,1,0,0
Zone_DH402,386278324,90.3584121,23.8057291,0.05622531,3,4,0,0
Zone_DH402,386278325,90.358904,23.8060359,0.02592638,3,3,0,0
Zone_DH402,264881078,90.3490973,23.7962455,0.02717425,3,3,0,0
Zone_DH402,386278332,90.3577273,23.8053521,0.03601951,3,3,0,0
Zone_DH402,386278333,90.3569278,23.8063266,0.00151728,4,3,0,0
Zone_DH402,386278334,90.3560808,23.8075757,0.03213619,3,4,0,0
Zone_DH402,386278335,90.355958,23.8078564,0.01578817,4,3,0,0
Zone_DH402,386278336,90.3557601,23.8083181,0.01489934,4,3,0,0
Zone_DH402,386278337,90.3553654,23.8090279,0.01265598,4,3,0,0
Zone_DH402,386278338,90.355209,23.8093831,0.01080871,4,3,0,0
Zone_DH402,6121841606,90.3502052,23.8017097,0.00089935,4,3,0,0
Zone_DH402,6291825607,90.351965,23.7977162,0.08091934,2,3,0,0
Zone_DH402,12048671688,90.3650424,23.7997586,0.0,4,1,0,0
Zone_DH402,6291825609,90.3520183,23.7997571,0.01168402,4,4,0,0
Zone_DH402,6291825610,90.3518289,23.8000276,0.00210165,4,4,0,0
Zone_DH402,6291825611,90.3516401,23.8002991,0.00195493,4,4,0,0
Zone_DH402,6291825612,90.3514485,23.8005776,0.00180921,4,4,0,0
Zone_DH402,12048671693,90.3662413,23.7991401,0.0,4,1,0,0
Zone_DH402,6291825613,90.3512573,23.8008557,0.00223185,4,4,0,0
Zone_DH402,6121841610,90.3497992,23.8022704,0.01479619,4,3,0,0
Zone_DH402,386278352,90.3537246,23.8066915,0.05284875,3,3,0,0
Zone_DH402,12048671696,90.364575,23.8006698,0.02745367,3,3,0,1
Zone_DH402,12048671691,90.3651939,23.7995696,0.0,4,1,0,0
Zone_DH402,12048671694,90.3660442,23.7988468,0.0,4,1,0,0
Zone_DH402,12048671700,90.364809,23.8009946,0.0,4,1,0,0
Zone_DH402,12048671701,90.3650692,23.8010854,0.0,4,1,0,0
Zone_DH402,12048671703,90.3654184,23.8013156,0.00391437,4,3,0,1
Zone_DH402,12048671704,90.3651818,23.8009541,0.0,4,1,0,0
Zone_DH402,12048671705,90.3655374,23.8011427,0.00216575,4,3,0,1
Zone_DH402,382026714,90.3560222,23.7963039,0.0493515,3,3,0,1
Zone_DH402,3713328093,90.3667533,23.8086459,0.00891437,4,3,0,0
Zone_DH402,386278377,90.3577664,23.808454,0.01343665,4,3,0,0
Zone_DH402,386278385,90.3576161,23.808975,0.02793539,3,4,0,0
Zone_DH402,4454515705,90.3665669,23.8082137,0.0,4,1,0,0
Zone_DH402,386278398,90.3549178,23.8093071,0.00749774,4,3,0,1
Zone_DH402,386278399,90.3573287,23.809936,0.0250771,3,3,0,0
Zone_DH402,386278400,90.3571836,23.8104213,0.02210014,4,4,0,1
Zone_DH402,386278403,90.3560134,23.8101111,0.00210265,4,3,0,0
Zone_DH402,4611228684,90.3555542,23.7977477,0.0,4,1,0,0
Zone_DH402,4611228687,90.3581345,23.7991159,0.0,4,1,0,0
Zone_DH402,386278434,90.3570461,23.810881,0.01753579,4,3,0,0
Zone_DH402,386278436,90.3569112,23.811332,0.01466048,4,3,0,0
Zone_DH402,386278438,90.3555002,23.8109604,0.00091037,4,3,0,0
Zone_DH402,386278439,90.3572747,23.8101167,0.02364896,3,3,0,1
Zone_DH402,3720725544,90.3640444,23.794683,0.0,4,1,0,0
Zone_DH402,386278440,90.3592778,23.8106692,0.0,4,1,0,0
Zone_DH402,3720725546,90.3638917,23.7954279,0.0,4,1,0,0
Zone_DH402,386278441,90.3570722,23.8107936,0.01922683,4,3,0,1
Zone_DH402,386278442,90.3583791,23.8111378,0.0,4,1,0,0
Zone_DH402,386278443,90.3568767,23.8114474,0.01228492,4,3,0,1
Zone_DH402,386278444,90.3582075,23.8118209,0.0,4,1,0,0
Zone_DH402,386278445,90.3552786,23.8114109,0.00439108,4,3,0,0
Zone_DH402,386278446,90.3567831,23.8117603,0.01030495,4,3,0,0
Zone_DH402,386278447,90.3566397,23.81224,0.00556384,4,3,0,0
Zone_DH402,386278448,90.3550976,23.8118744,0.0034036,4,3,0,0
Zone_DH402,386278449,90.3565586,23.8125111,0.00457586,4,4,0,0
Zone_DH402,3720717362,90.3631558,23.7936933,0.0020005,4,3,0,1
Zone_DH402,3720717360,90.3630586,23.7932453,0.0,4,1,0,0
Zone_DH402,12000232516,90.3578617,23.8069024,0.0,4,1,0,0
Zone_DH402,11287675974,90.3521968,23.8007471,0.00638808,4,3,0,0
Zone_DH402,11287675975,90.3533623,23.8014373,0.00262644,4,3,0,0
Zone_DH402,386278472,90.3563878,23.8132108,0.00058888,4,2,0,0
Zone_DH402,11287675977,90.3531789,23.8009271,0.0,4,1,0,0
Zone_DH402,386278474,90.3544883,23.8127622,0.00141312,4,3,0,1
Zone_DH402,11287675979,90.3537447,23.8008867,0.00269654,4,3,0,0
Zone_DH402,11287675978,90.3525778,23.8001983,0.01389183,4,3,0,0
Zone_DH402,4021888076,90.3550498,23.8015421,0.01032749,4,3,0,0
Zone_DH402,4021888078,90.3565011,23.8025498,0.00295593,4,3,0,0
Zone_DH402,382026831,90.351989,23.7974379,0.06194539,2,3,0,0
Zone_DH402,382026832,90.3532193,23.7975672,0.02688782,3,3,0,0
Zone_DH402,11287675980,90.3531523,23.8005373,0.00550075,4,4,0,0
Zone_DH402,4493714516,90.3579722,23.7927815,0.0,4,1,0,0
Zone_DH402,386049109,90.3672807,23.792787,0.0029995,4,3,0,1
Zone_DH402,4493714517,90.3583482,23.7929093,0.02614921,3,4,0,1
Zone_DH402,386049111,90.3670248,23.792723,0.00656134,4,3,0,1
Zone_DH402,386049116,90.3666621,23.7932706,0.00918678,4,3,0,1
Zone_DH402,386049128,90.3654286,23.7941269,0.00949424,4,3,0,1
Zone_DH402,12054389867,90.3483225,23.7947463,0.0,4,1,0,0
Zone_DH402,9832268909,90.3492174,23.7963858,0.02562956,3,3,0,0
Zone_DH402,9832268910,90.3492883,23.7962874,0.04022832,3,3,0,0
Zone_DH402,386049137,90.3646894,23.795344,0.01861992,4,3,0,0
Zone_DH402,11991893108,90.3610669,23.8017508,0.05678765,3,3,0,0
Zone_DH402,11991893109,90.361172,23.8036694,0.0853645,2,3,0,0
Zone_DH402,11991893110,90.3612401,23.8035825,0.06999896,2,3,0,0
Zone_DH402,11991893111,90.3613425,23.8037833,0.0288087,3,3,0,0
Zone_DH402,11991893112,90.3614094,23.8036957,0.01658787,4,3,0,0
Zone_DH402,11991893113,90.3626701,23.80462,0.06414969,2,3,0,0
Zone_DH402,11991893114,90.3627295,23.8045398,0.05467649,3,3,0,0
Zone_DH402,386049146,90.3641355,23.7957752,0.01799048,4,3,0,1
Zone_DH402,3713270920,90.3644506,23.809769,0.01179769,4,3,0,0
Zone_DH402,3732407434,90.3613255,23.8015492,0.09725133,2,3,0,0
Zone_DH402,386049162,90.3636378,23.7966533,0.06071054,2,3,0,0
Zone_DH402,3732407438,90.3603893,23.8010093,0.01835152,4,3,0,0
Zone_DH402,386049177,90.3631523,23.797693,0.0087376,4,3,0,0
Zone_DH402,6264828265,90.3503515,23.796761,0.01919979,4,3,0,0
Zone_DH402,348357787,90.3590635,23.7929305,0.02736003,3,3,0,0
Zone_DH402,6122874013,90.3578658,23.8073557,0.01021932,4,3,0,0
Zone_DH402,348357791,90.3598505,23.7932504,0.02555432,3,3,0,0
Zone_DH402,382026932,90.3528696,23.7941547,0.02258637,3,3,0,0
Zone_DH402,382026933,90.3526054,23.797494,0.00054632,4,3,0,0
Zone_DH402,3732407479,90.3602936,23.8012273,0.03509062,3,3,0,0
Zone_DH402,3732407481,90.3606128,23.7998975,0.01071657,4,3,0,0
Zone_DH402,12018517224,90.3512584,23.7945362,0.0,4,1,0,0
Zone_DH402,4487963909,90.3677155,23.8004881,0.0012689,4,3,0,1
Zone_DH402,4450084101,90.351633,23.811311,0.00897245,4,3,0,1
Zone_DH402,4455990534,90.3551892,23.8051952,0.0,4,1,0,0
Zone_DH402,4487963910,90.368077,23.8006686,0.0,4,1,0,0
Zone_DH402,11068179732,90.3600493,23.7991317,0.02502252,3,3,0,0
Zone_DH402,3718079771,90.3649871,23.7945625,0.01346219,4,3,0,0
Zone_DH402,3732882715,90.3615213,23.8076737,0.01504055,4,3,0,0
Zone_DH402,3732882716,90.3604484,23.8091461,0.04719026,3,3,0,0
Zone_DH402,386024738,90.3640683,23.8054735,0.02608712,3,3,0,0
Zone_DH402,386024739,90.3647815,23.8043845,0.04489983,3,3,0,0
Zone_DH402,386024744,90.3636515,23.8041517,0.02773609,3,3,0,0
Zone_DH402,386024745,90.3646027,23.8047314,0.02141912,4,3,0,0
Zone_DH402,4450084145,90.3501188,23.8117015,0.01095543,4,3,0,1
Zone_DH402,386049332,90.3638782,23.7986248,0.00150876,4,3,0,0
Zone_DH402,5927773501,90.3535855,23.7926989,0.04666347,3,3,0,1
Zone_DH402,4611097931,90.3577144,23.7996585,0.01594491,4,3,0,0
Zone_DH402,12018517329,90.3513462,23.7943401,0.0,4,1,0,0
Zone_DH402,4611097941,90.3575658,23.8012142,0.04132897,3,3,0,0
Zone_DH402,5660271966,90.3481372,23.8011788,0.02449673,3,3,0,0
Zone_DH402,3732874601,90.3581627,23.8069482,0.00997295,4,3,0,0
Zone_DH402,3713271151,90.3668854,23.8096211,0.00291788,4,3,0,0
Zone_DH402,3713271152,90.3669179,23.8094736,0.00393089,4,3,0,0
Zone_DH402,3713271155,90.3651554,23.8093787,0.01511216,4,3,0,0
Zone_DH402,3713271156,90.3652103,23.8093775,0.01221832,4,3,0,0
Zone_DH402,3713271157,90.3652155,23.8097655,0.01238056,4,3,0,0
Zone_DH402,3713271163,90.3667744,23.8099403,0.00241462,4,3,0,0
Zone_DH402,7130031493,90.3581666,23.7960415,0.0,4,1,0,0
Zone_DH402,5833557382,90.3644357,23.8099231,0.01923534,4,3,0,0
Zone_DH402,7130031495,90.3581591,23.7951057,0.03907209,3,3,0,0
Zone_DH402,5833557383,90.3635649,23.8097691,0.01130545,4,3,0,0
Zone_DH402,5833557384,90.3637785,23.8085791,0.00885578,4,3,0,0
Zone_DH402,3519792526,90.3601285,23.7964402,0.09849569,1,4,0,1
Zone_DH402,1553073589,90.3684575,23.8071267,0.01694791,4,3,0,0
Zone_DH402,1553073590,90.3686074,23.8072383,0.00445368,4,3,0,0
Zone_DH402,12018517447,90.3509275,23.793468,0.0,4,1,0,0
Zone_DH402,12018517449,90.350945,23.7931964,0.01873409,4,3,0,1
Zone_DH402,3731342803,90.3693858,23.8049216,0.00698547,4,3,0,1
Zone_DH402,3731342804,90.3687708,23.804711,0.0,4,1,0,0
Zone_DH402,4452337110,90.3559787,23.7964566,0.0,4,1,0,0
Zone_DH402,386049501,90.3645334,23.7976761,0.00029344,4,3,0,0
Zone_DH402,386049508,90.363887,23.7990654,0.01746269,4,3,0,0
Zone_DH402,4456179211,90.3570341,23.8028611,0.02768602,3,3,0,0
Zone_DH402,4456179215,90.3566844,23.8032766,0.02038757,4,3,0,0
Zone_DH402,4456179216,90.3571857,23.8036319,0.01504005,4,3,0,0
Zone_DH402,4456179217,90.3563513,23.8036723,0.01903454,4,3,0,0
Zone_DH402,4456179218,90.3568643,23.8040196,0.01676264,4,3,0,0
Zone_DH402,264881689,90.3504008,23.800561,0.05136552,3,3,0,0
Zone_DH402,4488103466,90.3673027,23.7992019,0.0,4,1,0,0
Zone_DH402,3639412270,90.3540324,23.8130958,0.0,4,1,0,0
Zone_DH402,3720709681,90.3630745,23.7918848,0.01232047,4,3,0,1
Zone_DH402,264881719,90.3521803,23.797975,0.1037711,1,4,0,0
Zone_DH402,4483679815,90.3498561,23.7921453,0.00332148,4,3,0,1
Zone_DH402,386049613,90.368107,23.793914,0.0010005,4,2,0,1
Zone_DH402,386049629,90.3659415,23.7966727,0.03552577,3,3,0,0
Zone_DH402,7442556523,90.3525744,23.8013736,0.01037205,4,4,0,0
Zone_DH402,7442556524,90.352354,23.8017145,0.02633198,3,3,0,0
Zone_DH402,12098381429,90.3544926,23.8090738,0.0,4,1,0,0
Zone_DH402,4485613173,90.3640873,23.7939269,0.01842262,4,3,0,1
Zone_DH402,386025079,90.367073,23.8059976,0.00784076,4,3,0,0
Zone_DH402,4483679865,90.3501302,23.7927786,0.01078818,4,3,0,1
Zone_DH402,4483679866,90.3502603,23.7927845,0.01249474,4,3,0,1
Zone_DH402,4424320635,90.3603901,23.7982226,0.0,4,1,0,0
Zone_DH402,4483679867,90.3505877,23.7927745,0.01705257,4,3,0,0
Zone_DH402,4485613184,90.3626801,23.7948458,0.0020005,4,3,0,1
Zone_DH402,4474521223,90.3468186,23.8044753,0.01469504,4,3,0,0
Zone_DH402,4474521224,90.3464254,23.8050582,0.005337,4,3,0,0
Zone_DH402,4474521225,90.3462313,23.8053461,0.00121632,4,3,0,0
Zone_DH402,4474521226,90.3460363,23.8056352,0.01276013,4,3,0,0
Zone_DH402,4474521227,90.3458531,23.8059067,0.00595293,4,3,0,0
Zone_DH402,4474521228,90.346743,23.8060266,0.02143264,4,4,0,1
Zone_DH402,4474521230,90.3456616,23.8061906,0.00397997,4,3,0,0
Zone_DH402,4483679887,90.350108,23.7929559,0.0,4,1,0,0
Zone_DH402,11985315473,90.3632006,23.8055428,0.03515872,3,3,0,1
Zone_DH402,4474521234,90.3465559,23.8063143,0.00596294,4,4,0,1
Zone_DH402,11985315475,90.3632791,23.8055925,0.0,4,1,0,0
Zone_DH402,4474521237,90.3473367,23.8063636,0.0,4,1,0,0
Zone_DH402,4474521244,90.34637,23.8066002,0.00399749,4,4,0,1
Zone_DH402,4474521254,90.3471484,23.8066686,0.0,4,1,0,0
Zone_DH402,3732874924,90.3601392,23.8054908,0.03566298,3,3,0,0
Zone_DH402,382027451,90.3521271,23.795834,0.0605568,3,3,0,1
Zone_DH402,4017841852,90.3578376,23.8064484,0.03784675,3,3,0,0
Zone_DH402,4017841856,90.3572172,23.8059739,0.01781772,4,3,0,0
Zone_DH402,382027458,90.3509699,23.7954953,0.0,4,1,0,0
Zone_DH402,4525721293,90.3551672,23.8129452,3e-06,4,2,0,0
Zone_DH402,4590175958,90.3510345,23.794517,0.0,4,1,0,0
Zone_DH402,4590175961,90.350938,23.7949171,0.03409212,3,3,0,1
Zone_DH402,374130394,90.3489251,23.7951948,0.01880069,4,4,0,0
Zone_DH402,374130399,90.3480432,23.7953998,0.00120731,4,3,0,0
Zone_DH402,4590175978,90.3521761,23.7952641,0.05582321,3,3,0,0
Zone_DH402,374130417,90.3463683,23.7982679,0.00181773,4,3,0,1
Zone_DH402,6349104884,90.3647106,23.7977457,0.01244917,4,3,0,0
Zone_DH402,11409254136,90.3606321,23.7900533,0.00727391,4,2,0,0
Zone_DH402,11409254138,90.3610357,23.7900848,0.00772158,4,3,0,1
Zone_DH402,9742698235,90.3535159,23.7955216,0.13893033,1,4,0,0
Zone_DH402,9742698239,90.3529217,23.7983205,0.00051878,4,3,0,0
Zone_DH402,9742698241,90.3522422,23.7978903,0.08028639,2,3,0,0
Zone_DH402,3718899458,90.3667789,23.8014086,0.01732348,4,3,0,0
Zone_DH402,9742698243,90.3490269,23.7951873,0.03387329,3,3,0,0
Zone_DH402,9742698244,90.3489964,23.7949662,0.02689583,3,3,0,0
Zone_DH402,9499117328,90.3495528,23.8017489,0.04834299,3,3,0,0
Zone_DH402,9499117329,90.3499859,23.8020125,0.00449774,4,3,0,0
Zone_DH402,9499117330,90.3497567,23.8014499,0.04904604,3,3,0,0
Zone_DH402,3718932246,90.3672737,23.8024786,0.01492788,4,3,0,0
Zone_DH402,5701691184,90.3571363,23.8027397,0.03039908,3,3,0,0
Zone_DH402,5701691185,90.3566379,23.8023877,0.0058052,4,3,0,0
Zone_DH402,4034258738,90.3545419,23.8107077,0.00404557,4,3,0,1
Zone_DH402,12850472826,90.3653823,23.8107979,0.00743164,4,3,0,0
Zone_DH402,11898783619,90.3594736,23.8131036,0.0,4,1,0,0
Zone_DH402,8572929927,90.3459567,23.7997807,0.0,4,1,0,0
Zone_DH402,8572929929,90.3454576,23.8008828,1.5e-06,4,2,0,0
Zone_DH402,6122923915,90.3660061,23.8108892,0.00138808,4,3,0,0
Zone_DH402,3732875151,90.3613673,23.8052384,0.05171805,3,4,0,0
Zone_DH402,3732875152,90.3608641,23.8059169,0.01043565,4,3,0,0
Zone_DH402,3732875153,90.3601994,23.8068153,0.00338057,4,3,0,0
Zone_DH402,3732875157,90.3593494,23.8087041,0.04113919,3,4,0,0
Zone_DH402,264882074,90.3543409,23.806905,0.0511492,3,3,0,0
Zone_DH402,264882086,90.3572168,23.8050025,0.08667647,2,3,0,0
Zone_DH402,264882088,90.3553705,23.8072552,0.07159636,2,4,0,0
Zone_DH402,5660469167,90.3496785,23.8025819,0.00904857,4,3,0,0
Zone_DH402,5660469168,90.349494,23.802852,0.00922483,4,3,0,0
Zone_DH402,5660469169,90.3493024,23.8031324,0.00876264,4,3,0,0
Zone_DH402,5660469170,90.3491011,23.803427,0.00929093,4,3,0,0
Zone_DH402,5660469171,90.3489124,23.8037031,0.00895994,4,3,0,0
Zone_DH402,5660469172,90.3487138,23.8039937,0.01758387,4,3,0,0
Zone_DH402,5660469173,90.3498651,23.8023088,0.01883624,4,3,0,0
Zone_DH402,1148733364,90.3616665,23.8077599,0.05110163,3,3,0,0
Zone_DH402,11412121537,90.3589336,23.7931817,0.01174061,4,3,0,0
Zone_DH402,3713296321,90.367206,23.808453,0.00341061,4,3,0,0
Zone_DH402,11412121541,90.3575908,23.7941102,0.02704856,3,3,0,0
Zone_DH402,11412121547,90.3570152,23.7958028,0.0,4,1,0,0
Zone_DH402,4611278795,90.3627358,23.7934782,0.0,4,1,0,0
Zone_DH402,11412121549,90.3592776,23.7962912,0.0,4,1,0,0
Zone_DH402,11412121550,90.3593055,23.7960841,0.00333951,4,4,0,1
Zone_DH402,4611278801,90.3627884,23.7937472,0.01444216,4,3,0,1
Zone_DH402,6487558097,90.3628798,23.8108991,0.00366449,4,3,0,0
Zone_DH402,4611278802,90.3627395,23.793999,0.0,4,1,0,0
Zone_DH402,6487558098,90.3640977,23.8110578,0.00455934,4,3,0,0
Zone_DH402,11412121557,90.3622093,23.7952386,0.0,4,1,0,0
Zone_DH402,11412121558,90.3628699,23.7951414,0.00599048,4,3,0,1
Zone_DH402,11412121560,90.3645452,23.7966295,0.01203555,4,3,0,1
Zone_DH402,12009678808,90.3583793,23.8091772,0.0,4,1,0,0
Zone_DH402,12009678809,90.3581727,23.8091131,0.00305358,4,3,0,1
Zone_DH402,4384171996,90.3609027,23.8121196,0.00657336,4,3,0,0
Zone_DH402,11412121564,90.3651191,23.7969763,0.02146368,4,3,0,0
Zone_DH402,12009678814,90.3581177,23.8092614,0.00117676,4,3,0,1
Zone_DH402,6087067614,90.3542834,23.8061906,0.0,4,1,0,0
Zone_DH402,6087067616,90.3565265,23.8058506,0.03704755,3,3,0,0
Zone_DH402,6087067615,90.3556837,23.805276,0.01943364,4,3,0,0
Zone_DH402,12009678818,90.3580431,23.8088229,0.0010005,4,3,0,1
Zone_DH402,11412121567,90.3643251,23.7984731,0.0485518,3,3,0,1
Zone_DH402,11412121568,90.3645074,23.7985637,0.0,4,1,0,0
Zone_DH402,12009678816,90.357918,23.8087772,0.0,4,1,0,0
Zone_DH402,12009678827,90.3581622,23.8089785,0.00395994,4,3,0,0
Zone_DH402,4510124027,90.3615276,23.7963724,0.13323729,1,3,0,0
Zone_DH402,5928110085,90.3627688,23.81138,0.00130195,4,3,0,0
Zone_DH402,5928110086,90.3619363,23.8112592,0.01439659,4,3,0,0
Zone_DH402,5928110087,90.3628616,23.8110001,0.00451227,4,3,0,0
Zone_DH402,5928110088,90.3619489,23.8108577,0.02101301,4,3,0,0
Zone_DH402,5928110089,90.364032,23.8114716,0.00342864,4,3,0,0
Zone_DH402,5928110090,90.362798,23.8112651,0.00363094,4,3,0,0
Zone_DH402,5928110091,90.3619486,23.8115032,0.01184526,4,3,0,0
Zone_DH402,5928110092,90.3639728,23.8118575,0.00367601,4,3,0,0
Zone_DH402,5928110093,90.3618723,23.8119218,0.00037707,4,3,0,0
Zone_DH402,5928110094,90.3639128,23.8122532,0.00304607,4,3,0,0
Zone_DH402,5928110095,90.3626244,23.8120406,0.00100451,4,4,0,0
Zone_DH402,11072546843,90.3602301,23.7983672,0.0,4,1,0,0
Zone_DH402,11411654711,90.349184,23.7962049,0.03908711,3,3,0,0
Zone_DH402,4487989303,90.3690011,23.7999831,0.00292739,4,3,0,1
Zone_DH402,11411654712,90.3502837,23.7968703,0.0244096,3,3,0,0
Zone_DH402,11411654715,90.3487747,23.7950443,0.00744216,4,3,0,0
Zone_DH402,11411654716,90.3479708,23.7953429,0.00044867,4,3,0,0
Zone_DH402,11411654717,90.3477252,23.7958762,0.00680721,4,3,0,0
Zone_DH402,11411654718,90.3465874,23.7979858,3.605e-05,4,2,0,0
Zone_DH402,11411654719,90.3466504,23.7980373,0.00162293,4,3,0,0
Zone_DH402,4525590592,90.3628285,23.8090988,0.02413519,3,3,0,0
Zone_DH402,4487989314,90.3694087,23.8000115,0.00114822,4,2,0,0
Zone_DH402,4487989320,90.3692991,23.8009571,0.00094091,4,2,0,0
Zone_DH402,11411654735,90.3450124,23.8031941,0.0,4,1,0,0
Zone_DH402,12048959569,90.3625661,23.8025294,0.0,4,1,0,0
Zone_DH402,4476151890,90.3451032,23.8060434,3.706e-05,4,3,0,0
Zone_DH402,12048959570,90.3623763,23.8022711,0.0,4,1,0,0
Zone_DH402,11411654740,90.3454223,23.8023756,0.00499249,4,3,0,1
Zone_DH402,11411654741,90.3455752,23.8020472,3e-06,4,3,0,0
Zone_DH402,4476151892,90.3444583,23.8059119,0.0,4,1,0,0
Zone_DH402,4487989332,90.3685418,23.801666,0.00470305,4,3,0,0
Zone_DH402,12048959572,90.3633055,23.8001894,0.02258787,3,3,0,0
Zone_DH402,12048959577,90.3622224,23.800032,0.01788432,4,3,0,0
Zone_DH402,12048959576,90.3622491,23.7998597,0.0164046,4,3,0,0
Zone_DH402,12048959579,90.3623064,23.7995461,0.01902903,4,3,0,0
Zone_DH402,6121891931,90.3590829,23.8050286,0.03860689,3,3,0,0
Zone_DH402,12048959581,90.3623761,23.800201,0.00908212,4,3,0,1
Zone_DH402,12048959578,90.3622646,23.7997455,0.00907961,4,3,0,1
Zone_DH402,12048959580,90.3620286,23.7996952,0.0,4,1,0,0
Zone_DH402,12048959582,90.3627029,23.8002802,0.0,4,1,0,0
Zone_DH402,4487989345,90.3686106,23.8015031,0.00243165,4,3,0,0
Zone_DH402,4404594786,90.3661246,23.7946889,0.01456384,4,3,0,0
Zone_DH402,11999561827,90.3578393,23.8047454,0.02755282,3,3,0,0
Zone_DH402,12048959584,90.3630702,23.8004513,0.0,4,1,0,0
Zone_DH402,12048959589,90.3632478,23.8003049,0.01542213,4,3,0,1
Zone_DH402,12048959590,90.3637462,23.8009733,0.00255633,4,3,0,1
Zone_DH402,12048959591,90.3637636,23.8007394,0.0,4,1,0,0
Zone_DH402,4487989352,90.3680232,23.8009112,0.00797997,4,3,0,0
Zone_DH402,6247606381,90.3675639,23.8109399,0.0,4,1,0,0
Zone_DH402,4485613692,90.3636178,23.7953042,0.04241811,3,3,0,0
Zone_DH402,11337853057,90.3447483,23.802476,0.0,4,1,0,0
Zone_DH402,5701658756,90.3553168,23.8041918,0.0023335,4,3,0,0
Zone_DH402,5701658757,90.3539048,23.803191,0.0063345,4,3,0,0
Zone_DH402,4524378246,90.3575739,23.8067784,0.03606208,3,3,0,0
Zone_DH402,4524378247,90.3581238,23.8060901,0.02198697,4,3,0,0
Zone_DH402,4524378248,90.3574919,23.8056391,0.00283425,4,3,0,0
Zone_DH402,3739289737,90.3566356,23.7927834,0.01146569,4,3,0,0
Zone_DH402,11337853062,90.3456268,23.8030716,0.0,4,1,0,0
Zone_DH402,4524378252,90.3596362,23.806179,0.02795592,3,3,0,0
Zone_DH402,4524378255,90.359351,23.8055513,0.00955883,4,3,0,1
Zone_DH402,4524378256,90.3573068,23.8058647,0.01836854,4,3,0,0
Zone_DH402,4524378257,90.3568031,23.8055108,0.05392887,3,3,0,0
Zone_DH402,4611508378,90.3641104,23.7958304,0.03318977,3,3,0,0
Zone_DH402,4611508379,90.3635886,23.7957296,0.01610415,4,3,0,0
Zone_DH402,4611508380,90.3638962,23.7963223,0.04172807,3,3,0,0
Zone_DH402,4476151964,90.3443079,23.8062487,0.0010005,4,2,0,1
Zone_DH402,4609009833,90.3685998,23.7943594,0.00399749,4,3,0,1
Zone_DH402,4483492037,90.3454096,23.794555,0.0,4,1,0,0
Zone_DH402,4483492045,90.3448661,23.794877,1e-06,4,2,0,0
Zone_DH402,4483492047,90.3453597,23.7949643,0.002,4,3,0,1
Zone_DH402,3853732050,90.355271,23.8012226,0.01276965,4,3,0,0
Zone_DH402,4483492052,90.3448478,23.7955815,0.0,4,2,0,0
Zone_DH402,4483492053,90.345522,23.7955886,0.00499449,4,4,0,1
Zone_DH402,6121449699,90.3506606,23.8063619,0.00760641,4,3,0,1
Zone_DH402,6121449701,90.3500794,23.8060243,0.0,4,1,0,0
Zone_DH402,386230520,90.3680085,23.80342,0.00388633,4,3,0,0
Zone_DH402,386230524,90.3689233,23.8038139,0.00147772,4,3,0,0
Zone_DH402,11335395586,90.3575533,23.7981925,0.0,4,1,0,0
Zone_DH402,11335395587,90.358187,23.7983067,0.00424837,4,3,0,1
Zone_DH402,4459292935,90.3570505,23.8074336,0.03292086,3,3,0,0
Zone_DH402,3718646029,90.3622207,23.7901076,0.00936054,4,3,0,0
Zone_DH402,11301996825,90.3652978,23.8111802,0.00512318,4,3,0,0
Zone_DH402,11301996826,90.3655049,23.8102109,0.01443865,4,3,0,0
Zone_DH402,3713304860,90.363522,23.8100037,0.00280871,4,3,0,0
Zone_DH402,12020713756,90.3507647,23.7947299,0.0,4,1,0,0
Zone_DH402,12020713758,90.3507325,23.7949203,0.03236453,3,3,0,1
Zone_DH402,3732007200,90.3659004,23.8058922,0.00272709,4,3,0,0
Zone_DH402,4450126116,90.3513448,23.8074117,0.01490936,4,3,0,1
Zone_DH402,12299831594,90.3590924,23.8118227,0.00507811,4,3,0,1
Zone_DH402,12299831595,90.3591089,23.8117463,0.00527841,4,3,0,1
Zone_DH402,3713296684,90.3671281,23.8087289,0.00772058,4,3,0,0
Zone_DH402,12299831596,90.3591752,23.8116411,0.00496294,4,2,0,0
Zone_DH402,4404545856,90.3652053,23.796023,0.02732047,3,4,0,0
Zone_DH402,4450126153,90.3517989,23.8076324,0.0020005,4,3,0,1
Zone_DH402,11998865739,90.3549262,23.8033847,0.06634348,2,3,0,0
Zone_DH402,11998865741,90.3546402,23.8037133,0.00212118,4,4,0,0
Zone_DH402,11998865743,90.3542073,23.8042297,0.00085328,4,3,0,0
Zone_DH402,11998865745,90.3544293,23.8039669,0.00145668,4,4,0,0
Zone_DH402,4611248581,90.3593639,23.7936531,0.0,4,1,0,0
Zone_DH402,6344100205,90.3645509,23.8074685,0.0,4,1,0,0
Zone_DH402,3556591988,90.3557904,23.800114,0.04593638,3,4,0,1
Zone_DH402,12048976249,90.354729,23.7965134,0.01446269,4,3,0,0
Zone_DH402,12048976250,90.3530804,23.7985338,0.06072606,2,3,0,0
Zone_DH402,386034050,90.3549461,23.7980163,0.02237155,4,3,0,1
Zone_DH402,3516778884,90.3553416,23.8000944,0.0766905,2,3,0,0
Zone_DH402,386034053,90.3546532,23.7974985,0.0181362,4,3,0,0
Zone_DH402,12048976262,90.3545678,23.7982691,0.00536905,4,3,0,0
Zone_DH402,12048976263,90.3548998,23.7979746,0.02085227,4,3,0,0
Zone_DH402,3516778888,90.3555026,23.8001076,0.07669601,2,3,0,0
Zone_DH402,4611623306,90.362569,23.7981017,0.0,4,1,0,0
Zone_DH402,12048976267,90.3564705,23.7985562,0.06769451,2,3,0,1
Zone_DH402,386034060,90.3547866,23.7956098,0.05984974,3,4,0,0
Zone_DH402,12048976266,90.3561532,23.7968717,0.0,4,1,0,0
Zone_DH402,6292228495,90.3580003,23.8081471,0.0486144,3,3,0,0
Zone_DH402,4474571154,90.3466126,23.8047807,0.00715072,4,3,0,0
Zone_DH402,4474571155,90.3473033,23.8051948,0.02600399,3,3,0,0
Zone_DH402,6292228500,90.3612267,23.8095158,0.0472148,3,3,0,0
Zone_DH402,4474571156,90.347115,23.8054744,0.02529793,3,3,0,0
Zone_DH402,3717007766,90.368223,23.7944351,0.0,4,1,0,0
Zone_DH402,4611623317,90.3648361,23.7972149,0.01841011,4,3,0,1
Zone_DH402,4611623322,90.364202,23.7973143,0.0,4,1,0,0
Zone_DH402,3717007771,90.3685639,23.7942906,0.0020005,4,3,0,1
Zone_DH402,4611623325,90.3644625,23.7967969,0.0,4,1,0,0
Zone_DH402,3717007774,90.3689815,23.794334,0.0,4,1,0,0
Zone_DH402,3732375976,90.368992,23.804458,0.0,4,1,0,0
Zone_DH402,3732375977,90.3695261,23.8046326,0.00499449,4,3,0,1
Zone_DH402,4474571183,90.3453371,23.8056936,0.00301102,4,3,0,0
Zone_DH402,4611623343,90.3654037,23.7946622,0.00796494,4,3,0,0
Zone_DH402,4463077817,90.3566924,23.8120638,0.00655433,4,3,0,0
Zone_DH402,4611623362,90.3649066,23.793533,0.01505808,4,3,0,1
Zone_DH402,4611623375,90.3647706,23.7951142,0.0150736,4,3,0,1
Zone_DH402,4611623377,90.3641203,23.7953332,0.0,4,1,0,0
Zone_DH402,4611508689,90.3634569,23.7976754,0.00420731,4,3,0,0
Zone_DH402,4611623380,90.3639699,23.7949971,0.0020005,4,3,0,1
Zone_DH402,4483492308,90.3455193,23.7963994,0.0,4,1,0,0
Zone_DH402,4611623381,90.3637267,23.7949563,0.04061841,3,3,0,1
Zone_DH402,4611508694,90.3632026,23.7983988,0.00599048,4,3,0,0
Zone_DH402,4611623382,90.3650634,23.79726,0.06185776,2,4,0,0
Zone_DH402,4611623388,90.3627411,23.7993069,0.00063245,4,3,0,0
Zone_DH402,4611508710,90.3618651,23.8006522,0.0,4,1,0,0
Zone_DH402,4611508712,90.3616044,23.8003959,0.0020005,4,3,0,1
Zone_DH402,4611508713,90.3615924,23.8006607,0.0,4,1,0,0
Zone_DH402,4611508749,90.3614109,23.7999976,0.08763992,2,3,0,0
Zone_DH402,4611508750,90.3616142,23.7999982,0.01386729,4,3,0,1
Zone_DH402,4611508758,90.3628752,23.7983672,0.00282924,4,3,0,0
Zone_DH402,4590176792,90.3502285,23.7949259,0.0,4,1,0,0
Zone_DH402,4590176793,90.3504566,23.7949252,0.03064395,3,3,0,1
Zone_DH402,4486375984,90.3696871,23.8047131,0.0,4,2,0,0
Zone_DH402,4611508788,90.3613197,23.8013483,0.0968317,2,3,0,0
Zone_DH402,386230845,90.3697073,23.7962867,0.00096595,4,2,0,0
Zone_DH402,4590176829,90.3500243,23.7949502,0.0,4,1,0,0
Zone_DH402,386230847,90.369162,23.7962658,0.00503755,4,3,0,1
Zone_DH402,4590176833,90.3495455,23.7951694,0.0020005,4,3,0,1
Zone_DH402,4590176835,90.3499308,23.7951648,0.0,4,1,0,0
Zone_DH402,4590176842,90.3473364,23.7947538,0.0,4,1,0,0
Zone_DH402,4590176843,90.3473709,23.7950135,0.0010005,4,3,0,1
Zone_DH402,13049645645,90.3544971,23.8108723,0.0,4,1,0,0
Zone_DH402,4590176846,90.3480627,23.7949366,0.00208763,4,3,0,0
Zone_DH402,4590176847,90.3477315,23.7946965,0.0,4,1,0,0
Zone_DH402,12010261074,90.3660779,23.8089892,0.00115974,4,3,0,0
Zone_DH402,4590176852,90.3479232,23.7938327,0.00120981,4,3,0,1
Zone_DH402,4486376030,90.3694782,23.8058155,0.002002,4,3,0,0
Zone_DH402,4486376031,90.368556,23.8069555,0.01922683,4,3,0,0
Zone_DH402,6349204078,90.3617709,23.8023988,0.05263342,3,3,0,1
Zone_DH402,11409762938,90.3616305,23.7974329,0.0,4,1,0,0
Zone_DH402,11409762939,90.3591203,23.7968473,0.10237201,1,3,0,0
Zone_DH402,11409762940,90.3590839,23.7976029,0.0,4,1,0,0
Zone_DH402,11409762941,90.3590975,23.7973194,0.00527291,4,3,0,1
Zone_DH402,12049427070,90.3575784,23.8091011,0.02605357,3,3,0,0
Zone_DH402,11409762943,90.3594873,23.7966861,0.09794787,2,3,0,0
Zone_DH402,5988412031,90.3582478,23.8087596,0.00677316,4,3,0,0
Zone_DH402,11409762942,90.3596579,23.7973539,0.00499249,4,3,0,1
Zone_DH402,1683139203,90.3514448,23.7990439,0.06598945,2,3,0,0
Zone_DH402,11409762947,90.3596384,23.7976896,0.00399749,4,3,0,1
Zone_DH402,11409762949,90.3602238,23.7979951,0.0020005,4,3,0,1
Zone_DH402,11409762950,90.360307,23.7980184,0.0,4,1,0,0
Zone_DH402,11409762953,90.3593427,23.7980786,0.0,4,1,0,0
Zone_DH402,11409762958,90.3599583,23.7976061,0.0,4,1,0,0
Zone_DH402,11409762960,90.3600186,23.7976405,0.0,4,1,0,0
Zone_DH402,11409762961,90.3607036,23.7975556,0.0,4,1,0,0
Zone_DH402,11409762962,90.3602265,23.7972233,0.0,4,1,0,0
Zone_DH402,3853617833,90.3640151,23.811602,0.00265348,4,3,0,0
Zone_DH402,4597279411,90.3581119,23.7905875,0.00057086,4,3,0,0
Zone_DH402,264882869,90.3610793,23.8102542,0.04459537,3,3,0,0
Zone_DH402,4597279418,90.3579549,23.7914403,0.01854731,4,3,0,0
Zone_DH402,4597279419,90.3574215,23.7908238,0.0,4,1,0,0
Zone_DH402,264882876,90.3644258,23.8102107,0.01909814,4,3,0,0
Zone_DH402,4597279420,90.3573839,23.7913755,0.0176715,4,3,0,1
Zone_DH402,4597279421,90.3571107,23.7907343,0.0,4,1,0,0
Zone_DH402,4597279423,90.3570004,23.7913286,0.01689233,4,3,0,1
Zone_DH402,4597279424,90.3568295,23.7898721,3.51e-06,4,2,0,0
Zone_DH402,12054407869,90.3483834,23.7951212,0.00618377,4,3,0,1
Zone_DH402,4597279433,90.3571566,23.7902352,0.0005343,4,2,0,0
Zone_DH402,10272901836,90.3526469,23.8038913,0.01721281,4,3,0,0
Zone_DH402,10272901837,90.3525287,23.8038303,0.02002703,4,3,0,0
Zone_DH402,4597279444,90.3553782,23.7898794,0.0,4,1,0,0
Zone_DH402,4597279445,90.3558482,23.7899414,0.0010005,4,2,0,1
Zone_DH402,386231026,90.3660284,23.797535,0.02341912,3,3,0,0
Zone_DH402,386231028,90.3658853,23.7981769,0.03658236,3,3,0,1
Zone_DH402,386231030,90.3658454,23.7985742,0.04752627,3,3,0,0
Zone_DH402,386231031,90.3657649,23.7990922,0.01919879,4,3,0,1
Zone_DH402,7309773559,90.3522998,23.7910126,0.0,4,1,0,0
Zone_DH402,7309773561,90.3527326,23.7906476,0.00016525,4,2,0,0
Zone_DH402,7309773562,90.3533373,23.7906366,0.00199399,4,3,0,0
Zone_DH402,12015266555,90.3592516,23.7952186,0.04716322,3,3,0,1
Zone_DH402,386231036,90.3654299,23.8013017,0.00303305,4,3,0,1
Zone_DH402,12015266551,90.3593463,23.7947153,0.0,4,1,0,0
Zone_DH402,12015266556,90.3590338,23.7956909,0.0,4,1,0,0
Zone_DH402,12015266559,90.359084,23.7952017,0.04639707,3,3,0,1
Zone_DH402,386231040,90.3665036,23.8019221,0.0,4,1,0,0
Zone_DH402,12015266568,90.3599169,23.7949896,0.0,4,1,0,0
Zone_DH402,4611623691,90.3628608,23.7996587,0.0112709,4,3,0,0
Zone_DH402,4611623696,90.3616558,23.7990413,0.08720126,2,3,0,0
Zone_DH402,3732876049,90.3588413,23.8079304,0.02234651,4,3,0,0
Zone_DH402,9801411350,90.3516878,23.8060997,0.04137905,3,3,0,0
Zone_DH402,9801411351,90.3515425,23.8059935,0.07848519,2,4,0,0
Zone_DH402,9801411356,90.3517018,23.8060181,0.06650973,2,3,0,0
Zone_DH402,9801411372,90.3516467,23.8061272,0.02330394,3,3,0,0
Zone_DH402,4019735349,90.3554667,23.8109515,0.0029359,4,3,0,0
Zone_DH402,4497845052,90.3645627,23.7920978,0.01502303,4,3,0,1
Zone_DH402,264883009,90.36722,23.8054804,0.01572608,4,3,0,0
Zone_DH402,387550022,90.3491314,23.7921995,0.00202754,4,3,0,0
Zone_DH402,264883015,90.3651517,23.8046086,0.05091785,3,3,0,0
Zone_DH402,3448359751,90.3669953,23.8062885,0.00660741,4,3,0,0
Zone_DH402,264883017,90.3645878,23.8056611,0.03072307,3,3,0,0
Zone_DH402,12012841824,90.3607505,23.811582,0.00931998,4,3,0,0
Zone_DH402,12012841825,90.3598545,23.8119305,0.0,4,1,0,0
Zone_DH402,12012841827,90.3608075,23.811846,0.00843915,4,3,0,1
Zone_DH402,6253177701,90.3579669,23.8045929,0.02617976,3,3,0,1
Zone_DH402,6253177702,90.3582111,23.8047538,0.0,4,1,0,0
Zone_DH402,12019895149,90.3508748,23.7911189,0.0,4,1,0,0
Zone_DH402,12019895162,90.3512218,23.7911218,0.0020005,4,3,0,1
Zone_DH402,12019895163,90.3510458,23.7911797,0.0,4,1,0,0
Zone_DH402,5202578308,90.3611715,23.8094019,0.05002802,3,4,0,0
Zone_DH402,6342568853,90.3477924,23.799652,0.01032749,4,3,0,0
Zone_DH402,6342568854,90.3484376,23.8000102,0.00228993,4,3,0,0
Zone_DH402,6342568855,90.3481375,23.8004032,0.00184076,4,3,0,0
Zone_DH402,6342568856,90.3486891,23.7996904,0.00389985,4,3,0,0
Zone_DH402,12049173401,90.3630228,23.7912906,0.0,4,1,0,0
Zone_DH402,386231194,90.3672372,23.8033888,0.01266249,4,3,0,0
Zone_DH402,5660560282,90.3472704,23.800074,0.0088713,4,3,0,1
Zone_DH402,12049173404,90.364006,23.7941214,0.02199198,4,3,0,1
Zone_DH402,12049173405,90.3637561,23.7947354,0.03736553,3,3,0,1
Zone_DH402,5660560286,90.3482727,23.7989648,0.01419228,4,3,0,0
Zone_DH402,5660560284,90.3490338,23.7998609,0.0182038,4,3,0,0
Zone_DH402,5660560285,90.3492371,23.7995329,0.01722733,4,3,0,0
Zone_DH402,12049173402,90.3644502,23.7940969,0.0,4,1,0,0
Zone_DH402,12049173403,90.3642983,23.7942473,0.0,4,1,0,0
Zone_DH402,12049173408,90.3631823,23.7946692,0.0,4,1,0,0
Zone_DH402,12049173420,90.3651341,23.7942198,0.00675463,4,3,0,1
Zone_DH402,12049173423,90.3646376,23.7941647,0.0,4,1,0,0
Zone_DH402,3853601712,90.3639258,23.8121697,0.0046685,4,3,0,0
Zone_DH402,3853601713,90.3653764,23.8124165,0.00068202,4,2,0,0
Zone_DH402,3853601714,90.3655404,23.8118377,0.00257837,4,3,0,0
Zone_DH402,12049173426,90.3644422,23.7950742,0.0020005,4,3,0,1
Zone_DH402,12049173425,90.3642655,23.7947866,0.0,4,1,0,0
Zone_DH402,12049173427,90.3644919,23.7949079,0.0,4,1,0,0
Zone_DH402,12049173431,90.3629183,23.7955723,0.03318927,3,3,0,1
Zone_DH402,4597582776,90.3666362,23.8032922,0.03463644,3,4,0,0
Zone_DH402,12049173432,90.363265,23.7956557,0.0,4,1,0,0
Zone_DH402,12049173438,90.3555268,23.7973024,0.0020005,4,3,0,1
Zone_DH402,4599393215,90.3560754,23.7948127,0.05556282,3,3,0,0
Zone_DH402,12012727231,90.3632241,23.8026189,0.0,4,1,0,0
Zone_DH402,12049173440,90.3557873,23.7973379,0.0,4,1,0,0
Zone_DH402,4613336002,90.3670693,23.7932223,0.0,4,1,0,0
Zone_DH402,4599393226,90.3557915,23.7937778,0.00202303,4,4,0,1
Zone_DH402,12012727243,90.3629985,23.8033613,0.02551376,3,3,0,1
Zone_DH402,12049173460,90.3553421,23.799668,0.01325437,4,3,0,0
Zone_DH402,12049173468,90.3550649,23.79986,0.14123979,1,3,0,0
Zone_DH402,386231262,90.3695711,23.7972945,0.00357987,4,3,0,0
Zone_DH402,386231266,90.3695184,23.7983582,0.00283375,4,2,0,0
Zone_DH402,386231268,90.3691316,23.7987394,0.00619779,4,3,0,0
Zone_DH402,386231272,90.3687093,23.7998479,0.00988282,4,3,0,0
Zone_DH402,4450831363,90.3644067,23.8095263,0.01334151,4,3,0,0
Zone_DH402,4474760200,90.3472135,23.802747,0.02242813,4,3,0,1
Zone_DH402,6349106186,90.364983,23.7972143,0.04102752,3,4,0,0
Zone_DH402,6349106192,90.3651839,23.796238,0.03966247,3,4,0,0
Zone_DH402,3713297425,90.3670234,23.8090997,0.00456585,4,3,0,0
Zone_DH402,6349106193,90.3651138,23.796011,0.02268552,3,3,0,0
Zone_DH402,4597705747,90.3674893,23.804099,0.0,4,1,0,0
Zone_DH402,4597705748,90.3673633,23.8043401,0.01244166,4,3,0,1
Zone_DH402,6349106197,90.3651073,23.7954678,0.02281571,3,4,0,0
Zone_DH402,6349106200,90.3653305,23.7946447,0.0231427,3,4,0,0
Zone_DH402,6349106202,90.365345,23.7941025,0.0226049,3,3,0,0
Zone_DH402,4597705755,90.367608,23.8035802,0.00572859,4,3,0,0
Zone_DH402,6349106204,90.3653266,23.7930598,0.00832048,4,3,0,0
Zone_DH402,4597705756,90.3679192,23.803918,0.00308563,4,3,0,0
Zone_DH402,6349106206,90.3653844,23.7923464,0.00383575,4,3,0,0
Zone_DH402,6349106203,90.3653247,23.7934417,0.0236099,3,3,0,0
Zone_DH402,4597705760,90.3676406,23.804468,0.01299148,4,3,0,0
Zone_DH402,6342528040,90.3687392,23.801714,0.00165047,4,3,0,1
Zone_DH402,4597705768,90.3664303,23.8034907,0.03859688,3,3,0,0
Zone_DH402,6342528045,90.3692449,23.8016956,0.0,4,2,0,0
Zone_DH402,6342528050,90.3691554,23.8012757,0.00114472,4,3,0,0
Zone_DH402,4452346935,90.3567431,23.7942426,0.0306134,3,3,0,0
Zone_DH402,4597705785,90.3697932,23.8029724,0.0,4,1,0,0
Zone_DH402,4597705787,90.3696367,23.8028021,0.0010005,4,2,0,1
Zone_DH402,4597705797,90.3688747,23.8028814,0.0,4,1,0,0
Zone_DH402,4459277386,90.3582106,23.8059814,0.02145367,4,3,0,0
Zone_DH402,4452346955,90.3563726,23.7948633,0.05431745,3,3,0,0
Zone_DH402,4452346957,90.3573628,23.7949845,0.02821731,3,4,0,1
Zone_DH402,6349098063,90.3618419,23.8024634,0.05229442,3,3,0,0
Zone_DH402,3556592722,90.3621367,23.8041656,0.04332597,3,3,0,0
Zone_DH402,4476136530,90.3470113,23.8018056,0.0,4,1,0,0
Zone_DH402,6349098068,90.3625476,23.8015077,0.03057735,3,3,0,0
Zone_DH402,6349098072,90.3634526,23.7998535,0.03195341,3,3,0,0
Zone_DH402,6349098077,90.3640827,23.7986992,0.01246469,4,3,0,0
Zone_DH402,4488039526,90.3689193,23.7990707,0.00590636,4,3,0,0
Zone_DH402,3556592748,90.366897,23.8066497,0.01159389,4,3,0,0
Zone_DH402,386034800,90.3533597,23.7975301,0.03343213,3,3,0,0
Zone_DH402,4597705840,90.3678968,23.8031567,0.00923935,4,3,0,0
Zone_DH402,4488039538,90.3673096,23.7988162,0.00257336,4,3,0,1
Zone_DH402,386231411,90.3691407,23.7957396,0.0029985,4,2,0,1
Zone_DH402,4488039541,90.3667373,23.7987785,0.01128893,4,3,0,0
Zone_DH402,386231414,90.3691922,23.7968155,0.0,4,1,0,0
Zone_DH402,4456524922,90.3598884,23.8079356,0.02233199,4,3,0,0
Zone_DH402,4450126976,90.352681,23.8080869,0.0,4,1,0,0
Zone_DH402,4456524929,90.3596827,23.8082144,0.01010916,4,3,0,0
Zone_DH402,4456524957,90.3608682,23.808575,0.02416474,3,3,0,0
Zone_DH402,4456524963,90.3606666,23.8088492,0.02348822,3,3,0,0
Zone_DH402,12049403057,90.3589762,23.8053066,0.0,4,1,0,0
Zone_DH402,12049403058,90.359623,23.8050852,0.04787178,3,3,0,0
Zone_DH402,12049403059,90.3595976,23.8046686,0.0,4,1,0,0
Zone_DH402,12049403060,90.3591792,23.8047968,0.00192689,4,4,0,0
Zone_DH402,4459277493,90.3580104,23.806232,0.02146519,4,3,0,0
Zone_DH402,4459277496,90.3587252,23.8062893,0.00903755,4,3,0,0
Zone_DH402,4459277499,90.3577965,23.8064997,0.03764895,3,3,0,0
Zone_DH402,4450127035,90.3516866,23.8107912,0.0,4,1,0,0
Zone_DH402,4450127036,90.3518898,23.8107976,0.0,4,1,0,0
Zone_DH402,4450127038,90.3522151,23.8108241,0.0,4,1,0,0
Zone_DH402,4459277503,90.3585496,23.8065804,0.00832348,4,3,0,0
Zone_DH402,4450127040,90.3522017,23.8109753,0.0020005,4,3,0,1
Zone_DH402,877497539,90.3501515,23.8009051,0.05024284,3,3,0,0
Zone_DH402,877497540,90.369193,23.7966836,0.00606259,4,3,0,1
Zone_DH402,4459277509,90.3582955,23.8067905,0.01015272,4,3,0,0
Zone_DH402,4450127046,90.3518385,23.8113263,0.00698798,4,4,0,1
Zone_DH402,4450127043,90.3526232,23.8110356,0.0,4,1,0,0
Zone_DH402,4450127048,90.3521701,23.8113341,0.00399749,4,3,0,1
Zone_DH402,4450127053,90.3518094,23.8116797,0.0,4,1,0,0
Zone_DH402,4456484050,90.3604436,23.8064838,0.00390636,4,3,0,0
Zone_DH402,3016305878,90.3533122,23.7986881,0.08815369,2,3,0,0
Zone_DH402,212643032,90.3551082,23.8000788,0.09578263,2,4,0,1
Zone_DH402,4450127064,90.352126,23.8118735,0.0,4,1,0,0
Zone_DH402,877497568,90.3659855,23.7966863,0.03315722,3,3,0,0
Zone_DH402,3718950125,90.3682419,23.800772,0.0082058,4,3,0,1
Zone_DH402,5142998255,90.3612505,23.8053959,0.00951677,4,3,0,0
Zone_DH402,877497590,90.3529325,23.8020562,0.05421379,3,4,0,0
Zone_DH402,3716140291,90.3663628,23.7941865,0.01298447,4,3,0,0
Zone_DH402,3716140293,90.367535,23.7942535,0.00207211,4,3,0,1
Zone_DH402,4525583622,90.3459367,23.803968,0.01283875,4,3,0,0
Zone_DH402,4525583623,90.3456974,23.8043187,0.00904907,4,3,0,0
Zone_DH402,4525583625,90.3465666,23.804849,0.00631747,4,3,0,0
Zone_DH402,4525583626,90.3456193,23.804271,0.00805458,4,3,0,0
Zone_DH402,4525583627,90.3454073,23.8045599,0.00115523,4,3,0,1
Zone_DH402,4525583628,90.3447162,23.8041588,0.0,4,1,0,0
Zone_DH402,4525583629,90.3463806,23.8051247,0.00411918,4,3,0,0
Zone_DH402,12015242512,90.3588869,23.7962756,0.0,4,1,0,0
Zone_DH402,2984684819,90.3574736,23.8051824,0.05891935,3,3,0,0
Zone_DH402,3532590355,90.3611697,23.8126532,0.00356434,4,3,0,1
Zone_DH402,12020690200,90.35011,23.7921727,0.0,4,1,0,0
Zone_DH402,12015242522,90.3586207,23.7966355,0.04914169,3,3,0,1
Zone_DH402,4562963748,90.3604722,23.8091136,0.02692237,3,3,0,0
Zone_DH402,6121467173,90.3517448,23.8037799,0.02918727,3,3,0,0
Zone_DH402,4562963749,90.359477,23.8084963,0.01339959,4,3,0,0
Zone_DH402,877497642,90.3584817,23.7951462,0.04791485,3,3,0,0
Zone_DH402,4142132539,90.34987,23.8070386,0.00399749,4,4,0,1
Zone_DH402,877497661,90.3508914,23.7998481,0.03858686,3,3,0,0
Zone_DH402,3712445764,90.3582245,23.809687,0.0,4,1,0,0
Zone_DH402,877497675,90.3507995,23.8028519,0.01685377,4,3,0,0
Zone_DH402,6487575889,90.363942,23.8120678,0.00556334,4,3,0,0
Zone_DH402,6487575890,90.3626638,23.8118411,0.00657636,4,3,0,0
Zone_DH402,386821459,90.3669102,23.7968244,0.0239409,3,3,0,0
Zone_DH402,12020690259,90.3503435,23.7926813,0.0,4,1,0,0
Zone_DH402,386821461,90.3663502,23.7967373,0.03549122,3,3,0,0
Zone_DH402,386821468,90.3646602,23.7963697,0.03777014,3,3,0,0
Zone_DH402,13065514332,90.358664,23.7970732,0.0,4,1,0,0
Zone_DH402,386821472,90.3640224,23.7960847,0.05544214,3,3,0,0
Zone_DH402,877497699,90.3557345,23.8100371,0.00098998,4,3,0,0
Zone_DH402,4611181948,90.356157,23.7970178,0.0,4,1,0,0
Zone_DH402,4450135428,90.3494165,23.8073951,0.002,4,2,0,1
Zone_DH402,4611181957,90.3568396,23.7969989,0.0036685,4,3,0,1
Zone_DH402,11182493067,90.3681246,23.8084507,0.01194691,4,3,0,1
Zone_DH402,4611181964,90.3541939,23.7975096,0.00534602,4,3,0,0
Zone_DH402,11182493069,90.3675297,23.8080011,0.0,4,1,0,0
Zone_DH402,877497744,90.3586012,23.7943165,0.01306659,4,3,0,1
Zone_DH402,3717918096,90.368475,23.7984882,0.00614271,4,3,0,1
Zone_DH402,5701660055,90.3537096,23.8034694,0.00522934,4,3,0,0
Zone_DH402,5701660056,90.3550887,23.8044691,0.00199549,4,3,0,0
Zone_DH402,4474523034,90.3461875,23.8068758,0.0020005,4,3,0,1
Zone_DH402,877497762,90.3513389,23.8020027,0.00335002,4,3,0,0
Zone_DH402,4474523046,90.3461607,23.8069164,0.0,4,1,0,0
Zone_DH402,4018048427,90.3560086,23.8048818,0.0220766,4,3,0,0
Zone_DH402,4018048428,90.3568475,23.8054563,0.0566855,3,3,0,0
Zone_DH402,12787707325,90.3500223,23.8097575,0.01813469,4,3,0,1
Zone_DH402,12787707332,90.348628,23.8089979,0.0,4,1,0,0
Zone_DH402,4424707528,90.3601921,23.7964188,0.07751624,2,3,0,0
Zone_DH402,4474523082,90.3470965,23.8070396,0.0,4,1,0,0
Zone_DH402,386035147,90.3534474,23.7985214,0.03184725,3,3,0,0
Zone_DH402,11992272337,90.3595202,23.7909689,0.0020005,4,3,0,1
Zone_DH402,11992272338,90.3596869,23.7906664,0.0,4,1,0,0
Zone_DH402,877497820,90.3605204,23.79343,0.03911916,3,3,0,0
Zone_DH402,12787707362,90.3490069,23.8106091,0.002,4,2,0,1
Zone_DH402,4474523110,90.3468177,23.80726,0.0,4,1,0,0
Zone_DH402,877497833,90.3499547,23.8011767,0.04963443,3,3,0,0
Zone_DH402,12787707369,90.3489064,23.8105634,0.0010005,4,2,0,1
Zone_DH402,4450135531,90.3489353,23.8079665,0.0010005,4,2,0,1
Zone_DH402,12787707372,90.3491264,23.810699,0.0162078,4,3,0,1
Zone_DH402,12787707371,90.3482629,23.8103385,0.0,4,1,0,0
Zone_DH402,877497839,90.3517711,23.8013701,0.02020179,4,4,0,0
Zone_DH402,4450135552,90.348872,23.8082687,0.0,4,1,0,0
Zone_DH402,4584820226,90.3567954,23.8031447,0.02138657,4,3,0,0
Zone_DH402,4584820227,90.3562907,23.8027999,0.00215874,4,3,0,0
Zone_DH402,877497868,90.3556197,23.8104897,0.00071908,4,4,0,0
Zone_DH402,3732377112,90.3696115,23.8044425,0.0029995,4,3,0,1
Zone_DH402,3732377113,90.3690975,23.8042497,0.0,4,1,0,0
Zone_DH402,4450135577,90.3491825,23.8107959,0.01788282,4,4,0,1
Zone_DH402,4450135582,90.3485543,23.8114178,0.004999,4,3,0,1
Zone_DH402,7116213792,90.3651706,23.7952264,0.01989183,4,4,0,0
Zone_DH402,7116213793,90.3647616,23.7951463,0.01676764,4,3,0,0
Zone_DH402,4450135586,90.3479638,23.8119289,0.00101152,4,2,0,0
Zone_DH402,7116213794,90.3650292,23.794463,0.00839409,4,3,0,1
Zone_DH402,7116213797,90.3646312,23.7944498,0.0,4,1,0,0
Zone_DH402,877497898,90.3523107,23.8029587,0.02537705,3,3,0,0
Zone_DH402,3720728108,90.3663097,23.7923008,0.00276064,4,3,0,1
Zone_DH402,3720728110,90.3664732,23.7918358,0.0,4,1,0,0
Zone_DH402,3713306171,90.3626839,23.8098455,0.00283024,4,3,0,0
Zone_DH402,11991502395,90.368243,23.7942352,0.0,4,1,0,0
Zone_DH402,877497920,90.3510799,23.7995741,0.0389439,3,3,0,0
Zone_DH402,3713306175,90.3628374,23.8090528,0.02662342,3,3,0,0
Zone_DH402,3713306180,90.3636818,23.8092424,0.01530545,4,3,0,0
Zone_DH402,877497925,90.3509813,23.8025833,0.00709464,4,4,0,1
Zone_DH402,6102658630,90.3666906,23.8102687,0.00650225,4,4,0,0
Zone_DH402,877497944,90.3561503,23.8096288,0.0020015,4,3,0,0
Zone_DH402,3737554525,90.3604012,23.7921258,0.0128683,4,3,0,1
Zone_DH402,3737554529,90.359765,23.7923607,0.0,4,1,0,0
Zone_DH402,12052491876,90.3536024,23.8067406,0.03731646,3,3,0,0
Zone_DH402,12052491877,90.3530441,23.8053908,0.00375363,4,3,0,0
Zone_DH402,877497975,90.3515238,23.8017321,0.00405358,4,3,0,0
Zone_DH402,5332446840,90.3690025,23.7989483,0.00498197,4,3,0,1
Zone_DH402,5332446841,90.3696306,23.7993638,0.0,4,1,0,0
Zone_DH402,4524420735,90.3516644,23.7976577,0.02283324,3,3,0,0
Zone_DH402,4524420736,90.3509429,23.798742,0.02062292,4,3,0,0
Zone_DH402,4524420737,90.3482465,23.7972709,0.0,4,1,0,0
Zone_DH402,4524420738,90.349123,23.7977882,0.02118026,4,3,0,1
Zone_DH402,386035385,90.353875,23.7975175,0.00494241,4,3,0,0
Zone_DH402,386035387,90.3539505,23.7982815,0.00338758,4,4,0,0
Zone_DH402,386035389,90.3551561,23.7991142,0.05279667,3,3,0,0
Zone_DH402,4493717189,90.3577077,23.7921233,0.0,4,1,0,0
Zone_DH402,386232033,90.3681107,23.7960223,0.0,4,1,0,0
Zone_DH402,11301375737,90.3608097,23.7992173,0.02058186,4,3,0,1
Zone_DH402,11301375738,90.3609416,23.7986316,0.0,4,1,0,0
Zone_DH402,3713355537,90.3638554,23.8125599,0.00237957,4,3,0,0
Zone_DH402,3713355538,90.3638275,23.8126588,0.00233951,4,3,0,0
Zone_DH402,11409772307,90.3649466,23.7939006,0.0,4,1,0,0
Zone_DH402,11409772308,90.3649862,23.793511,0.01577816,4,3,0,1
Zone_DH402,11409772309,90.3650985,23.7938202,0.0,4,1,0,0
Zone_DH402,3713355544,90.3610602,23.8122481,0.01037005,4,3,0,0
Zone_DH402,11409772313,90.3654379,23.7942892,0.01021382,4,3,0,0
Zone_DH402,11409772314,90.3651903,23.7954859,0.00885478,4,3,0,0
Zone_DH402,11409772312,90.3653579,23.7942906,0.02032848,4,3,0,0
Zone_DH402,11409772316,90.3659256,23.7937723,0.0,4,1,0,0
Zone_DH402,11409772317,90.3661597,23.7938209,0.0020005,4,3,0,1
Zone_DH402,4525797150,90.349116,23.805638,0.03558336,3,3,0,0
Zone_DH402,11409772319,90.3665586,23.7937214,0.01082724,4,3,0,1
Zone_DH402,11409772320,90.3680467,23.7936894,0.0,4,1,0,0
Zone_DH402,11409772327,90.3678664,23.7943291,0.0,4,1,0,0
Zone_DH402,11409772330,90.365198,23.7963934,0.00923084,4,3,0,0
Zone_DH402,11409772331,90.3652753,23.7963923,0.0207431,4,3,0,0
Zone_DH402,11409772332,90.365011,23.7961926,0.02570905,3,3,0,0
Zone_DH402,11409772335,90.3651402,23.7960964,0.03600449,3,4,0,0
Zone_DH402,11409772337,90.365677,23.7965357,0.03551075,3,3,0,0
Zone_DH402,11409772338,90.3651785,23.79732,0.03351425,3,3,0,0
Zone_DH402,11409772343,90.3655728,23.7974112,0.02135803,4,3,0,0
Zone_DH402,11409772347,90.3635342,23.7970336,0.00492038,4,3,0,1
Zone_DH402,11409772348,90.3638428,23.7971077,0.0,4,1,0,0
Zone_DH402,11409772350,90.3638554,23.7986174,0.00635904,4,3,0,0
Zone_DH402,11409772352,90.3638436,23.799131,0.03515471,3,3,0,0
Zone_DH402,11409772353,90.3639102,23.7991608,0.04567098,3,3,0,0
Zone_DH402,11409772354,90.3641517,23.7987368,0.06291684,2,3,0,0
Zone_DH402,12160110408,90.3561175,23.807499,0.04832396,3,3,0,0
Zone_DH402,12160110410,90.3560971,23.8047744,0.02072808,4,3,0,0
Zone_DH402,11409772364,90.364819,23.797975,0.0,4,1,0,0
Zone_DH402,11409772365,90.3648892,23.7975936,0.04759938,3,3,0,0
Zone_DH402,12160110414,90.35602,23.804724,0.00258738,4,3,0,0
Zone_DH402,11409772367,90.3655157,23.7977854,0.02883774,3,3,0,0
Zone_DH402,12160110415,90.3559643,23.8046877,0.0,4,2,0,0
Zone_DH402,12160110416,90.3562382,23.8043688,0.00181923,4,3,0,0
Zone_DH402,12160110418,90.3561953,23.8046553,0.02007861,4,3,0,0
Zone_DH402,12160110417,90.3560358,23.8046041,0.00312368,4,4,0,0
Zone_DH402,12160110420,90.356131,23.8042958,0.00501502,4,3,0,0
Zone_DH402,12160110421,90.356362,23.8044532,0.02257135,3,3,0,0
Zone_DH402,12160110422,90.3559302,23.8045296,0.0010005,4,3,0,1
Zone_DH402,6087069527,90.3544784,23.8067382,0.00769153,4,3,0,1
Zone_DH402,6087069528,90.3541829,23.8065245,0.0,4,1,0,0
Zone_DH402,6087069529,90.3545968,23.8065946,0.00890736,4,3,0,1
Zone_DH402,6087069530,90.354302,23.8063823,0.0,4,1,0,0
Zone_DH402,12160110427,90.3561081,23.8042259,0.07326937,2,3,0,0
Zone_DH402,386232156,90.3682871,23.7972425,0.01114121,4,3,0,0
Zone_DH402,6087069532,90.3553119,23.8065471,0.0,4,1,0,0
Zone_DH402,12160110423,90.3561037,23.8045247,0.00228793,4,3,0,0
Zone_DH402,12160110424,90.3559991,23.8044529,0.00319429,4,3,0,0
Zone_DH402,12160110428,90.3560787,23.8042611,0.00570305,4,3,0,1
Zone_DH402,12160110426,90.3559042,23.8044707,0.0,4,1,0,0
Zone_DH402,12160110439,90.3559883,23.8046596,0.00215123,4,3,0,0
Zone_DH402,4493791093,90.3584715,23.7902724,0.00010015,4,3,0,0
Zone_DH402,12018331515,90.3525314,23.7935066,0.0,4,1,0,0
Zone_DH402,12018331518,90.3532603,23.7937576,0.0,4,1,0,0
Zone_DH402,12018331521,90.3524215,23.7939195,0.0,4,1,0,0
Zone_DH402,12018331526,90.3533321,23.7939809,0.0,4,1,0,0
Zone_DH402,12018331529,90.3528426,23.7939318,0.0020005,4,3,0,1
Zone_DH402,12018331531,90.3528593,23.793722,0.00399749,4,3,0,1
Zone_DH402,12018331534,90.3528835,23.7935441,0.00599048,4,3,0,1
Zone_DH402,12018331538,90.3535209,23.7935786,0.05409061,3,3,0,1
Zone_DH402,12049199003,90.3546577,23.8007391,0.12167595,1,3,0,0
Zone_DH402,12049199007,90.350071,23.8056881,0.0,4,1,0,0
Zone_DH402,12049199008,90.3498401,23.8055977,0.0,4,1,0,0
Zone_DH402,6087421857,90.3563124,23.8068316,0.00454632,4,3,0,1
Zone_DH402,6087421858,90.3564252,23.8067034,0.0,4,1,0,0
Zone_DH402,12049199013,90.3469366,23.8057392,0.024343,3,3,0,1
Zone_DH402,12049199014,90.3472164,23.8058857,0.0,4,1,0,0
Zone_DH402,12049199017,90.3519751,23.8046421,0.02099749,4,3,0,0
Zone_DH402,12049199018,90.3520788,23.8047126,0.0102699,4,3,0,0
Zone_DH402,12049199019,90.3514465,23.8052502,0.02043214,4,3,0,0
Zone_DH402,12018282414,90.3545478,23.7944748,0.0,4,1,0,0
Zone_DH402,12018282415,90.354116,23.7941828,0.0,4,1,0,0
Zone_DH402,12018282419,90.3545625,23.794195,0.0020005,4,3,0,1
Zone_DH402,12018241462,90.3546725,23.7924709,0.0,4,1,0,0
Zone_DH402,12018282425,90.3542199,23.793876,0.0,4,1,0,0
Zone_DH402,12018282432,90.3536322,23.7941256,0.02149073,4,3,0,1
Zone_DH402,11372539860,90.3586362,23.8064678,0.00854982,4,3,0,0
Zone_DH402,11372539865,90.3594402,23.8067404,0.0430115,3,3,0,0
Zone_DH402,6356045794,90.3533295,23.8078791,0.00512769,4,3,0,1
Zone_DH402,6356045795,90.353224,23.8081611,0.0,4,1,0,0
Zone_DH402,12048945153,90.3662105,23.802202,0.0,4,1,0,0
Zone_DH402,12048945157,90.3666003,23.8024736,0.01359338,4,3,0,1
Zone_DH402,12048945158,90.3632141,23.8005217,0.0410781,3,3,0,0
Zone_DH402,12048945165,90.3625608,23.8014881,0.04200248,3,3,0,0
Zone_DH402,12048945166,90.3626198,23.8015216,0.07718774,2,3,0,0
Zone_DH402,12048945168,90.3621396,23.8024829,0.05290383,3,3,0,1
Zone_DH402,4597526545,90.3625218,23.8036235,0.03088381,3,3,0,0
Zone_DH402,4597526546,90.3617595,23.8031054,0.05363092,3,3,0,0
Zone_DH402,3556716563,90.353481,23.7941809,0.06993587,2,3,0,0
Zone_DH402,4597526544,90.3626655,23.8037314,0.00292689,4,3,0,0
Zone_DH402,10167357465,90.3567677,23.7953953,0.0,4,1,0,0
Zone_DH402,10167357466,90.3577346,23.7950462,0.02857184,3,3,0,1
Zone_DH402,10167357468,90.3575676,23.7961448,0.0,4,1,0,0
Zone_DH402,10779095082,90.3680131,23.7927324,0.0,4,1,0,0
Zone_DH402,3734859820,90.3613849,23.8087734,0.05057384,3,3,0,0
Zone_DH402,4615655489,90.3678077,23.793222,0.0,4,1,0,0
Zone_DH402,8870883419,90.3509786,23.8078979,0.02346368,3,3,0,1
Zone_DH402,386035805,90.3548832,23.7995071,0.08650471,2,3,0,0
Zone_DH402,386035807,90.3555652,23.7985222,0.06817823,2,3,0,0
Zone_DH402,8870883426,90.3500915,23.8074516,0.0,4,1,0,0
Zone_DH402,348401790,90.3568862,23.7913125,0.01758136,4,3,0,0
Zone_DH402,4459196544,90.3544245,23.8024451,0.00702303,4,3,0,0
Zone_DH402,348401797,90.3568984,23.7920739,0.01035202,4,3,0,0
Zone_DH402,12052394121,90.3573337,23.8025648,0.0498137,3,4,0,0
Zone_DH402,12052394122,90.3628139,23.8060781,0.03445717,3,3,0,0
Zone_DH402,4034252937,90.354668,23.8102552,0.00472008,4,3,0,0
Zone_DH402,12052394123,90.3600639,23.8043307,0.09837802,1,4,0,0
Zone_DH402,12052394124,90.3627552,23.8060449,0.07776311,2,4,0,0
Zone_DH402,6237548686,90.3559541,23.8032,0.00550075,4,3,0,0
Zone_DH402,6237548687,90.3564592,23.8035441,0.02094641,4,3,0,0
Zone_DH402,12020707475,90.3504581,23.7938332,0.0,4,1,0,0
Zone_DH402,12052394133,90.3614087,23.8051826,0.00594992,4,3,0,0
Zone_DH402,12052394138,90.358837,23.8035533,0.0416114,3,3,0,0
Zone_DH402,392523930,90.3505545,23.8043059,0.01175613,4,3,0,0
Zone_DH402,392523931,90.349941,23.805189,0.05785425,3,4,0,0
Zone_DH402,4611240093,90.35754,23.7944461,0.00257186,4,3,0,0
Zone_DH402,392523934,90.3510603,23.8058228,0.05631094,3,5,0,0
Zone_DH402,4611240090,90.3553245,23.7973096,0.0,4,1,0,0
Zone_DH402,4611240095,90.357646,23.7937886,0.03331145,3,3,0,0
Zone_DH402,4611240100,90.3552687,23.7918196,0.0010005,4,3,0,1
Zone_DH402,4459196581,90.3557884,23.8033969,0.00314922,4,3,0,0
Zone_DH402,4611240102,90.3552701,23.7910868,0.01223134,4,3,0,0
Zone_DH402,392523949,90.3527818,23.7998909,0.01248472,4,3,0,0
Zone_DH402,6087430318,90.358373,23.8076699,0.00435153,4,3,0,0
Zone_DH402,6087430319,90.3586635,23.80719,0.00139059,4,3,0,0
Zone_DH402,392523952,90.3544711,23.8010087,0.11946564,1,3,0,0
Zone_DH402,3735417014,90.3615301,23.7993644,0.09953625,1,3,0,0
Zone_DH402,3919401153,90.3500726,23.790625,0.00322634,4,3,0,1
Zone_DH402,3919401156,90.348903,23.7907784,0.0,4,1,0,0
Zone_DH402,12012736725,90.3629109,23.8027109,0.0,4,1,0,0
Zone_DH402,3713356002,90.3662116,23.8075746,0.03243714,3,3,0,0
Zone_DH402,12012736740,90.3625276,23.803042,0.05403953,3,3,0,1
Zone_DH402,4438503672,90.3512725,23.7992942,0.05054329,3,3,0,0
Zone_DH402,3536302330,90.3598386,23.7965053,0.0979018,2,3,0,1
Zone_DH402,12018266372,90.3545308,23.7933129,0.0020005,4,3,0,1
Zone_DH402,12018266373,90.3543332,23.7919739,0.0,4,1,0,0
Zone_DH402,12047152404,90.3656501,23.7915148,0.0022028,4,3,0,0
Zone_DH402,12018266390,90.3537803,23.7922772,0.01334451,4,3,0,1
Zone_DH402,12047152406,90.3652489,23.7952424,0.00838007,4,3,0,0
Zone_DH402,12160110419,90.3558261,23.8046567,0.0,4,1,0,0
Zone_DH402,12047152407,90.365463,23.7953834,0.0,4,1,0,0
Zone_DH402,3720728861,90.366786,23.7929109,0.00766549,4,3,0,1
Zone_DH402,3720728864,90.366115,23.7935231,0.0,4,1,0,0
Zone_DH402,3720728866,90.3654709,23.7923753,0.00856134,4,3,0,0
Zone_DH402,3720728868,90.3649189,23.7929944,0.01905607,4,3,0,0
Zone_DH402,3720728869,90.3645236,23.7929906,0.02871756,3,3,0,0
Zone_DH402,3919401257,90.3486691,23.7908101,0.0010015,4,3,0,1
Zone_DH402,4501852460,90.362134,23.793155,0.03470103,3,4,0,1
Zone_DH402,4613329197,90.3657284,23.8002663,0.0129379,4,3,0,0
Zone_DH402,3919401260,90.348773,23.7915267,0.0029985,4,3,0,1
Zone_DH402,3919401264,90.3496048,23.7921719,0.00652729,4,3,0,0
Zone_DH402,4501852464,90.361675,23.7917624,0.0,4,1,0,0
Zone_DH402,3919401266,90.3488504,23.7922147,0.00403705,4,3,0,0
Zone_DH402,4501852467,90.3610737,23.7927983,0.01677566,4,3,0,1
Zone_DH402,3919401273,90.349626,23.7924762,0.0117341,4,4,0,1
Zone_DH402,4613329210,90.3659882,23.7926507,0.0020005,4,3,0,1
Zone_DH402,3919401275,90.3491475,23.792517,0.00661592,4,3,0,0
Zone_DH402,3919401274,90.3500013,23.7924134,0.0,4,1,0,0
Zone_DH402,4613329209,90.3662495,23.792663,0.0,4,1,0,0
Zone_DH402,3919401284,90.3491744,23.7926892,0.0,4,1,0,0
Zone_DH402,4017787214,90.349069,23.8118007,0.0020005,4,3,0,1
Zone_DH402,4017787218,90.3495344,23.8114073,0.0,4,1,0,0
Zone_DH402,3919401303,90.3495578,23.7934608,0.0,4,1,0,0
Zone_DH402,3919401305,90.3499114,23.7937036,0.0,4,1,0,0
Zone_DH402,3919401306,90.3501593,23.7937069,0.0,4,1,0,0
Zone_DH402,6253179227,90.3539625,23.8064047,0.0,4,1,0,0
Zone_DH402,392524126,90.3475896,23.7987665,0.0,4,1,0,0
Zone_DH402,3919401313,90.3494425,23.7938161,0.00599048,4,3,0,1
Zone_DH402,3919401314,90.3498914,23.7938332,0.00399749,4,3,0,1
Zone_DH402,6264828259,90.3532266,23.7980533,0.0272058,3,3,0,0
Zone_DH402,3919401316,90.3501432,23.7938798,0.0020005,4,3,0,1
Zone_DH402,3919401317,90.3487502,23.7938513,0.01097396,4,4,0,0
Zone_DH402,3919401315,90.3493625,23.7938413,0.00797947,4,3,0,1
Zone_DH402,392524135,90.3484142,23.7987622,0.01540009,4,3,0,1
Zone_DH402,3919401320,90.3502065,23.794132,0.0,4,1,0,0
Zone_DH402,392524137,90.3479306,23.7984762,0.0,4,1,0,0
Zone_DH402,386027882,90.358722,23.7995922,0.03825987,3,3,0,0
Zone_DH402,6264828266,90.3499083,23.7965645,0.03440446,3,3,0,0
Zone_DH402,386027884,90.3588491,23.7992222,0.02705006,3,3,0,1
Zone_DH402,386027885,90.3589086,23.7989359,0.04840308,3,3,0,0
Zone_DH402,3919401322,90.3493886,23.7942468,0.0,4,1,0,0
Zone_DH402,386027887,90.3590054,23.7982741,0.02781671,3,3,0,1
Zone_DH402,3919401326,90.3502812,23.7945103,0.0,4,1,0,0
Zone_DH402,3919401323,90.3495845,23.7943428,0.0020005,4,3,0,1
Zone_DH402,6264828267,90.3496825,23.7964615,0.05119614,3,3,0,0
Zone_DH402,4020154744,90.3564495,23.8129915,0.00158638,4,3,0,0
Zone_DH402,4020154745,90.3573087,23.8132203,1.5e-06,4,2,0,0
Zone_DH402,4020154746,90.357404,23.8127487,0.000998,4,3,0,0
Zone_DH402,3713290622,90.3653053,23.8082226,0.0222048,4,3,0,0
Zone_DH402,392524159,90.3488839,23.7981029,0.02073259,4,3,0,1
Zone_DH402,392524160,90.3480327,23.7976032,0.0,4,1,0,0
Zone_DH402,3713290623,90.365307,23.8078426,0.02252177,4,4,0,1
Zone_DH402,3519787395,90.3600882,23.7953997,0.04655681,3,3,0,0
Zone_DH402,3713347975,90.3660782,23.8102145,0.00592939,4,3,0,0
Zone_DH402,3713347976,90.3661292,23.8097972,0.00088633,4,3,0,0
Zone_DH402,4611068330,90.353369,23.7955799,0.09386775,2,4,0,0
Zone_DH402,4611068331,90.3527517,23.7955291,0.07296892,2,3,0,0
Zone_DH402,4611068332,90.3532719,23.7967432,0.02564145,3,3,0,0
Zone_DH402,4611248560,90.355991,23.7987983,0.070691,2,3,0,0
Zone_DH402,4611248561,90.3605182,23.7974265,0.0020005,4,3,0,1
Zone_DH402,12104118709,90.3623457,23.7927501,0.0,4,1,0,0
Zone_DH402,12104118711,90.3622831,23.7928611,0.0020005,4,3,0,1
Zone_DH402,348369338,90.3585875,23.7925588,0.03865496,3,3,0,0
Zone_DH402,4611248571,90.3547713,23.7959536,0.0141412,4,3,0,0
Zone_DH402,4476506561,90.3618948,23.8117986,0.00109264,4,3,0,0
Zone_DH402,4611248578,90.3552237,23.7967983,0.00499249,4,3,0,1
Zone_DH402,4476506563,90.3618318,23.8121441,0.00030646,4,3,0,0
Zone_DH402,4476506562,90.3609567,23.8119887,0.01129343,4,3,0,0
Zone_DH402,5142778309,90.357539,23.8077687,0.01968201,4,3,0,0
Zone_DH402,4611248582,90.3595669,23.7931326,0.02379869,3,3,0,1
Zone_DH402,4611068358,90.3520243,23.7970279,0.06137503,2,3,0,0
Zone_DH402,4611068357,90.3526446,23.797077,0.00032699,4,3,0,0
Zone_DH402,4476506566,90.359723,23.8123899,0.0010005,4,3,0,1
Zone_DH402,4611068362,90.3520955,23.7962012,0.06046417,3,3,0,0
Zone_DH402,4611248587,90.3606405,23.7929648,0.0192073,4,3,0,0
Zone_DH402,4611068364,90.3521314,23.7957843,0.05985475,3,3,0,0
Zone_DH402,5142778310,90.3574039,23.8069912,0.03592437,3,3,0,0
Zone_DH402,4611068366,90.3521674,23.7953653,0.05427539,3,3,0,0
Zone_DH402,4611068363,90.3527193,23.7958386,0.03866147,3,3,0,0
Zone_DH402,4611068368,90.3522025,23.794958,0.02514671,3,3,0,0
Zone_DH402,4611068365,90.3527583,23.7954367,0.0355448,3,3,0,0
Zone_DH402,4611068361,90.352691,23.7962498,0.00314822,4,3,0,0
Zone_DH402,4611068367,90.3527901,23.7950299,0.00426239,4,3,0,0
Zone_DH402,4611068385,90.3509204,23.7926464,0.0,4,1,0,0
Zone_DH402,4611068388,90.3518641,23.7936599,0.0,4,1,0,0
Zone_DH402,3093795317,90.3642249,23.81022,0.00723084,4,3,0,0
Zone_DH402,3093795319,90.3637439,23.8130542,0.00103605,4,3,0,1
Zone_DH402,11991724539,90.3649802,23.8045048,0.0234747,3,3,0,0
Zone_DH402,11991724540,90.3651242,23.8059616,0.03458436,3,3,0,0
Zone_DH402,11991724541,90.3651132,23.8060836,0.04451775,3,3,0,0
Zone_DH402,11991724542,90.36356,23.8050514,0.03603003,3,3,0,0
Zone_DH402,1736176130,90.3574622,23.8033109,0.01719679,4,3,0,0
Zone_DH402,386232843,90.369294,23.8028751,0.00218127,4,3,0,1
Zone_DH402,386232845,90.3690677,23.8026981,0.00369304,4,3,0,1
Zone_DH402,386232847,90.3686589,23.8024903,0.00550475,4,3,0,1
Zone_DH402,12104118800,90.3622343,23.7918021,0.0,4,1,0,0
Zone_DH402,4524414229,90.3461978,23.8001767,0.00499048,4,3,0,1
Zone_DH402,10118156828,90.3583579,23.8083755,0.02206008,4,3,0,0
Zone_DH402,6122934814,90.3597658,23.8131355,0.0010005,4,2,0,1
Zone_DH402,348353057,90.3535931,23.7946326,0.08712414,2,3,0,0
Zone_DH402,3735777827,90.3681412,23.7997893,0.00883625,4,3,0,0
Zone_DH402,12052468261,90.3573421,23.8026351,0.0248763,3,3,0,0
Zone_DH402,4524414233,90.3471562,23.8008883,0.0,4,1,0,0
Zone_DH402,348353065,90.3568663,23.7949463,0.02488231,3,3,0,1
Zone_DH402,12052468265,90.3568439,23.8040444,0.0152053,4,3,0,0
Zone_DH402,348353069,90.3580427,23.7950911,0.03890133,3,3,0,0
Zone_DH402,3720696372,90.3646785,23.7905224,0.0010005,4,2,0,1
Zone_DH402,12013089346,90.3584457,23.7994764,0.0,4,1,0,0
Zone_DH402,12013089347,90.3587564,23.7995268,0.02780119,3,3,0,1
Zone_DH402,3720704583,90.3645857,23.7912642,0.01461391,4,3,0,0
Zone_DH402,12299874903,90.3599162,23.8113292,0.00236605,4,3,0,1
Zone_DH402,12299874906,90.3601453,23.8112566,0.0,4,1,0,0
Zone_DH402,12299874915,90.3594367,23.8121267,0.0,4,1,0,0
Zone_DH402,12299874916,90.3582818,23.812429,0.0,4,1,0,0
Zone_DH402,6087176805,90.3647485,23.8102214,0.01463645,4,3,0,0
Zone_DH402,3519771237,90.3588938,23.7979398,0.06289231,2,3,0,0
Zone_DH402,392524394,90.3485128,23.7986211,0.01569153,4,3,0,0
Zone_DH402,392524395,90.3494774,23.7991858,0.0192704,4,3,0,0
Zone_DH402,4597584492,90.3661464,23.8036913,0.04726487,3,4,0,0
Zone_DH402,3519771245,90.3588882,23.79692,0.10760435,1,4,0,1
Zone_DH402,392524402,90.3480591,23.7992906,0.0114677,4,3,0,0
Zone_DH402,3556643448,90.3535542,23.7950434,0.08520126,2,3,0,0
Zone_DH402,12153500281,90.3553335,23.8073245,0.04309863,3,3,0,0
Zone_DH402,12153500285,90.3589795,23.8099258,0.0,4,1,0,0
Zone_DH402,12153500286,90.3594276,23.8096498,0.0,4,1,0,0
Zone_DH402,3713266303,90.3651577,23.8090038,0.01618527,4,4,0,0
Zone_DH402,12299874955,90.3594931,23.8114752,0.00550726,4,2,0,0
Zone_DH402,12299874956,90.3598439,23.8113313,0.00832148,4,3,0,0
Zone_DH402,382022285,90.3486094,23.792727,0.00691036,4,3,0,1
Zone_DH402,4021883537,90.3546876,23.8020651,0.00970505,4,3,0,0
Zone_DH402,4021883538,90.3560801,23.8030503,0.0030005,4,3,0,0
Zone_DH402,12299874970,90.3605446,23.8105701,0.00784326,4,3,0,0
Zone_DH402,11999449755,90.3589104,23.8047755,0.00354782,4,3,0,0
Zone_DH402,11999449756,90.3593872,23.8043668,0.0,4,1,0,0
Zone_DH402,11999449759,90.3592048,23.8045631,0.0010005,4,3,0,1
Zone_DH402,392524460,90.3526173,23.8001303,0.01056735,4,3,0,0
Zone_DH402,4206195375,90.3682753,23.8083654,0.00294842,4,2,0,0
Zone_DH402,4206195376,90.3681482,23.8088641,0.00249674,4,2,0,0
Zone_DH402,4206195377,90.3679887,23.8094076,0.00211167,4,2,0,0
Zone_DH402,4206195378,90.3678456,23.8099363,0.00181572,4,2,0,0
Zone_DH402,4206195379,90.3677056,23.8104114,0.00159139,4,2,0,0
Zone_DH402,392524477,90.3524403,23.8003968,0.01390986,4,3,0,0
Zone_DH402,3713356506,90.366455,23.8066589,0.03886378,3,3,0,0
Zone_DH402,3556610792,90.3534834,23.7985636,0.03598246,3,3,0,1
Zone_DH402,392524521,90.3522515,23.800667,0.00691988,4,3,0,0
Zone_DH402,4611248889,90.3599382,23.7928079,0.00542564,4,3,0,0
Zone_DH402,4611248894,90.3582062,23.7939251,0.00998748,4,3,0,0
Zone_DH402,4611248896,90.3576426,23.7938082,0.03404255,3,3,0,0
Zone_DH402,392524545,90.3506984,23.8001286,0.03823283,3,3,0,0
Zone_DH402,12102734592,90.3510626,23.7905389,0.0,4,1,0,0
Zone_DH402,12102734595,90.3522739,23.7941293,0.03631646,3,3,0,0
Zone_DH402,4611248899,90.3582176,23.793275,0.02655382,3,3,0,0
Zone_DH402,4611248901,90.3578563,23.7931966,0.02629293,3,3,0,1
Zone_DH402,4611248903,90.3574271,23.7931624,0.0,4,1,0,0
Zone_DH402,3713299210,90.3670473,23.8090151,0.00484777,4,3,0,0
Zone_DH402,3713299211,90.3679082,23.809226,0.00706059,4,3,0,0
Zone_DH402,4611248926,90.3567623,23.7941189,0.02959538,3,3,0,1
Zone_DH402,4611248927,90.3569472,23.7940898,0.02839107,3,3,0,0
Zone_DH402,4611248928,90.3570406,23.7936367,0.00867651,4,3,0,0
Zone_DH402,392524579,90.3520621,23.8009443,0.00677716,4,3,0,0
Zone_DH402,392524581,90.3505016,23.8004145,0.03905456,3,3,0,0
Zone_DH402,4493243187,90.3574486,23.7929559,0.0010005,4,3,0,1
Zone_DH402,11991642944,90.3690126,23.7969222,0.0,4,1,0,0
Zone_DH402,3536220993,90.3599722,23.7958607,0.02445567,3,3,0,0
Zone_DH402,11991642946,90.3689879,23.7975309,0.00630045,4,4,0,1
Zone_DH402,5665362753,90.3455729,23.8001488,0.00100451,4,3,0,1
Zone_DH402,5665362754,90.3459059,23.800161,0.0029995,4,3,0,1
Zone_DH402,3536220997,90.3593482,23.7957669,0.01444616,4,3,0,0
Zone_DH402,11991642947,90.3691638,23.7978444,0.0020005,4,3,0,1
Zone_DH402,11991642950,90.3694431,23.7977627,0.0,4,1,0,0
Zone_DH402,11991642951,90.3689737,23.7981493,0.0,4,1,0,0
Zone_DH402,3536221002,90.3594217,23.7952493,0.04725185,3,3,0,0
Zone_DH402,11991642966,90.3688168,23.7992227,0.00623685,4,3,0,1
Zone_DH402,11991642968,90.3693519,23.7995567,0.0,4,1,0,0
Zone_DH402,4017836898,90.3564252,23.805975,0.03729993,3,3,0,0
Zone_DH402,3713356651,90.3647861,23.8068009,0.0,4,3,0,0
Zone_DH402,7994069867,90.3548839,23.8062463,0.01114321,4,3,0,1
Zone_DH402,392524654,90.3511524,23.8010081,0.01649473,4,4,0,0
Zone_DH402,4611068359,90.3526679,23.7966618,0.00327641,4,4,0,0
Zone_DH402,4034278262,90.3550284,23.8121036,0.00241312,4,3,0,0
Zone_DH402,4611068360,90.3520602,23.7966113,0.06091935,2,3,0,0
Zone_DH402,12049527687,90.3649813,23.8072234,0.0,4,1,0,0
Zone_DH402,6349075335,90.3626387,23.801493,0.06613317,2,3,0,0
Zone_DH402,12049527692,90.3658708,23.8070501,0.0020005,4,3,0,1
Zone_DH402,6307582861,90.3561593,23.8057803,0.0,4,1,0,0
Zone_DH402,12049527694,90.3661583,23.8072662,0.0,4,1,0,0
Zone_DH402,6307582863,90.3563036,23.8061243,0.03574861,3,3,0,1
Zone_DH402,6307582864,90.3560467,23.8064399,0.03472507,3,3,0,1
Zone_DH402,6307582867,90.3556986,23.8056091,0.0,4,1,0,0
Zone_DH402,6307582868,90.3562468,23.8067842,0.0070661,4,3,0,1
Zone_DH402,6307582869,90.35617,23.8068809,0.0020005,4,3,0,1
Zone_DH402,6307582870,90.3560882,23.8067533,0.0,4,1,0,0
Zone_DH402,6307582871,90.3562438,23.8070012,0.0,4,1,0,0
Zone_DH402,6102676379,90.3611487,23.8094849,0.03659537,3,4,0,0
Zone_DH402,392524714,90.351876,23.8012167,0.005004,4,3,0,0
Zone_DH402,11328557994,90.3581708,23.795986,0.00175313,4,3,0,1
Zone_DH402,11328557996,90.3594596,23.7961064,0.0,4,1,0,0
Zone_DH402,4474704813,90.3468476,23.8032867,0.01055833,4,4,0,1
Zone_DH402,3718108084,90.3619177,23.7939828,0.02606058,3,3,0,0
Zone_DH402,3738948629,90.358211,23.798169,0.00316475,4,3,0,0
Zone_DH402,3738948630,90.3582555,23.7978506,0.03700449,3,3,0,0
Zone_DH402,3731338263,90.3679256,23.8046144,0.014341,4,4,0,0
Zone_DH402,3093787672,90.3600209,23.8043878,0.07430091,2,3,0,0
Zone_DH402,3731338264,90.3676043,23.8055708,0.00715172,4,3,0,0
Zone_DH402,3093787673,90.3585413,23.8055674,0.04164995,3,3,0,0
Zone_DH402,3093787674,90.357661,23.8049584,0.02735802,3,3,0,0
Zone_DH402,392524833,90.3524948,23.8026916,0.02404155,3,3,0,0
Zone_DH402,392524835,90.3526889,23.8024098,0.02599748,3,3,0,0
Zone_DH402,9559495717,90.3481096,23.7952148,0.00432148,4,3,0,0
Zone_DH402,392524839,90.3507375,23.8016228,0.00143065,4,3,0,0
Zone_DH402,3915887664,90.3477611,23.7915683,0.0,4,1,0,0
Zone_DH402,6087144501,90.3619872,23.8104263,0.0282078,3,3,0,0
Zone_DH402,6087144502,90.3620765,23.8099887,0.00012218,4,3,0,0
Zone_DH402,10185929808,90.360398,23.8031754,0.07604553,2,3,0,0
Zone_DH402,10185929809,90.3604748,23.8030836,0.06011364,3,4,0,0
Zone_DH402,10185929810,90.3589196,23.8022299,0.0554156,3,3,0,0
Zone_DH402,10185929811,90.3589936,23.8021342,0.03380269,3,3,0,0
Zone_DH402,10724930653,90.3549451,23.7997241,0.15769496,1,4,1,1
Zone_DH402,5753590907,90.3526381,23.7996961,0.01129243,4,3,0,1
Zone_DH402,5753590908,90.3531505,23.798891,0.0,4,1,0,0
Zone_DH402,392524926,90.3509159,23.8013586,0.00220581,4,3,0,0
Zone_DH402,4488320128,90.3644356,23.8011079,0.02829293,3,3,0,0
Zone_DH402,12020077710,90.3495226,23.7906158,0.0,4,1,0,0
Zone_DH402,12054475924,90.3472748,23.8015327,0.0,4,1,0,0
Zone_DH402,12054475925,90.3477749,23.8016773,0.00782674,4,3,0,1
Zone_DH402,12054475926,90.3477393,23.7997304,0.01008462,4,3,0,0
Zone_DH402,4597658774,90.3692351,23.8068465,0.0019975,4,2,0,0
Zone_DH402,12054475937,90.3446752,23.7984849,0.0,4,1,0,0
Zone_DH402,6292223140,90.3675767,23.8104948,0.00359589,4,4,0,0
Zone_DH402,6292223141,90.3676763,23.8105192,0.0010005,4,3,0,1
Zone_DH402,12054475944,90.3479265,23.8014264,0.00982173,4,3,0,1
Zone_DH402,12018398379,90.353084,23.7981441,0.0,4,1,0,0
Zone_DH402,12054475949,90.3468104,23.8012444,0.0,4,1,0,0
Zone_DH402,12054475950,90.3469502,23.8009958,0.0,4,1,0,0
Zone_DH402,12054475957,90.3466695,23.800604,0.01292839,4,3,0,1
Zone_DH402,12054475958,90.346625,23.8009743,0.0010005,4,3,0,1
Zone_DH402,12054475959,90.3461376,23.8009295,1.002e-05,4,3,0,0
Zone_DH402,12054475960,90.3461796,23.8005747,0.00996044,4,3,0,0
Zone_DH402,4474705092,90.3462839,23.8041677,0.0141392,4,3,0,0
Zone_DH402,4599092436,90.3650535,23.7922963,0.00494141,4,3,0,0
Zone_DH402,12018398429,90.3522076,23.7919328,0.0,4,1,0,0
Zone_DH402,4474705118,90.3484858,23.8043274,0.02009463,4,3,0,0
Zone_DH402,392525022,90.3507216,23.8024106,0.0,4,1,0,0
Zone_DH402,392525023,90.3521324,23.8032161,0.0242759,3,3,0,0
Zone_DH402,4474705120,90.3478153,23.8044348,0.0148698,4,3,0,0
Zone_DH402,4610987232,90.3536902,23.7914197,0.02750675,3,3,0,0
Zone_DH402,12018398434,90.351457,23.7919445,0.00599048,4,3,0,1
Zone_DH402,4474705130,90.3475153,23.8048761,0.04410363,3,3,0,0
Zone_DH402,4474705132,90.3480709,23.805062,0.0339434,3,3,0,1
Zone_DH402,392525045,90.3493181,23.8019908,0.04654129,3,3,0,0
Zone_DH402,4114617590,90.3654077,23.7930606,0.00885378,4,3,0,0
Zone_DH402,392525046,90.3519311,23.8035097,0.02925787,3,3,0,0
Zone_DH402,4114617595,90.3652716,23.7963137,0.04565846,3,4,0,0
Zone_DH402,4611069189,90.3512104,23.7938416,0.02228742,4,4,0,1
Zone_DH402,4611069191,90.351756,23.7942651,0.0,4,1,0,0
Zone_DH402,4611069193,90.351593,23.7942709,0.0020005,4,3,0,1
Zone_DH402,4611069199,90.3511054,23.7932119,0.01951326,4,3,0,0
Zone_DH402,12047152402,90.3659249,23.7909332,0.00054532,4,2,0,0
Zone_DH402,12047152403,90.3657218,23.7915451,0.00131547,4,3,0,0
Zone_DH402,4476122388,90.3454336,23.801261,0.0,4,1,0,0
Zone_DH402,4524414226,90.3455008,23.8005331,0.000999,4,3,0,0
Zone_DH402,4524414230,90.346161,23.8005736,0.00797296,4,3,0,0
Zone_DH402,4524414228,90.3467153,23.8001707,0.0,4,1,0,0
Zone_DH402,12047152408,90.365783,23.7954736,0.01650124,4,3,0,1
Zone_DH402,4493751576,90.3591715,23.7910382,0.01721732,4,3,0,1
Zone_DH402,12047152409,90.3651944,23.7959928,0.00927591,4,3,0,0
Zone_DH402,4524414232,90.3472043,23.8006417,0.01490936,4,3,0,1
Zone_DH402,12047152412,90.3659147,23.7979675,0.03683473,3,3,0,1
Zone_DH402,3734836508,90.3646908,23.7993482,0.02822633,3,3,0,1
Zone_DH402,12047152414,90.3666545,23.7976786,0.00917175,4,3,0,1
Zone_DH402,4493751579,90.3584576,23.7907864,0.0,4,1,0,0
Zone_DH402,12020077856,90.350434,23.7907007,0.00517927,4,3,0,0
Zone_DH402,12020077857,90.3508192,23.7906053,0.00401953,4,3,0,1
Zone_DH402,12047152418,90.3682874,23.7978302,0.0,4,1,0,0
Zone_DH402,12020077858,90.3506568,23.7909361,0.0,4,1,0,0
Zone_DH402,12047152413,90.3662047,23.798018,0.0,4,1,0,0
Zone_DH402,12010108197,90.3608709,23.8116181,0.01214321,4,3,0,0
Zone_DH402,12047152422,90.3679461,23.7979713,0.0,4,1,0,0
Zone_DH402,12047152423,90.3677564,23.7984122,0.00742964,4,3,0,1
Zone_DH402,12047152417,90.3667572,23.7978609,0.0,4,1,0,0
Zone_DH402,12047152425,90.3685303,23.7982137,0.0020005,4,3,0,1
Zone_DH402,12047152424,90.3677778,23.7981235,0.0,4,1,0,0
Zone_DH402,12047152426,90.3684919,23.7980698,0.0,4,1,0,0
Zone_DH402,10936349996,90.3606166,23.7945681,0.0,4,1,0,0
Zone_DH402,12047152429,90.3675774,23.7984028,0.00932949,4,3,0,1
Zone_DH402,12047152428,90.3687028,23.7982428,0.0,4,1,0,0
Zone_DH402,12047152431,90.3665094,23.7984867,0.0217421,4,3,0,1
Zone_DH402,12047152430,90.3675947,23.7981745,0.0,4,1,0,0
Zone_DH402,12047152433,90.3663401,23.7981579,0.0,4,1,0,0
Zone_DH402,4493825334,90.3577168,23.7914099,0.01738857,4,3,0,0
Zone_DH402,12047152438,90.3642176,23.7997144,0.0,4,1,0,0
Zone_DH402,12047152443,90.3646654,23.7997006,0.02815121,3,3,0,1
Zone_DH402,4493825339,90.3580895,23.7902039,0.00036555,4,3,0,0
Zone_DH402,4611069245,90.3518675,23.7939689,0.02773359,3,3,0,1
Zone_DH402,4611069246,90.3518621,23.7938758,0.02402302,3,3,0,1
Zone_DH402,4611069244,90.3522172,23.793894,0.02849873,3,3,0,0
Zone_DH402,4611069247,90.3522382,23.7945432,0.02252878,4,4,0,1
Zone_DH402,4611069249,90.3522114,23.7948552,0.02424435,3,3,0,1
Zone_DH402,4611069248,90.3518545,23.7945927,0.0,4,1,0,0
Zone_DH402,4611069251,90.351651,23.7948835,0.0,4,1,0,0
Zone_DH402,6102676800,90.3608965,23.8106361,0.01547771,4,3,0,0
Zone_DH402,6102676820,90.3634223,23.8050943,0.06646116,2,4,0,0
Zone_DH402,4397823319,90.368382,23.7973041,0.00824086,4,3,0,0
Zone_DH402,4397823327,90.3667685,23.7975131,0.00764096,4,3,0,0
Zone_DH402,4417893730,90.3630624,23.7914563,0.00665798,4,3,0,1
Zone_DH402,4597437795,90.3630133,23.8016252,0.0232058,3,3,0,1
Zone_DH402,4397823337,90.368223,23.7975445,0.00585528,4,3,0,1
Zone_DH402,4397823339,90.3680618,23.7975783,0.00673059,4,3,0,1
Zone_DH402,3720705402,90.3659961,23.7909634,2.153e-05,4,2,0,0
Zone_DH402,264877445,90.3631516,23.8048062,0.03631045,3,3,0,0
Zone_DH402,4506695046,90.3588274,23.7993092,0.0273405,3,3,0,1
Zone_DH402,264877447,90.3638753,23.8038588,0.05206958,3,3,0,0
Zone_DH402,4506695045,90.3596283,23.7994305,0.0,4,1,0,0
Zone_DH402,264877457,90.3691781,23.8058085,0.00398798,4,3,0,0
Zone_DH402,12015277472,90.3595756,23.7952657,0.03711115,3,3,0,1
Zone_DH402,4456445348,90.3610531,23.8056621,0.00810315,4,3,0,0
Zone_DH402,3516781993,90.3556207,23.7999307,0.01344666,4,3,0,0
Zone_DH402,4456445357,90.3608469,23.8059401,0.00924787,4,3,0,0
Zone_DH402,4456445359,90.3616052,23.8060184,0.00138207,4,4,0,0
Zone_DH402,4456445364,90.360647,23.8062096,0.00497696,4,3,0,0
Zone_DH402,3516782011,90.3551162,23.799949,0.1413124,1,3,0,0
Zone_DH402,4456445372,90.3614011,23.8062924,0.00390235,4,3,0,0
Zone_DH402,4456445376,90.362272,23.8068439,0.05821529,3,4,0,0
Zone_DH402,12015277520,90.3587736,23.7955338,0.0,4,1,0,0
Zone_DH402,12015277522,90.3587965,23.7951726,0.04566197,3,3,0,1
Zone_DH402,12091684316,90.3478983,23.8118623,0.00199099,4,3,0,1
Zone_DH402,12091684324,90.3500058,23.8120188,0.0,4,1,0,0
Zone_DH402,12009281008,90.360857,23.8077472,0.00059439,4,3,0,0
Zone_DH402,12009281011,90.3611095,23.8074062,0.00040911,4,3,0,0
Zone_DH402,9879000588,90.3536904,23.8067722,0.04058686,3,4,0,0
Zone_DH402,6821123609,90.3615207,23.7944332,0.0,4,1,0,0
Zone_DH402,12825810470,90.3595999,23.8047069,0.0010005,4,3,0,1
Zone_DH402,12825810471,90.3591478,23.8050354,0.03988631,3,3,0,0
Zone_DH402,4456429104,90.358798,23.8061817,0.02518026,3,3,0,0
Zone_DH402,13049632328,90.3534295,23.8024364,0.0,4,1,0,0
Zone_DH402,13049632329,90.3535013,23.8023366,0.0,4,1,0,0
Zone_DH402,13049632330,90.3534684,23.8023824,0.05611815,3,4,0,1
Zone_DH402,11993290325,90.366278,23.793329,0.0,4,1,0,0
Zone_DH402,11993290326,90.3658668,23.7924319,0.00668953,4,3,0,1
Zone_DH402,348354138,90.3538754,23.7910611,0.01185678,4,2,0,0
Zone_DH402,11993290330,90.3673633,23.7924527,0.0010005,4,2,0,1
Zone_DH402,11993290332,90.3667401,23.7925652,0.00249925,4,3,0,1
Zone_DH402,11993290331,90.3678575,23.7924882,0.0,4,1,0,0
Zone_DH402,11993290333,90.3668905,23.7922931,0.0,4,1,0,0
Zone_DH402,348354146,90.3587731,23.7915853,0.04100949,3,3,0,0
Zone_DH402,348354147,90.3587716,23.7916319,0.04293138,3,3,0,0
Zone_DH402,4459214443,90.3555883,23.8038618,0.06764794,2,3,0,0
Zone_DH402,4488918641,90.3601771,23.79544,0.04607659,3,3,0,0
Zone_DH402,4459214452,90.3558595,23.8040519,0.07683371,2,3,0,0
Zone_DH402,4488918644,90.3608948,23.7952628,0.03953929,3,3,0,0
Zone_DH402,4438537849,90.3472962,23.799955,0.0086695,4,3,0,0
Zone_DH402,9961199232,90.3546464,23.7972598,0.01528943,4,3,0,1
Zone_DH402,9961199235,90.3514683,23.7990097,0.06156582,2,3,0,0
Zone_DH402,11409372815,90.3617299,23.7905922,0.0,4,1,0,0
Zone_DH402,11409372816,90.3614878,23.7903455,0.0,4,1,0,0
Zone_DH402,11409372817,90.3615262,23.7900189,0.00818527,4,3,0,1
Zone_DH402,11409372818,90.360444,23.7901141,0.01025488,4,3,0,1
Zone_DH402,11409372821,90.3605001,23.7906246,0.0020005,4,3,0,1
Zone_DH402,11409372822,90.3602895,23.7906695,0.0,4,1,0,0
Zone_DH402,11409372825,90.3607978,23.7903695,0.0,4,1,0,0
Zone_DH402,11409372827,90.3610446,23.7908351,0.0,4,1,0,0
Zone_DH402,4438537885,90.3467283,23.8003305,0.0,4,1,0,0
Zone_DH402,4493244092,90.3571814,23.7928906,0.00777816,4,3,0,0
Zone_DH402,3734812350,90.3646537,23.8002121,0.03879017,3,3,0,0
Zone_DH402,6087186111,90.3619461,23.8109918,0.01528943,4,3,0,0
Zone_DH402,6087186112,90.3609438,23.8108343,0.01398848,4,3,0,0
Zone_DH402,4613338834,90.3668646,23.8027402,0.02515973,3,3,0,0
Zone_DH402,348403414,90.3587099,23.79383,0.00605758,4,3,0,0
Zone_DH402,4613338845,90.3631739,23.8006021,0.04573107,3,3,0,0
Zone_DH402,4613338856,90.3666771,23.8010092,0.01936554,4,3,0,0
Zone_DH402,4613338862,90.3688339,23.8007815,0.0,4,1,0,0
Zone_DH402,264877813,90.360861,23.8112127,0.01305508,4,3,0,0
Zone_DH402,264877816,90.3612472,23.8094237,0.05672907,3,3,0,0
Zone_DH402,4613338872,90.3674593,23.7947729,0.00250576,4,4,0,1
Zone_DH402,264877823,90.3627733,23.8061335,0.0486815,3,3,0,0
Zone_DH402,264877826,90.3634936,23.805142,0.05249121,3,4,0,0
Zone_DH402,6087186179,90.3612528,23.8126499,0.00621332,4,4,0,0
Zone_DH402,5660423945,90.3470895,23.8023865,0.0,4,1,0,0
Zone_DH402,5660423946,90.3483364,23.8029767,0.03936202,3,4,0,1
Zone_DH402,3732395803,90.3594532,23.8054063,0.01051126,4,3,0,0
Zone_DH402,3732395804,90.3600182,23.8056564,0.0341422,3,3,0,0
Zone_DH402,3738138424,90.3661257,23.8065685,0.04212967,3,3,0,1
Zone_DH402,3738138429,90.3655375,23.8063161,0.04356983,3,3,0,1
Zone_DH402,13432026950,90.358153,23.8043706,0.0305453,3,4,0,0
Zone_DH402,4415297355,90.3484285,23.7908427,0.0,4,2,0,0
Zone_DH402,4415297358,90.3486287,23.792243,0.0040005,4,3,0,0
Zone_DH402,4415297359,90.3491768,23.792515,0.006337,4,3,0,1
Zone_DH402,4415297360,90.3486626,23.7925558,0.01102603,4,3,0,0
Zone_DH402,4474771283,90.3478799,23.8015273,0.01056885,4,3,0,0
Zone_DH402,4415297364,90.3488522,23.7938898,0.02277916,3,3,0,1
Zone_DH402,4415297365,90.3489215,23.7943836,0.02590484,3,3,0,1
Zone_DH402,4415297366,90.3490186,23.7951347,0.02965547,3,3,0,1
Zone_DH402,4455978841,90.3525926,23.8039769,0.01661291,4,3,0,0
Zone_DH402,4455978846,90.3536008,23.8046957,0.01064096,4,3,0,0
Zone_DH402,4455978847,90.352055,23.8047434,0.00875913,4,3,0,0
Zone_DH402,9880557419,90.3553612,23.8002609,0.0,4,1,0,0
Zone_DH402,386217837,90.3660999,23.8051372,0.02097395,4,3,0,0
Zone_DH402,9880557422,90.3550184,23.800053,0.0,4,1,0,0
Zone_DH402,4438538093,90.3472457,23.8004562,0.01916574,4,4,0,1
Zone_DH402,4474574704,90.3469251,23.8057563,0.0224101,4,3,0,0
Zone_DH402,386791281,90.3694416,23.8061782,7.51e-06,4,2,0,0
Zone_DH402,9880557425,90.3551058,23.7995048,0.0,4,1,0,0
Zone_DH402,9880557426,90.3548736,23.7998166,0.0,4,1,0,0
Zone_DH402,386791284,90.369556,23.8058192,8.01e-06,4,2,0,0
Zone_DH402,9880557428,90.3558462,23.8000444,0.0,4,1,0,0
Zone_DH402,9880557427,90.3556607,23.8002757,0.0,4,1,0,0
Zone_DH402,3734869881,90.3627378,23.8095673,0.02779268,3,3,0,0
Zone_DH402,3734869882,90.3612767,23.8092981,0.05702301,3,3,0,0
Zone_DH402,4438538115,90.3482577,23.8009996,0.02662843,3,3,0,0
Zone_DH402,12009256837,90.3618112,23.8057484,0.00225138,4,3,0,0
Zone_DH402,11287675976,90.3527717,23.8010866,0.00697746,4,4,0,0
Zone_DH402,8148391833,90.3484444,23.8089257,0.0,4,1,0,0
Zone_DH402,3732412316,90.3614011,23.8000703,0.08565143,2,3,0,0
Zone_DH402,11991447456,90.3684122,23.7948046,0.00698547,4,3,0,1
Zone_DH402,4474574753,90.3458086,23.8059726,0.00495643,4,3,0,0
Zone_DH402,11991447457,90.3685504,23.7949041,0.0,4,1,0,0
Zone_DH402,11991447459,90.3681692,23.7955183,0.0,4,1,0,0
Zone_DH402,11991447460,90.3686205,23.7956874,0.0020005,4,3,0,1
Zone_DH402,11991447462,90.3686595,23.7952627,0.0,4,1,0,0
Zone_DH402,5701662640,90.3548861,23.8047153,0.00182724,4,3,0,0
Zone_DH402,5701662641,90.3535209,23.8037384,0.00463795,4,3,0,0
Zone_DH402,5701662651,90.3546625,23.8049871,0.00160591,4,3,0,0
Zone_DH402,5701662652,90.3533231,23.8040203,0.00361592,4,3,0,0
Zone_DH402,12153526213,90.3584292,23.8093653,0.0,4,1,0,0
Zone_DH402,12000278486,90.3567586,23.8092122,0.0,4,1,0,0
Zone_DH402,12000278490,90.3569261,23.80871,0.0010661,4,3,0,1
Zone_DH402,348395490,90.3606666,23.7926624,0.03105707,3,3,0,0
Zone_DH402,3718109157,90.3629423,23.7952867,0.03329843,3,3,0,1
Zone_DH402,348395494,90.3604581,23.7921551,0.02645667,3,3,0,0
Zone_DH402,3718109159,90.36276,23.7948488,0.00399749,4,3,0,1
Zone_DH402,3718109160,90.3627045,23.7943526,0.0,4,1,0,0
Zone_DH402,4497872877,90.361299,23.7903994,0.0,4,1,0,0
Zone_DH402,4497872880,90.3617116,23.7908149,0.0020005,4,3,0,1
Zone_DH402,4497872881,90.3617064,23.7909295,0.01105107,4,3,0,1
Zone_DH402,4611266590,90.3652949,23.7912196,0.00137857,4,2,0,0
Zone_DH402,4314789920,90.3563166,23.7995606,0.01094591,4,3,0,0
Zone_DH402,11492136994,90.3571863,23.7917293,0.0,4,1,0,0
Zone_DH402,11492136995,90.357553,23.7917679,0.0,4,1,0,0
Zone_DH402,4611266596,90.3652639,23.7919152,0.00364647,4,3,0,0
Zone_DH402,386037797,90.363035,23.7921979,0.01809864,4,3,0,0
Zone_DH402,11492136997,90.3590655,23.7921185,0.0,4,1,0,0
Zone_DH402,5927778346,90.3528414,23.794605,0.00060941,4,3,0,0
Zone_DH402,11492137002,90.3618241,23.7942949,0.02812017,3,3,0,0
Zone_DH402,386037804,90.3621748,23.7928421,0.01971656,4,3,0,1
Zone_DH402,386037805,90.3620985,23.7934178,0.03388381,3,3,0,0
Zone_DH402,4611266604,90.3636252,23.7933166,0.0,4,1,0,0
Zone_DH402,4611266605,90.3637421,23.7933552,0.0,4,1,0,0
Zone_DH402,11492137007,90.3613654,23.7937457,0.0,4,1,0,0
Zone_DH402,11492137010,90.3642752,23.7944716,0.0,4,1,0,0
Zone_DH402,4611266619,90.3629605,23.7948458,0.0,4,1,0,0
Zone_DH402,4329740349,90.3639588,23.8119619,0.00273009,4,3,0,0
Zone_DH402,4611266622,90.3625674,23.7948508,0.0,4,1,0,0
Zone_DH402,4611274817,90.3566891,23.7937634,0.0,4,1,0,0
Zone_DH402,4611266626,90.3619333,23.7939008,0.02432397,3,3,0,0
Zone_DH402,3713308739,90.3635927,23.8096311,0.01709764,4,3,0,0
Zone_DH402,4611266628,90.3620033,23.7936795,0.02362793,3,3,0,1
Zone_DH402,4611266625,90.3614267,23.793817,0.0010005,4,3,0,1
Zone_DH402,4611266630,90.3614197,23.793508,0.0,4,1,0,0
Zone_DH402,3713308743,90.3627542,23.8094826,0.0272764,3,3,0,0
Zone_DH402,12049173397,90.3648495,23.7909732,0.0,4,1,0,0
Zone_DH402,4611266634,90.3629597,23.7927998,0.0,4,1,0,0
Zone_DH402,12049173398,90.3648744,23.7907893,0.0,4,1,0,0
Zone_DH402,4611266637,90.3613796,23.7934226,0.0,4,1,0,0
Zone_DH402,4611266638,90.3606659,23.7932023,0.01682122,4,3,0,1
Zone_DH402,4611274831,90.356222,23.7939114,0.0,4,1,0,0
Zone_DH402,4611274832,90.3585072,23.7926197,0.01996243,4,3,0,1
Zone_DH402,4329740369,90.365447,23.8121469,0.00190385,4,2,0,0
Zone_DH402,4611274833,90.3581164,23.7924719,0.0,4,1,0,0
Zone_DH402,4611274834,90.3619234,23.7922843,0.0,4,1,0,0
Zone_DH402,386029652,90.3612349,23.8018881,0.09141708,2,3,0,0
Zone_DH402,4329740373,90.3654044,23.8122248,0.00191487,4,3,0,0
Zone_DH402,4611274837,90.3616934,23.793044,0.01718126,4,3,0,1
Zone_DH402,4611274839,90.3640441,23.794008,0.0202053,4,3,0,1
Zone_DH402,4611266644,90.3629955,23.7911796,0.0,4,1,0,0
Zone_DH402,4611274840,90.3635575,23.7938529,0.0,4,1,0,0
Zone_DH402,12049173400,90.3643433,23.791626,0.0,4,1,0,0
Zone_DH402,12054347894,90.3453661,23.8039419,0.0,4,1,0,0
Zone_DH402,4611266652,90.3592565,23.7919697,0.0,4,1,0,0
Zone_DH402,4611266653,90.3591117,23.791945,0.0020005,4,3,0,1
Zone_DH402,4611266654,90.3565112,23.7923246,0.0,4,1,0,0
Zone_DH402,4611266656,90.3568529,23.7922345,0.01179168,4,3,0,1
Zone_DH402,4611266657,90.3586817,23.7920644,0.035342,3,3,0,1
Zone_DH402,4611266660,90.3579734,23.7917695,0.0,4,1,0,0
Zone_DH402,386029669,90.361947,23.7982925,0.02636704,3,3,0,0
Zone_DH402,4611266661,90.3578829,23.7915692,0.0,4,1,0,0
Zone_DH402,4611266663,90.3573556,23.7913724,0.01826339,4,3,0,1
Zone_DH402,4611266664,90.3569088,23.7917536,0.00988632,4,3,0,1
Zone_DH402,4611266662,90.3573563,23.7917281,0.0020005,4,3,0,1
Zone_DH402,4611266666,90.3558922,23.7914986,0.0,4,1,0,0
Zone_DH402,4611266665,90.3566111,23.7917444,0.0,4,1,0,0
Zone_DH402,4611266669,90.3562375,23.7914944,0.0,4,1,0,0
Zone_DH402,4611266670,90.3562792,23.7911799,0.00936755,4,3,0,1
Zone_DH402,4611266671,90.3563337,23.7909145,0.0,4,1,0,0
Zone_DH402,4611266672,90.356249,23.7911711,0.00923835,4,3,0,1
Zone_DH402,386029681,90.3623523,23.7975749,0.02469052,3,3,0,0
Zone_DH402,4611266673,90.3554462,23.7901503,0.0,4,1,0,0
Zone_DH402,4611266675,90.3557764,23.7904285,0.00645218,4,3,0,1
Zone_DH402,4611266676,90.3554152,23.7903829,0.0020005,4,3,0,1
Zone_DH402,386029685,90.362562,23.7965547,0.09499394,2,4,0,0
Zone_DH402,4611266674,90.3553771,23.7906698,0.0,4,1,0,0
Zone_DH402,4611266679,90.3557127,23.7926112,0.01230195,4,3,0,1
Zone_DH402,4611266677,90.3557891,23.7921075,0.0,4,1,0,0
Zone_DH402,4611266680,90.3560918,23.793208,0.0,4,1,0,0
Zone_DH402,12054347902,90.3465819,23.8013094,0.0,4,1,0,0
Zone_DH402,4611266683,90.3561455,23.7926541,0.011671,4,3,0,1
Zone_DH402,4611266684,90.3557786,23.7932537,0.0,4,1,0,0
Zone_DH402,4611266685,90.3558256,23.7926246,0.0118693,4,3,0,1
Zone_DH402,4611266686,90.3553505,23.7929896,0.0,4,1,0,0
Zone_DH402,6087440511,90.3580952,23.8070487,0.00918978,4,3,0,1
Zone_DH402,386029711,90.3639689,23.7943528,0.03759788,3,4,0,1
Zone_DH402,386029726,90.3644971,23.7925185,0.02068952,4,3,0,0
Zone_DH402,11992111271,90.3654084,23.8106797,0.0086059,4,3,0,0
Zone_DH402,11992111278,90.3671212,23.8009325,0.00174862,4,3,0,1
Zone_DH402,4609013935,90.3650037,23.7905331,0.0,4,1,0,0
Zone_DH402,11992111282,90.3673932,23.8002847,0.00218728,4,3,0,0
Zone_DH402,11992111287,90.3677104,23.8006544,0.0,4,1,0,0
Zone_DH402,11992111288,90.3675343,23.7999896,0.0,4,1,0,0
Zone_DH402,11992111290,90.3676009,23.7996353,0.01041111,4,3,0,1
Zone_DH402,11992111292,90.3636347,23.8009702,0.00361392,4,3,0,1
Zone_DH402,11992111293,90.3634312,23.8009578,0.0058693,4,3,0,1
Zone_DH402,11992111294,90.3634807,23.8009616,0.00472559,4,3,0,1
Zone_DH402,11992111295,90.3634413,23.8006882,0.0,4,1,0,0
Zone_DH402,11992111296,90.3634601,23.8012686,0.0,4,1,0,0
Zone_DH402,11992111297,90.3635929,23.8012858,0.0,4,1,0,0
Zone_DH402,4611266791,90.3552636,23.7922852,0.0,4,1,0,0
Zone_DH402,3718904040,90.3623462,23.8015018,0.03013168,3,3,0,0
Zone_DH402,4611266793,90.3599447,23.7933136,0.02228191,4,3,0,1
Zone_DH402,4611266795,90.3597372,23.7937254,0.0,4,1,0,0
Zone_DH402,4611266797,90.3611858,23.7941891,0.0,4,1,0,0
Zone_DH402,4611266800,90.3614118,23.79461,0.0020005,4,3,0,1
Zone_DH402,4019804403,90.3505166,23.7937686,0.0,4,1,0,0
Zone_DH402,4611266804,90.3613062,23.7957324,0.07141909,2,3,0,1
Zone_DH402,4611266805,90.3621216,23.7946985,0.0,4,1,0,0
Zone_DH402,4611266808,90.361742,23.7946691,0.02971005,3,3,0,1
Zone_DH402,4611266809,90.3616245,23.7963752,0.14588325,1,3,0,0
Zone_DH402,12590430458,90.3632499,23.8035241,0.02739258,3,3,0,0
Zone_DH402,12590430459,90.3622803,23.8034594,0.02922582,3,3,0,0
Zone_DH402,12590430460,90.362568,23.8030724,0.05436051,3,3,0,0
Zone_DH402,4611266813,90.3616968,23.7956181,0.03133649,3,3,0,1
Zone_DH402,4611266811,90.3622469,23.7960095,0.0,4,1,0,0
Zone_DH402,3738138925,90.365682,23.8074068,0.0,4,1,0,0
Zone_DH402,12054347893,90.3456928,23.8033212,0.0,4,1,0,0
Zone_DH402,4611152185,90.3606006,23.798452,0.0,4,1,0,0
Zone_DH402,4611152186,90.3604384,23.7991318,0.02066399,4,3,0,1
Zone_DH402,4611152187,90.3599263,23.7984214,0.0,4,1,0,0
Zone_DH402,4611152188,90.3615266,23.7993925,0.09405954,2,3,0,0
Zone_DH402,4493736256,90.3593616,23.7905404,0.01188082,4,3,0,0
Zone_DH402,10940324165,90.3600571,23.7945762,0.0020005,4,3,0,1
Zone_DH402,386038090,90.3611343,23.7963793,0.07761288,2,3,0,0
Zone_DH402,3713300813,90.3651486,23.8086086,0.0193405,4,4,0,0
Zone_DH402,6087096662,90.3612831,23.8080106,0.01445918,4,3,0,0
Zone_DH402,4493736279,90.3599133,23.7913058,0.00560741,4,4,0,1
Zone_DH402,3732683095,90.36207,23.8026695,0.10568648,1,4,0,0
Zone_DH402,6087096663,90.3600666,23.8072652,0.00277616,4,3,0,0
Zone_DH402,6087096666,90.3597004,23.8081904,0.01056334,4,3,0,0
Zone_DH402,6087096664,90.361074,23.808295,0.01395993,4,3,0,0
Zone_DH402,6087096665,90.3600509,23.8076445,0.00275964,4,3,0,0
Zone_DH402,386038117,90.3557232,23.7969101,0.00399749,4,3,0,1
Zone_DH402,386038120,90.3547284,23.7964705,0.01141412,4,3,0,0
Zone_DH402,11492178290,90.3596512,23.7910126,0.0,4,1,0,0
Zone_DH402,6087186808,90.3614797,23.8130846,0.00089284,4,2,0,0
Zone_DH402,4490606992,90.3697921,23.7972561,0.00117626,4,2,0,0
Zone_DH402,386038172,90.3577497,23.7990893,0.03469703,3,3,0,0
Zone_DH402,386038174,90.3567408,23.7985397,0.06928589,2,3,0,0
Zone_DH402,386038175,90.3561262,23.7985974,0.0678868,2,3,0,1
Zone_DH402,386038177,90.3558357,23.7974794,0.0,4,1,0,0
Zone_DH402,386038183,90.3568068,23.7976856,0.03812417,3,3,0,0
Zone_DH402,3732830640,90.359992,23.8009863,0.03451526,3,3,0,0
Zone_DH402,386038192,90.3575523,23.7977464,0.03531045,3,3,0,0
Zone_DH402,4474771889,90.348779,23.8024502,0.04099347,3,4,0,0
Zone_DH402,3732830641,90.3602507,23.799809,0.01064596,4,3,0,0
Zone_DH402,3713292726,90.3661458,23.8078394,0.02971856,3,3,0,0
Zone_DH402,3713309144,90.3629052,23.8087028,0.00902203,4,3,0,0
Zone_DH402,4497832450,90.3608638,23.7915654,0.01737956,4,3,0,0
Zone_DH402,4397718032,90.3660421,23.7985841,0.02323634,3,3,0,1
Zone_DH402,3734870547,90.3611637,23.8098402,0.04635801,3,3,0,0
Zone_DH402,3853703707,90.3554681,23.8037777,0.06743512,2,3,0,0
Zone_DH402,264878624,90.358797,23.8036011,0.06003903,3,4,0,0
Zone_DH402,386038307,90.3588875,23.7982564,0.02739758,3,3,0,0
Zone_DH402,12015385125,90.3594321,23.7943085,0.0,4,1,0,0
Zone_DH402,12015385129,90.359569,23.7945064,0.00599048,4,3,0,1
Zone_DH402,12015385130,90.3597419,23.7942104,0.0,4,1,0,0
Zone_DH402,4524382764,90.3520019,23.8010324,0.00747721,4,3,0,0
Zone_DH402,4524382765,90.3531681,23.8017169,0.00240561,4,3,0,0
Zone_DH402,4415519278,90.356511,23.7912475,0.01004306,4,3,0,0
Zone_DH402,12015385134,90.3597029,23.7945309,0.00399749,4,3,0,1
Zone_DH402,4524382768,90.3533632,23.8002428,0.01858837,4,3,0,0
Zone_DH402,386038328,90.3607306,23.7956779,0.06990582,2,3,0,0
Zone_DH402,386038331,90.3616791,23.7957185,0.09210762,2,3,0,0
Zone_DH402,4456159806,90.3589273,23.8045801,0.00441812,4,3,0,0
Zone_DH402,4452907588,90.3532876,23.8104393,0.0,4,1,0,0
Zone_DH402,4415519319,90.3578988,23.7914426,0.01749774,4,3,0,1
Zone_DH402,4611086940,90.3521727,23.791216,0.02173259,4,3,0,1
Zone_DH402,3556612701,90.3550385,23.7995965,0.08765844,2,4,0,1
Zone_DH402,6087088737,90.3598952,23.8058247,0.03329743,3,3,0,0
Zone_DH402,6087088738,90.3600364,23.8058843,0.00028893,4,2,0,0
Zone_DH402,12013042277,90.3619936,23.8018637,0.0,4,1,0,0
Zone_DH402,6087088743,90.3603984,23.8059033,0.0001357,4,2,0,0
Zone_DH402,4611086956,90.3534273,23.7914056,0.02567149,3,3,0,0
Zone_DH402,4611086958,90.3537934,23.7898521,0.0,4,2,0,0
Zone_DH402,4611086959,90.3533733,23.7898353,5.408e-05,4,2,0,0
Zone_DH402,4017846899,90.3589776,23.8077558,0.01853029,4,3,0,0
Zone_DH402,386038389,90.3607986,23.7940955,0.03895441,3,3,0,0
Zone_DH402,6087088762,90.3587567,23.8080488,0.0218042,4,3,0,0
Zone_DH402,6087088765,90.359495,23.8084688,0.01377766,4,3,0,0
Zone_DH402,5416303239,90.3598993,23.8079208,0.02340309,3,3,0,0
Zone_DH402,12013042312,90.3609724,23.8010697,0.0,4,1,0,0
Zone_DH402,12013042315,90.3609856,23.8012893,0.01838607,4,3,0,1
Zone_DH402,12098304661,90.3500721,23.8096779,0.01957936,4,3,0,0
Zone_DH402,12098304662,90.3501682,23.8097197,0.0095378,4,3,0,0
Zone_DH402,4595587734,90.3599087,23.7915554,0.0,4,1,0,0
Zone_DH402,12098304666,90.3515272,23.8061921,0.02438356,3,3,0,0
Zone_DH402,264878754,90.3578158,23.8029409,0.03539157,3,3,0,0
Zone_DH402,12098304687,90.3504569,23.8073359,0.0,4,1,0,0
Zone_DH402,12098304688,90.3506301,23.8077421,0.0020005,4,3,0,1
Zone_DH402,12009142961,90.3591163,23.8057726,0.01396794,4,3,0,0
Zone_DH402,12098304689,90.3508324,23.807277,0.0,4,1,0,0
Zone_DH402,12098304691,90.3538541,23.808518,0.0041983,4,3,0,1
Zone_DH402,12098304690,90.3537208,23.8088366,0.0,4,1,0,0
Zone_DH402,386038462,90.3629611,23.7938246,0.0153385,4,3,0,1
Zone_DH402,386038464,90.36315,23.7939771,0.0152058,4,3,0,0
Zone_DH402,12009110213,90.3593588,23.8068512,0.04256833,3,3,0,0
Zone_DH402,11409398475,90.3646564,23.7908706,0.01216174,4,3,0,1
Zone_DH402,11409398476,90.3648632,23.790872,0.0020005,4,3,0,1
Zone_DH402,4584807119,90.3549579,23.8016747,0.01213169,4,3,0,0
Zone_DH402,4584807120,90.3544158,23.8013321,0.00987481,4,3,0,0
Zone_DH402,12009110228,90.3584342,23.806726,0.00828993,4,3,0,0
Zone_DH402,348404465,90.3566584,23.7927507,0.0147406,4,3,0,0
Zone_DH402,348404479,90.3550749,23.7945953,0.06676912,2,3,0,0
Zone_DH402,6087088911,90.3595514,23.8050777,0.0486134,3,3,0,0
Zone_DH402,4524415786,90.3470694,23.8026646,0.0,4,1,0,0
Zone_DH402,4524415787,90.3450425,23.8015124,0.0,4,2,0,0
Zone_DH402,4524415788,90.3490639,23.7961229,0.02624986,3,3,0,0
Zone_DH402,4488993581,90.3625449,23.7983611,0.00392939,4,3,0,1
Zone_DH402,11292547899,90.3645122,23.7928805,0.02209163,4,3,0,1
Zone_DH402,11292547900,90.3637447,23.7928908,0.0,4,1,0,0
Zone_DH402,10991508287,90.3590643,23.8086795,0.01686028,4,3,0,0
Zone_DH402,3732380480,90.3691958,23.8071693,0.00299098,4,2,0,0
Zone_DH402,3731921729,90.3575126,23.8032493,0.01754431,4,3,0,0
Zone_DH402,10991508289,90.358779,23.8094681,0.0010005,4,3,0,1
Zone_DH402,4488026947,90.366741,23.7995819,0.01361692,4,3,0,0
Zone_DH402,12009143108,90.3584896,23.8074763,0.00047671,4,3,0,0
Zone_DH402,10991508293,90.359299,23.8087835,0.02194891,4,3,0,0
Zone_DH402,10991508294,90.3604138,23.8092289,0.01414872,4,3,0,0
Zone_DH402,4488026952,90.3667092,23.7984498,0.02062142,4,3,0,0
Zone_DH402,12009143112,90.357981,23.8072054,0.00817926,4,3,0,0
Zone_DH402,10991508298,90.3590875,23.8095564,0.00219279,4,4,0,1
Zone_DH402,10991508299,90.3593523,23.8088108,0.01850174,4,3,0,0
Zone_DH402,10991508296,90.3597432,23.8089825,0.01536003,4,3,0,1
Zone_DH402,10991508297,90.3594844,23.8100704,0.0,4,1,0,0
Zone_DH402,11024956281,90.3520828,23.8082987,0.0,4,1,0,0
Zone_DH402,11024956282,90.3521097,23.8070005,0.0,4,1,0,0
Zone_DH402,4455955326,90.3503424,23.8046198,0.01247571,4,3,0,0
Zone_DH402,4455979906,90.3532943,23.8050649,0.00491237,4,3,0,0
Zone_DH402,4415478670,90.35597,23.7911121,0.00918127,4,3,0,1
Zone_DH402,4455979925,90.3530229,23.8054199,0.00246269,4,3,0,0
Zone_DH402,4488027033,90.3664745,23.8002785,0.02737355,3,4,0,0
Zone_DH402,4488027037,90.3657304,23.8002287,0.02896744,3,3,0,0
Zone_DH402,11898764196,90.3590506,23.8124427,0.0,4,1,0,0
Zone_DH402,3765156773,90.3552442,23.800161,0.03131596,3,4,0,1
Zone_DH402,3765156775,90.3547713,23.8008061,0.035343,3,3,0,0
Zone_DH402,3765156779,90.3536189,23.8024914,0.08245865,2,4,0,0
Zone_DH402,3765156786,90.352337,23.8043854,0.01142713,4,3,0,0
Zone_DH402,12049021875,90.3549445,23.7972932,0.0,4,1,0,0
Zone_DH402,12049021874,90.3563821,23.7972355,0.0,4,1,0,0
Zone_DH402,12049021879,90.3533757,23.7955084,0.06294388,2,3,0,0
Zone_DH402,3765156792,90.3518344,23.8051338,0.00824436,4,3,0,0
Zone_DH402,4455979960,90.3517142,23.8056988,0.00682423,4,3,0,0
Zone_DH402,12049021880,90.3535093,23.7955914,0.102698,1,3,0,0
Zone_DH402,12049021882,90.3601337,23.7963819,0.02477415,3,3,0,0
Zone_DH402,3765156796,90.351679,23.8059862,0.06748519,2,3,0,0
Zone_DH402,4455979965,90.3527194,23.8057552,0.00246019,4,3,0,0
Zone_DH402,4455955389,90.3509344,23.8049574,0.01571406,4,3,0,0
Zone_DH402,4455979971,90.3526583,23.8058286,0.00232549,4,3,0,0
Zone_DH402,3765156807,90.3510912,23.8078906,0.01100751,4,3,0,1
Zone_DH402,3731807182,90.3641399,23.8016979,0.03363343,3,3,0,1
Zone_DH402,3731807183,90.3642855,23.8014157,0.03304155,3,3,0,0
Zone_DH402,10100530128,90.3653125,23.8032435,0.01061191,4,3,0,0
Zone_DH402,3731807186,90.3645862,23.8006171,0.03924335,3,3,0,0
Zone_DH402,386046934,90.367051,23.7968337,0.02282022,3,3,0,1
Zone_DH402,3731807191,90.364667,23.7997149,0.0282093,3,3,0,1
Zone_DH402,4455955414,90.3516557,23.8053021,0.03465547,3,3,0,0
Zone_DH402,386046939,90.3678863,23.7953334,0.00897245,4,3,0,1
Zone_DH402,3731807196,90.3648341,23.7990098,0.04009813,3,3,0,0
Zone_DH402,386046942,90.3687007,23.7945661,0.00499249,4,2,0,1
Zone_DH402,4455980000,90.3524156,23.8061203,0.00170055,4,3,0,0
Zone_DH402,4455980002,90.3523744,23.8061985,0.04505456,3,3,0,0
Zone_DH402,3713285125,90.3680757,23.8086358,0.01084676,4,3,0,0
Zone_DH402,12013042695,90.3606297,23.801533,0.0,4,1,0,0
Zone_DH402,12013042696,90.3605238,23.8017735,0.00299749,4,3,0,1
Zone_DH402,12013042697,90.3608134,23.8016655,0.0,4,1,0,0
Zone_DH402,12013042698,90.360733,23.8018471,0.0010005,4,3,0,1
Zone_DH402,12013042701,90.360559,23.8022032,0.0010005,4,3,0,1
Zone_DH402,3731774499,90.3634261,23.8044469,0.0289414,3,3,0,0
Zone_DH402,3731774500,90.364437,23.8050529,0.02238607,4,3,0,0
Zone_DH402,13205453900,90.3603654,23.8021061,0.00598998,4,3,0,1
Zone_DH402,3713367130,90.3642902,23.8089966,0.00195844,4,3,0,0
Zone_DH402,6342466676,90.3473573,23.7995547,0.00075413,4,3,0,0
Zone_DH402,6342466678,90.34742,23.7991769,0.0010005,4,3,0,1
Zone_DH402,6342466679,90.347975,23.7994117,0.01005758,4,3,0,0
Zone_DH402,3713318009,90.3642876,23.807835,0.0,4,1,0,0
Zone_DH402,6342466683,90.3462073,23.7989694,0.0,4,1,0,0
Zone_DH402,3738967169,90.3589628,23.7985973,0.02936253,3,4,0,1
Zone_DH402,3738967170,90.359766,23.7987291,0.0,4,1,0,0
Zone_DH402,4544306309,90.348141,23.8032482,0.03730644,3,4,0,0
Zone_DH402,4544306311,90.3477285,23.8022574,0.0,4,1,0,0
Zone_DH402,4544306314,90.3485291,23.8027134,0.04019277,3,4,0,1
Zone_DH402,6087433371,90.3586198,23.8054691,0.04018225,3,3,0,0
Zone_DH402,6087433373,90.3590098,23.8059105,0.00991937,4,3,0,0
Zone_DH402,6102449320,90.3555442,23.8087086,0.01316474,4,3,0,1
Zone_DH402,6102449321,90.3562258,23.8089203,0.0,4,1,0,0
Zone_DH402,6102449322,90.3554208,23.8089316,0.01130495,4,3,0,1
Zone_DH402,6102449323,90.3558443,23.8090477,0.0,4,1,0,0
Zone_DH402,264879283,90.3563878,23.8044219,0.07854778,2,3,0,0
Zone_DH402,264879289,90.3584517,23.8040137,0.02865447,3,3,0,0
Zone_DH402,3713318073,90.3639817,23.8085943,0.00857736,4,3,0,0
Zone_DH402,3713309890,90.363739,23.8088512,0.00955383,4,3,0,0
Zone_DH402,4597660901,90.3647541,23.8053506,0.03159738,3,3,0,0
Zone_DH402,4597660902,90.3643909,23.8051423,0.04809712,3,3,0,0
Zone_DH402,4597660903,90.3645706,23.8047937,0.02217075,4,3,0,0
Zone_DH402,4597660904,90.3649391,23.8050054,0.02992137,3,4,0,0
Zone_DH402,4597660905,90.3658884,23.8059346,0.00294592,4,3,0,0
Zone_DH402,4597660906,90.3647636,23.8053329,0.03109563,3,3,0,0
Zone_DH402,4597660907,90.3670169,23.8062087,0.00793189,4,3,0,0
Zone_DH402,4597660909,90.3671047,23.8058782,0.00780971,4,3,0,0
Zone_DH402,6342483188,90.3464849,23.803868,0.00855783,4,3,0,0
Zone_DH402,6342483189,90.3477127,23.8045871,0.01399599,4,3,0,0
Zone_DH402,6342483190,90.3479117,23.8042918,0.01452228,4,3,0,0
Zone_DH402,12019909574,90.3520212,23.7898817,0.0,4,1,0,0
Zone_DH402,3731774722,90.3638674,23.801951,0.04831545,3,3,0,0
Zone_DH402,6087425286,90.3577477,23.8072093,0.00508112,4,3,0,1
Zone_DH402,6087425287,90.3575872,23.8074103,0.0,4,1,0,0
Zone_DH402,12019909576,90.3522357,23.7898952,0.0010005,4,2,0,1
Zone_DH402,6121897236,90.3601966,23.8054123,0.03144515,3,3,0,1
Zone_DH402,6121897237,90.3597991,23.8052077,0.0,4,1,0,0
Zone_DH402,11306433825,90.3624645,23.8109408,0.00395643,4,3,0,0
Zone_DH402,11306433826,90.3625403,23.8105022,0.00463345,4,3,0,0
Zone_DH402,3713359146,90.3653087,23.8074773,0.0010005,4,3,0,1
Zone_DH402,4490952007,90.3692028,23.7986724,0.00359088,4,2,0,0
Zone_DH402,11986943307,90.3677899,23.79634,0.0,4,1,0,0
Zone_DH402,11986943308,90.3675557,23.7970411,0.01217075,4,3,0,1
Zone_DH402,11986943309,90.3635453,23.7989831,0.0,4,1,0,0
Zone_DH402,11986943310,90.3637159,23.7985659,0.00602303,4,3,0,1
Zone_DH402,6346931540,90.3582545,23.8107272,0.0,4,1,0,0
Zone_DH402,6346931541,90.3569737,23.8111231,0.0182724,4,3,0,0
Zone_DH402,4034256223,90.3547915,23.8097866,0.00561842,4,3,0,0
Zone_DH402,5142778311,90.3579026,23.8073077,0.01156935,4,3,0,0
Zone_DH402,4459224481,90.354536,23.8066683,0.0082003,4,3,0,1
Zone_DH402,3734977958,90.3657725,23.7988979,0.03531896,3,3,0,0
Zone_DH402,9495084464,90.3651069,23.8123707,0.00047171,4,3,0,0
Zone_DH402,9495084465,90.3649938,23.8127769,0.00025088,4,2,0,0
Zone_DH402,4459224520,90.3549289,23.8069297,0.0,4,1,0,0
Zone_DH402,6121463263,90.3511684,23.8034513,0.01542613,4,3,0,1
Zone_DH402,6121463264,90.3504682,23.803049,0.0,4,1,0,0
Zone_DH402,6121463267,90.3502252,23.8036904,0.0010005,4,3,0,1
Zone_DH402,6121463268,90.3507593,23.8040101,0.01298197,4,3,0,0
Zone_DH402,6121463269,90.3502787,23.8033336,0.0,4,1,0,0
Zone_DH402,9743719910,90.3521328,23.798044,0.05304905,3,3,0,0
Zone_DH402,6121463270,90.3509619,23.8037281,0.01411617,4,3,0,1
Zone_DH402,9743719914,90.3540449,23.7991459,0.09861487,1,3,0,0
Zone_DH402,4483800559,90.3506695,23.790032,5e-07,4,2,0,0
Zone_DH402,4483800563,90.3510094,23.7900734,0.001,4,2,0,0
Zone_DH402,4483800569,90.3509658,23.7902962,0.0029985,4,3,0,1
Zone_DH402,3734879757,90.3685992,23.7998604,0.01330545,4,3,0,0
Zone_DH402,382025233,90.3526679,23.7913614,0.02218276,4,3,0,0
Zone_DH402,9974390289,90.3493978,23.8019132,0.05333197,3,3,0,0
Zone_DH402,7030562331,90.3607209,23.8022924,0.0,4,1,0,0
Zone_DH402,3716152864,90.3654962,23.7947874,0.0,4,1,0,0
Zone_DH402,3716152865,90.3656085,23.7941567,0.00399749,4,3,0,1
Zone_DH402,7030562338,90.3598417,23.8026764,0.0194702,4,3,0,1
Zone_DH402,11774811686,90.3624888,23.8069704,0.00696895,4,3,0,0
Zone_DH402,12102868519,90.3614525,23.7914015,0.0,4,1,0,0
Zone_DH402,6398885419,90.3605225,23.8057161,0.00589885,4,3,0,0
Zone_DH402,12102868524,90.3612018,23.7912857,0.01537706,4,3,0,1
Zone_DH402,4454391351,90.3620183,23.8104331,0.02791987,3,3,0,0
Zone_DH402,4454391352,90.3629641,23.8104508,0.00532999,4,3,0,0
Zone_DH402,4454391358,90.36192,23.8113984,0.01261291,4,3,0,0
Zone_DH402,12102868542,90.3623769,23.7909262,0.0020005,4,3,0,1
Zone_DH402,4454391360,90.3627007,23.8116544,0.01021031,4,4,0,0
Zone_DH402,4454391361,90.3617936,23.8123569,0.00419179,4,3,0,0
Zone_DH402,4454391362,90.3625441,23.8124683,0.0032033,4,3,0,0
Zone_DH402,12102868551,90.3620935,23.7913358,0.0,4,1,0,0
Zone_DH402,3713285710,90.3677681,23.8098282,0.00652879,4,3,0,0
Zone_DH402,7442505310,90.3529605,23.8008052,0.00783775,4,4,0,1
Zone_DH402,7442505311,90.3523899,23.8004645,0.01308762,4,3,0,0
Zone_DH402,386219638,90.3638238,23.8023445,0.04139707,3,3,0,0
Zone_DH402,4483800698,90.3512975,23.7907656,0.00890786,4,3,0,1
Zone_DH402,11991686779,90.3687256,23.8020086,0.0,4,1,0,0
Zone_DH402,11991686780,90.3680286,23.8023018,0.0,4,1,0,0
Zone_DH402,11991686781,90.367415,23.8027315,0.00774812,4,3,0,1
Zone_DH402,11991686782,90.3678204,23.8028145,0.0020005,4,3,0,1
Zone_DH402,11991686783,90.3678996,23.8029206,0.0,4,1,0,0
Zone_DH402,4017823361,90.3547068,23.8064642,0.01037756,4,4,0,1
Zone_DH402,4017823362,90.355124,23.8067545,0.0,4,1,0,0
Zone_DH402,4483800707,90.3509264,23.7908698,0.00522133,4,3,0,1
Zone_DH402,11991686785,90.3678888,23.8026465,0.0,4,1,0,0
Zone_DH402,11337145991,90.3608268,23.7983593,0.0010005,4,3,0,1
Zone_DH402,6123044488,90.3579681,23.8082188,0.03946067,3,4,0,0
Zone_DH402,11991686793,90.3648917,23.8014999,0.00480971,4,3,0,0
Zone_DH402,6123044492,90.357871,23.8081845,0.03189533,3,4,0,0
Zone_DH402,264879764,90.3535167,23.8024118,0.12586774,1,4,0,0
Zone_DH402,4483800725,90.352166,23.7910004,0.0164066,4,3,0,1
Zone_DH402,12663013017,90.3610201,23.8123615,0.00400501,4,3,0,0
Zone_DH402,4510277278,90.3636563,23.7967329,0.02238006,4,3,0,0
Zone_DH402,6121447076,90.3494942,23.8058298,0.03588331,3,3,0,0
Zone_DH402,3536199333,90.3619028,23.8025129,0.05213518,3,3,0,0
Zone_DH402,4017831590,90.3570852,23.8073901,0.03425637,3,3,0,0
Zone_DH402,4017831591,90.3559443,23.8065657,0.03660639,3,3,0,0
Zone_DH402,6121447080,90.3502402,23.8067631,0.0041337,4,3,0,0
Zone_DH402,6121447078,90.3497989,23.8061752,0.00050225,4,3,0,0
Zone_DH402,6121447082,90.3508423,23.8061382,0.00945718,4,3,0,1
Zone_DH402,12018245291,90.3536493,23.791942,0.03127039,3,3,0,1
Zone_DH402,4544405164,90.3487719,23.8054484,0.03526638,3,3,0,0
Zone_DH402,4544405165,90.3489976,23.8051186,0.00301102,4,4,0,0
Zone_DH402,12018245287,90.3527132,23.7922697,0.0,4,1,0,0
Zone_DH402,12018245290,90.3527604,23.7917464,0.0020005,4,3,0,1
Zone_DH402,6121922228,90.3609407,23.8058136,0.00652278,4,3,0,0
Zone_DH402,6121922229,90.3602231,23.8053761,0.03177465,3,3,0,0
Zone_DH402,6443384502,90.3668972,23.8079834,0.00705057,4,3,0,0
Zone_DH402,12018245301,90.352461,23.7917248,0.0,4,1,0,0
Zone_DH402,6087417528,90.3551347,23.8059389,0.01517826,4,3,0,1
Zone_DH402,6087417529,90.3546899,23.805641,0.0,4,1,0,0
Zone_DH402,6087417530,90.3552729,23.8057743,0.0166755,4,3,0,1
Zone_DH402,6087417531,90.3548457,23.8054863,0.0,4,1,0,0
Zone_DH402,6087417532,90.355409,23.8056093,0.01757585,4,3,0,1
Zone_DH402,6087417533,90.3550284,23.805361,0.0,4,1,0,0
Zone_DH402,6087417534,90.355547,23.8054418,0.01870054,4,3,0,1
Zone_DH402,6087417535,90.3556928,23.805265,0.02019478,4,3,0,1
Zone_DH402,6087417536,90.355316,23.8050411,0.0,4,1,0,0
Zone_DH402,9743810241,90.3638792,23.8057696,0.0070706,4,3,0,0
Zone_DH402,6102556392,90.3536899,23.8065525,0.01424336,4,3,0,0
Zone_DH402,5660196598,90.3488747,23.8045507,0.01887731,4,3,0,0
Zone_DH402,12012945155,90.3634808,23.8050062,0.02457285,3,3,0,0
Zone_DH402,4425416469,90.3476164,23.792765,0.0029995,4,3,0,1
Zone_DH402,4425416470,90.3480953,23.7927528,0.0050005,4,4,0,1
Zone_DH402,4590157599,90.3480434,23.7922455,0.0,4,1,0,0
Zone_DH402,264879925,90.3559679,23.8041277,0.08380216,2,3,0,0
Zone_DH402,264879932,90.3572658,23.8025859,0.02672157,3,3,0,0
Zone_DH402,264879935,90.3579201,23.8015935,0.07551524,2,3,0,0
Zone_DH402,11338178369,90.3451934,23.8059085,0.00202053,4,3,0,1
Zone_DH402,11338178370,90.3450257,23.8063458,0.002,4,3,0,1
Zone_DH402,11338178372,90.3459403,23.8048693,0.00113771,4,3,0,0
Zone_DH402,11338178373,90.3455831,23.8063069,0.00297797,4,3,0,0
Zone_DH402,11338178374,90.346006,23.80568,0.01177816,4,3,0,0
Zone_DH402,11338178375,90.3455112,23.8054473,0.00399199,4,3,0,0
Zone_DH402,11338178376,90.345744,23.8051338,0.00012769,4,3,0,0
Zone_DH402,11338178377,90.3462021,23.8053893,0.00021883,4,3,0,0
Zone_DH402,11338178378,90.34433,23.8037945,0.002,4,2,0,1
Zone_DH402,11338178379,90.3447603,23.802849,0.0010005,4,2,0,1
Zone_DH402,11338178380,90.3445052,23.803859,0.00399749,4,3,0,1
Zone_DH402,11338178382,90.3450742,23.8034956,0.0,4,1,0,0
Zone_DH402,4590157711,90.3483951,23.7910618,0.0,4,1,0,0
Zone_DH402,4590157714,90.347548,23.7915204,0.0010005,4,2,0,1
Zone_DH402,12013076373,90.3593188,23.8005364,0.03295341,3,3,0,0
Zone_DH402,374144937,90.3578997,23.8081116,0.03986628,3,3,0,0
Zone_DH402,7299014598,90.3587414,23.8027097,0.0,4,1,0,0
Zone_DH402,7299014600,90.3590602,23.8023188,0.03845917,3,3,0,1
Zone_DH402,3738771434,90.3544147,23.7980735,0.00469404,4,3,0,0
Zone_DH402,3738771440,90.3553004,23.7989054,0.05262591,3,4,0,0
Zone_DH402,4425416691,90.3476018,23.7932744,0.0,4,1,0,0
Zone_DH402,3713286140,90.3660717,23.8082315,0.00104507,4,3,0,1
Zone_DH402,3713286141,90.3660749,23.8086197,0.00402203,4,4,0,0
Zone_DH402,4314791935,90.3641119,23.803976,0.04480719,3,3,0,0
