zone_id,node_id,lon,lat,bc,tier,degree,is_master,is_art_pt
Zone_DH437,4314791936,90.3642718,23.8026411,0.03459469,3,3,0,0
Zone_DH437,6087081985,90.3549261,23.8061951,0.00893941,4,3,0,1
Zone_DH437,6087081986,90.3544895,23.805901,0.0,4,1,0,0
Zone_DH437,6087081987,90.3550538,23.8060452,0.01077497,4,3,0,1
Zone_DH437,6087081988,90.3554689,23.8063372,0.0,4,1,0,0
Zone_DH437,3713286150,90.3642839,23.808598,0.01074714,4,3,0,0
Zone_DH437,3713286152,90.3643147,23.809086,0.00168335,4,3,0,0
Zone_DH437,4402528267,90.3681513,23.7909377,0.0,4,1,0,0
Zone_DH437,3717103631,90.3714992,23.7945993,0.0,4,1,0,0
Zone_DH437,4402528272,90.3683801,23.7909955,0.01361543,4,3,0,1
Zone_DH437,4402528281,90.3690883,23.7911388,0.01282607,4,3,0,0
Zone_DH437,3731349533,90.3689482,23.8058788,0.08179082,2,3,0,0
Zone_DH437,1736179754,90.3571424,23.8036821,0.01981855,4,3,0,0
Zone_DH437,5142847530,90.3604263,23.8050981,0.07982156,2,3,0,0
Zone_DH437,5142847531,90.3611373,23.8055485,0.0082816,4,3,0,0
Zone_DH437,3779108916,90.3710108,23.8128446,0.00192268,4,3,0,1
Zone_DH437,3713368129,90.3661897,23.8076723,0.02460189,3,3,0,1
Zone_DH437,3713368130,90.3665233,23.8077484,0.0,4,1,0,0
Zone_DH437,3809362003,90.3767544,23.8081763,0.01095503,4,3,0,0
Zone_DH437,386744405,90.378532,23.8031885,0.02827976,3,3,0,0
Zone_DH437,4397580377,90.3659267,23.7978817,0.09129834,2,3,0,0
Zone_DH437,6559236188,90.374532,23.8097871,0.00524448,4,3,0,0
Zone_DH437,6559236189,90.3744462,23.8101495,0.00351847,4,3,0,0
Zone_DH437,4402528354,90.3678681,23.7919336,0.0,4,1,0,0
Zone_DH437,10100506723,90.3715568,23.800509,0.10223496,1,3,0,0
Zone_DH437,3738976355,90.3614474,23.7997278,0.08618184,2,3,0,0
Zone_DH437,3738976359,90.3599931,23.7993795,0.00414439,4,3,0,0
Zone_DH437,3738976360,90.3599156,23.7997161,0.0071227,4,4,0,0
Zone_DH437,6556663915,90.3746369,23.7927434,0.0096942,4,3,0,0
Zone_DH437,1554792556,90.37415,23.7938678,0.03942742,3,4,0,0
Zone_DH437,6556663916,90.3747938,23.7927947,0.00660633,4,3,0,0
Zone_DH437,1554792560,90.3702537,23.8030635,0.07581782,2,4,0,0
Zone_DH437,6121422964,90.354231,23.8055591,0.00094742,4,2,0,1
Zone_DH437,6121422966,90.354103,23.8058031,0.0,4,1,0,0
Zone_DH437,2541469820,90.3687038,23.806972,0.10841732,1,3,0,0
Zone_DH437,11992113276,90.363765,23.8018836,0.02330335,3,3,0,1
Zone_DH437,11992113277,90.3637055,23.8016711,0.00189394,4,2,0,1
Zone_DH437,1554792575,90.3687305,23.806391,0.07857903,2,3,0,0
Zone_DH437,3712295039,90.377214,23.8058778,0.01103899,4,4,0,0
Zone_DH437,3712295040,90.3751304,23.8069521,0.00717523,4,3,0,0
Zone_DH437,1554792578,90.3686326,23.8066667,0.1048993,1,3,0,0
Zone_DH437,11992113280,90.3635841,23.8014536,0.00094742,4,2,0,1
Zone_DH437,11992113279,90.3635097,23.8013042,0.0,4,1,0,0
Zone_DH437,11992113286,90.3629438,23.8023055,0.0,4,1,0,0
Zone_DH437,11992113287,90.3633139,23.8022085,0.0,4,1,0,0
Zone_DH437,11992113289,90.3638429,23.8022838,0.05736326,3,3,0,1
Zone_DH437,11992113294,90.3646349,23.8020196,0.0,4,1,0,0
Zone_DH437,11992113299,90.3713762,23.8005001,0.09039313,2,3,0,0
Zone_DH437,3717120152,90.3720208,23.792014,0.0003435,4,3,0,0
Zone_DH437,3717120156,90.3725159,23.7921904,0.00133851,4,3,0,1
Zone_DH437,4584915145,90.364914,23.811112,0.00251448,4,3,0,0
Zone_DH437,386793674,90.3724669,23.798352,0.0339957,3,3,0,0
Zone_DH437,3782795466,90.3691606,23.8110102,0.00275874,4,3,0,0
Zone_DH437,4584915147,90.3657963,23.8115669,0.00678774,4,3,0,0
Zone_DH437,4584915148,90.3649608,23.8106032,0.00210138,4,3,0,0
Zone_DH437,386793678,90.3732732,23.798702,0.00178303,4,3,0,0
Zone_DH437,3713343695,90.3653475,23.8097664,0.01428716,4,3,0,0
Zone_DH437,3713343694,90.3653415,23.8102218,0.05200653,3,3,0,0
Zone_DH437,5428322513,90.3556219,23.8069644,0.00460912,4,3,0,1
Zone_DH437,386793682,90.3742203,23.7988412,0.00233891,4,3,0,1
Zone_DH437,386793683,90.3742228,23.7992045,0.01769337,4,3,0,0
Zone_DH437,4584915152,90.3648581,23.8117323,0.00069238,4,3,0,0
Zone_DH437,386793685,90.3742358,23.7994978,0.01969777,4,3,0,0
Zone_DH437,4584915151,90.3649141,23.8114092,0.00112074,4,3,0,0
Zone_DH437,5428322514,90.3552563,23.8067094,0.0,4,1,0,0
Zone_DH437,386793689,90.3750606,23.7996944,0.02189255,3,3,0,0
Zone_DH437,6087188703,90.3651326,23.8133971,7.768e-05,4,2,0,0
Zone_DH437,6087188704,90.3637313,23.8131381,0.00110278,4,3,0,0
Zone_DH437,6087188705,90.3651993,23.813162,0.00150375,4,3,0,0
Zone_DH437,6087188706,90.3637776,23.812893,0.0023452,4,3,0,0
Zone_DH437,10266829026,90.355711,23.8002129,0.01475009,4,4,0,1
Zone_DH437,4597645551,90.3682292,23.8039809,0.00208342,4,3,0,0
Zone_DH437,3735404784,90.3622133,23.7975646,0.02121274,3,3,0,1
Zone_DH437,3713302769,90.3651519,23.8082209,0.01591214,4,3,0,0
Zone_DH437,3713310965,90.3637288,23.8089998,0.00358852,4,3,0,0
Zone_DH437,3735404789,90.3644884,23.7934377,0.01385431,4,3,0,1
Zone_DH437,3766722818,90.3736505,23.8128052,0.00849533,4,3,0,1
Zone_DH437,3766722819,90.3723779,23.8126453,0.0,4,1,0,0
Zone_DH437,10092462385,90.3632884,23.7911485,0.0,4,1,0,0
Zone_DH437,10092462386,90.363298,23.7907665,0.00189439,4,3,0,1
Zone_DH437,3720741173,90.3669267,23.7911924,0.0,4,1,0,0
Zone_DH437,3734765885,90.3591598,23.7916762,0.00815633,4,3,0,1
Zone_DH437,3712336193,90.3760685,23.8085226,0.01072469,4,3,0,0
Zone_DH437,3853656396,90.3673743,23.8111312,0.00912665,4,3,0,0
Zone_DH437,3853656397,90.3657644,23.8108596,0.00077455,4,3,0,0
Zone_DH437,3853656398,90.3658898,23.8102176,0.04672568,3,3,0,0
Zone_DH437,3712287061,90.3760896,23.8061513,0.00794215,4,3,0,0
Zone_DH437,3712287062,90.3764928,23.806803,0.00287458,4,3,0,0
Zone_DH437,9742598489,90.3657646,23.7912754,0.01581156,4,3,0,0
Zone_DH437,4601094491,90.3706599,23.8043475,0.0,4,1,0,0
Zone_DH437,3712287068,90.376366,23.8065816,0.00121099,4,4,0,1
Zone_DH437,3712287069,90.3752317,23.8071674,0.00656413,4,3,0,0
Zone_DH437,8856011103,90.3640723,23.8112255,0.00816037,4,3,0,0
Zone_DH437,8856011104,90.3649118,23.811365,0.00168964,4,3,0,0
Zone_DH437,8856011105,90.3641144,23.8109479,0.00927976,4,3,0,0
Zone_DH437,8856011106,90.3646286,23.8110213,0.00089758,4,3,0,0
Zone_DH437,8856011107,90.3641546,23.810683,0.00989581,4,3,0,0
Zone_DH437,8856011108,90.3646602,23.8107633,0.00174801,4,3,0,0
Zone_DH437,8856011109,90.3645705,23.8113155,0.00041938,4,3,0,0
Zone_DH437,386793830,90.3747557,23.7975367,0.02192263,3,3,0,0
Zone_DH437,4601094504,90.3710215,23.803058,0.0,4,1,0,0
Zone_DH437,4601094505,90.3711982,23.8027461,0.00094742,4,3,0,1
Zone_DH437,3713278315,90.3643825,23.8093873,0.00333348,4,3,0,0
Zone_DH437,3713278317,90.3636554,23.8093805,0.01225986,4,3,0,0
Zone_DH437,4601094511,90.370644,23.8025897,0.03534454,3,3,0,0
Zone_DH437,3713278322,90.3634904,23.8103264,0.01342281,4,3,0,0
Zone_DH437,3782795640,90.3690566,23.8112637,0.00339005,4,3,0,0
Zone_DH437,4601094531,90.3701716,23.8036817,0.04056118,3,3,0,0
Zone_DH437,4601094532,90.3703352,23.8044704,0.00188226,4,3,0,1
Zone_DH437,4601094534,90.3697503,23.804883,0.0168407,4,3,0,0
Zone_DH437,4601094535,90.3692685,23.8040825,0.0,4,1,0,0
Zone_DH437,382026120,90.3592235,23.7908002,0.00378563,4,3,0,1
Zone_DH437,4601094537,90.3700799,23.8034789,0.04965056,3,3,0,0
Zone_DH437,382026122,90.3590654,23.7913603,0.00766062,4,3,0,1
Zone_DH437,3732390282,90.3603749,23.8051685,0.07957505,2,3,0,0
Zone_DH437,4601094536,90.3697158,23.8042495,0.03161773,3,3,0,1
Zone_DH437,6441460106,90.375056,23.7931434,0.0,4,1,0,0
Zone_DH437,4420641167,90.3758151,23.80152,0.03004079,3,3,0,1
Zone_DH437,4601094545,90.3691091,23.8033886,0.01948583,4,3,0,0
Zone_DH437,4601094555,90.3677106,23.8018345,0.00994475,4,3,0,0
Zone_DH437,4601094557,90.368658,23.800878,0.0,4,1,0,0
Zone_DH437,4601094563,90.3705202,23.8003794,0.04131103,3,3,0,0
Zone_DH437,4601094568,90.3705214,23.8012329,0.01791339,4,3,0,0
Zone_DH437,4601094569,90.3704352,23.8010088,0.0,4,1,0,0
Zone_DH437,3095151018,90.369144,23.8054817,0.08236511,2,3,0,0
Zone_DH437,4601094570,90.371081,23.801156,0.05073896,3,3,0,0
Zone_DH437,4601094572,90.3706065,23.8010837,0.01660901,4,3,0,1
Zone_DH437,4595581357,90.3597518,23.7917957,0.00849399,4,3,0,0
Zone_DH437,4601094573,90.370354,23.8015729,0.03390455,3,3,0,0
Zone_DH437,4595581359,90.3592895,23.7925158,0.00096358,4,3,0,1
Zone_DH437,4595581360,90.3590753,23.7923236,0.0,4,1,0,0
Zone_DH437,4601094586,90.3683613,23.8045899,0.0,4,1,0,0
Zone_DH437,4601094587,90.3681614,23.8048354,0.05097503,3,3,0,1
Zone_DH437,6121898428,90.3598177,23.8059307,0.02921102,3,3,0,0
Zone_DH437,382026173,90.361218,23.7912762,0.0126294,4,3,0,0
Zone_DH437,6121898429,90.3592564,23.80568,0.01429255,4,3,0,0
Zone_DH437,382026175,90.3616688,23.7910973,0.01209867,4,3,0,1
Zone_DH437,4601094591,90.3674543,23.8025545,0.01340574,4,3,0,0
Zone_DH437,4601094588,90.3673773,23.8047784,0.0,4,1,0,0
Zone_DH437,4601094589,90.3670103,23.8047113,0.00204571,4,3,0,1
Zone_DH437,4601094601,90.366494,23.8039519,0.05250707,3,3,0,0
Zone_DH437,4601094602,90.3664343,23.8048373,0.00094742,4,3,0,1
Zone_DH437,3812352459,90.3730693,23.8058042,0.00757171,4,3,0,0
Zone_DH437,4601094603,90.36646,23.8045581,0.00248349,4,3,0,0
Zone_DH437,11985297867,90.3632083,23.8057822,0.0,4,1,0,0
Zone_DH437,4601094606,90.3668835,23.80539,0.05213989,3,3,0,0
Zone_DH437,4601094607,90.3669936,23.8049216,0.00294508,4,3,0,0
Zone_DH437,4601094609,90.3661396,23.8047989,0.0,4,1,0,0
Zone_DH437,4601094616,90.3653196,23.8047102,0.09449532,2,3,0,0
Zone_DH437,8856011225,90.3627877,23.8128988,0.0024597,4,4,0,0
Zone_DH437,8856011226,90.3628768,23.8125177,0.00305464,4,3,0,0
Zone_DH437,8856011224,90.3626986,23.8132804,0.00132683,4,3,0,0
Zone_DH437,4611162589,90.3600693,23.7990434,0.00991422,4,3,0,1
Zone_DH437,386032107,90.3596829,23.80073,0.02479362,3,3,0,0
Zone_DH437,386032112,90.3584292,23.800051,0.03799147,3,4,0,0
Zone_DH437,386785782,90.376712,23.7985031,0.00712584,4,3,0,0
Zone_DH437,386785784,90.3767929,23.7989745,0.01054508,4,3,0,0
Zone_DH437,4611162625,90.3595876,23.7997566,0.00455973,4,3,0,0
Zone_DH437,386785796,90.3764357,23.8016319,0.03845216,3,4,0,0
Zone_DH437,4611162629,90.359457,23.8001855,0.0006138,4,3,0,0
Zone_DH437,4611162632,90.3585565,23.7998403,0.03077493,3,3,0,0
Zone_DH437,4611162635,90.358159,23.7984673,0.00400565,4,3,0,0
Zone_DH437,4611162636,90.3618783,23.7984691,0.09005009,2,3,0,0
Zone_DH437,6349070859,90.3621272,23.8022487,0.06242319,2,4,0,1
Zone_DH437,4611162637,90.3614593,23.7983053,0.06707003,2,3,0,0
Zone_DH437,4601102863,90.3743688,23.8014647,0.0,4,1,0,0
Zone_DH437,4601102866,90.3753756,23.8008732,0.03091008,3,3,0,1
Zone_DH437,4601102870,90.3748574,23.8007335,0.03486948,3,3,0,0
Zone_DH437,4601102871,90.3757321,23.8008326,0.0,4,1,0,0
Zone_DH437,4601102872,90.3769616,23.8013667,0.0,4,1,0,0
Zone_DH437,4601102874,90.3764891,23.8013455,0.00946879,4,3,0,1
Zone_DH437,4601102875,90.3773884,23.8017724,0.02736198,3,3,0,1
Zone_DH437,3508724253,90.3687683,23.8070584,0.07113899,2,3,0,0
Zone_DH437,4601102878,90.37708,23.8022456,0.0,4,1,0,0
Zone_DH437,3508724256,90.3685018,23.8069871,0.12248726,1,3,0,0
Zone_DH437,348365344,90.358645,23.7923908,0.01126305,4,3,0,1
Zone_DH437,4601102882,90.372397,23.8019729,0.02539306,3,3,0,1
Zone_DH437,3508724259,90.3684788,23.8071718,0.13117298,1,3,0,0
Zone_DH437,4601102880,90.3761505,23.8031623,0.01588205,4,3,0,0
Zone_DH437,4601102885,90.3721219,23.8016526,0.0,4,1,0,0
Zone_DH437,4601102886,90.3732371,23.8014864,0.0,4,1,0,0
Zone_DH437,3508724263,90.3687401,23.8071805,0.05005781,3,3,0,0
Zone_DH437,4601102888,90.3727169,23.8012902,0.01103361,4,3,0,1
Zone_DH437,3508724268,90.365767,23.8063114,0.0278523,3,3,0,0
Zone_DH437,3508724273,90.3650639,23.8060568,0.06780956,2,3,0,0
Zone_DH437,3508724275,90.3642323,23.8054501,0.07271503,2,3,0,0
Zone_DH437,3508724278,90.3613622,23.8036626,0.07655409,2,3,0,0
Zone_DH437,3508724279,90.3607662,23.8034046,0.10665909,1,3,0,0
Zone_DH437,3508724281,90.3578221,23.8013817,0.03419147,3,3,0,0
Zone_DH437,3508724282,90.3561602,23.8003383,0.01935382,4,3,0,0
Zone_DH437,4611162700,90.358911,23.7989129,0.03205147,3,3,0,0
Zone_DH437,4611162701,90.3581031,23.7987888,0.00573255,4,3,0,0
Zone_DH437,4611162703,90.3569163,23.796554,0.00771495,4,3,0,0
Zone_DH437,4611162705,90.356818,23.7971208,0.00264693,4,3,0,0
Zone_DH437,9288204905,90.3600828,23.7942834,0.0,4,1,0,0
Zone_DH437,6279733885,90.3615935,23.8077184,0.03070578,3,4,0,0
Zone_DH437,6279733886,90.3618064,23.8073502,0.03036363,3,3,0,0
Zone_DH437,6279733887,90.3620022,23.8070722,0.03126076,3,3,0,0
Zone_DH437,6279733888,90.3622125,23.8068062,0.04083283,3,4,0,0
Zone_DH437,6279733889,90.3624134,23.8065334,0.02458528,3,3,0,0
Zone_DH437,11409244802,90.3672773,23.7903558,0.0,4,1,0,0
Zone_DH437,6279733891,90.362718,23.8060988,0.09399557,2,4,0,0
Zone_DH437,6279733890,90.3626149,23.8062503,0.03053605,3,3,0,0
Zone_DH437,3716915848,90.3712319,23.8091538,0.01202233,4,3,0,0
Zone_DH437,3772121737,90.3708301,23.811304,0.00921241,4,3,0,0
Zone_DH437,3772121738,90.3716442,23.8114978,0.00215841,4,3,0,0
Zone_DH437,4384293515,90.3669259,23.8127274,0.00328543,4,3,0,0
Zone_DH437,5928108683,90.3619695,23.8106321,0.01562297,4,3,0,0
Zone_DH437,11409244813,90.3697381,23.7921242,0.0,4,1,0,0
Zone_DH437,5928108684,90.3610337,23.8104763,0.01147364,4,3,0,0
Zone_DH437,10146849421,90.3545079,23.8070476,0.0,4,1,0,0
Zone_DH437,11409244818,90.3662371,23.7937366,0.0,4,1,0,0
Zone_DH437,11409244822,90.3641274,23.7904811,0.01224864,4,3,0,0
Zone_DH437,11409244824,90.3639372,23.7909265,0.00167707,4,3,0,1
Zone_DH437,11409244825,90.3639435,23.7914235,0.00328813,4,3,0,1
Zone_DH437,11409244828,90.3636023,23.7919403,0.0,4,1,0,0
Zone_DH437,11409244829,90.3630842,23.7917554,0.00719903,4,3,0,1
Zone_DH437,11409244830,90.3635937,23.7918402,0.0,4,1,0,0
Zone_DH437,11409244831,90.362671,23.7914769,0.0,4,1,0,0
Zone_DH437,11409244832,90.3630752,23.7915408,0.00547482,4,3,0,1
Zone_DH437,11409244833,90.3630423,23.7920826,0.01080641,4,3,0,1
Zone_DH437,11409244834,90.3633174,23.7921371,0.0,4,1,0,0
Zone_DH437,11409244839,90.3618261,23.7913744,0.0,4,1,0,0
Zone_DH437,11409244840,90.3635923,23.7908965,0.0,4,1,0,0
Zone_DH437,11409244841,90.363597,23.7911781,0.0,4,1,0,0
Zone_DH437,11409244842,90.3639348,23.7911835,0.00382784,4,3,0,1
Zone_DH437,11409244843,90.3639264,23.7911027,0.00558483,4,3,0,0
Zone_DH437,6559294124,90.3668176,23.7905271,0.0,4,1,0,0
Zone_DH437,6489965229,90.3738214,23.8020801,0.01130032,4,3,0,1
Zone_DH437,6559294126,90.3667506,23.7909902,0.01417805,4,3,0,1
Zone_DH437,11409244847,90.3646419,23.7909264,0.02658204,3,3,0,0
Zone_DH437,5201281710,90.3560073,23.8064883,0.01209373,4,3,0,0
Zone_DH437,5201281711,90.3551714,23.8058974,0.01477793,4,3,0,0
Zone_DH437,6489965230,90.3737204,23.802244,0.0,4,1,0,0
Zone_DH437,3809370804,90.3781187,23.8073474,0.00616046,4,4,0,1
Zone_DH437,3809370811,90.3779766,23.8071139,0.00801579,4,3,0,0
Zone_DH437,3809370812,90.3776583,23.8079994,0.00622557,4,4,0,0
Zone_DH437,3809370813,90.3778416,23.8083034,0.00464055,4,4,0,0
Zone_DH437,3809370815,90.3780326,23.80862,0.0019568,4,4,0,0
Zone_DH437,3809370816,90.3782278,23.8089298,0.00147231,4,3,0,0
Zone_DH437,3809370817,90.378425,23.8078511,0.00253962,4,3,0,0
Zone_DH437,3809370819,90.3788099,23.8084838,0.00147636,4,2,0,0
Zone_DH437,3809370821,90.3786107,23.8081562,0.0030515,4,2,0,0
Zone_DH437,3809370824,90.3788639,23.8064961,0.00232454,4,3,0,0
Zone_DH437,3809370825,90.3779006,23.806989,0.01029004,4,3,0,0
Zone_DH437,3809370826,90.3793547,23.8062555,0.00093125,4,3,0,0
Zone_DH437,3809370827,90.3795354,23.806566,0.0,4,2,0,0
Zone_DH437,3809370835,90.37772,23.806692,0.0079866,4,3,0,0
Zone_DH437,3809370837,90.3775087,23.8063506,0.01038972,4,3,0,0
Zone_DH437,3809370839,90.3785481,23.8058124,0.00490233,4,3,0,0
Zone_DH437,3809370840,90.3781419,23.8051178,0.00390372,4,3,0,0
Zone_DH437,3809370841,90.3789649,23.805597,0.00125409,4,2,0,0
Zone_DH437,264880859,90.3574095,23.8079375,0.01277937,4,3,0,0
Zone_DH437,3809370846,90.3783087,23.8059339,0.00339454,4,3,0,0
Zone_DH437,3809370847,90.3786898,23.8065856,0.00324816,4,3,0,0
Zone_DH437,4601103092,90.373484,23.8020042,0.01929905,4,3,0,0
Zone_DH437,4601103093,90.3759081,23.8036511,0.01830089,4,3,0,0
Zone_DH437,4601103096,90.3703811,23.8064806,0.0,4,1,0,0
Zone_DH437,4601103097,90.3693014,23.8065146,0.01448383,4,3,0,1
Zone_DH437,4601103099,90.3733512,23.8033581,0.0,4,1,0,0
Zone_DH437,4601103106,90.372602,23.8032769,0.01616134,4,3,0,1
Zone_DH437,4601103107,90.3721863,23.802472,0.0,4,1,0,0
Zone_DH437,4601103110,90.3726189,23.8031992,0.01573657,4,3,0,1
Zone_DH437,4601103116,90.3725606,23.8046045,0.01763377,4,3,0,1
Zone_DH437,4597572366,90.3629215,23.8033135,0.05757474,3,3,0,0
Zone_DH437,4601103120,90.3723933,23.8059554,0.00631762,4,3,0,0
Zone_DH437,4601103121,90.3724673,23.8062907,0.00782092,4,3,0,0
Zone_DH437,3732874002,90.3606671,23.804797,0.0826701,2,3,0,0
Zone_DH437,3732874004,90.3595566,23.8064918,0.03052438,3,3,0,0
Zone_DH437,4601103125,90.3717602,23.8060738,0.01058819,4,3,0,1
Zone_DH437,4563288854,90.3735932,23.80814,0.00228638,4,3,0,0
Zone_DH437,4563288855,90.373714,23.8077568,0.0489712,3,3,0,0
Zone_DH437,3732874006,90.3592179,23.8073143,0.03045658,3,3,0,0
Zone_DH437,4563288857,90.3714665,23.8084041,0.02083108,3,3,0,0
Zone_DH437,3732874007,90.3591826,23.8074547,0.02921775,3,3,0,0
Zone_DH437,3732874008,90.3585624,23.8083548,0.03321217,3,3,0,0
Zone_DH437,4563288856,90.3723052,23.8085975,0.0151597,4,3,0,0
Zone_DH437,4601103130,90.3703139,23.8048114,0.00111715,4,3,0,1
Zone_DH437,4601103126,90.3706414,23.8049949,0.0,4,1,0,0
Zone_DH437,6499124035,90.3744799,23.8039562,0.00357235,4,3,0,1
Zone_DH437,12015518532,90.3577245,23.7931758,0.0,4,1,0,0
Zone_DH437,4454490949,90.3641937,23.8104252,0.01086029,4,3,0,0
Zone_DH437,6499124036,90.3745789,23.8037363,0.00189439,4,3,0,1
Zone_DH437,3731743566,90.3633669,23.8036018,0.08202532,2,3,0,0
Zone_DH437,3772785486,90.3705363,23.8123447,0.00813882,4,3,0,0
Zone_DH437,3772785488,90.369566,23.8123538,0.00511022,4,3,0,0
Zone_DH437,4454490965,90.364713,23.8105369,0.0050312,4,4,0,0
Zone_DH437,5988500317,90.3675997,23.8104151,0.06365798,2,4,0,0
Zone_DH437,5988500318,90.3676986,23.8104358,0.03382598,3,3,0,0
Zone_DH437,11991647072,90.3696724,23.8007482,0.0,4,1,0,0
Zone_DH437,11991647075,90.3702628,23.8009369,0.00192986,4,3,0,1
Zone_DH437,11985306469,90.3630634,23.8057319,0.05547201,3,3,0,1
Zone_DH437,386278273,90.3541536,23.802837,0.00608817,4,2,0,0
Zone_DH437,386278279,90.354427,23.8052733,0.00189394,4,3,0,1
Zone_DH437,4595598216,90.3632921,23.7900866,0.0,4,1,0,0
Zone_DH437,4595598217,90.3646719,23.7907109,0.01772705,4,3,0,1
Zone_DH437,4595598220,90.3636537,23.7903122,0.01145254,4,3,0,1
Zone_DH437,3810853773,90.3746977,23.80916,0.00598221,4,3,0,0
Zone_DH437,4595598223,90.3636267,23.7904257,0.0099205,4,3,0,1
Zone_DH437,386278290,90.3564806,23.8044868,0.03361808,3,3,0,0
Zone_DH437,386278293,90.3558913,23.8003269,0.01302004,4,3,0,0
Zone_DH437,386278295,90.3568138,23.8077299,0.01014321,4,3,0,0
Zone_DH437,4595598231,90.3620946,23.7906789,0.00965244,4,3,0,1
Zone_DH437,4595598233,90.3626644,23.7903143,0.0,4,1,0,0
Zone_DH437,3732390810,90.369236,23.810767,0.00567328,4,3,0,0
Zone_DH437,4595598239,90.3622795,23.79068,0.00378563,4,3,0,1
Zone_DH437,3732005792,90.3659825,23.8055476,0.00234744,4,4,0,0
Zone_DH437,4595598242,90.3624555,23.7913212,0.0,4,1,0,0
Zone_DH437,3717096364,90.3693453,23.7934829,0.00815768,4,3,0,1
Zone_DH437,386278324,90.3584121,23.8057291,0.03803952,3,4,0,0
Zone_DH437,386278325,90.358904,23.8060359,0.01655872,4,3,0,0
Zone_DH437,386278332,90.3577273,23.8053521,0.02450266,3,3,0,0
Zone_DH437,386278333,90.3569278,23.8063266,0.00177899,4,3,0,0
Zone_DH437,386278334,90.3560808,23.8075757,0.00623276,4,4,0,0
Zone_DH437,386278335,90.355958,23.8078564,0.0078721,4,3,0,0
Zone_DH437,386278336,90.3557601,23.8083181,0.00697991,4,3,0,0
Zone_DH437,386278337,90.3553654,23.8090279,0.00229087,4,2,0,0
Zone_DH437,386278338,90.355209,23.8093831,0.00142831,4,3,0,1
Zone_DH437,12048671688,90.3650424,23.7997586,0.0,4,1,0,0
Zone_DH437,12048671691,90.3651939,23.7995696,0.0,4,1,0,0
Zone_DH437,12048671693,90.3662413,23.7991401,0.0,4,1,0,0
Zone_DH437,12048671694,90.3660442,23.7988468,0.0,4,1,0,0
Zone_DH437,12048671696,90.364575,23.8006698,0.03811765,3,3,0,1
Zone_DH437,12048671700,90.364809,23.8009946,0.0,4,1,0,0
Zone_DH437,12048671701,90.3650692,23.8010854,0.0,4,1,0,0
Zone_DH437,12048671703,90.3654184,23.8013156,0.00330609,4,3,0,1
Zone_DH437,12048671704,90.3651818,23.8009541,0.0,4,1,0,0
Zone_DH437,12048671705,90.3655374,23.8011427,0.00267208,4,3,0,1
Zone_DH437,382026714,90.3560222,23.7963039,0.00555834,4,3,0,1
Zone_DH437,3713328093,90.3667533,23.8086459,0.01556909,4,3,0,0
Zone_DH437,386278377,90.3577664,23.808454,0.00467109,4,3,0,0
Zone_DH437,386278385,90.3576161,23.808975,0.01621612,4,4,0,0
Zone_DH437,4454515705,90.3665669,23.8082137,0.0,4,1,0,0
Zone_DH437,386786301,90.3703606,23.8072397,0.04452641,3,3,0,0
Zone_DH437,386278398,90.3549178,23.8093071,0.0,4,1,0,0
Zone_DH437,386278399,90.3573287,23.809936,0.01274614,4,3,0,0
Zone_DH437,386278400,90.3571836,23.8104213,0.00946924,4,4,0,1
Zone_DH437,386786302,90.3696719,23.8086658,0.01836285,4,3,0,0
Zone_DH437,386786303,90.3693902,23.809722,0.04433334,3,3,0,0
Zone_DH437,386278403,90.3560134,23.8101111,0.00117372,4,3,0,0
Zone_DH437,4611228684,90.3555542,23.7977477,0.0,4,1,0,0
Zone_DH437,4611228687,90.3581345,23.7991159,0.0,4,1,0,0
Zone_DH437,386278434,90.3570461,23.810881,0.00435992,4,3,0,0
Zone_DH437,386278436,90.3569112,23.811332,0.00189394,4,2,0,1
Zone_DH437,386278439,90.3572747,23.8101167,0.01105157,4,3,0,1
Zone_DH437,386278440,90.3592778,23.8106692,0.0,4,1,0,0
Zone_DH437,386278441,90.3570722,23.8107936,0.0060774,4,3,0,1
Zone_DH437,386278442,90.3583791,23.8111378,0.0,4,1,0,0
Zone_DH437,386278443,90.3568767,23.8114474,0.00094742,4,2,0,1
Zone_DH437,386278444,90.3582075,23.8118209,0.0,4,1,0,0
Zone_DH437,3720725544,90.3640444,23.794683,0.0,4,1,0,0
Zone_DH437,3720725546,90.3638917,23.7954279,0.0,4,1,0,0
Zone_DH437,4585063472,90.3758754,23.8082153,0.01288354,4,3,0,0
Zone_DH437,3720717360,90.3630586,23.7932453,0.0,4,1,0,0
Zone_DH437,3720717362,90.3631558,23.7936933,0.00189439,4,3,0,1
Zone_DH437,9339978820,90.3734842,23.8005551,0.03465441,3,3,0,0
Zone_DH437,12000232516,90.3578617,23.8069024,0.0,4,1,0,0
Zone_DH437,386049099,90.3689981,23.7926854,0.01368189,4,3,0,1
Zone_DH437,386049100,90.3684185,23.7925671,0.01410755,4,3,0,1
Zone_DH437,9339978828,90.3726687,23.8000499,0.04576659,3,3,0,1
Zone_DH437,4021888076,90.3550498,23.8015421,0.00468052,4,3,0,0
Zone_DH437,386049103,90.368371,23.7927519,0.01493643,4,3,0,1
Zone_DH437,4021888078,90.3565011,23.8025498,0.00046428,4,3,0,0
Zone_DH437,4493714516,90.3579722,23.7927815,0.0,4,1,0,0
Zone_DH437,386049109,90.3672807,23.792787,0.02814596,3,3,0,0
Zone_DH437,4493714517,90.3583482,23.7929093,0.00406806,4,4,0,1
Zone_DH437,11174470743,90.3744396,23.7919831,0.00220196,4,3,0,1
Zone_DH437,386049111,90.3670248,23.792723,0.03058904,3,3,0,0
Zone_DH437,13408461912,90.3708077,23.7901955,0.0,4,1,0,0
Zone_DH437,11174470744,90.3743619,23.7922666,0.0,4,1,0,0
Zone_DH437,386049116,90.3666621,23.7932706,0.02767,3,3,0,1
Zone_DH437,4603421792,90.3702478,23.7902543,0.0,4,1,0,0
Zone_DH437,4603421795,90.3699267,23.790351,0.00094742,4,3,0,1
Zone_DH437,4603421796,90.369599,23.7912048,0.00498495,4,3,0,0
Zone_DH437,386049128,90.3654286,23.7941269,0.0183624,4,3,0,1
Zone_DH437,386049137,90.3646894,23.795344,0.00839655,4,3,0,0
Zone_DH437,11991893108,90.3610669,23.8017508,0.05540107,3,3,0,0
Zone_DH437,11991893109,90.361172,23.8036694,0.0748438,2,3,0,0
Zone_DH437,11991893110,90.3612401,23.8035825,0.07524656,2,3,0,0
Zone_DH437,11991893111,90.3613425,23.8037833,0.01667052,4,3,0,0
Zone_DH437,11991893112,90.3614094,23.8036957,0.01838845,4,3,0,0
Zone_DH437,11991893113,90.3626701,23.80462,0.04919526,3,3,0,0
Zone_DH437,11991893114,90.3627295,23.8045398,0.04748631,3,3,0,0
Zone_DH437,386049146,90.3641355,23.7957752,0.00611422,4,3,0,1
Zone_DH437,3713270920,90.3644506,23.809769,0.01126664,4,3,0,0
Zone_DH437,3416433801,90.3751402,23.7915489,0.00189394,4,3,0,1
Zone_DH437,3732407434,90.3613255,23.8015492,0.09943357,1,3,0,0
Zone_DH437,386049162,90.3636378,23.7966533,0.05172994,3,3,0,0
Zone_DH437,3416433802,90.374849,23.7914909,0.00189394,4,3,0,1
Zone_DH437,3732407438,90.3603893,23.8010093,0.00649633,4,3,0,0
Zone_DH437,386049177,90.3631523,23.797693,0.0077163,4,3,0,0
Zone_DH437,348357787,90.3590635,23.7929305,0.01810736,4,3,0,0
Zone_DH437,6122874013,90.3578658,23.8073557,0.00834896,4,3,0,0
Zone_DH437,348357791,90.3598505,23.7932504,0.01935787,4,3,0,0
Zone_DH437,4486366381,90.3734011,23.8039455,0.0,4,1,0,0
Zone_DH437,3732407479,90.3602936,23.8012273,0.02691835,3,3,0,0
Zone_DH437,3732407481,90.3606128,23.7998975,0.00576084,4,3,0,0
Zone_DH437,11461272780,90.3784443,23.8030921,0.02913154,3,3,0,0
Zone_DH437,4487963909,90.3677155,23.8004881,0.00199003,4,3,0,1
Zone_DH437,4455990534,90.3551892,23.8051952,0.0,4,1,0,0
Zone_DH437,4487963910,90.368077,23.8006686,0.0,4,1,0,0
Zone_DH437,12072084743,90.3746094,23.8070036,0.0,4,1,0,0
Zone_DH437,12072084747,90.3742754,23.8073349,0.0,4,1,0,0
Zone_DH437,12072084748,90.3745933,23.8071834,0.00094742,4,3,0,1
Zone_DH437,12072084749,90.3744773,23.8072331,0.00094742,4,3,0,1
Zone_DH437,12072084750,90.3744592,23.8071367,0.00378428,4,3,0,1
Zone_DH437,12072084752,90.3743049,23.8067245,0.00567328,4,3,0,1
Zone_DH437,12072084753,90.3742133,23.8063529,0.02059041,3,3,0,1
Zone_DH437,12072084754,90.3775434,23.8078089,0.00235508,4,3,0,0
Zone_DH437,12072084755,90.3767735,23.8082044,0.01034213,4,3,0,0
Zone_DH437,11068179732,90.3600493,23.7991317,0.01190649,4,3,0,0
Zone_DH437,3718079771,90.3649871,23.7945625,0.0063944,4,3,0,0
Zone_DH437,3732882715,90.3615213,23.8076737,0.02132903,3,3,0,0
Zone_DH437,3732882716,90.3604484,23.8091461,0.04366206,3,3,0,0
Zone_DH437,386024738,90.3640683,23.8054735,0.04427901,3,3,0,0
Zone_DH437,386024739,90.3647815,23.8043845,0.07693485,2,3,0,0
Zone_DH437,4486366501,90.3704923,23.8057747,0.02481416,3,3,0,0
Zone_DH437,386024744,90.3636515,23.8041517,0.02613976,3,3,0,0
Zone_DH437,386024745,90.3646027,23.8047314,0.02084275,3,3,0,0
Zone_DH437,386049332,90.3638782,23.7986248,0.00227964,4,3,0,0
Zone_DH437,3779126592,90.3704724,23.8087061,0.01046471,4,3,0,0
Zone_DH437,4611097931,90.3577144,23.7996585,0.00851958,4,3,0,0
Zone_DH437,4611097941,90.3575658,23.8012142,0.0201616,3,3,0,0
Zone_DH437,3732874601,90.3581627,23.8069482,0.00732925,4,3,0,0
Zone_DH437,386745708,90.3714668,23.8057959,0.02430409,3,3,0,0
Zone_DH437,6499132780,90.3740951,23.8031663,0.00693591,4,3,0,1
Zone_DH437,6499132782,90.3739458,23.8033369,0.0,4,1,0,0
Zone_DH437,3713271151,90.3668854,23.8096211,0.00392842,4,3,0,0
Zone_DH437,386745712,90.3718328,23.805657,0.03052,3,3,0,0
Zone_DH437,3713271152,90.3669179,23.8094736,0.00565667,4,3,0,0
Zone_DH437,3713271155,90.3651554,23.8093787,0.01286603,4,3,0,0
Zone_DH437,3713271156,90.3652103,23.8093775,0.01108884,4,3,0,0
Zone_DH437,3713271157,90.3652155,23.8097655,0.01448562,4,3,0,0
Zone_DH437,386786678,90.3719043,23.8069107,0.08303515,2,4,0,0
Zone_DH437,386745720,90.3739637,23.8049731,0.02412998,3,3,0,0
Zone_DH437,3713271163,90.3667744,23.8099403,0.00723181,4,3,0,0
Zone_DH437,386745730,90.3764404,23.8032708,0.02398405,3,4,0,0
Zone_DH437,7130031493,90.3581666,23.7960415,0.0,4,1,0,0
Zone_DH437,5833557382,90.3644357,23.8099231,0.02832466,3,3,0,0
Zone_DH437,5833557383,90.3635649,23.8097691,0.02309994,3,3,0,0
Zone_DH437,5833557384,90.3637785,23.8085791,0.01245743,4,3,0,0
Zone_DH437,7130031495,90.3581591,23.7951057,0.02990609,3,3,0,0
Zone_DH437,386794886,90.3774149,23.8017791,0.03017011,3,3,0,0
Zone_DH437,386745742,90.3782513,23.801745,0.03018582,3,3,0,0
Zone_DH437,3519792526,90.3601285,23.7964402,0.04417888,3,4,0,1
Zone_DH437,4418635175,90.3728769,23.8053505,0.02652008,3,3,0,0
Zone_DH437,1553073589,90.3684575,23.8071267,0.12858711,1,3,0,0
Zone_DH437,1553073590,90.3686074,23.8072383,0.09402655,2,3,0,0
Zone_DH437,3731342803,90.3693858,23.8049216,0.03278157,3,3,0,1
Zone_DH437,3731342804,90.3687708,23.804711,0.0,4,1,0,0
Zone_DH437,4452337110,90.3559787,23.7964566,0.0,4,1,0,0
Zone_DH437,386049501,90.3645334,23.7976761,0.00119617,4,3,0,0
Zone_DH437,386049508,90.363887,23.7990654,0.01884689,4,3,0,0
Zone_DH437,4584915146,90.3658477,23.8112778,0.00757082,4,3,0,0
Zone_DH437,4456179211,90.3570341,23.8028611,0.02255709,3,3,0,0
Zone_DH437,4456179215,90.3566844,23.8032766,0.01621657,4,3,0,0
Zone_DH437,4456179216,90.3571857,23.8036319,0.0200709,3,3,0,0
Zone_DH437,4456179217,90.3563513,23.8036723,0.01144849,4,3,0,0
Zone_DH437,4456179218,90.3568643,23.8040196,0.01942522,4,3,0,0
Zone_DH437,4488103466,90.3673027,23.7992019,0.0,4,1,0,0
Zone_DH437,3720709681,90.3630745,23.7918848,0.00900227,4,3,0,1
Zone_DH437,3797812795,90.3769752,23.8100158,0.00541061,4,3,0,0
Zone_DH437,386049613,90.368107,23.793914,0.00419334,4,3,0,1
Zone_DH437,386049629,90.3659415,23.7966727,0.10845111,1,3,0,0
Zone_DH437,5928110087,90.3628616,23.8110001,0.00825242,4,3,0,0
Zone_DH437,4485613173,90.3640873,23.7939269,0.01519147,4,3,0,1
Zone_DH437,386025079,90.367073,23.8059976,0.04807317,3,3,0,0
Zone_DH437,4424320635,90.3603901,23.7982226,0.0,4,1,0,0
Zone_DH437,4485613184,90.3626801,23.7948458,0.00189439,4,3,0,1
Zone_DH437,11985315473,90.3632006,23.8055428,0.05656401,3,3,0,1
Zone_DH437,3797771923,90.3764841,23.8109373,0.0075542,4,3,0,1
Zone_DH437,11985315475,90.3632791,23.8055925,0.0,4,1,0,0
Zone_DH437,3732874924,90.3601392,23.8054908,0.03373168,3,3,0,0
Zone_DH437,4017841852,90.3578376,23.8064484,0.01675,4,3,0,0
Zone_DH437,4017841856,90.3572172,23.8059739,0.00601229,4,3,0,0
Zone_DH437,11409254115,90.3646873,23.7902524,0.00284046,4,3,0,1
Zone_DH437,11409254116,90.3642166,23.7902885,0.0,4,1,0,0
Zone_DH437,11409254118,90.3643694,23.7900533,0.0,4,1,0,0
Zone_DH437,6349104884,90.3647106,23.7977457,0.01460057,4,3,0,0
Zone_DH437,11409254138,90.3610357,23.7900848,0.00094742,4,2,0,1
Zone_DH437,3718899458,90.3667789,23.8014086,0.04245467,3,3,0,0
Zone_DH437,3718932246,90.3672737,23.8024786,0.01260291,4,3,0,0
Zone_DH437,386787105,90.3716452,23.8078003,0.0087085,4,3,0,0
Zone_DH437,386787107,90.3732349,23.8081992,0.0064613,4,3,0,0
Zone_DH437,5701691184,90.3571363,23.8027397,0.02515283,3,3,0,0
Zone_DH437,5701691185,90.3566379,23.8023877,0.00165012,4,3,0,0
Zone_DH437,11730970429,90.370637,23.8119962,0.00734586,4,3,0,0
Zone_DH437,4609337162,90.3760913,23.7989522,0.0,4,1,0,0
Zone_DH437,4609337163,90.3748736,23.7996175,0.0265542,3,3,0,0
Zone_DH437,4609337173,90.3755735,23.7990239,0.00621524,4,3,0,1
Zone_DH437,4609337174,90.3755774,23.7988722,0.00477122,4,3,0,1
Zone_DH437,4609337175,90.3755952,23.798663,0.00336311,4,3,0,1
Zone_DH437,4609337176,90.3759848,23.7987664,0.0,4,1,0,0
Zone_DH437,4609337180,90.3779499,23.7974849,0.0,4,1,0,0
Zone_DH437,4609337182,90.3776096,23.7982743,0.0,4,1,0,0
Zone_DH437,4609337183,90.3776386,23.7979775,0.00190651,4,3,0,1
Zone_DH437,4609337192,90.3772759,23.7973533,0.0,4,1,0,0
Zone_DH437,4609337195,90.3776241,23.7972784,0.00164429,4,3,0,1
Zone_DH437,4609337196,90.3778842,23.7973004,0.00257464,4,3,0,1
Zone_DH437,4609337198,90.3778919,23.7968776,0.00770282,4,3,0,0
Zone_DH437,4609337202,90.3777415,23.7949051,0.00182569,4,3,0,1
Zone_DH437,4609337204,90.3747207,23.7946678,0.0,4,1,0,0
Zone_DH437,4609337207,90.3740497,23.7945749,0.02290148,3,3,0,1
Zone_DH437,4609337208,90.3762811,23.7949338,0.0,4,1,0,0
Zone_DH437,12850472826,90.3653823,23.8107979,0.00750661,4,3,0,0
Zone_DH437,12850472832,90.3665839,23.8126588,0.00017332,4,3,0,0
Zone_DH437,6122923915,90.3660061,23.8108892,0.00496609,4,3,0,0
Zone_DH437,3732875151,90.3613673,23.8052384,0.03855948,3,4,0,0
Zone_DH437,3732875152,90.3608641,23.8059169,0.01297424,4,3,0,0
Zone_DH437,386746257,90.3717939,23.7999188,0.07813866,2,3,0,0
Zone_DH437,3732875153,90.3601994,23.8068153,0.00186565,4,3,0,0
Zone_DH437,3732875157,90.3593494,23.8087041,0.0321772,3,4,0,0
Zone_DH437,386746265,90.3732469,23.800247,0.04768792,3,3,0,0
Zone_DH437,264882074,90.3543409,23.806905,0.00260338,4,2,0,0
Zone_DH437,6342518683,90.3771712,23.8041671,0.00362309,4,3,0,0
Zone_DH437,264882086,90.3572168,23.8050025,0.0354523,3,3,0,0
Zone_DH437,264882088,90.3553705,23.8072552,0.00734361,4,4,0,0
Zone_DH437,1148733364,90.3616665,23.8077599,0.04158358,3,3,0,0
Zone_DH437,4424648638,90.3707304,23.7982301,0.00076826,4,3,0,0
Zone_DH437,11412121537,90.3589336,23.7931817,0.00777108,4,3,0,0
Zone_DH437,3713296321,90.367206,23.808453,0.01745899,4,3,0,0
Zone_DH437,11412121541,90.3575908,23.7941102,0.00163665,4,3,0,0
Zone_DH437,11412121547,90.3570152,23.7958028,0.0,4,1,0,0
Zone_DH437,4611278795,90.3627358,23.7934782,0.0,4,1,0,0
Zone_DH437,11412121549,90.3592776,23.7962912,0.0,4,1,0,0
Zone_DH437,11412121550,90.3593055,23.7960841,0.00366799,4,4,0,1
Zone_DH437,4611278801,90.3627884,23.7937472,0.01718374,4,3,0,1
Zone_DH437,6487558097,90.3628798,23.8108991,0.0077585,4,3,0,0
Zone_DH437,4611278802,90.3627395,23.793999,0.0,4,1,0,0
Zone_DH437,6487558098,90.3640977,23.8110578,0.00918412,4,3,0,0
Zone_DH437,11412121557,90.3622093,23.7952386,0.0,4,1,0,0
Zone_DH437,11412121558,90.3628699,23.7951414,0.00567328,4,3,0,1
Zone_DH437,11412121560,90.3645452,23.7966295,0.01422295,4,3,0,1
Zone_DH437,12009678808,90.3583793,23.8091772,0.0,4,1,0,0
Zone_DH437,12009678809,90.3581727,23.8091131,0.0028674,4,3,0,1
Zone_DH437,4384171996,90.3609027,23.8121196,0.00321,4,3,0,0
Zone_DH437,11412121564,90.3651191,23.7969763,0.02485379,3,3,0,0
Zone_DH437,12009678814,90.3581177,23.8092614,0.00103902,4,3,0,1
Zone_DH437,6087067614,90.3542834,23.8061906,0.0,4,1,0,0
Zone_DH437,6087067616,90.3565265,23.8058506,0.01349689,4,3,0,0
Zone_DH437,6087067615,90.3556837,23.805276,0.01763994,4,3,0,0
Zone_DH437,12009678818,90.3580431,23.8088229,0.00094742,4,3,0,1
Zone_DH437,11412121567,90.3643251,23.7984731,0.06952703,2,3,0,1
Zone_DH437,11412121568,90.3645074,23.7985637,0.0,4,1,0,0
Zone_DH437,12009678816,90.357918,23.8087772,0.0,4,1,0,0
Zone_DH437,12009678827,90.3581622,23.8089785,0.00376408,4,3,0,0
Zone_DH437,4424648693,90.3720841,23.7987988,0.03207572,3,3,0,0
Zone_DH437,4510124027,90.3615276,23.7963724,0.09429057,2,3,0,0
Zone_DH437,6342518786,90.3746358,23.8060828,0.00430604,4,3,0,0
Zone_DH437,5928110085,90.3627688,23.81138,0.00581966,4,3,0,0
Zone_DH437,5928110086,90.3619363,23.8112592,0.00905795,4,3,0,0
Zone_DH437,6499092487,90.3745869,23.8045691,0.02340527,3,3,0,0
Zone_DH437,5928110088,90.3619489,23.8108577,0.01345424,4,3,0,0
Zone_DH437,5928110089,90.364032,23.8114716,0.00804497,4,3,0,0
Zone_DH437,5928110090,90.362798,23.8112651,0.00740243,4,3,0,0
Zone_DH437,5928110091,90.3619486,23.8115032,0.00751963,4,3,0,0
Zone_DH437,4424648716,90.3709278,23.7994048,0.0479012,3,3,0,0
Zone_DH437,5928110092,90.3639728,23.8118575,0.00763637,4,3,0,0
Zone_DH437,5928110094,90.3639128,23.8122532,0.00609895,4,3,0,0
Zone_DH437,5928110095,90.3626244,23.8120406,0.00398095,4,4,0,0
Zone_DH437,5928110093,90.3618723,23.8119218,0.00087827,4,3,0,0
Zone_DH437,11072546843,90.3602301,23.7983672,0.0,4,1,0,0
Zone_DH437,3711469612,90.3770772,23.8056535,0.0147905,4,4,0,0
Zone_DH437,3711469613,90.3749808,23.8067097,0.01604774,4,3,0,0
Zone_DH437,4424648754,90.3714017,23.8004434,0.12898943,1,4,0,0
Zone_DH437,4487989303,90.3690011,23.7999831,0.06010314,2,3,0,1
Zone_DH437,4525590592,90.3628285,23.8090988,0.02195227,3,3,0,0
Zone_DH437,4487989314,90.3694087,23.8000115,0.06018127,2,3,0,0
Zone_DH437,3772115011,90.3698422,23.8113125,0.00867404,4,3,0,0
Zone_DH437,3772115012,90.370767,23.8115345,0.00797762,4,3,0,0
Zone_DH437,4487989320,90.3692991,23.8009571,0.01751018,4,3,0,0
Zone_DH437,12048959569,90.3625661,23.8025294,0.0,4,1,0,0
Zone_DH437,12048959570,90.3623763,23.8022711,0.0,4,1,0,0
Zone_DH437,4487989332,90.3685418,23.801666,0.00485788,4,3,0,0
Zone_DH437,12048959572,90.3633055,23.8001894,0.02278653,3,3,0,0
Zone_DH437,12048959576,90.3622491,23.7998597,0.01293742,4,3,0,0
Zone_DH437,12048959577,90.3622224,23.800032,0.01497774,4,3,0,0
Zone_DH437,12048959578,90.3622646,23.7997455,0.00672936,4,3,0,1
Zone_DH437,12048959579,90.3623064,23.7995461,0.01429704,4,3,0,0
Zone_DH437,6121891931,90.3590829,23.8050286,0.03585552,3,3,0,0
Zone_DH437,12048959581,90.3623761,23.800201,0.00924025,4,3,0,1
Zone_DH437,12048959580,90.3620286,23.7996952,0.0,4,1,0,0
Zone_DH437,12048959582,90.3627029,23.8002802,0.0,4,1,0,0
Zone_DH437,12048959584,90.3630702,23.8004513,0.0,4,1,0,0
Zone_DH437,4487989345,90.3686106,23.8015031,0.00266489,4,3,0,0
Zone_DH437,4404594786,90.3661246,23.7946889,0.03215879,3,3,0,0
Zone_DH437,11999561827,90.3578393,23.8047454,0.01313499,4,3,0,0
Zone_DH437,12048959589,90.3632478,23.8003049,0.01690401,4,3,0,1
Zone_DH437,12048959590,90.3637462,23.8009733,0.00432086,4,3,0,1
Zone_DH437,12048959591,90.3637636,23.8007394,0.0,4,1,0,0
Zone_DH437,4487989352,90.3680232,23.8009112,0.00776748,4,3,0,0
Zone_DH437,6247606381,90.3675639,23.8109399,0.01616269,4,3,0,0
Zone_DH437,4485613692,90.3636178,23.7953042,0.04486497,3,3,0,0
Zone_DH437,5701658756,90.3553168,23.8041918,0.00274931,4,3,0,0
Zone_DH437,4524378246,90.3575739,23.8067784,0.01698169,4,3,0,0
Zone_DH437,4524378247,90.3581238,23.8060901,0.01241657,4,3,0,0
Zone_DH437,4524378248,90.3574919,23.8056391,0.00254366,4,3,0,0
Zone_DH437,3739289737,90.3566356,23.7927834,0.00190382,4,3,0,1
Zone_DH437,4524378252,90.3596362,23.806179,0.02508054,3,3,0,0
Zone_DH437,8852301965,90.3710479,23.808589,0.0,4,1,0,0
Zone_DH437,4524378255,90.359351,23.8055513,0.01162181,4,3,0,1
Zone_DH437,4524378256,90.3573068,23.8058647,0.00663642,4,3,0,0
Zone_DH437,4524378257,90.3568031,23.8055108,0.0178878,4,3,0,0
Zone_DH437,4609009818,90.3713309,23.7926794,0.00654437,4,3,0,0
Zone_DH437,4611508378,90.3641104,23.7958304,0.03586001,3,3,0,0
Zone_DH437,4611508380,90.3638962,23.7963223,0.02724928,3,3,0,0
Zone_DH437,4611508379,90.3635886,23.7957296,0.02988633,3,3,0,0
Zone_DH437,4609009824,90.3736521,23.7950955,0.02512275,3,3,0,0
Zone_DH437,4609009825,90.3708559,23.7940601,0.03141298,3,3,0,0
Zone_DH437,386787490,90.3766583,23.8095091,0.00847962,4,3,0,0
Zone_DH437,4609009831,90.3710207,23.7945881,0.00508867,4,3,0,0
Zone_DH437,4609009833,90.3685998,23.7943594,0.00378563,4,3,0,1
Zone_DH437,386787497,90.3788785,23.8085966,0.00114139,4,3,0,1
Zone_DH437,4609009835,90.3695559,23.7942939,0.01040095,4,3,0,1
Zone_DH437,3779111111,90.37026,23.8130697,0.00041624,4,3,0,0
Zone_DH437,3779111112,90.3694266,23.812862,0.00043914,4,3,0,0
Zone_DH437,12025505999,90.3717247,23.8042965,0.0,4,1,0,0
Zone_DH437,3853732050,90.355271,23.8012226,0.00560189,4,3,0,0
Zone_DH437,4609009877,90.3735175,23.7943584,0.01580707,4,3,0,1
Zone_DH437,386230520,90.3680085,23.80342,0.01887832,4,3,0,0
Zone_DH437,386230524,90.3689233,23.8038139,0.01905254,4,3,0,0
Zone_DH437,11335395586,90.3575533,23.7981925,0.0,4,1,0,0
Zone_DH437,11335395587,90.358187,23.7983067,0.00389384,4,3,0,1
Zone_DH437,4459292935,90.3570505,23.8074336,0.01356425,4,3,0,0
Zone_DH437,12025506057,90.3730557,23.8044195,0.0,4,1,0,0
Zone_DH437,3718646029,90.3622207,23.7901076,0.00842125,4,3,0,1
Zone_DH437,12025506062,90.3725707,23.8043833,0.01774063,4,3,0,1
Zone_DH437,12025506063,90.3726554,23.8040533,0.0,4,1,0,0
Zone_DH437,11301996825,90.3652978,23.8111802,0.00582505,4,3,0,0
Zone_DH437,11301996826,90.3655049,23.8102109,0.05317127,3,3,0,0
Zone_DH437,3713304860,90.363522,23.8100037,0.00179201,4,3,0,0
Zone_DH437,12102732062,90.3743915,23.7912395,0.0,4,1,0,0
Zone_DH437,3732007200,90.3659004,23.8058922,0.00264334,4,3,0,0
Zone_DH437,3779119396,90.3727316,23.8100474,0.00453324,4,3,0,0
Zone_DH437,3779119397,90.3736587,23.8102342,0.00387992,4,3,0,0
Zone_DH437,12299831594,90.3590924,23.8118227,0.00278343,4,3,0,1
Zone_DH437,3779111211,90.3701333,23.8103346,0.00429212,4,3,0,0
Zone_DH437,12102732075,90.3746241,23.7910107,0.00094742,4,2,0,1
Zone_DH437,3713296684,90.3671281,23.8087289,0.01993081,4,3,0,0
Zone_DH437,12299831595,90.3591089,23.8117463,0.00423554,4,3,0,1
Zone_DH437,12299831596,90.3591752,23.8116411,0.00488257,4,2,0,0
Zone_DH437,4404545856,90.3652053,23.796023,0.0549085,3,4,0,0
Zone_DH437,11998865739,90.3549262,23.8033847,0.00878719,4,3,0,0
Zone_DH437,11998865741,90.3546402,23.8037133,0.00207309,4,3,0,0
Zone_DH437,11998865743,90.3542073,23.8042297,0.0,4,2,0,0
Zone_DH437,11998865745,90.3544293,23.8039669,0.00113196,4,3,0,0
Zone_DH437,6344100205,90.3645509,23.8074685,0.0,4,1,0,0
Zone_DH437,3556591988,90.3557904,23.800114,0.01243408,4,4,0,1
Zone_DH437,12048976249,90.354729,23.7965134,0.0058466,4,3,0,0
Zone_DH437,4601103124,90.371132,23.8061972,0.0,4,1,0,0
Zone_DH437,386034050,90.3549461,23.7980163,0.0104912,4,3,0,1
Zone_DH437,3516778884,90.3553416,23.8000944,0.00649588,4,3,0,0
Zone_DH437,386034053,90.3546532,23.7974985,0.00694265,4,2,0,0
Zone_DH437,12048976262,90.3545678,23.7982691,0.00094742,4,3,0,1
Zone_DH437,12048976263,90.3548998,23.7979746,0.00863318,4,3,0,0
Zone_DH437,3516778888,90.3555026,23.8001076,0.00712899,4,3,0,0
Zone_DH437,4611623306,90.362569,23.7981017,0.0,4,1,0,0
Zone_DH437,12048976267,90.3564705,23.7985562,0.01741274,4,3,0,1
Zone_DH437,386034060,90.3547866,23.7956098,0.00418885,4,2,0,0
Zone_DH437,12048976266,90.3561532,23.7968717,0.0,4,1,0,0
Zone_DH437,6292228495,90.3580003,23.8081471,0.03243314,3,3,0,0
Zone_DH437,6292228500,90.3612267,23.8095158,0.02939781,3,3,0,0
Zone_DH437,4611623317,90.3648361,23.7972149,0.02638537,3,3,0,1
Zone_DH437,3717007766,90.368223,23.7944351,0.0,4,1,0,0
Zone_DH437,4611623322,90.364202,23.7973143,0.0,4,1,0,0
Zone_DH437,3717007771,90.3685639,23.7942906,0.00189439,4,3,0,1
Zone_DH437,4611623325,90.3644625,23.7967969,0.0,4,1,0,0
Zone_DH437,3717007774,90.3689815,23.794334,0.0,4,1,0,0
Zone_DH437,3732375976,90.368992,23.804458,0.0,4,1,0,0
Zone_DH437,3732375977,90.3695261,23.8046326,0.03207482,3,3,0,1
Zone_DH437,4611623343,90.3654037,23.7946622,0.0182955,4,3,0,0
Zone_DH437,3782797752,90.3690078,23.811366,0.00239638,4,3,0,0
Zone_DH437,3782797753,90.3698012,23.8115652,0.00838802,4,3,0,0
Zone_DH437,4611623362,90.3649066,23.793533,0.02878311,3,3,0,1
Zone_DH437,4611623375,90.3647706,23.7951142,0.00647208,4,3,0,1
Zone_DH437,4611623377,90.3641203,23.7953332,0.0,4,1,0,0
Zone_DH437,4611508689,90.3634569,23.7976754,0.00400475,4,3,0,0
Zone_DH437,4611623380,90.3639699,23.7949971,0.00189439,4,3,0,1
Zone_DH437,4611623381,90.3637267,23.7949563,0.04146818,3,3,0,1
Zone_DH437,4611508694,90.3632026,23.7983988,0.00582685,4,3,0,0
Zone_DH437,4611623382,90.3650634,23.79726,0.0987605,1,4,0,0
Zone_DH437,4611623388,90.3627411,23.7993069,0.00101926,4,3,0,0
Zone_DH437,4611508710,90.3618651,23.8006522,0.0,4,1,0,0
Zone_DH437,4611508712,90.3616044,23.8003959,0.00189439,4,3,0,1
Zone_DH437,4611508713,90.3615924,23.8006607,0.0,4,1,0,0
Zone_DH437,3737201142,90.3735231,23.8132396,2.25e-06,4,2,0,0
Zone_DH437,3716917753,90.3711955,23.8092929,0.00524762,4,3,0,0
Zone_DH437,6556666372,90.3777413,23.7926437,0.0,4,1,0,0
Zone_DH437,4611508749,90.3614109,23.7999976,0.09276348,2,3,0,0
Zone_DH437,4611508750,90.3616142,23.7999982,0.01033494,4,3,0,1
Zone_DH437,4611508758,90.3628752,23.7983672,0.00308203,4,3,0,0
Zone_DH437,3717024285,90.371225,23.7935463,0.01194465,4,3,0,0
Zone_DH437,3717024289,90.371839,23.7936357,0.0,4,1,0,0
Zone_DH437,3781626409,90.3688908,23.811756,0.0072134,4,4,0,0
Zone_DH437,4486375984,90.3696871,23.8047131,0.03922267,3,3,0,0
Zone_DH437,4611508788,90.3613197,23.8013483,0.09958399,1,3,0,0
Zone_DH437,386230840,90.3702758,23.7969077,0.01170488,4,3,0,0
Zone_DH437,386230844,90.3698846,23.796312,0.00128148,4,3,0,1
Zone_DH437,386230845,90.3697073,23.7962867,0.00879213,4,3,0,0
Zone_DH437,3779119678,90.3730865,23.808799,0.00852991,4,3,0,0
Zone_DH437,386230847,90.369162,23.7962658,0.0152696,4,3,0,0
Zone_DH437,3779119679,90.3738282,23.8089925,0.00482375,4,3,0,0
Zone_DH437,11409394241,90.3663639,23.7901872,0.00094742,4,2,0,1
Zone_DH437,11409394245,90.3671732,23.7902189,0.0,4,1,0,0
Zone_DH437,386230864,90.3727989,23.7972115,0.03276361,3,3,0,0
Zone_DH437,386230865,90.3723412,23.7971486,0.00850252,4,3,0,1
Zone_DH437,12010261074,90.3660779,23.8089892,0.00166943,4,3,0,0
Zone_DH437,11409394258,90.3695184,23.7911728,0.00487269,4,3,0,0
Zone_DH437,4424657493,90.3717545,23.7970817,0.0094661,4,3,0,1
Zone_DH437,11409394263,90.3698086,23.7903093,0.0,4,2,0,0
Zone_DH437,11332635228,90.373924,23.7911115,0.00284046,4,3,0,1
Zone_DH437,4486376030,90.3694782,23.8058155,0.04158257,3,3,0,0
Zone_DH437,4486376031,90.368556,23.8069555,0.15285662,1,3,1,0
Zone_DH437,3712125536,90.3740009,23.8090099,0.00194019,4,3,0,0
Zone_DH437,3712125539,90.3742408,23.8078145,0.04904304,3,4,0,0
Zone_DH437,6349204078,90.3617709,23.8023988,0.07639155,2,3,0,1
Zone_DH437,3712313972,90.3780907,23.8098848,0.00094742,4,3,0,1
Zone_DH437,210324086,90.3746567,23.8061886,0.01998559,3,3,0,0
Zone_DH437,11309132406,90.3746878,23.8002402,0.0,4,1,0,0
Zone_DH437,11409762938,90.3616305,23.7974329,0.0,4,1,0,0
Zone_DH437,11409762939,90.3591203,23.7968473,0.04301234,3,3,0,0
Zone_DH437,11409762940,90.3590839,23.7976029,0.0,4,1,0,0
Zone_DH437,11409762941,90.3590975,23.7973194,0.00394593,4,3,0,1
Zone_DH437,12049427070,90.3575784,23.8091011,0.01368099,4,3,0,0
Zone_DH437,11409762943,90.3594873,23.7966861,0.04160693,3,3,0,0
Zone_DH437,5988412031,90.3582478,23.8087596,0.00650396,4,3,0,0
Zone_DH437,11409762942,90.3596579,23.7973539,0.00472811,4,3,0,1
Zone_DH437,11409762947,90.3596384,23.7976896,0.00378563,4,3,0,1
Zone_DH437,11409762949,90.3602238,23.7979951,0.00189439,4,3,0,1
Zone_DH437,11409762950,90.360307,23.7980184,0.0,4,1,0,0
Zone_DH437,11409762953,90.3593427,23.7980786,0.0,4,1,0,0
Zone_DH437,3416443530,90.3737449,23.7924722,0.00720083,4,3,0,0
Zone_DH437,11409762958,90.3599583,23.7976061,0.0,4,1,0,0
Zone_DH437,11409762960,90.3600186,23.7976405,0.0,4,1,0,0
Zone_DH437,11409762961,90.3607036,23.7975556,0.0,4,1,0,0
Zone_DH437,11409762962,90.3602265,23.7972233,0.0,4,1,0,0
Zone_DH437,386230944,90.3702577,23.7979267,0.0481733,3,3,0,0
Zone_DH437,386230945,90.3707602,23.7978881,0.0030259,4,3,0,0
Zone_DH437,386230951,90.3711619,23.7992685,0.00234026,4,3,0,0
Zone_DH437,3853617833,90.3640151,23.811602,0.00724708,4,3,0,0
Zone_DH437,264882869,90.3610793,23.8102542,0.02781907,3,3,0,0
Zone_DH437,3737209525,90.373739,23.8125049,0.01130481,4,3,0,1
Zone_DH437,4597279418,90.3579549,23.7914403,0.00283956,4,2,0,1
Zone_DH437,264882876,90.3644258,23.8102107,0.04861423,3,3,0,0
Zone_DH437,12609735371,90.3774673,23.8110912,0.0,4,1,0,0
Zone_DH437,12609735374,90.3771277,23.8105181,0.00323335,4,3,0,1
Zone_DH437,4601170644,90.3757493,23.7947604,0.00138386,4,3,0,1
Zone_DH437,386231026,90.3660284,23.797535,0.05318878,3,3,0,0
Zone_DH437,386231028,90.3658853,23.7981769,0.08306613,2,3,0,1
Zone_DH437,386231030,90.3658454,23.7985742,0.09673186,2,3,0,0
Zone_DH437,386231031,90.3657649,23.7990922,0.04202721,3,3,0,1
Zone_DH437,12015266551,90.3593463,23.7947153,0.0,4,1,0,0
Zone_DH437,3779128058,90.3704168,23.8092378,0.0049158,4,3,0,0
Zone_DH437,12015266555,90.3592516,23.7952186,0.04677193,3,3,0,1
Zone_DH437,386231036,90.3654299,23.8013017,0.00295765,4,3,0,1
Zone_DH437,3779128059,90.3711637,23.8094143,0.00761257,4,3,0,0
Zone_DH437,12015266556,90.3590338,23.7956909,0.0,4,1,0,0
Zone_DH437,12015266559,90.359084,23.7952017,0.04504053,3,3,0,1
Zone_DH437,386231040,90.3665036,23.8019221,0.0,4,1,0,0
Zone_DH437,3713329925,90.3717763,23.8073599,0.00881009,4,3,0,0
Zone_DH437,12015266568,90.3599169,23.7949896,0.0,4,1,0,0
Zone_DH437,4611623691,90.3628608,23.7996587,0.01030531,4,3,0,0
Zone_DH437,4611623696,90.3616558,23.7990413,0.08942641,2,3,0,0
Zone_DH437,3732876049,90.3588413,23.8079304,0.02071883,3,3,0,0
Zone_DH437,4497845052,90.3645627,23.7920978,0.02212109,3,3,0,1
Zone_DH437,264883009,90.36722,23.8054804,0.05102184,3,3,0,0
Zone_DH437,10542336834,90.3746677,23.7995325,0.02758604,3,3,0,0
Zone_DH437,264883015,90.3651517,23.8046086,0.09476697,2,3,0,0
Zone_DH437,3448359751,90.3669953,23.8062885,0.04803501,3,3,0,0
Zone_DH437,264883017,90.3645878,23.8056611,0.04209366,3,3,0,0
Zone_DH437,4601310042,90.3723977,23.799485,0.0,4,1,0,0
Zone_DH437,4601310043,90.3734514,23.7993487,0.0,4,1,0,0
Zone_DH437,4601310045,90.3727418,23.7991186,0.00479277,4,3,0,1
Zone_DH437,12012841824,90.3607505,23.811582,0.00568675,4,3,0,0
Zone_DH437,12012841825,90.3598545,23.8119305,0.0,4,1,0,0
Zone_DH437,4601310050,90.37333,23.7999521,0.02042607,3,3,0,0
Zone_DH437,4601310051,90.3724897,23.8004348,0.0,4,1,0,0
Zone_DH437,4601310052,90.3743843,23.8001201,0.0,4,1,0,0
Zone_DH437,4601310053,90.3741969,23.7999391,0.00566206,4,3,0,1
Zone_DH437,6253177701,90.3579669,23.8045929,0.01315115,4,3,0,1
Zone_DH437,4601310055,90.3739518,23.7998787,0.00614654,4,3,0,0
Zone_DH437,4601310056,90.3735947,23.7995343,0.01671946,4,3,0,0
Zone_DH437,6489983849,90.3735176,23.80201,0.0196605,4,3,0,0
Zone_DH437,6253177702,90.3582111,23.8047538,0.0,4,1,0,0
Zone_DH437,12012841827,90.3608075,23.811846,0.00485743,4,3,0,1
Zone_DH437,4601310062,90.3741095,23.8013647,0.0,4,1,0,0
Zone_DH437,4491733875,90.3765922,23.7999384,0.01202593,4,3,0,0
Zone_DH437,4601310075,90.3721749,23.7971202,0.00967265,4,3,0,1
Zone_DH437,4601310078,90.3714309,23.7979858,0.00293296,4,3,0,0
Zone_DH437,5202578308,90.3611715,23.8094019,0.04983555,3,4,0,0
Zone_DH437,12609162126,90.3723597,23.7933612,0.0,4,1,0,0
Zone_DH437,12609162127,90.372487,23.7933874,0.01955992,4,3,0,1
Zone_DH437,12049173397,90.3648495,23.7909732,0.0,4,1,0,0
Zone_DH437,12049173398,90.3648744,23.7907893,0.0,4,1,0,0
Zone_DH437,12049173400,90.3643433,23.791626,0.0,4,1,0,0
Zone_DH437,12049173401,90.3630228,23.7912906,0.0,4,1,0,0
Zone_DH437,386231194,90.3672372,23.8033888,0.02357556,3,3,0,0
Zone_DH437,386788251,90.379011,23.8088144,0.0,4,1,0,0
Zone_DH437,12049173404,90.364006,23.7941214,0.01796997,4,3,0,1
Zone_DH437,12049173405,90.3637561,23.7947354,0.03848404,3,3,0,1
Zone_DH437,12049173402,90.3644502,23.7940969,0.0,4,1,0,0
Zone_DH437,12049173403,90.3642983,23.7942473,0.0,4,1,0,0
Zone_DH437,12049173408,90.3631823,23.7946692,0.0,4,1,0,0
Zone_DH437,12049173420,90.3651341,23.7942198,0.0031871,4,3,0,1
Zone_DH437,12049173423,90.3646376,23.7941647,0.0,4,1,0,0
Zone_DH437,3853601712,90.3639258,23.8121697,0.00731712,4,3,0,0
Zone_DH437,3853601713,90.3653764,23.8124165,0.00354631,4,4,0,0
Zone_DH437,3853601714,90.3655404,23.8118377,0.00608907,4,3,0,0
Zone_DH437,12049173426,90.3644422,23.7950742,0.00189439,4,3,0,1
Zone_DH437,12049173425,90.3642655,23.7947866,0.0,4,1,0,0
Zone_DH437,12049173427,90.3644919,23.7949079,0.0,4,1,0,0
Zone_DH437,12049173431,90.3629183,23.7955723,0.01989129,4,3,0,1
Zone_DH437,4597582776,90.3666362,23.8032922,0.07057368,2,4,0,0
Zone_DH437,12049173432,90.363265,23.7956557,0.0,4,1,0,0
Zone_DH437,12049173438,90.3555268,23.7973024,0.00189439,4,3,0,1
Zone_DH437,4599393215,90.3560754,23.7948127,0.00283148,4,3,0,1
Zone_DH437,12012727231,90.3632241,23.8026189,0.0,4,1,0,0
Zone_DH437,12049173440,90.3557873,23.7973379,0.0,4,1,0,0
Zone_DH437,4613336002,90.3670693,23.7932223,0.0,4,1,0,0
Zone_DH437,4599393226,90.3557915,23.7937778,0.0009537,4,3,0,1
Zone_DH437,3772115915,90.3708429,23.8111809,0.00997887,4,3,0,0
Zone_DH437,3772115914,90.369956,23.8109336,0.01844592,4,3,0,0
Zone_DH437,12012727243,90.3629985,23.8033613,0.05800939,3,3,0,1
Zone_DH437,12049173460,90.3553421,23.799668,0.00222486,4,3,0,0
Zone_DH437,12049173468,90.3550649,23.79986,0.00566879,4,3,0,0
Zone_DH437,386231262,90.3695711,23.7972945,0.05851228,3,3,0,0
Zone_DH437,386231266,90.3695184,23.7983582,0.00770193,4,3,0,1
Zone_DH437,386231268,90.3691316,23.7987394,0.0139477,4,3,0,0
Zone_DH437,386231272,90.3687093,23.7998479,0.06683969,2,3,0,0
Zone_DH437,4450831363,90.3644067,23.8095263,0.01180591,4,3,0,0
Zone_DH437,6349106186,90.364983,23.7972143,0.05537952,3,4,0,0
Zone_DH437,6349106192,90.3651839,23.796238,0.07890333,2,4,0,0
Zone_DH437,3713297425,90.3670234,23.8090997,0.00727941,4,3,0,0
Zone_DH437,6349106193,90.3651138,23.796011,0.04301818,3,3,0,0
Zone_DH437,4597705747,90.3674893,23.804099,0.0,4,1,0,0
Zone_DH437,4597705748,90.3673633,23.8043401,0.04988483,3,3,0,1
Zone_DH437,6349106197,90.3651073,23.7954678,0.04286641,3,4,0,0
Zone_DH437,6349106200,90.3653305,23.7946447,0.0389582,3,4,0,0
Zone_DH437,6349106202,90.365345,23.7941025,0.03618868,3,3,0,0
Zone_DH437,4597705755,90.367608,23.8035802,0.01957564,4,3,0,0
Zone_DH437,6349106204,90.3653266,23.7930598,0.01194241,4,3,0,0
Zone_DH437,4597705756,90.3679192,23.803918,0.0033896,4,3,0,0
Zone_DH437,6349106206,90.3653844,23.7923464,0.00619818,4,3,0,0
Zone_DH437,6349106203,90.3653247,23.7934417,0.03935962,3,3,0,0
Zone_DH437,4597705760,90.3676406,23.804468,0.05124669,3,3,0,0
Zone_DH437,7030461720,90.379326,23.8040042,0.0,4,2,0,0
Zone_DH437,6349106210,90.36597,23.7908387,0.01363609,4,4,0,1
Zone_DH437,6342528040,90.3687392,23.801714,0.00342597,4,3,0,1
Zone_DH437,4597705768,90.3664303,23.8034907,0.08642195,2,3,0,0
Zone_DH437,6342528045,90.3692449,23.8016956,0.00317812,4,3,0,0
Zone_DH437,6342528050,90.3691554,23.8012757,0.00136904,4,3,0,0
Zone_DH437,4452346935,90.3567431,23.7942426,0.00194243,4,3,0,0
Zone_DH437,4597705785,90.3697932,23.8029724,0.0,4,1,0,0
Zone_DH437,4597705787,90.3696367,23.8028021,0.01954836,4,3,0,1
Zone_DH437,4597705797,90.3688747,23.8028814,0.0,4,1,0,0
Zone_DH437,4459277386,90.3582106,23.8059814,0.01293159,4,3,0,0
Zone_DH437,4452346955,90.3563726,23.7948633,0.00378249,4,3,0,0
Zone_DH437,4452346957,90.3573628,23.7949845,0.01241028,4,4,0,1
Zone_DH437,6349098063,90.3618419,23.8024634,0.07677815,2,3,0,0
Zone_DH437,3556592722,90.3621367,23.8041656,0.04177486,3,3,0,0
Zone_DH437,6349098068,90.3625476,23.8015077,0.02514026,3,3,0,0
Zone_DH437,6349098072,90.3634526,23.7998535,0.03173537,3,3,0,0
Zone_DH437,6349098077,90.3640827,23.7986992,0.01331684,4,3,0,0
Zone_DH437,3779112034,90.3686417,23.8129215,0.00230389,4,3,0,0
Zone_DH437,3779112035,90.3693576,23.8130855,0.00168739,4,3,0,0
Zone_DH437,4488039526,90.3689193,23.7990707,0.01329798,4,3,0,0
Zone_DH437,3556592748,90.366897,23.8066497,0.04801166,3,3,0,0
Zone_DH437,4597705840,90.3678968,23.8031567,0.02203724,3,3,0,0
Zone_DH437,4488039538,90.3673096,23.7988162,0.00178079,4,3,0,1
Zone_DH437,386231411,90.3691407,23.7957396,0.01280362,4,3,0,1
Zone_DH437,4488039541,90.3667373,23.7987785,0.03998868,3,3,0,0
Zone_DH437,386231414,90.3691922,23.7968155,0.0,4,1,0,0
Zone_DH437,4456524922,90.3598884,23.8079356,0.01531315,4,3,0,0
Zone_DH437,4456524929,90.3596827,23.8082144,0.00663911,4,3,0,0
Zone_DH437,6499093636,90.3738341,23.8042654,0.00386331,4,3,0,1
Zone_DH437,3716140185,90.3660448,23.7908636,0.02010098,3,4,0,0
Zone_DH437,4456524957,90.3608682,23.808575,0.0240312,3,3,0,0
Zone_DH437,4456524963,90.3606666,23.8088492,0.02265093,3,3,0,0
Zone_DH437,3772124324,90.370914,23.8109292,0.00319922,4,3,0,0
Zone_DH437,3772124325,90.3717479,23.8111248,0.00232993,4,3,0,0
Zone_DH437,3717885101,90.3691548,23.7920524,0.00351128,4,3,0,1
Zone_DH437,3717885102,90.3692675,23.7917946,0.0,4,1,0,0
Zone_DH437,12049403057,90.3589762,23.8053066,0.0,4,1,0,0
Zone_DH437,12049403058,90.359623,23.8050852,0.05178202,3,3,0,0
Zone_DH437,12049403059,90.3595976,23.8046686,0.0,4,1,0,0
Zone_DH437,12049403060,90.3591792,23.8047968,0.00181491,4,4,0,0
Zone_DH437,4459277493,90.3580104,23.806232,0.0118095,4,3,0,0
Zone_DH437,4459277496,90.3587252,23.8062893,0.00947239,4,3,0,0
Zone_DH437,4459277499,90.3577965,23.8064997,0.01644422,4,3,0,0
Zone_DH437,4459277503,90.3585496,23.8065804,0.00800771,4,3,0,0
Zone_DH437,877497537,90.3701205,23.797197,0.05952616,2,3,0,0
Zone_DH437,877497540,90.369193,23.7966836,0.00912754,4,3,0,1
Zone_DH437,4459277509,90.3582955,23.8067905,0.00780206,4,3,0,0
Zone_DH437,4456484050,90.3604436,23.8064838,0.00253019,4,3,0,0
Zone_DH437,6578179282,90.3713771,23.8086802,0.00622243,4,3,0,1
Zone_DH437,212643032,90.3551082,23.8000788,0.0046886,4,4,0,1
Zone_DH437,3712306398,90.3785107,23.8079919,0.0041893,4,3,0,0
Zone_DH437,4489669855,90.3712009,23.7937585,0.01326071,4,3,0,1
Zone_DH437,877497568,90.3659855,23.7966863,0.1062698,1,3,0,0
Zone_DH437,4601261282,90.3748306,23.7951156,0.0,4,1,0,0
Zone_DH437,4601261283,90.374798,23.7952708,0.00094742,4,3,0,1
Zone_DH437,3416444137,90.3746941,23.7926067,0.00902382,4,3,0,0
Zone_DH437,3718950125,90.3682419,23.800772,0.00818327,4,3,0,1
Zone_DH437,5142998255,90.3612505,23.8053959,0.00879932,4,3,0,0
Zone_DH437,8307723515,90.3743793,23.8010236,0.0,4,1,0,0
Zone_DH437,8307723516,90.3744078,23.8008469,0.0264442,3,3,0,1
Zone_DH437,6574370044,90.3793599,23.8073979,5.882e-05,4,2,0,0
Zone_DH437,6574370045,90.3790185,23.806799,0.00040321,4,3,0,0
Zone_DH437,3716140291,90.3663628,23.7941865,0.03174525,3,3,0,0
Zone_DH437,3716140293,90.367535,23.7942535,0.00479636,4,3,0,0
Zone_DH437,12015242512,90.3588869,23.7962756,0.0,4,1,0,0
Zone_DH437,2984684819,90.3574736,23.8051824,0.03175468,3,3,0,0
Zone_DH437,3532590355,90.3611697,23.8126532,0.00190876,4,2,0,0
Zone_DH437,877497622,90.3730029,23.7970638,0.02873686,3,3,0,0
Zone_DH437,12015242522,90.3586207,23.7966355,0.0080095,4,3,0,1
Zone_DH437,386788640,90.375307,23.8072742,0.01415335,4,3,0,0
Zone_DH437,4562963748,90.3604722,23.8091136,0.02868792,3,3,0,0
Zone_DH437,4562963749,90.359477,23.8084963,0.01256025,4,3,0,0
Zone_DH437,877497642,90.3584817,23.7951462,0.04183323,3,3,0,0
Zone_DH437,2541423921,90.3703539,23.8032336,0.04812627,3,3,0,0
Zone_DH437,386821431,90.3712653,23.7970776,0.01069056,4,3,0,0
Zone_DH437,2541423930,90.371561,23.8034341,0.00919142,4,3,0,0
Zone_DH437,2541423933,90.3725041,23.8036664,0.02257426,3,3,0,0
Zone_DH437,3779112256,90.3687523,23.8122488,0.00144133,4,3,0,0
Zone_DH437,3712445764,90.3582245,23.809687,0.0,4,1,0,0
Zone_DH437,6487575889,90.363942,23.8120678,0.00817519,4,3,0,0
Zone_DH437,6487575890,90.3626638,23.8118411,0.00774638,4,3,0,0
Zone_DH437,386821459,90.3669102,23.7968244,0.08299384,2,3,0,0
Zone_DH437,386821461,90.3663502,23.7967373,0.11503948,1,3,0,0
Zone_DH437,386821468,90.3646602,23.7963697,0.0530231,3,3,0,0
Zone_DH437,13065514332,90.358664,23.7970732,0.0,4,1,0,0
Zone_DH437,386821472,90.3640224,23.7960847,0.05716749,3,3,0,0
Zone_DH437,877497699,90.3557345,23.8100371,9.878e-05,4,2,0,0
Zone_DH437,386805112,90.3761395,23.793974,0.01205646,4,4,0,0
Zone_DH437,3712314747,90.3764974,23.8108905,0.01008439,4,3,0,1
Zone_DH437,4611181948,90.356157,23.7970178,0.0,4,1,0,0
Zone_DH437,4611181957,90.3568396,23.7969989,0.00290422,4,3,0,1
Zone_DH437,3779112327,90.3713356,23.8088085,0.00535853,4,3,0,0
Zone_DH437,3712298376,90.3774761,23.8062979,0.01102687,4,3,0,0
Zone_DH437,3779112328,90.3721984,23.8089857,0.00224103,4,3,0,0
Zone_DH437,11182493067,90.3681246,23.8084507,0.05189158,3,3,0,1
Zone_DH437,11182493069,90.3675297,23.8080011,0.0,4,1,0,0
Zone_DH437,6490090894,90.3778268,23.7999697,0.0,4,1,0,0
Zone_DH437,877497744,90.3586012,23.7943165,0.01128326,4,3,0,1
Zone_DH437,3717918096,90.368475,23.7984882,0.00711282,4,3,0,1
Zone_DH437,5701660056,90.3550887,23.8044691,0.00199676,4,3,0,0
Zone_DH437,3712339360,90.3763704,23.8075325,0.01871308,4,3,0,0
Zone_DH437,3712339361,90.3765532,23.8078489,0.01307976,4,4,0,0
Zone_DH437,4018048427,90.3560086,23.8048818,0.02072736,3,3,0,0
Zone_DH437,4018048428,90.3568475,23.8054563,0.02365717,3,3,0,0
Zone_DH437,4401827250,90.3713305,23.792354,0.01607962,4,3,0,0
Zone_DH437,4489817531,90.3707508,23.7936744,0.0,4,1,0,0
Zone_DH437,4424707528,90.3601921,23.7964188,0.0323577,3,3,0,0
Zone_DH437,4417195464,90.3774511,23.798971,0.0059858,4,3,0,0
Zone_DH437,4418629067,90.3775004,23.803151,0.00362623,4,3,0,0
Zone_DH437,11992272337,90.3595202,23.7909689,0.00189439,4,3,0,1
Zone_DH437,11992272338,90.3596869,23.7906664,0.0,4,1,0,0
Zone_DH437,4417195475,90.3773769,23.7991572,0.0051659,4,3,0,0
Zone_DH437,877497820,90.3605204,23.79343,0.03504101,3,3,0,0
Zone_DH437,4417195487,90.3784641,23.7993309,0.00284764,4,3,0,0
Zone_DH437,4601122275,90.366408,23.7911282,0.00189439,4,3,0,1
Zone_DH437,386788861,90.3755887,23.8076886,0.03427274,3,3,0,0
Zone_DH437,4584820226,90.3567954,23.8031447,0.01829191,4,3,0,0
Zone_DH437,4584820227,90.3562907,23.8027999,0.00136006,4,3,0,0
Zone_DH437,3712167434,90.3740988,23.8086181,0.00209061,4,4,0,0
Zone_DH437,3779120651,90.3747486,23.8083598,0.01218218,4,3,0,0
Zone_DH437,877497868,90.3556197,23.8104897,3.008e-05,4,2,0,0
Zone_DH437,3779120650,90.3741907,23.8082619,0.00239055,4,4,0,0
Zone_DH437,3712167435,90.3748057,23.8087827,0.00572537,4,3,0,0
Zone_DH437,386788882,90.3758439,23.8081392,0.0138588,4,3,0,0
Zone_DH437,386788883,90.3748905,23.80862,0.01307662,4,3,0,0
Zone_DH437,386805267,90.377185,23.7926694,0.00094742,4,2,0,1
Zone_DH437,386788887,90.3761087,23.8085883,0.01027253,4,3,0,0
Zone_DH437,386788888,90.3751764,23.8090833,0.0073261,4,3,0,0
Zone_DH437,386805271,90.3764719,23.792864,0.00231511,4,3,0,1
Zone_DH437,3732377112,90.3696115,23.8044425,0.03174974,3,3,0,1
Zone_DH437,3732377113,90.3690975,23.8042497,0.0,4,1,0,0
Zone_DH437,7116213792,90.3651706,23.7952264,0.03821014,3,4,0,0
Zone_DH437,7116213793,90.3647616,23.7951463,0.00728973,4,3,0,0
Zone_DH437,386805282,90.3755008,23.7955829,0.00209016,4,3,0,0
Zone_DH437,7116213794,90.3650292,23.794463,0.00453593,4,3,0,1
Zone_DH437,7116213797,90.3646312,23.7944498,0.0,4,1,0,0
Zone_DH437,386805288,90.3736924,23.7954019,0.02697897,3,3,0,0
Zone_DH437,386805291,90.374025,23.7954567,0.00820527,4,3,0,0
Zone_DH437,3720728108,90.3663097,23.7923008,0.00682904,4,3,0,1
Zone_DH437,3720728110,90.3664732,23.7918358,0.0,4,1,0,0
Zone_DH437,386805295,90.3748477,23.7955486,0.006169,4,3,0,0
Zone_DH437,3720728111,90.3662552,23.7917834,0.0,4,1,0,0
Zone_DH437,3720728114,90.3665179,23.7916172,0.0,4,1,0,0
Zone_DH437,3720728117,90.3678249,23.7913957,0.0187526,4,3,0,0
Zone_DH437,11991502391,90.369315,23.7943284,0.0,4,1,0,0
Zone_DH437,3713306171,90.3626839,23.8098455,0.00179022,4,3,0,0
Zone_DH437,11991502395,90.368243,23.7942352,0.0,4,1,0,0
Zone_DH437,11991502399,90.3683098,23.7935313,0.0,4,1,0,0
Zone_DH437,11991502400,90.369062,23.792462,0.0,4,1,0,0
Zone_DH437,3713306175,90.3628374,23.8090528,0.02399707,3,3,0,0
Zone_DH437,11991502402,90.3684996,23.7922192,0.0,4,1,0,0
Zone_DH437,3713306180,90.3636818,23.8092424,0.01277937,4,3,0,0
Zone_DH437,11991502405,90.3672044,23.7917228,0.00378563,4,3,0,1
Zone_DH437,6102658630,90.3666906,23.8102687,0.05215381,3,4,0,0
Zone_DH437,11991502407,90.3667647,23.7916698,0.00189439,4,3,0,1
Zone_DH437,11991502404,90.3684469,23.7920729,0.0,4,1,0,0
Zone_DH437,11991502408,90.3667864,23.7914472,0.0,4,1,0,0
Zone_DH437,4417195598,90.3796423,23.7994379,0.0007045,4,2,0,0
Zone_DH437,877497944,90.3561503,23.8096288,0.00044497,4,3,0,0
Zone_DH437,3737554525,90.3604012,23.7921258,0.01024918,4,3,0,1
Zone_DH437,3737554529,90.359765,23.7923607,0.0,4,1,0,0
Zone_DH437,3718516326,90.3700129,23.8079317,0.02332625,3,3,0,0
Zone_DH437,3718516329,90.3715159,23.8082516,0.02307693,3,3,0,0
Zone_DH437,4417195626,90.3783485,23.799825,0.00624443,4,3,0,0
Zone_DH437,4417195630,90.3781879,23.8000518,0.0043689,4,3,0,1
Zone_DH437,386788980,90.3763805,23.8090444,0.00983609,4,4,0,0
Zone_DH437,4417195639,90.3796383,23.8005544,0.0,4,1,0,0
Zone_DH437,5332446840,90.3690025,23.7989483,0.01219116,4,3,0,1
Zone_DH437,5332446841,90.3696306,23.7993638,0.0,4,1,0,0
Zone_DH437,5332446848,90.3707843,23.8018268,0.0346571,3,3,0,0
Zone_DH437,4417195649,90.3776235,23.8013833,0.0068259,4,3,0,0
Zone_DH437,5332446854,90.3702299,23.8017581,0.0340415,3,3,0,0
Zone_DH437,4417195655,90.3782902,23.801709,0.0093754,4,3,0,0
Zone_DH437,6342520466,90.3732957,23.8064839,0.0044605,4,3,0,0
Zone_DH437,3648204435,90.370253,23.7928654,0.01341832,4,3,0,1
Zone_DH437,6342520467,90.372184,23.8063537,0.01812398,4,3,0,0
Zone_DH437,6342520469,90.3712689,23.8065494,0.0,4,1,0,0
Zone_DH437,6342520468,90.3722591,23.8067029,0.02328359,3,3,0,0
Zone_DH437,3734908573,90.3733877,23.7961243,0.02347936,3,3,0,0
Zone_DH437,3734908574,90.3737363,23.7962454,0.01151046,4,3,0,1
Zone_DH437,3734908575,90.3738431,23.7959089,0.0,4,1,0,0
Zone_DH437,386035389,90.3551561,23.7991142,0.00688966,4,2,0,0
Zone_DH437,4493717189,90.3577077,23.7921233,0.0,4,1,0,0
Zone_DH437,12025466576,90.3742654,23.8036226,0.0,4,1,0,0
Zone_DH437,12025466581,90.3748521,23.8036214,0.0,4,1,0,0
Zone_DH437,9131314911,90.3760404,23.7922438,0.0002483,4,2,0,0
Zone_DH437,386232033,90.3681107,23.7960223,0.0,4,1,0,0
Zone_DH437,11301375737,90.3608097,23.7992173,0.01143009,4,3,0,1
Zone_DH437,11301375738,90.3609416,23.7986316,0.0,4,1,0,0
Zone_DH437,3772116739,90.3719762,23.8103337,0.02975342,3,3,0,0
Zone_DH437,3772116741,90.3707278,23.8116756,0.00907726,4,3,0,0
Zone_DH437,3713355532,90.3667621,23.8133116,0.00181267,4,2,0,0
Zone_DH437,3713355534,90.3652379,23.8130244,0.00240043,4,3,0,0
Zone_DH437,3713355535,90.3652854,23.8128334,0.00148399,4,3,0,0
Zone_DH437,3713355537,90.3638554,23.8125599,0.00539804,4,3,0,0
Zone_DH437,3713355538,90.3638275,23.8126588,0.00510932,4,3,0,0
Zone_DH437,11409772307,90.3649466,23.7939006,0.0,4,1,0,0
Zone_DH437,11409772308,90.3649862,23.793511,0.03011219,3,3,0,1
Zone_DH437,11409772309,90.3650985,23.7938202,0.0,4,1,0,0
Zone_DH437,3713355544,90.3610602,23.8122481,0.00907321,4,3,0,0
Zone_DH437,11409772313,90.3654379,23.7942892,0.01851866,4,3,0,0
Zone_DH437,11409772314,90.3651903,23.7954859,0.0199811,3,3,0,0
Zone_DH437,11409772312,90.3653579,23.7942906,0.03526372,3,3,0,0
Zone_DH437,11409772316,90.3659256,23.7937723,0.0,4,1,0,0
Zone_DH437,11409772317,90.3661597,23.7938209,0.00189439,4,3,0,1
Zone_DH437,11409772319,90.3665586,23.7937214,0.02908709,3,3,0,1
Zone_DH437,11409772320,90.3680467,23.7936894,0.0,4,1,0,0
Zone_DH437,4420652833,90.3739272,23.8016577,0.0,4,1,0,0
Zone_DH437,11409772327,90.3678664,23.7943291,0.0,4,1,0,0
Zone_DH437,11409772330,90.365198,23.7963934,0.01025187,4,3,0,0
Zone_DH437,11409772331,90.3652753,23.7963923,0.03091367,3,3,0,0
Zone_DH437,11409772332,90.365011,23.7961926,0.03999138,3,3,0,0
Zone_DH437,11409772335,90.3651402,23.7960964,0.05676832,3,4,0,0
Zone_DH437,11409772337,90.365677,23.7965357,0.10673767,1,3,0,0
Zone_DH437,11409772338,90.3651785,23.79732,0.06307785,2,3,0,0
Zone_DH437,11409772343,90.3655728,23.7974112,0.03700903,3,3,0,0
Zone_DH437,3718516536,90.3705222,23.808846,0.01004084,4,3,0,0
Zone_DH437,3810832185,90.3749933,23.8087823,0.01263793,4,3,0,0
Zone_DH437,3718516537,90.3712656,23.8090247,0.01285795,4,3,0,0
Zone_DH437,11409772347,90.3635342,23.7970336,0.00512953,4,3,0,1
Zone_DH437,11409772348,90.3638428,23.7971077,0.0,4,1,0,0
Zone_DH437,11409772350,90.3638554,23.7986174,0.00822548,4,3,0,0
Zone_DH437,11409772352,90.3638436,23.799131,0.0374558,3,3,0,0
Zone_DH437,11409772353,90.3639102,23.7991608,0.06377517,2,3,0,0
Zone_DH437,11409772354,90.3641517,23.7987368,0.08325741,2,3,0,0
Zone_DH437,12160110408,90.3561175,23.807499,0.00935205,4,3,0,0
Zone_DH437,12160110410,90.3560971,23.8047744,0.01707957,4,3,0,0
Zone_DH437,11409772364,90.364819,23.797975,0.0,4,1,0,0
Zone_DH437,11409772365,90.3648892,23.7975936,0.06881624,2,3,0,0
Zone_DH437,12160110414,90.35602,23.804724,0.00213147,4,3,0,0
Zone_DH437,11409772367,90.3655157,23.7977854,0.04648995,3,3,0,0
Zone_DH437,12160110415,90.3559643,23.8046877,0.0,4,2,0,0
Zone_DH437,12160110416,90.3562382,23.8043688,0.00323739,4,3,0,0
Zone_DH437,12160110418,90.3561953,23.8046553,0.01814553,4,3,0,0
Zone_DH437,12160110417,90.3560358,23.8046041,0.00291679,4,4,0,0
Zone_DH437,12160110420,90.356131,23.8042958,0.00328408,4,3,0,0
Zone_DH437,12160110421,90.356362,23.8044532,0.02255933,3,3,0,0
Zone_DH437,12160110422,90.3559302,23.8045296,0.00094742,4,3,0,1
Zone_DH437,6087069527,90.3544784,23.8067382,0.00287009,4,3,0,1
Zone_DH437,6087069528,90.3541829,23.8065245,0.0,4,1,0,0
Zone_DH437,6087069529,90.3545968,23.8065946,0.00419738,4,3,0,1
Zone_DH437,6087069530,90.354302,23.8063823,0.0,4,1,0,0
Zone_DH437,12160110427,90.3561081,23.8042259,0.01894118,4,3,0,0
Zone_DH437,386232156,90.3682871,23.7972425,0.05316229,3,3,0,0
Zone_DH437,6087069532,90.3553119,23.8065471,0.0,4,1,0,0
Zone_DH437,12160110423,90.3561037,23.8045247,0.00148758,4,3,0,0
Zone_DH437,12160110424,90.3559991,23.8044529,0.00141215,4,3,0,0
Zone_DH437,12160110428,90.3560787,23.8042611,0.00299672,4,3,0,1
Zone_DH437,12160110426,90.3559042,23.8044707,0.0,4,1,0,0
Zone_DH437,12160110439,90.3559883,23.8046596,0.00131785,4,3,0,0
Zone_DH437,3762737040,90.3727033,23.8123869,0.0,4,1,0,0
Zone_DH437,4609380249,90.3787263,23.8001021,0.00539265,4,3,0,1
Zone_DH437,4609380250,90.3783052,23.800003,0.0075789,4,3,0,0
Zone_DH437,12049199003,90.3546577,23.8007391,0.00398814,4,3,0,1
Zone_DH437,4609380251,90.3729947,23.8037023,0.0,4,1,0,0
Zone_DH437,4609380253,90.3725706,23.8034735,0.01676751,4,3,0,1
Zone_DH437,4609380254,90.3730236,23.8006456,0.0,4,1,0,0
Zone_DH437,6087421857,90.3563124,23.8068316,0.00643391,4,3,0,1
Zone_DH437,4609380258,90.372715,23.801071,0.00189439,4,3,0,1
Zone_DH437,4609380259,90.3728441,23.8011713,0.01094021,4,3,0,1
Zone_DH437,4609380260,90.3776145,23.8013451,0.00595212,4,3,0,1
Zone_DH437,4609380257,90.372688,23.8011075,0.0,4,1,0,0
Zone_DH437,4609380261,90.3772755,23.8012115,0.0,4,1,0,0
Zone_DH437,4609380262,90.377377,23.800672,0.0,4,1,0,0
Zone_DH437,6087421858,90.3564252,23.8067034,0.0,4,1,0,0
Zone_DH437,4609380265,90.3772537,23.8003476,0.00685105,4,3,0,1
Zone_DH437,4609380271,90.3766244,23.8003426,0.01184048,4,3,0,0
Zone_DH437,4609380272,90.3770989,23.8007955,0.0,4,1,0,0
Zone_DH437,4609380275,90.3772496,23.8003612,0.00189439,4,3,0,1
Zone_DH437,4609380278,90.3774008,23.8000386,0.0035059,4,3,0,1
Zone_DH437,4609380279,90.3773972,23.799814,0.00240851,4,3,0,1
Zone_DH437,4609380280,90.3771219,23.7997844,0.0,4,1,0,0
Zone_DH437,4609380281,90.3776641,23.8001999,0.0,4,1,0,0
Zone_DH437,4609380285,90.3774442,23.7994237,0.00454087,4,3,0,0
Zone_DH437,4609380286,90.3758251,23.8002179,0.0,4,1,0,0
Zone_DH437,4609380287,90.3760836,23.8004284,0.0,4,1,0,0
Zone_DH437,4609380288,90.3760277,23.8001577,0.00189439,4,3,0,1
Zone_DH437,11372539860,90.3586362,23.8064678,0.00889989,4,3,0,0
Zone_DH437,3772108757,90.3697734,23.8116533,0.00781687,4,3,0,0
Zone_DH437,11372539865,90.3594402,23.8067404,0.03043503,3,3,0,0
Zone_DH437,3717877728,90.3699594,23.7950883,0.0,4,1,0,0
Zone_DH437,4609355748,90.3783544,23.7964493,0.0,4,1,0,0
Zone_DH437,4609355749,90.3778052,23.7964041,0.00782361,4,4,0,1
Zone_DH437,4490981351,90.3718272,23.7970885,0.010057,4,3,0,1
Zone_DH437,4609355754,90.3752244,23.7960962,0.00347087,4,3,0,0
Zone_DH437,4603432943,90.3710957,23.7940977,0.03166622,3,3,0,0
Zone_DH437,4609355760,90.3750795,23.7961177,0.00435318,4,3,0,0
Zone_DH437,4603432952,90.3733483,23.7905156,0.0,4,1,0,0
Zone_DH437,4603432953,90.3723882,23.7928608,0.02234515,3,3,0,0
Zone_DH437,4603432955,90.3724813,23.7938797,0.0413721,3,3,0,0
Zone_DH437,4609355775,90.3761932,23.7969052,0.00919624,4,3,0,0
Zone_DH437,4603432960,90.3718583,23.7927533,0.02347711,3,3,0,0
Zone_DH437,4603432961,90.3685187,23.793384,0.0,4,1,0,0
Zone_DH437,12048945153,90.3662105,23.802202,0.0,4,1,0,0
Zone_DH437,12048945157,90.3666003,23.8024736,0.03972691,3,3,0,1
Zone_DH437,12048945158,90.3632141,23.8005217,0.06048076,2,3,0,0
Zone_DH437,4412035080,90.3781594,23.7935898,0.0,4,1,0,0
Zone_DH437,11730063366,90.376487,23.8040341,0.0,4,1,0,0
Zone_DH437,4609355787,90.3751751,23.7973355,0.00976065,4,3,0,0
Zone_DH437,12048945165,90.3625608,23.8014881,0.03658965,3,3,0,0
Zone_DH437,12048945166,90.3626198,23.8015216,0.08315369,2,3,0,0
Zone_DH437,12048945168,90.3621396,23.8024829,0.06246809,2,3,0,1
Zone_DH437,4597526545,90.3625218,23.8036235,0.02597632,3,3,0,0
Zone_DH437,4597526546,90.3617595,23.8031054,0.05898824,3,3,0,0
Zone_DH437,386789395,90.374215,23.8108463,0.02835744,3,4,0,1
Zone_DH437,4597526544,90.3626655,23.8037314,0.00237663,4,3,0,0
Zone_DH437,386789400,90.3737767,23.8123771,0.01411698,4,3,0,1
Zone_DH437,10167357465,90.3567677,23.7953953,0.0,4,1,0,0
Zone_DH437,10167357466,90.3577346,23.7950462,0.01411474,4,3,0,1
Zone_DH437,3781840921,90.3768133,23.8037088,0.0023663,4,3,0,0
Zone_DH437,10167357468,90.3575676,23.7961448,0.0,4,1,0,0
Zone_DH437,4609380390,90.375873,23.7996375,0.01166492,4,3,0,1
Zone_DH437,4609380391,90.3742928,23.8001418,0.0,4,1,0,0
Zone_DH437,10779095082,90.3680131,23.7927324,0.01595479,4,3,0,1
Zone_DH437,4609380395,90.3740487,23.800755,0.02932956,3,3,0,1
Zone_DH437,4563284012,90.3754544,23.8098246,0.006235,4,3,0,0
Zone_DH437,3734859820,90.3613849,23.8087734,0.04118486,3,3,0,0
Zone_DH437,4609380398,90.372026,23.8019577,0.0,4,1,0,0
Zone_DH437,3712340014,90.3768853,23.8083778,0.00947777,4,3,0,0
Zone_DH437,3712340015,90.3769903,23.8083301,0.00837365,4,3,0,0
Zone_DH437,3712340017,90.3777888,23.8095899,0.00056003,4,2,0,0
Zone_DH437,4563284013,90.3745863,23.8096283,0.00443805,4,3,0,0
Zone_DH437,4603424819,90.3726976,23.7917056,0.0,4,1,0,0
Zone_DH437,4609380397,90.3727805,23.799127,0.00358403,4,3,0,1
Zone_DH437,11991519283,90.375627,23.79251,0.0,4,1,0,0
Zone_DH437,4609380400,90.3756092,23.799362,0.0,4,1,0,0
Zone_DH437,10779095087,90.3680858,23.7921897,0.0,4,1,0,0
Zone_DH437,4563284030,90.3744815,23.8100208,0.00288581,4,3,0,0
Zone_DH437,4563284031,90.3753846,23.8102428,0.00537649,4,3,0,0
Zone_DH437,386781248,90.3735814,23.7971562,0.01616358,4,3,0,0
Zone_DH437,4563284033,90.3752868,23.810602,0.00459071,4,3,0,0
Zone_DH437,4563284034,90.3743646,23.8103896,0.00206816,4,3,0,0
Zone_DH437,4615655489,90.3678077,23.793222,0.0,4,1,0,0
Zone_DH437,12072095809,90.374541,23.8066361,0.0,4,1,0,0
Zone_DH437,386781253,90.3746094,23.7975278,0.02023973,3,3,0,0
Zone_DH437,386781266,90.3772116,23.7968425,0.01134208,4,3,0,0
Zone_DH437,386035805,90.3548832,23.7995071,0.00692693,4,2,0,0
Zone_DH437,386035807,90.3555652,23.7985222,0.01707239,4,3,0,0
Zone_DH437,4459196544,90.3544245,23.8024451,0.00628125,4,3,0,0
Zone_DH437,348401797,90.3568984,23.7920739,0.0,4,2,0,0
Zone_DH437,12052394121,90.3573337,23.8025648,0.0285375,3,4,0,0
Zone_DH437,12052394122,90.3628139,23.8060781,0.05453896,3,3,0,0
Zone_DH437,12052394123,90.3600639,23.8043307,0.09845023,1,4,0,0
Zone_DH437,12052394124,90.3627552,23.8060449,0.09276527,2,4,0,0
Zone_DH437,6237548686,90.3559541,23.8032,0.00337883,4,3,0,0
Zone_DH437,6237548687,90.3564592,23.8035441,0.01539308,4,3,0,0
Zone_DH437,12052394133,90.3614087,23.8051826,0.00553589,4,3,0,0
Zone_DH437,12052394138,90.358837,23.8035533,0.04225126,3,3,0,0
Zone_DH437,4611240090,90.3553245,23.7973096,0.0,4,1,0,0
Zone_DH437,4611240093,90.35754,23.7944461,0.00440482,4,3,0,0
Zone_DH437,4601376926,90.3740286,23.7978148,0.0,4,1,0,0
Zone_DH437,4611240095,90.357646,23.7937886,0.01127562,4,3,0,0
Zone_DH437,4601376929,90.3741427,23.7973233,0.02136316,3,3,0,1
Zone_DH437,4459196581,90.3557884,23.8033969,0.00230164,4,3,0,0
Zone_DH437,6087430318,90.358373,23.8076699,0.00702886,4,3,0,0
Zone_DH437,6087430319,90.3586635,23.80719,0.0014813,4,3,0,0
Zone_DH437,392523952,90.3544711,23.8010087,0.0,4,1,0,0
Zone_DH437,3772108978,90.3706728,23.8118686,0.0083723,4,3,0,0
Zone_DH437,3772108979,90.3711419,23.8101225,0.03196751,3,3,0,0
Zone_DH437,3779129525,90.3696028,23.8088953,0.00588881,4,3,0,0
Zone_DH437,3779129526,90.3704518,23.809099,0.00532305,4,3,0,0
Zone_DH437,3735417014,90.3615301,23.7993644,0.09838243,2,3,0,0
Zone_DH437,12012736725,90.3629109,23.8027109,0.0,4,1,0,0
Zone_DH437,3713356002,90.3662116,23.8075746,0.02656363,3,3,0,0
Zone_DH437,12012736740,90.3625276,23.803042,0.08074204,2,3,0,1
Zone_DH437,4609249516,90.3745562,23.7933824,0.00674508,4,3,0,1
Zone_DH437,4486263030,90.3716416,23.8049577,0.00034619,4,3,0,0
Zone_DH437,4486263032,90.3718706,23.8049912,0.00058506,4,3,0,0
Zone_DH437,3536302330,90.3598386,23.7965053,0.0420775,3,3,0,1
Zone_DH437,12047152404,90.3656501,23.7915148,0.00348569,4,3,0,0
Zone_DH437,12096844046,90.3757525,23.8113514,0.0,4,1,0,0
Zone_DH437,2541433103,90.3723792,23.8020788,0.04104387,3,3,0,0
Zone_DH437,12096844047,90.3715984,23.8129792,0.0,4,1,0,0
Zone_DH437,2541433109,90.3715683,23.8020315,0.04152296,3,3,0,0
Zone_DH437,4609249558,90.3755705,23.7921925,0.00173993,4,3,0,1
Zone_DH437,2541433113,90.370965,23.8018787,0.05573289,3,3,0,0
Zone_DH437,4609249562,90.3753056,23.7916019,0.0024368,4,2,0,0
Zone_DH437,12160110419,90.3558261,23.8046567,0.0,4,1,0,0
Zone_DH437,12047152407,90.365463,23.7953834,0.0,4,1,0,0
Zone_DH437,3720728861,90.366786,23.7929109,0.02647922,3,3,0,1
Zone_DH437,3720728864,90.366115,23.7935231,0.0,4,1,0,0
Zone_DH437,12023370016,90.377331,23.8074455,0.00202236,4,3,0,0
Zone_DH437,3720728866,90.3654709,23.7923753,0.01905299,4,3,0,0
Zone_DH437,3720728868,90.3649189,23.7929944,0.03563056,3,3,0,0
Zone_DH437,3720728869,90.3645236,23.7929906,0.04190328,3,3,0,0
Zone_DH437,4501852460,90.362134,23.793155,0.03146506,3,4,0,1
Zone_DH437,4613329197,90.3657284,23.8002663,0.02265318,3,3,0,0
Zone_DH437,4501852464,90.361675,23.7917624,0.0,4,1,0,0
Zone_DH437,4501852467,90.3610737,23.7927983,0.01894118,4,3,0,1
Zone_DH437,4613329209,90.3662495,23.792663,0.0,4,1,0,0
Zone_DH437,4613329210,90.3659882,23.7926507,0.00189439,4,3,0,1
Zone_DH437,4613329238,90.3673324,23.7917408,0.0,4,1,0,0
Zone_DH437,386027882,90.358722,23.7995922,0.0311548,3,3,0,0
Zone_DH437,386027884,90.3588491,23.7992222,0.02738308,3,3,0,1
Zone_DH437,386027885,90.3589086,23.7989359,0.03510387,3,3,0,0
Zone_DH437,386027887,90.3590054,23.7982741,0.02401773,3,3,0,1
Zone_DH437,3713290622,90.3653053,23.8082226,0.01726277,4,3,0,0
Zone_DH437,3713290623,90.365307,23.8078426,0.018181,4,4,0,1
Zone_DH437,3812348289,90.3717726,23.8064617,0.01000896,4,3,0,1
Zone_DH437,3519787395,90.3600882,23.7953997,0.04555016,3,3,0,0
Zone_DH437,3713347975,90.3660782,23.8102145,0.04691517,3,3,0,0
Zone_DH437,3713347976,90.3661292,23.8097972,0.00558528,4,3,0,0
Zone_DH437,386232711,90.3704029,23.8031348,0.06459383,2,3,0,0
Zone_DH437,386232712,90.3701593,23.8026766,0.03852546,3,3,0,0
Zone_DH437,12023222666,90.375387,23.8073812,0.01204838,4,3,0,0
Zone_DH437,386822539,90.3742188,23.8007875,0.02787385,3,3,0,1
Zone_DH437,386822538,90.3736499,23.8006608,0.03963486,3,3,0,0
Zone_DH437,4611248560,90.355991,23.7987983,0.02131287,3,3,0,0
Zone_DH437,4611248561,90.3605182,23.7974265,0.00189439,4,3,0,1
Zone_DH437,12104118709,90.3623457,23.7927501,0.0,4,1,0,0
Zone_DH437,12104118711,90.3622831,23.7928611,0.00189439,4,3,0,1
Zone_DH437,348369338,90.3585875,23.7925588,0.01364058,4,3,0,0
Zone_DH437,4611248571,90.3547713,23.7959536,0.00428718,4,3,0,0
Zone_DH437,4476506561,90.3618948,23.8117986,0.00068654,4,3,0,0
Zone_DH437,4611248578,90.3552237,23.7967983,0.00472811,4,3,0,1
Zone_DH437,4476506562,90.3609567,23.8119887,0.00826903,4,3,0,0
Zone_DH437,4476506563,90.3618318,23.8121441,0.00049571,4,3,0,0
Zone_DH437,5142778309,90.357539,23.8077687,0.00863183,4,3,0,0
Zone_DH437,4611248582,90.3595669,23.7931326,0.0167473,4,3,0,1
Zone_DH437,5142778310,90.3574039,23.8069912,0.01653133,4,3,0,0
Zone_DH437,4476506566,90.359723,23.8123899,0.00094742,4,3,0,1
Zone_DH437,4611248581,90.3593639,23.7936531,0.0,4,1,0,0
Zone_DH437,5142778311,90.3579026,23.8073077,0.01031923,4,3,0,0
Zone_DH437,4611248587,90.3606405,23.7929648,0.02073768,3,3,0,0
Zone_DH437,12023370198,90.3787132,23.8070104,0.0,4,1,0,0
Zone_DH437,3093795317,90.3642249,23.81022,0.02429522,3,3,0,0
Zone_DH437,5084336630,90.3753493,23.8093839,0.00700865,4,3,0,0
Zone_DH437,3093795319,90.3637439,23.8130542,0.00207938,4,3,0,0
Zone_DH437,5084336629,90.3775872,23.8092719,0.00212249,4,4,0,0
Zone_DH437,5084336632,90.3746729,23.8092466,0.00669569,4,3,0,0
Zone_DH437,11991724539,90.3649802,23.8045048,0.05644862,3,3,0,0
Zone_DH437,11991724540,90.3651242,23.8059616,0.05129843,3,3,0,0
Zone_DH437,11991724541,90.3651132,23.8060836,0.05899408,3,3,0,0
Zone_DH437,11991724542,90.36356,23.8050514,0.05341598,3,3,0,0
Zone_DH437,1736176130,90.3574622,23.8033109,0.02044178,3,3,0,0
Zone_DH437,386232843,90.369294,23.8028751,0.01949807,4,3,0,0
Zone_DH437,386232845,90.3690677,23.8026981,0.01972213,4,3,0,1
Zone_DH437,386232847,90.3686589,23.8024903,0.01989365,4,3,0,1
Zone_DH437,12104118800,90.3622343,23.7918021,0.0,4,1,0,0
Zone_DH437,10118156828,90.3583579,23.8083755,0.00891471,4,3,0,0
Zone_DH437,3735777827,90.3681412,23.7997893,0.05538984,3,3,0,0
Zone_DH437,12052468261,90.3573421,23.8026351,0.00385119,4,3,0,0
Zone_DH437,348353065,90.3568663,23.7949463,0.0054151,4,3,0,1
Zone_DH437,12052468265,90.3568439,23.8040444,0.01875843,4,3,0,0
Zone_DH437,348353069,90.3580427,23.7950911,0.02907721,3,3,0,0
Zone_DH437,3720696365,90.3680576,23.791655,0.01787028,4,4,0,1
Zone_DH437,3720696368,90.3671604,23.7910329,0.01301331,4,3,0,1
Zone_DH437,3720696371,90.3652465,23.7905023,0.0,4,1,0,0
Zone_DH437,3720696372,90.3646785,23.7905224,0.00472991,4,3,0,1
Zone_DH437,12013089346,90.3584457,23.7994764,0.0,4,1,0,0
Zone_DH437,12013089347,90.3587564,23.7995268,0.02784646,3,3,0,1
Zone_DH437,3720704583,90.3645857,23.7912642,0.02710739,3,3,0,0
Zone_DH437,386822733,90.3735851,23.8009343,0.01628437,4,3,0,0
Zone_DH437,386822740,90.3724262,23.8019302,0.02408643,3,3,0,0
Zone_DH437,386822743,90.373692,23.8020398,0.01289701,4,3,0,1
Zone_DH437,12299874903,90.3599162,23.8113292,0.00165596,4,3,0,1
Zone_DH437,12299874906,90.3601453,23.8112566,0.0,4,1,0,0
Zone_DH437,386822747,90.374949,23.8028743,0.00705669,4,3,0,0
Zone_DH437,12299874915,90.3594367,23.8121267,0.0,4,1,0,0
Zone_DH437,12299874916,90.3582818,23.812429,0.0,4,1,0,0
Zone_DH437,6087176805,90.3647485,23.8102214,0.04747823,3,3,0,0
Zone_DH437,3519771237,90.3588938,23.7979398,0.03575853,3,3,0,0
Zone_DH437,4597584492,90.3661464,23.8036913,0.10185229,1,4,0,0
Zone_DH437,3519771245,90.3588882,23.79692,0.04379452,3,4,0,1
Zone_DH437,12153500281,90.3553335,23.8073245,0.00275874,4,3,0,1
Zone_DH437,12153500285,90.3589795,23.8099258,0.0,4,1,0,0
Zone_DH437,12153500286,90.3594276,23.8096498,0.0,4,1,0,0
Zone_DH437,3713266303,90.3651577,23.8090038,0.01368054,4,4,0,0
Zone_DH437,3781825159,90.3718401,23.8126945,0.0,4,1,0,0
Zone_DH437,12299874955,90.3594931,23.8114752,0.00571819,4,2,0,0
Zone_DH437,12299874956,90.3598439,23.8113313,0.00843023,4,3,0,0
Zone_DH437,4021883537,90.3546876,23.8020651,0.00684745,4,3,0,0
Zone_DH437,4021883538,90.3560801,23.8030503,0.0007301,4,3,0,0
Zone_DH437,12299874970,90.3605446,23.8105701,0.00861073,4,3,0,0
Zone_DH437,11999449755,90.3589104,23.8047755,0.00251627,4,3,0,0
Zone_DH437,11999449756,90.3593872,23.8043668,0.0,4,1,0,0
Zone_DH437,11999449759,90.3592048,23.8045631,0.00094742,4,3,0,1
Zone_DH437,3781636770,90.3709084,23.8131124,0.00094742,4,2,0,1
Zone_DH437,3781636771,90.3713554,23.8131966,0.0,4,1,0,0
Zone_DH437,4206195375,90.3682753,23.8083654,0.0699949,2,3,0,0
Zone_DH437,4206195376,90.3681482,23.8088641,0.05452998,3,3,0,0
Zone_DH437,4206195377,90.3679887,23.8094076,0.00898206,4,3,0,0
Zone_DH437,4206195378,90.3678456,23.8099363,0.03072958,3,3,0,0
Zone_DH437,4206195379,90.3677056,23.8104114,0.03385651,3,3,0,0
Zone_DH437,4206195381,90.3674363,23.8114175,0.01293563,4,3,0,0
Zone_DH437,4206195382,90.3672986,23.8119326,0.00532934,4,3,0,0
Zone_DH437,4206195383,90.3671999,23.8124603,0.00448564,4,3,0,0
Zone_DH437,4206195384,90.3670572,23.8129569,0.0,4,2,0,0
Zone_DH437,3713356506,90.366455,23.8066589,0.06067428,2,3,0,0
Zone_DH437,4611248889,90.3599382,23.7928079,0.00558079,4,3,0,0
Zone_DH437,4611248894,90.3582062,23.7939251,0.01331639,4,3,0,0
Zone_DH437,4611248896,90.3576426,23.7938082,0.01082482,4,3,0,0
Zone_DH437,4611248899,90.3582176,23.793275,0.00435049,4,3,0,0
Zone_DH437,4611248901,90.3578563,23.7931966,0.00316599,4,3,0,1
Zone_DH437,4611248903,90.3574271,23.7931624,0.0,4,1,0,0
Zone_DH437,3772125961,90.3710086,23.8105527,0.00369134,4,3,0,0
Zone_DH437,3713299210,90.3670473,23.8090151,0.00776165,4,3,0,0
Zone_DH437,3713299211,90.3679082,23.809226,0.03278382,3,3,0,0
Zone_DH437,3772125962,90.3718627,23.8107298,0.00343944,4,3,0,0
Zone_DH437,4611248926,90.3567623,23.7941189,0.00125993,4,3,0,1
Zone_DH437,4611248927,90.3569472,23.7940898,0.00050649,4,3,0,0
Zone_DH437,4611248928,90.3570406,23.7936367,0.00941851,4,3,0,0
Zone_DH437,11991642916,90.3731219,23.7947137,0.0,4,1,0,0
Zone_DH437,11991642919,90.3735153,23.7946473,0.01653627,4,3,0,1
Zone_DH437,11991642920,90.3715891,23.7954464,0.00367877,4,3,0,1
Zone_DH437,11991642922,90.3714487,23.7947934,0.0,4,1,0,0
Zone_DH437,3712340780,90.37516,23.8110087,0.01252927,4,3,0,0
Zone_DH437,11991642926,90.3725635,23.7963049,0.0,4,1,0,0
Zone_DH437,11991642930,90.3721802,23.7964014,0.00189439,4,3,0,1
Zone_DH437,4493243187,90.3574486,23.7929559,0.00094742,4,3,0,1
Zone_DH437,11991642932,90.3722962,23.7964368,0.0,4,1,0,0
Zone_DH437,11991642931,90.37208,23.7963564,0.0,4,1,0,0
Zone_DH437,11991642934,90.3722346,23.7977987,0.0,4,1,0,0
Zone_DH437,11991642939,90.3736298,23.7971631,0.02542404,3,3,0,0
Zone_DH437,11991642944,90.3690126,23.7969222,0.0,4,1,0,0
Zone_DH437,3536220993,90.3599722,23.7958607,0.02141884,3,3,0,0
Zone_DH437,11991642946,90.3689879,23.7975309,0.05507194,3,4,0,1
Zone_DH437,11991642947,90.3691638,23.7978444,0.00189439,4,3,0,1
Zone_DH437,3536220997,90.3593482,23.7957669,0.01481924,4,3,0,0
Zone_DH437,11991642950,90.3694431,23.7977627,0.0,4,1,0,0
Zone_DH437,11991642951,90.3689737,23.7981493,0.0,4,1,0,0
Zone_DH437,3536221002,90.3594217,23.7952493,0.04760081,3,3,0,0
Zone_DH437,11991642957,90.370123,23.7988843,0.0,4,1,0,0
Zone_DH437,11991642961,90.3700184,23.7993187,0.00189439,4,3,0,1
Zone_DH437,11991642962,90.369777,23.7995751,0.0,4,1,0,0
Zone_DH437,11991642965,90.3702142,23.7990377,0.0,4,1,0,0
Zone_DH437,11991642966,90.3688168,23.7992227,0.01393738,4,3,0,1
Zone_DH437,11991642968,90.3693519,23.7995567,0.0,4,1,0,0
Zone_DH437,6672528225,90.3771941,23.8075165,0.00274033,4,3,0,0
Zone_DH437,4017836898,90.3564252,23.805975,0.01341787,4,3,0,0
Zone_DH437,6672528227,90.3768148,23.8068949,0.00365542,4,3,0,0
Zone_DH437,6672528226,90.3770075,23.8072007,0.00704143,4,4,0,0
Zone_DH437,6672528228,90.3774844,23.8076824,0.00254276,4,3,0,0
Zone_DH437,3713356651,90.3647861,23.8068009,0.0,4,3,0,0
Zone_DH437,7994069867,90.3548839,23.8062463,0.00710115,4,3,0,1
Zone_DH437,3772765054,90.3686017,23.8127916,0.00313411,4,3,0,0
Zone_DH437,12049527687,90.3649813,23.8072234,0.0,4,1,0,0
Zone_DH437,6349075335,90.3626387,23.801493,0.07734885,2,3,0,0
Zone_DH437,12049527692,90.3658708,23.8070501,0.00189439,4,3,0,1
Zone_DH437,6307582861,90.3561593,23.8057803,0.0,4,1,0,0
Zone_DH437,12049527694,90.3661583,23.8072662,0.0,4,1,0,0
Zone_DH437,6307582863,90.3563036,23.8061243,0.01140135,4,3,0,1
Zone_DH437,6307582864,90.3560467,23.8064399,0.01006957,4,3,0,1
Zone_DH437,6307582867,90.3556986,23.8056091,0.0,4,1,0,0
Zone_DH437,6307582868,90.3562468,23.8067842,0.00751155,4,3,0,1
Zone_DH437,6307582869,90.35617,23.8068809,0.00189439,4,3,0,1
Zone_DH437,6307582870,90.3560882,23.8067533,0.0,4,1,0,0
Zone_DH437,6307582871,90.3562438,23.8070012,0.0,4,1,0,0
Zone_DH437,6102676379,90.3611487,23.8094849,0.02621789,3,4,0,0
Zone_DH437,11328557994,90.3581708,23.795986,0.0010013,4,3,0,1
Zone_DH437,11328557996,90.3594596,23.7961064,0.0,4,1,0,0
Zone_DH437,3718108084,90.3619177,23.7939828,0.01627314,4,3,0,0
Zone_DH437,386782161,90.3789427,23.7946876,0.0,4,1,0,0
Zone_DH437,6489994195,90.3747909,23.8027638,0.00839431,4,3,0,1
Zone_DH437,6489994197,90.3752901,23.8021188,0.0,4,1,0,0
Zone_DH437,6489994198,90.3763582,23.8019275,0.01034123,4,3,0,1
Zone_DH437,6489994199,90.3750675,23.8018194,0.0,4,1,0,0
Zone_DH437,386782171,90.3777581,23.7968691,0.01265948,4,3,0,0
Zone_DH437,3718517726,90.3697084,23.8085417,0.01499301,4,3,0,0
Zone_DH437,3734934527,90.3752633,23.7964011,0.00163261,4,3,0,0
Zone_DH437,3734934534,90.3736651,23.7965925,0.0126276,4,3,0,0
Zone_DH437,3734934548,90.3750632,23.7955485,0.00614071,4,3,0,0
Zone_DH437,3738948629,90.358211,23.798169,0.0028436,4,3,0,0
Zone_DH437,3738948630,90.3582555,23.7978506,0.01365315,4,3,0,0
Zone_DH437,3734934551,90.3750609,23.7964222,0.00147007,4,3,0,0
Zone_DH437,3093787672,90.3600209,23.8043878,0.05239717,3,3,0,0
Zone_DH437,3731338264,90.3676043,23.8055708,0.00413631,4,3,0,0
Zone_DH437,3093787673,90.3585413,23.8055674,0.03489104,3,3,0,0
Zone_DH437,6556652571,90.376903,23.796211,0.00579721,4,3,0,0
Zone_DH437,3093787674,90.357661,23.8049584,0.01284942,4,3,0,0
Zone_DH437,3731338263,90.3679256,23.8046144,0.05165663,3,4,0,0
Zone_DH437,4609381417,90.371959,23.8014808,0.0,4,1,0,0
Zone_DH437,4609381420,90.3711401,23.8015025,0.03576482,3,3,0,1
Zone_DH437,6087144501,90.3619872,23.8104263,0.01676526,4,3,0,0
Zone_DH437,6087144502,90.3620765,23.8099887,0.00021822,4,3,0,0
Zone_DH437,208516172,90.3698249,23.8044335,0.04118396,3,3,0,0
Zone_DH437,10185929808,90.360398,23.8031754,0.04545767,3,3,0,0
Zone_DH437,10185929809,90.3604748,23.8030836,0.05514379,3,4,0,0
Zone_DH437,10185929810,90.3589196,23.8022299,0.026829,3,3,0,0
Zone_DH437,10185929811,90.3589936,23.8021342,0.02926535,3,3,0,0
Zone_DH437,10724930653,90.3549451,23.7997241,0.00572941,4,3,0,1
Zone_DH437,4488320128,90.3644356,23.8011079,0.04084585,3,3,0,0
Zone_DH437,3779105921,90.3746452,23.8129941,0.0,4,1,0,0
Zone_DH437,4597658766,90.3718474,23.8057754,0.03071566,3,3,0,0
Zone_DH437,3717076111,90.3721517,23.7913195,0.00167886,4,3,0,0
Zone_DH437,4597658767,90.3717415,23.8058435,0.032693,3,3,0,0
Zone_DH437,4597658771,90.3702874,23.8068002,0.0,4,1,0,0
Zone_DH437,4597658774,90.3692351,23.8068465,0.01523368,4,3,0,1
Zone_DH437,3779130532,90.3708246,23.8080996,0.01883252,4,3,0,0
Zone_DH437,6292223140,90.3675767,23.8104948,0.02567099,3,4,0,0
Zone_DH437,6292223141,90.3676763,23.8105192,0.01699246,4,3,0,0
Zone_DH437,3779130538,90.3694938,23.809293,0.04651016,3,3,0,0
Zone_DH437,3779130539,90.3703486,23.8094915,0.00319249,4,3,0,0
Zone_DH437,3779114158,90.3695411,23.8097567,0.06579573,2,3,0,0
Zone_DH437,3738571952,90.3701226,23.8134362,0.0007301,4,2,0,0
Zone_DH437,3779114174,90.3711002,23.8096571,0.01662831,4,3,0,0
Zone_DH437,3779114175,90.3719653,23.8098326,0.01162945,4,3,0,0
Zone_DH437,3779114176,90.3720584,23.8094972,0.00538232,4,3,0,0
Zone_DH437,3779114177,90.372093,23.8093685,0.00777871,4,3,0,0
Zone_DH437,3779114178,90.3719159,23.810012,0.00228054,4,3,0,0
Zone_DH437,3779114179,90.3726854,23.8101898,0.00297067,4,3,0,0
Zone_DH437,3779114180,90.3722277,23.808878,0.01075881,4,3,0,0
Zone_DH437,3779114181,90.3730091,23.8090588,0.01146825,4,3,0,0
Zone_DH437,3779114182,90.3722623,23.8087535,0.0136783,4,3,0,0
Zone_DH437,3779114183,90.3730489,23.8089383,0.00637509,4,3,0,0
Zone_DH437,3779114184,90.3723616,23.8083927,0.00192279,4,3,0,0
Zone_DH437,3779114185,90.3731461,23.8085797,0.006737,4,3,0,0
Zone_DH437,3779114186,90.3721225,23.8092616,0.0034821,4,3,0,0
Zone_DH437,3779114187,90.3729038,23.8094293,0.00499842,4,3,0,0
Zone_DH437,3779114188,90.3720183,23.8096401,0.01330068,4,3,0,0
Zone_DH437,3779114189,90.3728011,23.8097995,0.0125818,4,3,0,0
Zone_DH437,3779114191,90.3736694,23.8095828,0.01178256,4,3,0,0
Zone_DH437,3779114192,90.3736398,23.8098085,0.01066003,4,3,0,0
Zone_DH437,3779114193,90.3737323,23.8100011,0.00413182,4,3,0,0
Zone_DH437,3779114195,90.3735825,23.8106966,0.02725152,3,3,0,0
Zone_DH437,4599092436,90.3650535,23.7922963,0.00998336,4,3,0,0
Zone_DH437,4114617590,90.3654077,23.7930606,0.01908711,4,3,0,0
Zone_DH437,4114617595,90.3652716,23.7963137,0.11128663,1,4,0,0
Zone_DH437,12047152400,90.3660151,23.790759,0.0,4,2,0,0
Zone_DH437,12047152401,90.3660799,23.790794,0.00247855,4,3,0,1
Zone_DH437,12047152402,90.3659249,23.7909332,0.01441962,4,3,0,0
Zone_DH437,12047152403,90.3657218,23.7915451,0.00903415,4,3,0,0
Zone_DH437,7030461715,90.378858,23.8031183,0.0,4,1,0,0
Zone_DH437,7030461716,90.3794105,23.8038631,0.00094742,4,2,0,1
Zone_DH437,7030461718,90.3794556,23.8046195,0.01068562,4,3,0,1
Zone_DH437,12047152406,90.3652489,23.7952424,0.01894567,4,3,0,0
Zone_DH437,4493751576,90.3591715,23.7910382,0.00567328,4,3,0,1
Zone_DH437,12047152409,90.3651944,23.7959928,0.02074397,3,3,0,0
Zone_DH437,12047152408,90.365783,23.7954736,0.03371821,3,3,0,1
Zone_DH437,4493751579,90.3584576,23.7907864,0.0,4,1,0,0
Zone_DH437,12047152412,90.3659147,23.7979675,0.08272398,2,3,0,1
Zone_DH437,3734836508,90.3646908,23.7993482,0.03547924,3,3,0,1
Zone_DH437,12047152414,90.3666545,23.7976786,0.01242824,4,3,0,1
Zone_DH437,3779114270,90.3686354,23.8125436,0.00042566,4,3,0,0
Zone_DH437,3779114271,90.3694732,23.8127337,0.00139553,4,3,0,0
Zone_DH437,7030461723,90.3792362,23.8039932,0.00189394,4,3,0,1
Zone_DH437,12047152418,90.3682874,23.7978302,0.0,4,1,0,0
Zone_DH437,7030461724,90.3795755,23.8045465,0.00378428,4,3,0,1
Zone_DH437,12047152413,90.3662047,23.798018,0.0,4,1,0,0
Zone_DH437,12010108197,90.3608709,23.8116181,0.0088056,4,3,0,0
Zone_DH437,12047152422,90.3679461,23.7979713,0.0,4,1,0,0
Zone_DH437,12047152423,90.3677564,23.7984122,0.00633782,4,3,0,1
Zone_DH437,12047152417,90.3667572,23.7978609,0.0,4,1,0,0
Zone_DH437,12047152425,90.3685303,23.7982137,0.00189439,4,3,0,1
Zone_DH437,12047152424,90.3677778,23.7981235,0.0,4,1,0,0
Zone_DH437,12047152426,90.3684919,23.7980698,0.0,4,1,0,0
Zone_DH437,10936349996,90.3606166,23.7945681,0.0,4,1,0,0
Zone_DH437,12047152429,90.3675774,23.7984028,0.00671769,4,3,0,1
Zone_DH437,12047152428,90.3687028,23.7982428,0.0,4,1,0,0
Zone_DH437,12047152431,90.3665094,23.7984867,0.04608584,3,3,0,1
Zone_DH437,12047152430,90.3675947,23.7981745,0.0,4,1,0,0
Zone_DH437,12047152433,90.3663401,23.7981579,0.0,4,1,0,0
Zone_DH437,4493825334,90.3577168,23.7914099,0.0,4,1,0,0
Zone_DH437,12047152438,90.3642176,23.7997144,0.0,4,1,0,0
Zone_DH437,12047152443,90.3646654,23.7997006,0.03596867,3,3,0,1
Zone_DH437,6102676800,90.3608965,23.8106361,0.01468049,4,3,0,0
Zone_DH437,3779114306,90.3718315,23.8102975,0.02851639,3,3,0,0
Zone_DH437,6102676820,90.3634223,23.8050943,0.0629427,2,4,0,0
Zone_DH437,4397823319,90.368382,23.7973041,0.05548548,3,3,0,0
Zone_DH437,3711620443,90.3771511,23.8027436,0.01194376,4,3,0,0
Zone_DH437,4397823327,90.3667685,23.7975131,0.01158455,4,3,0,0
Zone_DH437,4417893730,90.3630624,23.7914563,0.00389429,4,3,0,1
Zone_DH437,4597437795,90.3630133,23.8016252,0.02163212,3,3,0,1
Zone_DH437,12102727014,90.3749259,23.7909959,0.0,4,1,0,0
Zone_DH437,12102727017,90.3753444,23.7910945,0.00094742,4,2,0,1
Zone_DH437,4397823337,90.368223,23.7975445,0.01193478,4,3,0,1
Zone_DH437,4397823339,90.3680618,23.7975783,0.01152797,4,3,0,1
Zone_DH437,3772781933,90.3710296,23.8128204,0.00377396,4,3,0,1
Zone_DH437,4487886198,90.3719786,23.8024885,0.0,4,1,0,0
Zone_DH437,4487886202,90.3720206,23.8020906,0.041166,3,3,0,1
Zone_DH437,3720705402,90.3659961,23.7909634,0.00779712,4,3,0,0
Zone_DH437,264877445,90.3631516,23.8048062,0.03671897,3,3,0,0
Zone_DH437,4506695046,90.3588274,23.7993092,0.0276013,3,3,0,1
Zone_DH437,264877447,90.3638753,23.8038588,0.08543243,2,3,0,0
Zone_DH437,4506695045,90.3596283,23.7994305,0.0,4,1,0,0
Zone_DH437,264877457,90.3691781,23.8058085,0.04922657,3,3,0,0
Zone_DH437,12015277472,90.3595756,23.7952657,0.03899816,3,3,0,1
Zone_DH437,4456445348,90.3610531,23.8056621,0.00744689,4,3,0,0
Zone_DH437,3516781993,90.3556207,23.7999307,0.00282385,4,3,0,0
Zone_DH437,4456445357,90.3608469,23.8059401,0.01194331,4,3,0,0
Zone_DH437,4456445359,90.3616052,23.8060184,0.00173229,4,4,0,0
Zone_DH437,12025492914,90.3726909,23.8037643,0.0,4,1,0,0
Zone_DH437,12025492916,90.3724921,23.8037064,0.01896734,4,3,0,1
Zone_DH437,4456445364,90.360647,23.8062096,0.00351308,4,3,0,0
Zone_DH437,3516782011,90.3551162,23.799949,0.00594988,4,3,0,0
Zone_DH437,4456445372,90.3614011,23.8062924,0.00915493,4,3,0,0
Zone_DH437,4456445376,90.362272,23.8068439,0.05524751,3,4,0,0
Zone_DH437,12025492944,90.3719178,23.8037576,0.0,4,1,0,0
Zone_DH437,12015277520,90.3587736,23.7955338,0.0,4,1,0,0
Zone_DH437,12015277522,90.3587965,23.7951726,0.04333608,3,3,0,1
Zone_DH437,4424611306,90.3728304,23.7985017,0.00676618,4,3,0,0
Zone_DH437,12009281008,90.360857,23.8077472,0.00060392,4,3,0,0
Zone_DH437,12009281011,90.3611095,23.8074062,0.00025414,4,3,0,0
Zone_DH437,6353008126,90.3703803,23.8061502,0.0,4,1,0,0
Zone_DH437,6821123609,90.3615207,23.7944332,0.0,4,1,0,0
Zone_DH437,3762738717,90.373608,23.8129493,0.00094428,4,2,0,0
Zone_DH437,12825810470,90.3595999,23.8047069,0.00094742,4,3,0,1
Zone_DH437,12825810471,90.3591478,23.8050354,0.03871259,3,3,0,0
Zone_DH437,4456429104,90.358798,23.8061817,0.0159072,4,3,0,0
Zone_DH437,2541467201,90.373029,23.8057023,0.00748371,4,3,0,0
Zone_DH437,11993290325,90.366278,23.793329,0.0,4,1,0,0
Zone_DH437,11993290326,90.3658668,23.7924319,0.00985899,4,3,0,1
Zone_DH437,11993290330,90.3673633,23.7924527,0.01125317,4,3,0,1
Zone_DH437,11993290331,90.3678575,23.7924882,0.0,4,1,0,0
Zone_DH437,11993290332,90.3667401,23.7925652,0.00686586,4,3,0,1
Zone_DH437,11993290333,90.3668905,23.7922931,0.0,4,1,0,0
Zone_DH437,348354146,90.3587731,23.7915853,0.01148352,4,3,0,1
Zone_DH437,348354147,90.3587716,23.7916319,0.01350453,4,3,0,0
Zone_DH437,4459214443,90.3555883,23.8038618,0.01197609,4,3,0,0
Zone_DH437,4488918641,90.3601771,23.79544,0.04590623,3,3,0,0
Zone_DH437,4459214452,90.3558595,23.8040519,0.01552284,4,3,0,0
Zone_DH437,4488918644,90.3608948,23.7952628,0.0361357,3,3,0,0
Zone_DH437,9961199232,90.3546464,23.7972598,0.00680749,4,3,0,1
Zone_DH437,11409372815,90.3617299,23.7905922,0.0,4,1,0,0
Zone_DH437,11409372816,90.3614878,23.7903455,0.0,4,1,0,0
Zone_DH437,11409372817,90.3615262,23.7900189,0.00284046,4,3,0,1
Zone_DH437,3779114642,90.3729336,23.8093134,0.00408512,4,3,0,0
Zone_DH437,3779114643,90.3736991,23.8094724,0.01051679,4,3,0,0
Zone_DH437,11409372827,90.3610446,23.7908351,0.0,4,1,0,0
Zone_DH437,6347658912,90.3789742,23.8026545,0.02547747,3,2,0,0
Zone_DH437,6347658913,90.3778948,23.8035582,0.00426922,4,3,0,0
Zone_DH437,11332531877,90.3682574,23.7917713,0.0032778,4,3,0,1
Zone_DH437,3779114668,90.3698826,23.8111826,0.00998741,4,3,0,0
Zone_DH437,4493244092,90.3571814,23.7928906,0.00848725,4,3,0,0
Zone_DH437,3734812350,90.3646537,23.8002121,0.05540825,3,3,0,0
Zone_DH437,6087186111,90.3619461,23.8109918,0.00991826,4,3,0,0
Zone_DH437,6087186112,90.3609438,23.8108343,0.01057696,4,3,0,0
Zone_DH437,12043933375,90.3699973,23.8055018,0.0,4,1,0,0
Zone_DH437,12043933380,90.3698633,23.8058045,0.02636865,3,3,0,1
Zone_DH437,4613338834,90.3668646,23.8027402,0.04924959,3,3,0,0
Zone_DH437,348403414,90.3587099,23.79383,0.00463831,4,3,0,0
Zone_DH437,3779122907,90.3729682,23.8091787,0.01042654,4,3,0,0
Zone_DH437,3779122908,90.3737343,23.8093415,0.01231778,4,3,0,0
Zone_DH437,4613338845,90.3631739,23.8006021,0.06220901,2,3,0,0
Zone_DH437,4613338856,90.3666771,23.8010092,0.04347078,3,3,0,0
Zone_DH437,4613338862,90.3688339,23.8007815,0.0,4,1,0,0
Zone_DH437,264877813,90.360861,23.8112127,0.00968612,4,3,0,0
Zone_DH437,264877816,90.3612472,23.8094237,0.05701482,3,3,0,0
Zone_DH437,4613338872,90.3674593,23.7947729,0.00378159,4,4,0,1
Zone_DH437,264877823,90.3627733,23.8061335,0.03753932,3,3,0,0
Zone_DH437,264877826,90.3634936,23.805142,0.07356052,2,4,0,0
Zone_DH437,6087186179,90.3612528,23.8126499,0.00591306,4,4,0,0
Zone_DH437,386742031,90.3709872,23.8100893,0.03262217,3,3,0,0
Zone_DH437,3779122970,90.3728355,23.8096743,0.0109685,4,3,0,0
Zone_DH437,3779122971,90.3703095,23.8096368,0.01459024,4,3,0,0
Zone_DH437,3779122972,90.3710649,23.8097921,0.01495394,4,3,0,0
Zone_DH437,3732395803,90.3594532,23.8054063,0.0133595,4,3,0,0
Zone_DH437,3732395804,90.3600182,23.8056564,0.03204743,3,3,0,0
Zone_DH437,4563130147,90.37288,23.8127191,0.00566879,4,3,0,1
Zone_DH437,4563130148,90.3728448,23.8130935,0.00378653,4,4,0,1
Zone_DH437,3415709491,90.3747136,23.7920846,0.00449418,4,3,0,0
Zone_DH437,3415709492,90.3748827,23.7921768,0.00713258,4,3,0,0
Zone_DH437,3738138424,90.3661257,23.8065685,0.05938561,3,3,0,1
Zone_DH437,3738138429,90.3655375,23.8063161,0.05892313,3,3,0,1
Zone_DH437,13432026950,90.358153,23.8043706,0.01515241,4,4,0,0
Zone_DH437,9880557419,90.3553612,23.8002609,0.0,4,1,0,0
Zone_DH437,386217837,90.3660999,23.8051372,0.05163564,3,3,0,0
Zone_DH437,9880557422,90.3550184,23.800053,0.0,4,1,0,0
Zone_DH437,3779114861,90.3700112,23.8107391,0.02058188,3,3,0,0
Zone_DH437,386791281,90.3694416,23.8061782,0.01401057,4,3,0,1
Zone_DH437,9880557425,90.3551058,23.7995048,0.0,4,1,0,0
Zone_DH437,9880557426,90.3548736,23.7998166,0.0,4,1,0,0
Zone_DH437,386791284,90.369556,23.8058192,0.04032309,3,3,0,0
Zone_DH437,9880557428,90.3558462,23.8000444,0.0,4,1,0,0
Zone_DH437,9880557427,90.3556607,23.8002757,0.0,4,1,0,0
Zone_DH437,3734869881,90.3627378,23.8095673,0.03409898,3,3,0,0
Zone_DH437,3734869882,90.3612767,23.8092981,0.05766185,3,3,0,0
Zone_DH437,12009256837,90.3618112,23.8057484,0.0054591,4,3,0,0
Zone_DH437,4489672587,90.3696611,23.7935762,0.0,4,1,0,0
Zone_DH437,11991447444,90.3700415,23.7931473,0.0,4,1,0,0
Zone_DH437,11991447445,90.3692938,23.7932019,0.00681064,4,3,0,1
Zone_DH437,11991447448,90.3698623,23.7932196,0.0,4,1,0,0
Zone_DH437,11991447450,90.3698131,23.7937953,0.0,4,1,0,0
Zone_DH437,11991447451,90.3706093,23.7940182,0.03202813,3,3,0,1
Zone_DH437,3732412316,90.3614011,23.8000703,0.09117532,2,3,0,0
Zone_DH437,11991447453,90.370646,23.7945205,0.0,4,1,0,0
Zone_DH437,11991447456,90.3684122,23.7948046,0.0404835,3,3,0,1
Zone_DH437,11991447457,90.3685504,23.7949041,0.0,4,1,0,0
Zone_DH437,11991447459,90.3681692,23.7955183,0.0,4,1,0,0
Zone_DH437,11991447460,90.3686205,23.7956874,0.00189439,4,3,0,1
Zone_DH437,11991447462,90.3686595,23.7952627,0.0,4,1,0,0
Zone_DH437,5701662640,90.3548861,23.8047153,0.00105563,4,3,0,0
Zone_DH437,3797784503,90.3765729,23.8114069,0.00283417,4,3,0,0
Zone_DH437,3797784504,90.3761385,23.8114406,0.00095101,4,3,0,1
Zone_DH437,5701662651,90.3546625,23.8049871,0.00011046,4,2,0,0
Zone_DH437,3797784508,90.3756719,23.8115366,0.0,4,1,0,0
Zone_DH437,3797784510,90.3766075,23.8116197,0.00094742,4,3,0,1
Zone_DH437,3797784514,90.3766219,23.8116963,0.0,4,1,0,0
Zone_DH437,12153526213,90.3584292,23.8093653,0.0,4,1,0,0
Zone_DH437,12000278486,90.3567586,23.8092122,0.0,4,1,0,0
Zone_DH437,12000278490,90.3569261,23.80871,0.00098469,4,3,0,1
Zone_DH437,348395490,90.3606666,23.7926624,0.03259703,3,3,0,0
Zone_DH437,386742243,90.3731949,23.8066057,0.020365,3,3,0,0
Zone_DH437,386742245,90.3732845,23.8071346,0.05677954,3,3,0,0
Zone_DH437,348395494,90.3604581,23.7921551,0.02606613,3,3,0,0
Zone_DH437,4609038309,90.3763616,23.7930539,0.00354002,4,3,0,0
Zone_DH437,3718109157,90.3629423,23.7952867,0.02198549,3,3,0,1
Zone_DH437,3718109159,90.36276,23.7948488,0.00378563,4,3,0,1
Zone_DH437,386742250,90.3731805,23.8084472,0.00686317,4,3,0,0
Zone_DH437,3718109160,90.3627045,23.7943526,0.0,4,1,0,0
Zone_DH437,386742252,90.3726074,23.8104787,0.02837765,3,3,0,0
Zone_DH437,4497872877,90.361299,23.7903994,0.0,4,1,0,0
Zone_DH437,4609038317,90.3749034,23.7925461,0.00415921,4,3,0,0
Zone_DH437,4497872880,90.3617116,23.7908149,0.00189439,4,3,0,1
Zone_DH437,4497872881,90.3617064,23.7909295,0.01109018,4,3,0,1
Zone_DH437,4611266590,90.3652949,23.7912196,0.00766556,4,3,0,1
Zone_DH437,4314789920,90.3563166,23.7995606,0.01155222,4,3,0,0
Zone_DH437,12025264161,90.3767357,23.8063901,0.0,4,1,0,0
Zone_DH437,4611266596,90.3652639,23.7919152,0.01552643,4,3,0,0
Zone_DH437,386037797,90.363035,23.7921979,0.01694262,4,3,0,0
Zone_DH437,11492136997,90.3590655,23.7921185,0.0,4,1,0,0
Zone_DH437,11492137002,90.3618241,23.7942949,0.01710517,4,3,0,0
Zone_DH437,386037804,90.3621748,23.7928421,0.01468453,4,3,0,1
Zone_DH437,386037805,90.3620985,23.7934178,0.02768931,3,3,0,0
Zone_DH437,4611266604,90.3636252,23.7933166,0.0,4,1,0,0
Zone_DH437,4611266605,90.3637421,23.7933552,0.0,4,1,0,0
Zone_DH437,11492137007,90.3613654,23.7937457,0.0,4,1,0,0
Zone_DH437,11492137010,90.3642752,23.7944716,0.0,4,1,0,0
Zone_DH437,3712301111,90.3755224,23.8075631,0.00834581,4,3,0,0
Zone_DH437,3712301112,90.3775887,23.8064798,0.01008754,4,3,0,0
Zone_DH437,3781630008,90.3710998,23.8125525,0.00563287,4,3,0,1
Zone_DH437,4611266619,90.3629605,23.7948458,0.0,4,1,0,0
Zone_DH437,4329740349,90.3639588,23.8119619,0.00672712,4,3,0,0
Zone_DH437,4611266622,90.3625674,23.7948508,0.0,4,1,0,0
Zone_DH437,4611274817,90.3566891,23.7937634,0.0,4,1,0,0
Zone_DH437,4611266626,90.3619333,23.7939008,0.01418837,4,3,0,0
Zone_DH437,3713308739,90.3635927,23.8096311,0.02548106,3,3,0,0
Zone_DH437,4611266628,90.3620033,23.7936795,0.01346367,4,3,0,1
Zone_DH437,4611266625,90.3614267,23.793817,0.00094742,4,3,0,1
Zone_DH437,4611266630,90.3614197,23.793508,0.0,4,1,0,0
Zone_DH437,3713308743,90.3627542,23.8094826,0.03484479,3,3,0,0
Zone_DH437,4611266634,90.3629597,23.7927998,0.0,4,1,0,0
Zone_DH437,4611266637,90.3613796,23.7934226,0.0,4,1,0,0
Zone_DH437,4611266638,90.3606659,23.7932023,0.01705533,4,3,0,1
Zone_DH437,4611274831,90.356222,23.7939114,0.0,4,1,0,0
Zone_DH437,4611274832,90.3585072,23.7926197,0.00216065,4,3,0,1
Zone_DH437,4329740369,90.365447,23.8121469,0.0049167,4,3,0,0
Zone_DH437,4611274833,90.3581164,23.7924719,0.0,4,1,0,0
Zone_DH437,4611274834,90.3619234,23.7922843,0.0,4,1,0,0
Zone_DH437,386029652,90.3612349,23.8018881,0.10955478,1,3,0,0
Zone_DH437,4329740373,90.3654044,23.8122248,0.00451348,4,3,0,0
Zone_DH437,4611274837,90.3616934,23.793044,0.02041215,3,3,0,1
Zone_DH437,4611274839,90.3640441,23.794008,0.01657264,4,3,0,1
Zone_DH437,4611266644,90.3629955,23.7911796,0.0,4,1,0,0
Zone_DH437,4611274840,90.3635575,23.7938529,0.0,4,1,0,0
Zone_DH437,4611266652,90.3592565,23.7919697,0.0,4,1,0,0
Zone_DH437,4611266653,90.3591117,23.791945,0.00189439,4,3,0,1
Zone_DH437,4611266654,90.3565112,23.7923246,0.0,4,1,0,0
Zone_DH437,3772782687,90.3701502,23.8134439,0.00019981,4,2,0,0
Zone_DH437,4611266656,90.3568529,23.7922345,0.00189349,4,3,0,1
Zone_DH437,4611266657,90.3586817,23.7920644,0.0100579,4,3,0,1
Zone_DH437,3772782688,90.3703631,23.8126955,0.00139778,4,3,0,0
Zone_DH437,3772782690,90.3695488,23.8124999,0.00457724,4,3,0,0
Zone_DH437,4611266660,90.3579734,23.7917695,0.0,4,1,0,0
Zone_DH437,386029669,90.361947,23.7982925,0.02346769,3,3,0,0
Zone_DH437,4611266661,90.3578829,23.7915692,0.0,4,1,0,0
Zone_DH437,386029681,90.3623523,23.7975749,0.02251443,3,3,0,0
Zone_DH437,386029685,90.362562,23.7965547,0.06927379,2,4,0,0
Zone_DH437,4611266680,90.3560918,23.793208,0.0,4,1,0,0
Zone_DH437,4611266683,90.3561455,23.7926541,0.00094742,4,2,0,1
Zone_DH437,6087440511,90.3580952,23.8070487,0.00668312,4,3,0,1
Zone_DH437,386029711,90.3639689,23.7943528,0.03986072,3,4,0,1
Zone_DH437,386029726,90.3644971,23.7925185,0.03340076,3,3,0,0
Zone_DH437,3797784743,90.3762773,23.8115689,5.39e-06,4,3,0,0
Zone_DH437,11992111271,90.3654084,23.8106797,0.00893267,4,3,0,0
Zone_DH437,4609013934,90.3655286,23.7904161,0.0,4,1,0,0
Zone_DH437,4609013935,90.3650037,23.7905331,0.0,4,1,0,0
Zone_DH437,11992111278,90.3671212,23.8009325,0.00216784,4,3,0,1
Zone_DH437,11992111282,90.3673932,23.8002847,0.00222262,4,3,0,0
Zone_DH437,10046937268,90.3712043,23.8069407,0.07287353,2,3,0,0
Zone_DH437,10046937269,90.3712282,23.8070585,0.08614232,2,3,0,0
Zone_DH437,11992111287,90.3677104,23.8006544,0.0,4,1,0,0
Zone_DH437,11992111288,90.3675343,23.7999896,0.0,4,1,0,0
Zone_DH437,11992111290,90.3676009,23.7996353,0.05458925,3,3,0,1
Zone_DH437,11992111292,90.3636347,23.8009702,0.00415562,4,3,0,1
Zone_DH437,11992111293,90.3634312,23.8009578,0.00417897,4,3,0,1
Zone_DH437,11992111294,90.3634807,23.8009616,0.00413766,4,3,0,1
Zone_DH437,11992111295,90.3634413,23.8006882,0.0,4,1,0,0
Zone_DH437,11992111296,90.3634601,23.8012686,0.0,4,1,0,0
Zone_DH437,11992111297,90.3635929,23.8012858,0.0,4,1,0,0
Zone_DH437,3718904040,90.3623462,23.8015018,0.02376448,3,3,0,0
Zone_DH437,4611266793,90.3599447,23.7933136,0.01729196,4,3,0,1
Zone_DH437,4611266795,90.3597372,23.7937254,0.0,4,1,0,0
Zone_DH437,4611266797,90.3611858,23.7941891,0.0,4,1,0,0
Zone_DH437,4611266800,90.3614118,23.79461,0.00189439,4,3,0,1
Zone_DH437,4611266804,90.3613062,23.7957324,0.07635787,2,3,0,1
Zone_DH437,4611266805,90.3621216,23.7946985,0.0,4,1,0,0
Zone_DH437,4611266808,90.361742,23.7946691,0.01849756,4,3,0,1
Zone_DH437,4611266809,90.3616245,23.7963752,0.11875731,1,3,0,0
Zone_DH437,12590430458,90.3632499,23.8035241,0.06048615,2,3,0,0
Zone_DH437,12590430459,90.3622803,23.8034594,0.02399303,3,3,0,0
Zone_DH437,12590430460,90.362568,23.8030724,0.08097059,2,3,0,0
Zone_DH437,4611266813,90.3616968,23.7956181,0.01996763,3,3,0,1
Zone_DH437,4611266811,90.3622469,23.7960095,0.0,4,1,0,0
Zone_DH437,6501423385,90.3739944,23.8036761,0.00651384,4,3,0,1
Zone_DH437,6501423387,90.3736992,23.8037669,0.0,4,1,0,0
Zone_DH437,4601133355,90.374043,23.7988342,0.00148668,4,3,0,0
Zone_DH437,4601133356,90.3722043,23.795306,0.00341924,4,3,0,1
Zone_DH437,3738138925,90.365682,23.8074068,0.0,4,1,0,0
Zone_DH437,4601133369,90.3708182,23.7954785,0.0088047,4,3,0,0
Zone_DH437,4611152185,90.3606006,23.798452,0.0,4,1,0,0
Zone_DH437,4611152187,90.3599263,23.7984214,0.0,4,1,0,0
Zone_DH437,4611152188,90.3615266,23.7993925,0.09499283,2,3,0,0
Zone_DH437,4611152186,90.3604384,23.7991318,0.01025906,4,3,0,1
Zone_DH437,4601133374,90.3714112,23.7958573,0.0,4,1,0,0
Zone_DH437,4601133375,90.371274,23.7955552,0.00403079,4,3,0,1
Zone_DH437,4493736256,90.3593616,23.7905404,0.0,4,1,0,0
Zone_DH437,4601133376,90.3699387,23.7959985,0.0,4,1,0,0
Zone_DH437,4601133377,90.3723254,23.7982629,0.03210805,3,3,0,0
Zone_DH437,4601133379,90.3717085,23.7981026,0.00340891,4,3,0,1
Zone_DH437,4601133380,90.3714284,23.7981729,0.00281936,4,3,0,0
Zone_DH437,10940324165,90.3600571,23.7945762,0.00189439,4,3,0,1
Zone_DH437,11337726279,90.3725225,23.7923698,0.00736382,4,3,0,0
Zone_DH437,386038090,90.3611343,23.7963793,0.03307747,3,3,0,0
Zone_DH437,3713300813,90.3651486,23.8086086,0.02374967,3,4,0,0
Zone_DH437,6087096662,90.3612831,23.8080106,0.01995371,3,3,0,0
Zone_DH437,4493736279,90.3599133,23.7913058,0.00268286,4,4,0,1
Zone_DH437,3732683095,90.36207,23.8026695,0.13906933,1,4,0,0
Zone_DH437,6087096663,90.3600666,23.8072652,0.00138835,4,3,0,0
Zone_DH437,6087096666,90.3597004,23.8081904,0.00708364,4,3,0,0
Zone_DH437,3639253339,90.3636869,23.8133947,0.00047102,4,2,0,0
Zone_DH437,6087096664,90.361074,23.808295,0.01842931,4,3,0,0
Zone_DH437,6087096665,90.3600509,23.8076445,0.00233936,4,3,0,0
Zone_DH437,386038117,90.3557232,23.7969101,0.00378563,4,3,0,1
Zone_DH437,386038120,90.3547284,23.7964705,0.00221364,4,2,0,0
Zone_DH437,386742636,90.373313,23.8076624,0.05755903,3,4,0,0
Zone_DH437,11492178290,90.3596512,23.7910126,0.0,4,1,0,0
Zone_DH437,386742643,90.3746447,23.8081591,0.04158897,3,3,0,0
Zone_DH437,386742645,90.3754394,23.8095405,0.00720936,4,3,0,0
Zone_DH437,386742648,90.3754134,23.8101653,0.00589285,4,3,0,0
Zone_DH437,6087186809,90.3636791,23.8134379,0.00048718,4,2,0,0
Zone_DH437,6087186808,90.3614797,23.8130846,0.00149521,4,2,0,0
Zone_DH437,4599314820,90.3664589,23.7909613,0.0169772,4,3,0,1
Zone_DH437,386046344,90.3738044,23.7917737,0.00673969,4,3,0,1
Zone_DH437,386046346,90.3735511,23.7922934,0.01047728,4,3,0,0
Zone_DH437,4489673100,90.3711149,23.7933126,0.00342014,4,3,0,1
Zone_DH437,4489673102,90.3712124,23.7928904,0.00770687,4,3,0,0
Zone_DH437,4490606992,90.3697921,23.7972561,0.06171016,2,3,0,0
Zone_DH437,386038172,90.3577497,23.7990893,0.01207622,4,3,0,0
Zone_DH437,386038174,90.3567408,23.7985397,0.02095905,3,3,0,0
Zone_DH437,386038175,90.3561262,23.7985974,0.01658386,4,3,0,1
Zone_DH437,386038177,90.3558357,23.7974794,0.0,4,1,0,0
Zone_DH437,11992070565,90.3687715,23.8121721,0.00237753,4,3,0,0
Zone_DH437,386038183,90.3568068,23.7976856,0.01379953,4,3,0,0
Zone_DH437,3732830640,90.359992,23.8009863,0.02560409,3,3,0,0
Zone_DH437,386038192,90.3575523,23.7977464,0.01118403,4,3,0,0
Zone_DH437,3732830641,90.3602507,23.799809,0.00520766,4,3,0,0
Zone_DH437,4601133492,90.371189,23.7999888,0.04834033,3,3,0,0
Zone_DH437,3713292726,90.3661458,23.8078394,0.02324767,3,3,0,0
Zone_DH437,4601133495,90.3705691,23.8001479,0.04359112,3,3,0,0
Zone_DH437,8958990779,90.3697407,23.8117528,0.00668761,4,3,0,0
Zone_DH437,3712334289,90.3762094,23.8087573,0.00921151,4,3,0,0
Zone_DH437,3712334290,90.3783177,23.8076746,0.00301378,4,3,0,0
Zone_DH437,3713309144,90.3629052,23.8087028,0.01028465,4,3,0,0
Zone_DH437,3792230873,90.3727522,23.8134158,0.00189394,4,2,0,1
Zone_DH437,3716889064,90.3724664,23.808003,0.00198554,4,3,0,0
Zone_DH437,4206664173,90.3773842,23.8089516,0.00278658,4,4,0,0
Zone_DH437,3781630445,90.3723086,23.8133644,0.00094742,4,2,0,1
Zone_DH437,4497832450,90.3608638,23.7915654,0.01629649,4,3,0,0
Zone_DH437,3095149059,90.3713868,23.8009146,0.03570914,3,3,0,1
Zone_DH437,3095149061,90.3719641,23.8009374,0.0,4,1,0,0
Zone_DH437,3712317966,90.3776832,23.8096486,0.00174767,4,3,0,0
Zone_DH437,3712317967,90.3781508,23.8098492,0.0,4,1,0,0
Zone_DH437,4397718032,90.3660421,23.7985841,0.04637231,3,3,0,1
Zone_DH437,3734870547,90.3611637,23.8098402,0.02880556,3,3,0,0
Zone_DH437,386046489,90.3707953,23.7913805,0.003734,4,3,0,1
Zone_DH437,3853703707,90.3554681,23.8037777,0.00918861,4,3,0,0
Zone_DH437,386046495,90.3719752,23.7922702,0.00489604,4,3,0,0
Zone_DH437,264878624,90.358797,23.8036011,0.03570016,3,4,0,0
Zone_DH437,386046496,90.3719365,23.7924681,0.01688919,4,3,0,0
Zone_DH437,386046498,90.3716929,23.792756,0.01183689,4,3,0,0
Zone_DH437,386038307,90.3588875,23.7982564,0.02302406,3,3,0,0
Zone_DH437,386046501,90.3712998,23.7935456,0.00732206,4,3,0,1
Zone_DH437,12015385125,90.3594321,23.7943085,0.0,4,1,0,0
Zone_DH437,386046503,90.3711834,23.7941037,0.03369666,3,3,0,0
Zone_DH437,12015385129,90.359569,23.7945064,0.00567328,4,3,0,1
Zone_DH437,12015385130,90.3597419,23.7942104,0.0,4,1,0,0
Zone_DH437,12015385134,90.3597029,23.7945309,0.00378563,4,3,0,1
Zone_DH437,386038328,90.3607306,23.7956779,0.07334993,2,3,0,0
Zone_DH437,386038331,90.3616791,23.7957185,0.09531297,2,3,0,0
Zone_DH437,4456159806,90.3589273,23.8045801,0.00210408,4,3,0,0
Zone_DH437,4415519319,90.3578988,23.7914426,0.00189439,4,3,0,1
Zone_DH437,3556612701,90.3550385,23.7995965,0.00774548,4,4,0,1
Zone_DH437,4601158237,90.3757159,23.7982407,0.00201876,4,3,0,1
Zone_DH437,4601158238,90.3762975,23.7984969,0.0,4,1,0,0
Zone_DH437,6087088737,90.3598952,23.8058247,0.02966946,3,3,0,0
Zone_DH437,4601158242,90.3752224,23.7983902,0.0,4,1,0,0
Zone_DH437,4601158243,90.3752216,23.798147,0.00193076,4,3,0,1
Zone_DH437,6087088738,90.3600364,23.8058843,8.935e-05,4,2,0,0
Zone_DH437,12013042277,90.3619936,23.8018637,0.0,4,1,0,0
Zone_DH437,4601158247,90.3751329,23.7973682,0.01280541,4,3,0,0
Zone_DH437,6087088743,90.3603984,23.8059033,0.00038076,4,2,0,0
Zone_DH437,4017846899,90.3589776,23.8077558,0.01427997,4,3,0,0
Zone_DH437,386038389,90.3607986,23.7940955,0.03536699,3,3,0,0
Zone_DH437,6087088762,90.3587567,23.8080488,0.02010907,3,3,0,0
Zone_DH437,6087088765,90.359495,23.8084688,0.01298502,4,3,0,0
Zone_DH437,5416303239,90.3598993,23.8079208,0.01585826,4,3,0,0
Zone_DH437,12013042312,90.3609724,23.8010697,0.0,4,1,0,0
Zone_DH437,12013042315,90.3609856,23.8012893,0.00711013,4,3,0,1
Zone_DH437,4595587734,90.3599087,23.7915554,0.0,4,1,0,0
Zone_DH437,264878754,90.3578158,23.8029409,0.02200121,3,3,0,0
Zone_DH437,4601273006,90.3719131,23.7960249,0.0,4,1,0,0
Zone_DH437,12009142961,90.3591163,23.8057726,0.0134933,4,3,0,0
Zone_DH437,4601273011,90.3703555,23.7973923,0.0,4,1,0,0
Zone_DH437,4601273015,90.3712803,23.7972061,0.00137712,4,3,0,1
Zone_DH437,386038462,90.3629611,23.7938246,0.01992093,4,3,0,1
Zone_DH437,386038464,90.36315,23.7939771,0.0224619,3,3,0,0
Zone_DH437,4601273028,90.3717252,23.7975618,0.0,4,1,0,0
Zone_DH437,12009110213,90.3593588,23.8068512,0.02991058,3,3,0,0
Zone_DH437,4601273031,90.371716,23.7977426,0.0,4,1,0,0
Zone_DH437,4601273035,90.3717829,23.796596,0.00189439,4,3,0,1
Zone_DH437,11409398475,90.3646564,23.7908706,0.02101428,3,3,0,1
Zone_DH437,11409398476,90.3648632,23.790872,0.00189439,4,3,0,1
Zone_DH437,4584807119,90.3549579,23.8016747,0.00735394,4,3,0,0
Zone_DH437,4584807120,90.3544158,23.8013321,0.00349422,4,2,0,0
Zone_DH437,4601273043,90.3707827,23.7963159,0.0,4,1,0,0
Zone_DH437,12009110228,90.3584342,23.806726,0.00757216,4,3,0,0
Zone_DH437,3772119771,90.3700545,23.8105773,0.00526468,4,3,0,0
Zone_DH437,3772119772,90.370945,23.8107775,0.00516321,4,3,0,0
Zone_DH437,348404465,90.3566584,23.7927507,0.00567149,4,3,0,0
Zone_DH437,348404479,90.3550749,23.7945953,0.0,4,1,0,0
Zone_DH437,6087088911,90.3595514,23.8050777,0.05108066,3,3,0,0
Zone_DH437,4488993581,90.3625449,23.7983611,0.00303353,4,3,0,1
Zone_DH437,11292547899,90.3645122,23.7928805,0.03482862,3,3,0,1
Zone_DH437,11292547900,90.3637447,23.7928908,0.0,4,1,0,0
Zone_DH437,10991508287,90.3590643,23.8086795,0.00709576,4,3,0,0
Zone_DH437,3732380480,90.3691958,23.8071693,0.06161003,2,3,0,0
Zone_DH437,3731921729,90.3575126,23.8032493,0.0210924,3,3,0,0
Zone_DH437,10991508289,90.358779,23.8094681,0.00094742,4,3,0,1
Zone_DH437,4488026947,90.366741,23.7995819,0.05699237,3,3,0,0
Zone_DH437,12009143108,90.3584896,23.8074763,0.00058641,4,3,0,0
Zone_DH437,10991508293,90.359299,23.8087835,0.0118782,4,3,0,0
Zone_DH437,10991508294,90.3604138,23.8092289,0.0042993,4,3,0,0
Zone_DH437,4488026952,90.3667092,23.7984498,0.04575357,3,3,0,0
Zone_DH437,12009143112,90.357981,23.8072054,0.00549907,4,3,0,0
Zone_DH437,10991508298,90.3590875,23.8095564,0.00236316,4,4,0,1
Zone_DH437,10991508299,90.3593523,23.8088108,0.00628035,4,3,0,0
Zone_DH437,10991508296,90.3597432,23.8089825,0.00449597,4,3,0,1
Zone_DH437,10991508297,90.3594844,23.8100704,0.0,4,1,0,0
Zone_DH437,7497194350,90.375862,23.8042373,0.0,4,1,0,0
Zone_DH437,7497194351,90.3759303,23.8044348,0.00189439,4,3,0,1
Zone_DH437,7497194356,90.3761135,23.8050247,0.00511875,4,3,0,1
Zone_DH437,8959015818,90.3702217,23.8126628,0.00273225,4,3,0,0
Zone_DH437,8959015819,90.3703337,23.8122964,0.00310313,4,3,0,0
Zone_DH437,4402469781,90.3725637,23.7922207,0.00802477,4,3,0,0
Zone_DH437,4488027033,90.3664745,23.8002785,0.06192119,2,4,0,0
Zone_DH437,4488027037,90.3657304,23.8002287,0.06227367,2,3,0,0
Zone_DH437,11898764196,90.3590506,23.8124427,0.0,4,1,0,0
Zone_DH437,3765156773,90.3552442,23.800161,0.00422522,4,4,0,1
Zone_DH437,3765156775,90.3547713,23.8008061,0.00505544,4,3,0,0
Zone_DH437,12049021874,90.3563821,23.7972355,0.0,4,1,0,0
Zone_DH437,12049021875,90.3549445,23.7972932,0.0,4,1,0,0
Zone_DH437,4452678581,90.3787035,23.7950124,0.00139643,4,3,0,1
Zone_DH437,4452678585,90.3773591,23.7947654,0.00784337,4,3,0,0
Zone_DH437,12049021882,90.3601337,23.7963819,0.0219599,3,3,0,0
Zone_DH437,3731807182,90.3641399,23.8016979,0.04128139,3,3,0,1
Zone_DH437,3731807183,90.3642855,23.8014157,0.04227596,3,3,0,0
Zone_DH437,10100530128,90.3653125,23.8032435,0.02162493,3,3,0,0
Zone_DH437,3731807186,90.3645862,23.8006171,0.05452235,3,3,0,0
Zone_DH437,386046934,90.367051,23.7968337,0.08856745,2,3,0,0
Zone_DH437,3731807191,90.364667,23.7997149,0.03648593,3,3,0,1
Zone_DH437,6556662743,90.3709358,23.7902265,0.00094742,4,2,0,1
Zone_DH437,386046939,90.3678863,23.7953334,0.04183413,3,3,0,1
Zone_DH437,3731807196,90.3648341,23.7990098,0.04780197,3,3,0,0
Zone_DH437,386046942,90.3687007,23.7945661,0.03985129,3,3,0,1
Zone_DH437,386046946,90.3699302,23.7941349,0.03232627,3,3,0,1
Zone_DH437,386046954,90.3735998,23.7938371,0.04652632,3,3,0,0
Zone_DH437,386046955,90.3736062,23.7938842,0.04668258,3,3,0,0
Zone_DH437,386046958,90.3743348,23.7938842,0.03643878,3,4,0,0
Zone_DH437,4611636220,90.3646963,23.7900097,0.00094742,4,2,0,1
Zone_DH437,6489979902,90.3741975,23.8023,0.00974314,4,3,0,1
Zone_DH437,6489979903,90.3739571,23.8026532,0.0,4,1,0,0
Zone_DH437,3713285125,90.3680757,23.8086358,0.0506083,3,3,0,0
Zone_DH437,11611405318,90.3708073,23.7918497,0.00628484,4,3,0,1
Zone_DH437,12013042695,90.3606297,23.801533,0.0,4,1,0,0
Zone_DH437,12013042696,90.3605238,23.8017735,0.00283866,4,3,0,1
Zone_DH437,12013042697,90.3608134,23.8016655,0.0,4,1,0,0
Zone_DH437,11611405322,90.3714113,23.7920177,0.0,4,1,0,0
Zone_DH437,12013042698,90.360733,23.8018471,0.00094742,4,3,0,1
Zone_DH437,12013042701,90.360559,23.8022032,0.00094742,4,3,0,1
Zone_DH437,3731774499,90.3634261,23.8044469,0.02608364,3,3,0,0
Zone_DH437,3731774500,90.364437,23.8050529,0.02083377,3,3,0,0
Zone_DH437,3782794288,90.3736309,23.8104048,0.00228368,4,3,0,0
Zone_DH437,3782794289,90.3743108,23.8105652,0.00214,4,3,0,0
Zone_DH437,13205453900,90.3603654,23.8021061,0.00567284,4,3,0,1
Zone_DH437,3713367130,90.3642902,23.8089966,0.00150509,4,3,0,0
Zone_DH437,3810114651,90.3740099,23.8115625,0.01599116,4,3,0,1
Zone_DH437,3810114652,90.3751477,23.811778,0.0,4,1,0,0
Zone_DH437,4486339696,90.3727132,23.8050522,0.01723549,4,3,0,0
Zone_DH437,3713318009,90.3642876,23.807835,0.0,4,1,0,0
Zone_DH437,3738967169,90.3589628,23.7985973,0.02743517,3,4,0,1
Zone_DH437,3738967170,90.359766,23.7987291,0.0,4,1,0,0
Zone_DH437,4486339722,90.3726016,23.8054214,0.03463072,3,3,0,0
Zone_DH437,3712302221,90.3765701,23.8093629,0.00775401,4,3,0,0
Zone_DH437,3712302222,90.3786851,23.8082786,0.0024817,4,3,0,0
Zone_DH437,3738631318,90.3762397,23.8063781,0.00349557,4,4,0,0
Zone_DH437,6087433371,90.3586198,23.8054691,0.03388435,3,3,0,0
Zone_DH437,6087433373,90.3590098,23.8059105,0.01157961,4,3,0,0
Zone_DH437,3712302244,90.3757007,23.807873,0.0311063,3,3,0,0
Zone_DH437,3712302245,90.377786,23.8068006,0.01052757,4,3,0,0
Zone_DH437,4584905894,90.3773454,23.8060907,0.00917963,4,3,0,0
Zone_DH437,6102449320,90.3555442,23.8087086,0.00592608,4,3,0,1
Zone_DH437,6102449321,90.3562258,23.8089203,0.0,4,1,0,0
Zone_DH437,6102449322,90.3554208,23.8089316,0.00411835,4,3,0,1
Zone_DH437,6102449323,90.3558443,23.8090477,0.0,4,1,0,0
Zone_DH437,264879283,90.3563878,23.8044219,0.03495839,3,3,0,0
Zone_DH437,3781647542,90.3694257,23.810145,0.04534362,3,3,0,0
Zone_DH437,3781647543,90.3693805,23.8102749,0.04222208,3,3,0,0
Zone_DH437,4584905912,90.378274,23.8053391,0.00586456,4,4,0,0
Zone_DH437,264879289,90.3584517,23.8040137,0.01419152,4,3,0,0
Zone_DH437,3713318073,90.3639817,23.8085943,0.01284493,4,3,0,0
Zone_DH437,4584905915,90.3793761,23.8044963,0.01141078,4,3,0,0
Zone_DH437,3781647544,90.3693113,23.81055,0.02169902,3,3,0,0
Zone_DH437,3781647546,90.3696705,23.8119664,0.00939471,4,3,0,0
Zone_DH437,4584905911,90.3783951,23.8055467,0.0047582,4,3,0,0
Zone_DH437,4584905913,90.3795045,23.8046996,0.00566745,4,2,0,0
Zone_DH437,3713309890,90.363739,23.8088512,0.0126285,4,3,0,0
Zone_DH437,3712122063,90.3732549,23.8080616,0.0089677,4,3,0,0
Zone_DH437,2541436113,90.3733902,23.8025519,0.01321177,4,3,0,0
Zone_DH437,4597660901,90.3647541,23.8053506,0.03937713,3,3,0,0
Zone_DH437,4597660902,90.3643909,23.8051423,0.0549332,3,3,0,0
Zone_DH437,4597660903,90.3645706,23.8047937,0.02122666,3,3,0,0
Zone_DH437,4597660904,90.3649391,23.8050054,0.03964878,3,4,0,0
Zone_DH437,4597660905,90.3658884,23.8059346,0.00235463,4,3,0,0
Zone_DH437,4597660906,90.3647636,23.8053329,0.03947367,3,3,0,0
Zone_DH437,4597660907,90.3670169,23.8062087,0.04884592,3,3,0,0
Zone_DH437,4597660909,90.3671047,23.8058782,0.04785091,3,3,0,0
Zone_DH437,264887534,90.3702345,23.8099162,0.04435354,3,4,0,0
Zone_DH437,3731774722,90.3638674,23.801951,0.0604601,2,3,0,0
Zone_DH437,6087425286,90.3577477,23.8072093,0.00613038,4,3,0,1
Zone_DH437,6087425287,90.3575872,23.8074103,0.0,4,1,0,0
Zone_DH437,6121897236,90.3601966,23.8054123,0.02698526,3,3,0,1
Zone_DH437,6121897237,90.3597991,23.8052077,0.0,4,1,0,0
Zone_DH437,11306433825,90.3624645,23.8109408,0.00217098,4,3,0,0
Zone_DH437,11306433826,90.3625403,23.8105022,0.00649633,4,3,0,0
Zone_DH437,3713359146,90.3653087,23.8074773,0.00094742,4,3,0,1
Zone_DH437,386792765,90.3741719,23.8053281,0.00106775,4,3,0,0
Zone_DH437,386792770,90.3743764,23.805687,0.00071932,4,3,0,0
Zone_DH437,386743619,90.3765812,23.8048521,0.01910372,4,3,0,0
Zone_DH437,386792771,90.3731722,23.8060715,0.00141798,4,3,0,0
Zone_DH437,4490952007,90.3692028,23.7986724,0.01040768,4,3,0,1
Zone_DH437,11986943307,90.3677899,23.79634,0.0,4,1,0,0
Zone_DH437,11986943308,90.3675557,23.7970411,0.05238145,3,3,0,1
Zone_DH437,11986943309,90.3635453,23.7989831,0.0,4,1,0,0
Zone_DH437,11986943310,90.3637159,23.7985659,0.00676978,4,3,0,1
Zone_DH437,386792785,90.3731855,23.8061307,0.00141888,4,3,0,0
Zone_DH437,6346931540,90.3582545,23.8107272,0.0,4,1,0,0
Zone_DH437,6346931541,90.3569737,23.8111231,0.00377575,4,3,0,1
Zone_DH437,386792795,90.3751207,23.8042061,0.02024467,3,3,0,0
Zone_DH437,386792798,90.3739646,23.8037623,0.00599298,4,3,0,0
Zone_DH437,3416440170,90.3736922,23.7920566,0.00793946,4,3,0,0
Zone_DH437,6342532479,90.3701908,23.8018669,0.03621248,3,3,0,0
Zone_DH437,386047364,90.3707239,23.7921318,0.01845625,4,3,0,0
Zone_DH437,386047366,90.3698377,23.7918071,0.00884467,4,3,0,1
Zone_DH437,3768663451,90.3736898,23.8126717,0.00943557,4,3,0,1
Zone_DH437,3768663452,90.3746877,23.8128251,0.00094742,4,3,0,1
Zone_DH437,4459224481,90.354536,23.8066683,0.00333617,4,3,0,1
Zone_DH437,3734977958,90.3657725,23.7988979,0.06413618,2,3,0,0
Zone_DH437,9495084464,90.3651069,23.8123707,0.00073728,4,3,0,0
Zone_DH437,9495084465,90.3649938,23.8127769,0.00063221,4,4,0,0
Zone_DH437,9495084466,90.3649451,23.8131112,0.00029006,4,3,0,0
Zone_DH437,3734068666,90.3750262,23.8004855,0.01272998,4,3,0,1
Zone_DH437,4459224520,90.3549289,23.8069297,0.0,4,1,0,0
Zone_DH437,3720732110,90.367624,23.7916484,0.0110116,4,3,0,1
Zone_DH437,3717864925,90.3718196,23.7950715,0.0,4,1,0,0
Zone_DH437,3717864933,90.3727479,23.7953977,0.00337434,4,3,0,1
Zone_DH437,3717864938,90.3734468,23.7956081,0.02857836,3,3,0,0
Zone_DH437,3772087795,90.369626,23.8121137,0.00847288,4,3,0,0
Zone_DH437,2541428213,90.3725451,23.8041659,0.01788521,4,3,0,1
Zone_DH437,2541428216,90.3723918,23.8040989,0.01813756,4,3,0,1
Zone_DH437,3734879757,90.3685992,23.7998604,0.06158309,2,3,0,0
Zone_DH437,4417871373,90.3794003,23.7967095,0.00189394,4,3,0,1
Zone_DH437,2541428246,90.3727885,23.8025596,0.02181666,3,3,0,0
Zone_DH437,7030562331,90.3607209,23.8022924,0.0,4,1,0,0
Zone_DH437,3716152864,90.3654962,23.7947874,0.0,4,1,0,0
Zone_DH437,3716152865,90.3656085,23.7941567,0.00378563,4,3,0,1
Zone_DH437,7030562338,90.3598417,23.8026764,0.02013511,3,3,0,1
Zone_DH437,11774811686,90.3624888,23.8069704,0.01455477,4,3,0,0
Zone_DH437,12102868519,90.3614525,23.7914015,0.0,4,1,0,0
Zone_DH437,6398885419,90.3605225,23.8057161,0.00946206,4,3,0,0
Zone_DH437,12102868524,90.3612018,23.7912857,0.01414123,4,3,0,1
Zone_DH437,4454391351,90.3620183,23.8104331,0.01969328,4,3,0,0
Zone_DH437,4454391352,90.3629641,23.8104508,0.01363878,4,3,0,0
Zone_DH437,4454391358,90.36192,23.8113984,0.00766511,4,3,0,0
Zone_DH437,12102868542,90.3623769,23.7909262,0.00189439,4,3,0,1
Zone_DH437,4454391360,90.3627007,23.8116544,0.01087959,4,4,0,0
Zone_DH437,4454391361,90.3617936,23.8123569,0.00465357,4,3,0,0
Zone_DH437,4454391362,90.3625441,23.8124683,0.00442054,4,3,0,0
Zone_DH437,12102868551,90.3620935,23.7913358,0.0,4,1,0,0
Zone_DH437,3713285710,90.3677681,23.8098282,0.03279818,3,3,0,0
Zone_DH437,11611037278,90.3726452,23.7907255,0.0,4,2,0,0
Zone_DH437,386047590,90.369299,23.7927294,0.01832334,4,4,0,0
Zone_DH437,4417871474,90.3787467,23.7969562,0.00385837,4,3,0,0
Zone_DH437,386047603,90.3694543,23.7940067,0.01067933,4,3,0,0
Zone_DH437,386047605,90.3696337,23.7945118,0.03928014,3,3,0,0
Zone_DH437,386219638,90.3638238,23.8023445,0.0570952,3,3,0,0
Zone_DH437,11991686779,90.3687256,23.8020086,0.0,4,1,0,0
Zone_DH437,11991686780,90.3680286,23.8023018,0.0,4,1,0,0
Zone_DH437,11991686781,90.367415,23.8027315,0.00576668,4,3,0,1
Zone_DH437,11991686782,90.3678204,23.8028145,0.00189439,4,3,0,1
Zone_DH437,11991686783,90.3678996,23.8029206,0.0,4,1,0,0
Zone_DH437,4017823361,90.3547068,23.8064642,0.00590183,4,4,0,1
Zone_DH437,4017823362,90.355124,23.8067545,0.0,4,1,0,0
Zone_DH437,4588715650,90.3794942,23.7994272,0.00067936,4,2,0,0
Zone_DH437,11991686785,90.3678888,23.8026465,0.0,4,1,0,0
Zone_DH437,11337145991,90.3608268,23.7983593,0.00094742,4,3,0,1
Zone_DH437,6123044488,90.3579681,23.8082188,0.02416231,3,4,0,0
Zone_DH437,11991686793,90.3648917,23.8014999,0.00492882,4,3,0,0
Zone_DH437,6123044492,90.357871,23.8081845,0.00744868,4,4,0,0
Zone_DH437,4588715666,90.3796889,23.7969903,0.0,4,1,0,0
Zone_DH437,4588715671,90.3796518,23.7966992,0.00094742,4,2,0,1
Zone_DH437,12663013017,90.3610201,23.8123615,0.0020493,4,3,0,0
Zone_DH437,4510277278,90.3636563,23.7967329,0.02957921,3,3,0,0
Zone_DH437,4588715679,90.3791184,23.797554,0.00151362,4,3,0,0
Zone_DH437,3536199333,90.3619028,23.8025129,0.07649841,2,3,0,0
Zone_DH437,3717873318,90.3700448,23.7954394,0.00963897,4,3,0,1
Zone_DH437,4017831590,90.3570852,23.8073901,0.01573478,4,3,0,0
Zone_DH437,4017831591,90.3559443,23.8065657,0.01152662,4,3,0,0
Zone_DH437,4588715688,90.379129,23.7988523,0.00165417,4,3,0,0
Zone_DH437,6121922228,90.3609407,23.8058136,0.00634905,4,3,0,0
Zone_DH437,6121922229,90.3602231,23.8053761,0.02785095,3,3,0,0
Zone_DH437,6443384502,90.3668972,23.8079834,0.00464684,4,3,0,0
Zone_DH437,6087417528,90.3551347,23.8059389,0.01262491,4,3,0,1
Zone_DH437,6087417529,90.3546899,23.805641,0.0,4,1,0,0
Zone_DH437,6087417530,90.3552729,23.8057743,0.01407118,4,3,0,1
Zone_DH437,6087417531,90.3548457,23.8054863,0.0,4,1,0,0
Zone_DH437,6087417532,90.355409,23.8056093,0.01509224,4,3,0,1
Zone_DH437,6087417533,90.3550284,23.805361,0.0,4,1,0,0
Zone_DH437,6087417534,90.355547,23.8054418,0.01647251,4,3,0,1
Zone_DH437,6087417535,90.3556928,23.805265,0.01837183,4,3,0,1
Zone_DH437,6087417536,90.355316,23.8050411,0.0,4,1,0,0
Zone_DH437,9743810241,90.3638792,23.8057696,0.01482059,4,3,0,0
Zone_DH437,4627840718,90.3778923,23.8020708,0.02971032,3,3,0,0
Zone_DH437,3810754288,90.3737519,23.8092518,0.00766196,4,3,0,0
Zone_DH437,3810754289,90.37464,23.8094,0.00671051,4,3,0,0
Zone_DH437,3766722298,90.3719225,23.8129817,0.0,4,1,0,0
Zone_DH437,12012945155,90.3634808,23.8050062,0.03241967,3,3,0,0
Zone_DH437,4588715790,90.3791043,23.799398,0.00255578,4,3,0,0
Zone_DH437,4588715791,90.3795876,23.8005817,0.00191819,4,3,0,1
Zone_DH437,4599209770,90.3787836,23.7999586,0.0,4,1,0,0
Zone_DH437,4599209779,90.3788295,23.8011904,0.00795652,4,3,0,0
Zone_DH437,264879925,90.3559679,23.8041277,0.02278429,3,3,0,0
Zone_DH437,3648192314,90.3708145,23.7915493,0.00676708,4,3,0,0
Zone_DH437,264879932,90.3572658,23.8025859,0.02524084,3,3,0,0
Zone_DH437,264879935,90.3579201,23.8015935,0.02559107,3,3,0,0
Zone_DH437,3648192320,90.3704607,23.7920401,0.01504554,4,3,0,0
Zone_DH437,2545442624,90.3695159,23.8091992,0.04700676,3,3,0,0
Zone_DH437,3648192324,90.3703788,23.7923295,0.01298232,4,3,0,0
Zone_DH437,4603387793,90.3737304,23.7914665,0.00378428,4,3,0,1
Zone_DH437,4603387796,90.3740716,23.7907119,0.00094742,4,2,0,1
Zone_DH437,12013076373,90.3593188,23.8005364,0.02230025,3,3,0,0
Zone_DH437,3712311192,90.3767736,23.809698,0.00670545,4,3,0,0
Zone_DH437,3712311193,90.3772228,23.8104528,0.00352027,4,3,0,0
Zone_DH437,3766722459,90.3716278,23.8132712,0.0,4,1,0,0
Zone_DH437,4206673824,90.3771916,23.8086477,0.00387948,4,4,0,0
Zone_DH437,374144937,90.3578997,23.8081116,0.01275692,4,3,0,0
Zone_DH437,3942285249,90.379169,23.8059536,0.0008401,4,3,0,0
Zone_DH437,3942285250,90.3785056,23.8062811,0.00232544,4,4,0,0
Zone_DH437,7299014598,90.3587414,23.8027097,0.0,4,1,0,0
Zone_DH437,7299014600,90.3590602,23.8023188,0.01495215,4,3,0,1
Zone_DH437,4601036761,90.3760753,23.8111765,0.00283687,4,3,0,1
Zone_DH437,3738771434,90.3544147,23.7980735,0.0,4,1,0,0
Zone_DH437,3738771440,90.3553004,23.7989054,0.00793452,4,4,0,0
Zone_DH437,3713286140,90.3660717,23.8082315,0.00110502,4,3,0,1
Zone_DH437,3713286141,90.3660749,23.8086197,0.01215928,4,4,0,0
Zone_DH437,4314791935,90.3641119,23.803976,0.07651458,2,3,0,0
