zone_id,node_id,lon,lat,bc,tier,degree,is_master,is_art_pt
Zone_DH439,3713286150,90.3642839,23.808598,0.00254417,4,3,0,0
Zone_DH439,3713286152,90.3643147,23.809086,0.00624202,4,3,0,0
Zone_DH439,6359597078,90.3720532,23.8290988,0.00356635,4,3,0,0
Zone_DH439,6359597080,90.3733028,23.8293066,0.00035919,4,3,0,0
Zone_DH439,6359597081,90.3720883,23.8288982,0.00540309,4,3,0,0
Zone_DH439,6359597082,90.3733393,23.829104,0.00383787,4,3,0,0
Zone_DH439,6359597083,90.371611,23.8274888,0.01180218,4,3,0,0
Zone_DH439,4341522475,90.3770813,23.814127,0.00110314,4,3,0,1
Zone_DH439,6236225580,90.3680476,23.8281014,0.0176503,4,3,0,0
Zone_DH439,6236225581,90.3660676,23.8270957,0.02521737,4,3,0,0
Zone_DH439,6236225582,90.3681784,23.8274199,0.04450717,3,3,0,0
Zone_DH439,6236225583,90.3682047,23.8272829,0.03470885,3,3,0,0
Zone_DH439,6236225584,90.3660913,23.8269582,0.01402978,4,3,0,0
Zone_DH439,3779108915,90.3707587,23.8135733,0.04850698,3,3,0,0
Zone_DH439,3779108916,90.3710108,23.8128446,0.01203596,4,3,0,0
Zone_DH439,3448168519,90.3761496,23.8266894,0.00144285,4,3,0,1
Zone_DH439,3784515669,90.3762593,23.8148468,0.0,4,1,0,0
Zone_DH439,6559236188,90.374532,23.8097871,0.00687578,4,3,0,0
Zone_DH439,6559236189,90.3744462,23.8101495,0.0074517,4,3,0,0
Zone_DH439,4292722783,90.3670891,23.8211779,0.0114229,4,4,0,0
Zone_DH439,11904557152,90.3556783,23.8255869,0.0,4,1,0,0
Zone_DH439,3448201314,90.3743562,23.8221989,0.02704894,4,3,0,0
Zone_DH439,11904557158,90.3559016,23.8255525,0.0,4,1,0,0
Zone_DH439,11904557162,90.3560407,23.8258492,0.00632481,4,3,0,0
Zone_DH439,11990630507,90.3609603,23.8220929,0.0,4,1,0,0
Zone_DH439,476012678,90.358468,23.8221997,0.00239258,4,3,0,1
Zone_DH439,476012683,90.3591379,23.8227144,0.00276638,4,3,0,0
Zone_DH439,3351543950,90.3626825,23.8238711,0.00152443,4,3,0,0
Zone_DH439,3351543951,90.3636202,23.8239176,0.00116768,4,3,0,0
Zone_DH439,3351543952,90.3636055,23.8244259,0.00387074,4,3,0,0
Zone_DH439,3351543953,90.362687,23.8233663,0.00203095,4,3,0,0
Zone_DH439,3351543954,90.3636637,23.823429,0.00139415,4,3,0,0
Zone_DH439,3351543955,90.3631189,23.8233945,0.00030257,4,3,0,0
Zone_DH439,6122954909,90.367972,23.82078,0.00736434,4,3,0,0
Zone_DH439,4584915144,90.3541788,23.8185027,0.00439796,4,3,0,0
Zone_DH439,4584915145,90.364914,23.811112,0.0061233,4,3,0,0
Zone_DH439,3782795466,90.3691606,23.8110102,0.00355417,4,3,0,0
Zone_DH439,4584915147,90.3657963,23.8115669,0.00495623,4,3,0,0
Zone_DH439,4584915148,90.3649608,23.8106032,0.00508408,4,3,0,0
Zone_DH439,4584915146,90.3658477,23.8112778,0.00585239,4,3,0,0
Zone_DH439,3713343694,90.3653415,23.8102218,0.07144684,2,3,0,0
Zone_DH439,3713343695,90.3653475,23.8097664,0.01351047,4,3,0,0
Zone_DH439,4584915152,90.3648581,23.8117323,0.00816095,4,3,0,0
Zone_DH439,4584915153,90.3539345,23.8188354,0.0,4,1,0,0
Zone_DH439,4584915151,90.3649141,23.8114092,0.00759538,4,3,0,0
Zone_DH439,3448193240,90.3740423,23.8251237,0.01181192,4,3,0,0
Zone_DH439,3448193241,90.3743125,23.8237142,0.00808698,4,4,0,0
Zone_DH439,6087188703,90.3651326,23.8133971,0.01932389,4,3,0,0
Zone_DH439,6087188704,90.3637313,23.8131381,0.01177965,4,3,0,0
Zone_DH439,6087188705,90.3651993,23.813162,0.02044104,4,3,0,0
Zone_DH439,6087188706,90.3637776,23.812893,0.01108501,4,3,0,0
Zone_DH439,3804471523,90.3777262,23.8222844,0.02523716,4,3,0,0
Zone_DH439,476012772,90.3548056,23.8217604,0.0,4,3,0,0
Zone_DH439,3804471524,90.3777417,23.8224971,0.01895374,4,3,0,0
Zone_DH439,8856010977,90.3641222,23.8148285,0.00218133,4,3,0,0
Zone_DH439,3639369959,90.3706051,23.8250379,0.05431279,3,3,0,0
Zone_DH439,6087188707,90.3644453,23.8135475,0.00786386,4,3,0,0
Zone_DH439,3639369961,90.3727901,23.8227693,0.04769423,3,4,0,0
Zone_DH439,3639369962,90.3716881,23.818867,0.04488128,3,3,0,0
Zone_DH439,6087188708,90.3642295,23.8144073,0.01480599,4,4,0,0
Zone_DH439,3639369964,90.3727605,23.8176764,0.06056333,3,3,0,0
Zone_DH439,3639369965,90.3734038,23.8191344,0.06055298,3,3,0,0
Zone_DH439,3639369966,90.3724633,23.818907,0.03910377,3,3,0,0
Zone_DH439,476012783,90.3542268,23.8226393,0.00659086,4,3,0,0
Zone_DH439,13105668328,90.3682244,23.8172153,0.00071595,4,3,0,0
Zone_DH439,3713302769,90.3651519,23.8082209,0.00154331,4,3,0,0
Zone_DH439,476012786,90.3594702,23.8237494,0.00650989,4,3,0,0
Zone_DH439,476012787,90.3575838,23.8237124,0.02703525,4,3,0,0
Zone_DH439,3713310965,90.3637288,23.8089998,0.00488987,4,3,0,0
Zone_DH439,476012794,90.3594801,23.8232429,0.00486674,4,3,0,0
Zone_DH439,3804471547,90.3791047,23.8218436,0.00039694,4,3,0,0
Zone_DH439,3804471548,90.3784432,23.8220048,0.00359252,4,4,0,0
Zone_DH439,3804471549,90.3790845,23.8220491,0.00110436,4,3,0,0
Zone_DH439,3804471550,90.3776996,23.8221177,0.02009402,4,3,0,0
Zone_DH439,3766722818,90.3736505,23.8128052,0.02775515,3,3,0,0
Zone_DH439,3766722819,90.3723779,23.8126453,0.0,4,1,0,0
Zone_DH439,476012804,90.3569683,23.823212,0.02481222,4,3,0,0
Zone_DH439,476012808,90.3575616,23.8226857,0.02180566,4,3,0,0
Zone_DH439,11985035569,90.3690537,23.8208662,0.0,4,1,0,0
Zone_DH439,11985035572,90.3691559,23.8203587,0.00930793,4,4,0,1
Zone_DH439,3523412293,90.3750031,23.8245385,0.00942421,4,4,0,0
Zone_DH439,3523412294,90.3731505,23.8246017,0.01449338,4,4,0,0
Zone_DH439,3523412295,90.3741213,23.8247601,0.00813904,4,4,0,0
Zone_DH439,3523412296,90.3749378,23.8248808,0.00444971,4,4,0,0
Zone_DH439,3853656396,90.3673743,23.8111312,0.06987613,2,3,0,0
Zone_DH439,3853656397,90.3657644,23.8108596,0.00338553,4,3,0,0
Zone_DH439,3853656398,90.3658898,23.8102176,0.07187056,2,3,0,0
Zone_DH439,4948189524,90.36385,23.8293478,0.00578785,4,3,0,0
Zone_DH439,4789879129,90.3697547,23.8234172,0.00287231,4,3,0,1
Zone_DH439,4789879133,90.3697019,23.823803,0.00149886,4,3,0,1
Zone_DH439,8856011103,90.3640723,23.8112255,0.01098578,4,3,0,0
Zone_DH439,8856011104,90.3649118,23.811365,0.00714913,4,3,0,0
Zone_DH439,4789879136,90.3700212,23.823854,0.0,4,1,0,0
Zone_DH439,8856011105,90.3641144,23.8109479,0.01035385,4,3,0,0
Zone_DH439,8856011107,90.3641546,23.810683,0.0092714,4,3,0,0
Zone_DH439,8856011108,90.3646602,23.8107633,0.00141424,4,3,0,0
Zone_DH439,8856011109,90.3645705,23.8113155,0.00076891,4,3,0,0
Zone_DH439,8856011106,90.3646286,23.8110213,0.00144955,4,3,0,0
Zone_DH439,3763315049,90.3787538,23.818661,0.0065726,4,3,0,0
Zone_DH439,3713278315,90.3643825,23.8093873,0.00681124,4,3,0,0
Zone_DH439,3713278317,90.3636554,23.8093805,0.00747301,4,3,0,0
Zone_DH439,3713278322,90.3634904,23.8103264,0.03221156,3,3,0,0
Zone_DH439,4561240434,90.3785771,23.8153913,3.65e-06,4,2,0,0
Zone_DH439,3782795640,90.3690566,23.8112637,0.00389571,4,3,0,0
Zone_DH439,4227809656,90.3706505,23.8231923,0.06027659,3,3,0,0
Zone_DH439,3768664445,90.3734157,23.8136035,0.05043961,3,3,0,0
Zone_DH439,3768664446,90.3744115,23.8137462,0.01629999,4,3,0,0
Zone_DH439,11190698383,90.3771003,23.8291715,0.0,4,1,0,0
Zone_DH439,8856011195,90.3627378,23.81445,0.00114454,4,3,0,0
Zone_DH439,8856011197,90.3628881,23.8136697,0.00072021,4,3,0,0
Zone_DH439,8856011218,90.3628107,23.8140714,0.00227874,4,4,0,0
Zone_DH439,8856011223,90.3626175,23.8136273,0.00104531,4,3,0,0
Zone_DH439,8856011224,90.3626986,23.8132804,0.00305008,4,4,0,0
Zone_DH439,8856011225,90.3627877,23.8128988,0.01221677,4,4,0,0
Zone_DH439,8856011226,90.3628768,23.8125177,0.01019008,4,3,0,0
Zone_DH439,4266344943,90.3537452,23.8217527,0.0,4,1,0,0
Zone_DH439,4217070089,90.3784182,23.8222272,0.00342693,4,3,0,0
Zone_DH439,4584907313,90.3554113,23.8179157,0.00110314,4,3,0,1
Zone_DH439,4204184121,90.3772662,23.8196036,0.00724288,4,4,0,0
Zone_DH439,4297359946,90.3693431,23.8213302,0.01264597,4,3,0,0
Zone_DH439,11904475724,90.3544254,23.8262953,0.0,4,1,0,0
Zone_DH439,4526113365,90.3632889,23.828331,0.00595162,4,2,0,0
Zone_DH439,11701174874,90.3788147,23.8181335,0.00330334,4,3,0,0
Zone_DH439,4526113370,90.3632675,23.8286813,0.00503538,4,2,0,0
Zone_DH439,4216881781,90.376998,23.8274728,0.00661004,4,3,0,0
Zone_DH439,12617712250,90.3755424,23.8209943,0.01087863,4,3,0,0
Zone_DH439,4232979080,90.3705568,23.8291623,0.00358826,4,4,0,0
Zone_DH439,3716915848,90.3712319,23.8091538,0.00598632,4,3,0,0
Zone_DH439,3772121737,90.3708301,23.811304,0.00907719,4,3,0,0
Zone_DH439,12617712267,90.3754797,23.8211888,0.00482839,4,3,0,0
Zone_DH439,3772121738,90.3716442,23.8114978,0.00824557,4,3,0,0
Zone_DH439,4384293515,90.3669259,23.8127274,0.06402618,3,3,0,0
Zone_DH439,5928108683,90.3619695,23.8106321,0.00717531,4,3,0,0
Zone_DH439,5928108684,90.3610337,23.8104763,0.0047048,4,3,0,0
Zone_DH439,12617712275,90.374834,23.8210783,0.00118716,4,3,0,0
Zone_DH439,11301978786,90.3717802,23.8185182,0.05861213,3,3,0,0
Zone_DH439,11301978787,90.3724942,23.8186933,0.03623329,3,3,0,0
Zone_DH439,11301978788,90.3718736,23.8181495,0.05842295,3,3,0,0
Zone_DH439,11301978789,90.3725979,23.8182936,0.03806943,3,3,0,0
Zone_DH439,10188153524,90.3773661,23.8277137,0.00175882,4,3,0,0
Zone_DH439,10188153525,90.3773213,23.8280835,0.00270368,4,3,0,1
Zone_DH439,10188153532,90.3769669,23.8280677,0.00469415,4,3,0,0
Zone_DH439,4384293566,90.3650726,23.8136131,0.01936773,4,3,0,0
Zone_DH439,3755426510,90.3784068,23.82235,0.00669679,4,4,0,0
Zone_DH439,3755426511,90.3790485,23.8223915,0.00321811,4,3,0,0
Zone_DH439,7287104210,90.3693978,23.8210419,0.01928523,4,4,0,0
Zone_DH439,8976540396,90.3778557,23.8206113,0.02846258,3,3,0,0
Zone_DH439,4986274541,90.3670121,23.830016,0.00110314,4,2,0,1
Zone_DH439,4383867648,90.3657677,23.8170954,0.0551989,3,3,0,0
Zone_DH439,7124099840,90.3610748,23.8175648,0.0,4,1,0,0
Zone_DH439,4563288856,90.3723052,23.8085975,0.00137162,4,3,0,0
Zone_DH439,4563288857,90.3714665,23.8084041,0.00110923,4,3,0,1
Zone_DH439,4432298786,90.3550215,23.8217635,0.0091466,4,3,0,0
Zone_DH439,7160234787,90.3567661,23.8153855,0.00328386,4,3,0,1
Zone_DH439,7160234788,90.3574665,23.8155861,0.0,4,1,0,0
Zone_DH439,4986274597,90.3637436,23.8313584,0.0,4,1,0,0
Zone_DH439,4454490949,90.3641937,23.8104252,0.00944065,4,3,0,0
Zone_DH439,3772785486,90.3705363,23.8123447,0.024811,4,3,0,0
Zone_DH439,3772097359,90.3719095,23.8137389,0.06770272,2,3,0,0
Zone_DH439,3772785488,90.369566,23.8123538,0.01716418,4,3,0,0
Zone_DH439,6102483796,90.3692926,23.8215965,0.01273425,4,3,0,0
Zone_DH439,6102483797,90.3692501,23.8218199,0.01297168,4,3,0,0
Zone_DH439,6102483798,90.3691579,23.8223058,0.01380878,4,3,0,0
Zone_DH439,4454490965,90.364713,23.8105369,0.00662373,4,4,0,0
Zone_DH439,6102483800,90.3690595,23.822824,0.04995805,3,3,0,0
Zone_DH439,5988500317,90.3675997,23.8104151,0.0605889,3,4,0,0
Zone_DH439,5988500318,90.3676986,23.8104358,0.05614163,3,3,0,0
Zone_DH439,3810853773,90.3746977,23.80916,0.00103191,4,2,0,0
Zone_DH439,3732390810,90.369236,23.810767,0.00738839,4,3,0,0
Zone_DH439,9982804949,90.3641924,23.8280255,0.0112987,4,3,0,0
Zone_DH439,3713328093,90.3667533,23.8086459,0.00038598,4,2,0,0
Zone_DH439,4476470246,90.3621716,23.828964,0.00481864,4,3,0,1
Zone_DH439,4476470249,90.362134,23.8295384,0.00528316,4,4,0,1
Zone_DH439,4476470251,90.3624485,23.8295402,0.00220568,4,3,0,1
Zone_DH439,4476470253,90.363268,23.8295551,0.0,4,1,0,0
Zone_DH439,4476470254,90.3620975,23.8300657,0.0,4,1,0,0
Zone_DH439,3639329779,90.3689643,23.8233255,0.02314593,4,4,0,0
Zone_DH439,3639329780,90.3674899,23.8245067,0.03779973,3,3,0,0
Zone_DH439,3639329781,90.3676692,23.8245345,0.02984577,3,3,0,0
Zone_DH439,3639329782,90.3672273,23.8267748,0.00782307,4,4,0,0
Zone_DH439,3639329784,90.3664346,23.8250763,0.01799367,4,3,0,0
Zone_DH439,3639329785,90.3662162,23.8262581,0.01936042,4,3,0,0
Zone_DH439,4344562682,90.3630525,23.8160012,0.00225377,4,4,0,0
Zone_DH439,3639329786,90.3672948,23.8264329,0.01211084,4,4,0,0
Zone_DH439,3639329788,90.3698132,23.826846,0.00799475,4,3,0,0
Zone_DH439,4454515705,90.3665669,23.8082137,0.0,4,1,0,0
Zone_DH439,386786302,90.3696719,23.8086658,0.00108123,4,3,0,0
Zone_DH439,386786303,90.3693902,23.809722,0.00353956,4,3,0,0
Zone_DH439,386278400,90.3571836,23.8104213,0.0120737,4,3,0,1
Zone_DH439,3639329792,90.3700698,23.8254823,0.02802668,3,3,0,0
Zone_DH439,386278399,90.3573287,23.809936,0.00769644,4,2,0,1
Zone_DH439,3639329791,90.3710128,23.8256287,0.02925888,3,3,0,0
Zone_DH439,6102459400,90.3587695,23.8194606,0.0,4,1,0,0
Zone_DH439,9942565908,90.356955,23.8213257,0.03629508,3,3,0,0
Zone_DH439,7314465814,90.3580125,23.8210938,0.0,4,1,0,0
Zone_DH439,4297360415,90.3704711,23.8242012,0.01355796,4,3,0,0
Zone_DH439,386278434,90.3570461,23.810881,0.01533321,4,2,0,1
Zone_DH439,386278436,90.3569112,23.811332,0.03722441,3,3,0,0
Zone_DH439,3770229796,90.373005,23.8150533,0.05815371,3,3,0,0
Zone_DH439,4297360422,90.3694612,23.8248563,0.02981472,3,3,0,0
Zone_DH439,386278438,90.3555002,23.8109604,0.00108549,4,2,0,0
Zone_DH439,386278439,90.3572747,23.8101167,0.00988933,4,3,0,1
Zone_DH439,386278440,90.3592778,23.8106692,0.0,4,1,0,0
Zone_DH439,386278441,90.3570722,23.8107936,0.0142532,4,3,0,1
Zone_DH439,386278442,90.3583791,23.8111378,0.0,4,1,0,0
Zone_DH439,386278443,90.3568767,23.8114474,0.03691575,3,3,0,1
Zone_DH439,386278444,90.3582075,23.8118209,0.0,4,1,0,0
Zone_DH439,386278445,90.3552786,23.8114109,0.00139354,4,3,0,0
Zone_DH439,386278446,90.3567831,23.8117603,0.03652612,3,3,0,0
Zone_DH439,386278447,90.3566397,23.81224,0.03496698,3,3,0,0
Zone_DH439,386278448,90.3550976,23.8118744,0.00153478,4,3,0,0
Zone_DH439,386278449,90.3565586,23.8125111,0.03697176,3,4,0,0
Zone_DH439,2880709690,90.3768881,23.8290505,0.00074547,4,3,0,0
Zone_DH439,2880709691,90.3745673,23.8287042,0.00397911,4,3,0,0
Zone_DH439,3737232446,90.3736199,23.8158611,0.0,4,1,0,0
Zone_DH439,4526064711,90.3581109,23.8275101,0.01638705,4,3,0,0
Zone_DH439,386278472,90.3563878,23.8132108,0.03651394,3,3,0,0
Zone_DH439,386278474,90.3544883,23.8127622,7.61e-05,4,2,0,0
Zone_DH439,4526064723,90.356936,23.8270453,0.01274277,4,3,0,0
Zone_DH439,3755426903,90.379027,23.8225962,0.00251495,4,3,0,0
Zone_DH439,386278496,90.3561132,23.8144045,0.04066595,3,3,0,0
Zone_DH439,4023182433,90.361303,23.8236524,0.0,4,1,0,0
Zone_DH439,386278499,90.3560663,23.8148025,0.04171552,3,3,0,0
Zone_DH439,3448177765,90.3769262,23.8226223,0.00085232,4,3,0,0
Zone_DH439,3822765157,90.3751721,23.8171696,0.0,4,1,0,0
Zone_DH439,3448177767,90.376012,23.8228988,0.01604977,4,4,0,0
Zone_DH439,386278514,90.3540083,23.8148062,0.00050774,4,2,0,0
Zone_DH439,386278515,90.3538988,23.8170907,0.00129065,4,3,0,0
Zone_DH439,386278516,90.3538892,23.8174314,0.00312497,4,3,0,0
Zone_DH439,386278517,90.3542204,23.8187681,0.00534221,4,4,0,1
Zone_DH439,4526064755,90.3609221,23.8252826,0.0007056,4,3,0,0
Zone_DH439,4526064756,90.3609336,23.8248248,0.00129005,4,3,0,0
Zone_DH439,4526064754,90.358913,23.8279773,0.02240685,4,3,0,0
Zone_DH439,4789879938,90.3693657,23.8238607,0.01014016,4,4,0,0
Zone_DH439,4789879939,90.3688667,23.823834,0.01926545,4,3,0,0
Zone_DH439,11290469509,90.376353,23.8255746,0.00847509,4,3,0,0
Zone_DH439,3713270920,90.3644506,23.809769,0.01242133,4,3,0,0
Zone_DH439,11290469512,90.377158,23.8257704,0.00676406,4,3,0,0
Zone_DH439,12617688210,90.374786,23.8212804,0.00156279,4,3,0,0
Zone_DH439,12617688211,90.375427,23.8213896,0.00509443,4,3,0,0
Zone_DH439,386278580,90.3612442,23.8181271,0.11707907,1,4,0,0
Zone_DH439,9000035509,90.3709695,23.8215943,0.03362276,3,3,0,0
Zone_DH439,386278582,90.3646785,23.8188742,0.00770801,4,3,0,0
Zone_DH439,9000035510,90.3717507,23.8217151,0.0216145,4,3,0,0
Zone_DH439,3448169661,90.3762171,23.8263199,0.00300016,4,3,0,0
Zone_DH439,3755410641,90.3780909,23.8178858,0.00548467,4,3,0,0
Zone_DH439,3755410642,90.3788346,23.8179414,0.00221116,4,3,0,0
Zone_DH439,386278612,90.369148,23.8168692,0.11673175,1,4,0,0
Zone_DH439,386278613,90.3737934,23.8179093,0.04194443,3,3,0,0
Zone_DH439,386278614,90.3761573,23.818399,0.0604641,3,3,0,0
Zone_DH439,386278615,90.3780153,23.8188149,0.04705895,3,4,0,0
Zone_DH439,4344562927,90.3629266,23.8165468,0.00141424,4,4,0,0
Zone_DH439,3639370998,90.3730166,23.8207275,0.05621346,3,3,0,0
Zone_DH439,3639371000,90.3731716,23.820063,0.05726608,3,3,0,0
Zone_DH439,3639371002,90.3728412,23.8214324,0.10248707,2,4,0,0
Zone_DH439,3639371004,90.3732637,23.8197179,0.05840636,3,3,0,0
Zone_DH439,3639371006,90.3735089,23.8188312,0.03037238,3,3,0,0
Zone_DH439,3639371008,90.3742382,23.8216328,0.07468991,2,3,0,0
Zone_DH439,3639371009,90.3758002,23.8183304,0.06686867,2,4,0,0
Zone_DH439,3639371010,90.3752177,23.8195631,0.03676964,3,3,0,0
Zone_DH439,3639371011,90.3758285,23.819729,0.01445046,4,3,0,0
Zone_DH439,3639371012,90.3759151,23.8193741,0.01032097,4,3,0,0
Zone_DH439,3639371013,90.3779427,23.819811,0.03097022,3,3,0,0
Zone_DH439,3639371014,90.3758311,23.8198038,0.00649041,4,3,0,0
Zone_DH439,3639371015,90.3772535,23.8201114,0.000526,4,3,0,0
Zone_DH439,3639371016,90.3757438,23.8201709,0.0056734,4,3,0,0
Zone_DH439,4283925769,90.3720405,23.825593,0.02634456,4,4,0,0
Zone_DH439,3639371017,90.3771961,23.820483,7.671e-05,4,3,0,0
Zone_DH439,3639371019,90.3763545,23.8194498,0.00734212,4,3,0,0
Zone_DH439,3639371018,90.3764776,23.8184806,0.05085542,3,3,0,0
Zone_DH439,3639371020,90.375539,23.8210075,0.01189533,4,3,0,0
Zone_DH439,3751707914,90.3695318,23.818423,0.0,4,1,0,0
Zone_DH439,3732882716,90.3604484,23.8091461,0.00812077,4,3,0,0
Zone_DH439,386278685,90.3733236,23.8139232,0.06337051,3,4,0,0
Zone_DH439,3639330097,90.3705996,23.82771,0.01324808,4,3,0,0
Zone_DH439,3741058356,90.3730304,23.8149586,0.057316,3,3,0,0
Zone_DH439,3639330102,90.3679122,23.8288067,0.00825653,4,3,0,0
Zone_DH439,3639330103,90.3658161,23.8285555,0.00701519,4,3,0,0
Zone_DH439,386278713,90.3686391,23.818683,0.02727237,3,3,0,0
Zone_DH439,4352107834,90.3675742,23.8206646,0.09792077,2,3,0,0
Zone_DH439,386278720,90.3645892,23.8221106,0.2868433,1,4,0,0
Zone_DH439,386278721,90.3675937,23.8225761,0.04798615,3,4,0,0
Zone_DH439,3779126592,90.3704724,23.8087061,0.0006161,4,2,0,0
Zone_DH439,4352107843,90.3674967,23.8212329,0.01684182,4,3,0,0
Zone_DH439,4352107844,90.3670213,23.8214764,0.00529046,4,4,0,0
Zone_DH439,4352107845,90.3677869,23.8215944,0.01040438,4,3,0,0
Zone_DH439,11935688006,90.3581091,23.8279258,0.02161846,4,3,0,0
Zone_DH439,4352107847,90.3677137,23.8219129,0.01031975,4,3,0,0
Zone_DH439,4352107846,90.3669531,23.8217796,0.00544571,4,3,0,0
Zone_DH439,11935688000,90.3580006,23.8287588,0.0,4,1,0,0
Zone_DH439,386278758,90.3569628,23.8242678,0.06490651,3,4,0,0
Zone_DH439,386278760,90.3641925,23.8244603,0.02267168,4,3,0,0
Zone_DH439,3713271151,90.3668854,23.8096211,0.0055626,4,3,0,0
Zone_DH439,3713271152,90.3669179,23.8094736,0.00469506,4,3,0,0
Zone_DH439,3713271155,90.3651554,23.8093787,0.00373864,4,3,0,0
Zone_DH439,3713271156,90.3652103,23.8093775,0.00411,4,3,0,0
Zone_DH439,3713271157,90.3652155,23.8097655,0.0132292,4,3,0,0
Zone_DH439,386278778,90.3608979,23.8262503,0.00458669,4,3,0,0
Zone_DH439,3713271163,90.3667744,23.8099403,0.01876988,4,3,0,0
Zone_DH439,3812140411,90.3754771,23.8130264,0.0116585,4,3,0,0
Zone_DH439,3812140412,90.3755303,23.8128462,0.01023574,4,3,0,1
Zone_DH439,3879380354,90.3637219,23.8183116,0.04476956,3,3,0,0
Zone_DH439,5833557382,90.3644357,23.8099231,0.0400121,3,3,0,0
Zone_DH439,5833557383,90.3635649,23.8097691,0.03805847,3,3,0,0
Zone_DH439,5833557384,90.3637785,23.8085791,0.00294659,4,3,0,0
Zone_DH439,10678510982,90.3780675,23.822967,0.0,4,2,0,0
Zone_DH439,4526097807,90.3722023,23.8283059,0.00961263,4,3,0,0
Zone_DH439,4526097808,90.3714559,23.8281947,0.00933015,4,4,0,0
Zone_DH439,4526097809,90.3707611,23.828072,0.01242285,4,3,0,0
Zone_DH439,4526097811,90.3715419,23.8239259,0.00110314,4,3,0,1
Zone_DH439,4526097812,90.3721683,23.8244785,0.00440527,4,3,0,1
Zone_DH439,10678510997,90.3771625,23.8258397,0.00604203,4,3,0,0
Zone_DH439,4526097814,90.3718125,23.8244204,0.00330578,4,3,0,0
Zone_DH439,4526097815,90.3718748,23.8239692,0.0,4,3,0,0
Zone_DH439,4526097817,90.3712131,23.8238704,0.0,4,1,0,0
Zone_DH439,3639272862,90.3632376,23.8151988,0.03948184,3,3,0,0
Zone_DH439,3639272864,90.3624936,23.8184234,0.06501426,3,3,0,0
Zone_DH439,3639272865,90.3617343,23.8171474,0.07470909,2,3,0,0
Zone_DH439,3639272866,90.3627458,23.8173303,0.00306043,4,4,0,0
Zone_DH439,11998209440,90.362469,23.8290455,0.0,4,1,0,0
Zone_DH439,3639272868,90.363893,23.8175342,0.04283724,3,3,0,0
Zone_DH439,3639272869,90.3639472,23.8172881,0.04292947,3,4,0,0
Zone_DH439,3639272872,90.3618967,23.8168997,0.0744333,2,3,0,0
Zone_DH439,10678511017,90.3777883,23.8232746,0.0,4,1,0,0
Zone_DH439,386278826,90.3694277,23.8208845,0.08137391,2,3,0,0
Zone_DH439,3639272874,90.3650316,23.8175003,0.00604233,4,3,0,0
Zone_DH439,3639272875,90.3654777,23.8156234,0.03815009,3,3,0,0
Zone_DH439,3639272876,90.3654079,23.8159184,0.00198347,4,3,0,0
Zone_DH439,386278830,90.3678103,23.8293375,0.00910581,4,3,0,0
Zone_DH439,3639272878,90.3625449,23.8153745,0.07257403,2,3,0,0
Zone_DH439,3639272879,90.3653452,23.8161862,0.00263793,4,3,0,0
Zone_DH439,3639272880,90.3624712,23.8156079,0.07213204,2,3,0,0
Zone_DH439,3639272882,90.3623297,23.81586,0.07256124,2,3,0,0
Zone_DH439,3639272881,90.3652865,23.8164377,0.00277491,4,3,0,0
Zone_DH439,3639272884,90.36216,23.8161113,0.07299958,2,3,0,0
Zone_DH439,3639272883,90.3652252,23.8166997,0.00262819,4,3,0,0
Zone_DH439,386278838,90.3639736,23.8293011,0.00631568,4,3,0,0
Zone_DH439,3639272886,90.3620442,23.816361,0.07286321,2,3,0,0
Zone_DH439,3639272887,90.3651016,23.8172255,0.00759629,4,3,0,0
Zone_DH439,3639272885,90.3651613,23.816973,0.00787756,4,4,0,0
Zone_DH439,5461788085,90.3616071,23.827957,0.0245967,4,3,0,0
Zone_DH439,386278843,90.3753481,23.8299348,0.0,4,2,0,0
Zone_DH439,4526097854,90.3712957,23.8235621,0.0,4,1,0,0
Zone_DH439,386278847,90.3720402,23.8175203,0.07174697,2,3,0,0
Zone_DH439,4526097855,90.3725857,23.82376,0.02394742,4,3,0,1
Zone_DH439,3448194497,90.3751087,23.8238441,0.01146856,4,4,0,0
Zone_DH439,3448194498,90.3753198,23.8227842,0.01739339,4,4,0,0
Zone_DH439,3755419074,90.3790295,23.8225721,0.00133449,4,2,0,0
Zone_DH439,7124116927,90.3597813,23.8182543,0.0,4,1,0,0
Zone_DH439,7124116929,90.3604029,23.8181635,0.0,4,1,0,0
Zone_DH439,4526097863,90.3710003,23.8231224,0.01550611,4,3,0,0
Zone_DH439,4526097876,90.3722782,23.8259877,0.00037502,4,3,0,0
Zone_DH439,4526097877,90.372357,23.8256388,0.00107392,4,3,0,0
Zone_DH439,11900634585,90.3600859,23.8164385,0.0,4,1,0,0
Zone_DH439,386278876,90.3753187,23.8218015,0.01398959,4,3,0,0
Zone_DH439,11900634592,90.3606367,23.8159692,0.0,4,1,0,0
Zone_DH439,3779134951,90.3713072,23.8151639,0.03784052,3,3,0,0
Zone_DH439,11900634602,90.3604711,23.816614,0.00220568,4,3,0,1
Zone_DH439,4355016177,90.3616352,23.8267817,0.00602528,4,3,0,0
Zone_DH439,11900634611,90.3601808,23.8167572,0.00422446,4,3,0,1
Zone_DH439,5458650618,90.3561112,23.8286471,0.0,4,1,0,0
Zone_DH439,386278925,90.3781181,23.8175379,0.00329726,4,3,0,0
Zone_DH439,4353492505,90.3608628,23.8278757,0.01694349,4,3,0,0
Zone_DH439,3639412267,90.3562039,23.8139878,0.03944775,3,3,0,0
Zone_DH439,3639412269,90.3563037,23.8135934,0.03914822,3,3,0,0
Zone_DH439,4526098006,90.3727279,23.8250056,0.00070438,4,3,0,0
Zone_DH439,3768698462,90.3731527,23.8177748,0.03517702,3,3,0,0
Zone_DH439,5928110087,90.3628616,23.8110001,0.02384057,4,3,0,0
Zone_DH439,3768673904,90.3696287,23.8150237,0.02852437,3,3,0,0
Zone_DH439,386279027,90.3774496,23.8187041,0.04697372,3,3,0,0
Zone_DH439,386279056,90.3723349,23.8175806,0.07335481,2,3,0,0
Zone_DH439,3797771923,90.3764841,23.8109373,0.00948326,4,3,0,0
Zone_DH439,11989935764,90.3593785,23.8184049,0.0,4,1,0,0
Zone_DH439,11989935765,90.359133,23.8183354,0.00220568,4,3,0,1
Zone_DH439,386279068,90.36746,23.8167679,0.04388315,3,4,0,0
Zone_DH439,386279069,90.3665252,23.8204958,0.00724136,4,3,0,0
Zone_DH439,476669616,90.3695215,23.8230919,0.04970358,3,3,0,0
Zone_DH439,476669617,90.3691918,23.8248135,0.03024331,3,3,0,0
Zone_DH439,476669620,90.3703299,23.8249942,0.05601682,3,3,0,0
Zone_DH439,476669622,90.372838,23.8224619,0.04807626,3,3,0,0
Zone_DH439,476669623,90.3727148,23.8231255,0.03905781,3,3,0,0
Zone_DH439,476669624,90.3724958,23.824145,0.02211798,4,3,0,0
Zone_DH439,476669625,90.372368,23.8248618,0.03456092,3,3,0,0
Zone_DH439,476669627,90.3755443,23.8253622,0.00520767,4,4,0,0
Zone_DH439,476669633,90.3726546,23.8234354,0.03847823,3,4,0,0
Zone_DH439,4525721292,90.3548703,23.8141356,0.00400407,4,3,0,0
Zone_DH439,4525721293,90.3551672,23.8129452,0.00153904,4,3,0,0
Zone_DH439,4525721294,90.3550839,23.8133273,0.0018197,4,3,0,0
Zone_DH439,4525721295,90.3550585,23.8133218,0.00010898,4,2,0,0
Zone_DH439,476669644,90.3675007,23.8230995,0.01219485,4,3,0,0
Zone_DH439,476669647,90.3665705,23.821887,0.00198225,4,3,0,0
Zone_DH439,4525721296,90.354965,23.8137296,0.00296485,4,3,0,0
Zone_DH439,476669650,90.3678571,23.8212753,0.01822684,4,4,0,0
Zone_DH439,476669652,90.3676895,23.8220416,0.01051518,4,3,0,0
Zone_DH439,476669659,90.3713188,23.8293741,0.00461835,4,3,0,0
Zone_DH439,476669661,90.369497,23.8292057,0.00228543,4,3,0,0
Zone_DH439,476669662,90.3695917,23.828688,0.00813295,4,3,0,0
Zone_DH439,476669663,90.369799,23.8275752,0.00872166,4,3,0,0
Zone_DH439,476669665,90.3665663,23.8243637,0.04649642,3,3,0,0
Zone_DH439,476669667,90.3721098,23.8252769,0.05120244,3,4,0,0
Zone_DH439,6234171108,90.3628646,23.8168153,0.00255878,4,4,0,0
Zone_DH439,6234171109,90.3631134,23.8157371,0.03881338,3,4,0,0
Zone_DH439,476669669,90.3722997,23.8249204,0.03499438,3,3,0,0
Zone_DH439,6234171111,90.3642962,23.8157025,0.03307819,3,4,0,0
Zone_DH439,6234171112,90.3642388,23.8159636,0.03811204,3,4,0,0
Zone_DH439,6234171113,90.3629903,23.8162707,0.00188362,4,4,0,0
Zone_DH439,6234171107,90.3628054,23.8170719,0.00242972,4,4,0,0
Zone_DH439,6234171110,90.3640053,23.8170244,0.04368651,3,4,0,0
Zone_DH439,476669674,90.3643571,23.8256698,0.04281836,3,3,0,0
Zone_DH439,476669675,90.3662683,23.8259763,0.0200027,4,3,0,0
Zone_DH439,476669678,90.366355,23.8255075,0.02160689,4,3,0,0
Zone_DH439,6234171114,90.3641233,23.8164881,0.04019718,3,4,0,0
Zone_DH439,6234171115,90.3643419,23.8139714,0.00187084,4,3,0,0
Zone_DH439,476669686,90.3643798,23.8246474,0.06038526,3,3,0,0
Zone_DH439,476669689,90.3659368,23.8249261,0.00733786,4,3,0,0
Zone_DH439,7229908729,90.3642494,23.8192921,0.0,4,1,0,0
Zone_DH439,476669692,90.3664468,23.8250103,0.01974031,4,3,0,0
Zone_DH439,7229908732,90.3640021,23.8195047,0.11199255,1,3,0,0
Zone_DH439,7229908734,90.3639244,23.81975,0.00638508,4,3,0,0
Zone_DH439,476669698,90.3661242,23.8241336,0.03247091,3,3,0,0
Zone_DH439,2880734980,90.3736831,23.8255182,0.01953941,4,4,0,0
Zone_DH439,2880734981,90.3754507,23.8258175,0.0058329,4,4,0,0
Zone_DH439,476669709,90.3715934,23.8268028,0.01074043,4,3,0,0
Zone_DH439,3770255139,90.3743758,23.8162954,0.03160885,3,3,0,0
Zone_DH439,476669738,90.3660794,23.8270269,0.02622433,4,3,0,0
Zone_DH439,11730970429,90.370637,23.8119962,0.0210815,4,3,0,0
Zone_DH439,11868628800,90.3767303,23.8265254,0.0,4,1,0,0
Zone_DH439,476669769,90.3643516,23.8261863,0.03399138,3,3,0,0
Zone_DH439,476669771,90.366178,23.8264649,0.01630364,4,3,0,0
Zone_DH439,3448170315,90.3762848,23.8259533,0.0038604,4,3,0,0
Zone_DH439,476669775,90.3682643,23.8269721,0.03616632,3,4,0,1
Zone_DH439,476669794,90.3658289,23.8284809,0.00517053,4,3,0,0
Zone_DH439,476014440,90.3594592,23.8243136,0.08035691,2,3,0,0
Zone_DH439,476669801,90.3659035,23.8280483,0.04736761,3,3,0,0
Zone_DH439,476014444,90.3595531,23.822063,0.0,4,1,0,0
Zone_DH439,476669805,90.3658884,23.8281356,0.01615509,4,3,0,0
Zone_DH439,476669807,90.3679802,23.8284522,0.02056828,4,4,0,0
Zone_DH439,476669814,90.3659874,23.8275612,0.01373512,4,3,0,0
Zone_DH439,12850472826,90.3653823,23.8107979,0.00339893,4,3,0,0
Zone_DH439,12850472828,90.363353,23.8149334,0.00068673,4,3,0,0
Zone_DH439,12850472830,90.3627727,23.8149248,0.00205104,4,3,0,0
Zone_DH439,476014463,90.3610311,23.8192273,0.04224244,3,3,0,1
Zone_DH439,12850472832,90.3665839,23.8126588,7.123e-05,4,3,0,0
Zone_DH439,476014465,90.3611698,23.8186262,0.04763275,3,3,0,0
Zone_DH439,3828352898,90.3729301,23.821815,0.03059337,3,3,0,1
Zone_DH439,4344506242,90.3641819,23.8162219,0.03887974,3,4,0,0
Zone_DH439,3828352900,90.3728412,23.8224418,0.04184641,3,3,0,0
Zone_DH439,3828352901,90.3717202,23.8222855,0.04322017,3,4,0,0
Zone_DH439,3828352899,90.3721918,23.8216935,0.0,4,1,0,0
Zone_DH439,476669831,90.3617332,23.8218226,0.0,4,1,0,0
Zone_DH439,3828352903,90.3717274,23.8219628,0.01694014,4,3,0,0
Zone_DH439,11898783621,90.3593731,23.813637,0.00221238,4,3,0,0
Zone_DH439,11898783619,90.3594736,23.8131036,0.0,4,3,0,0
Zone_DH439,476669835,90.3594728,23.8236159,0.0073409,4,3,0,0
Zone_DH439,6122923915,90.3660061,23.8108892,0.0092988,4,3,0,0
Zone_DH439,476014480,90.3619739,23.8166519,0.07399496,2,3,0,0
Zone_DH439,476669841,90.3614232,23.8217824,0.01712004,4,3,0,1
Zone_DH439,3732875157,90.3593494,23.8087041,0.00128944,4,3,0,0
Zone_DH439,7314311063,90.3600435,23.8236271,0.00377151,4,3,0,1
Zone_DH439,7314311064,90.3600662,23.8229527,0.0,4,1,0,0
Zone_DH439,476669850,90.3639218,23.8205239,0.0513035,3,3,0,0
Zone_DH439,11730741147,90.3705912,23.8181891,0.0,4,1,0,0
Zone_DH439,11730741146,90.3746785,23.8203893,0.00130405,4,3,0,0
Zone_DH439,476014495,90.362594,23.8151741,0.04089304,3,3,0,1
Zone_DH439,476014496,90.3626231,23.8149622,0.07879869,2,3,0,0
Zone_DH439,5595277215,90.3616951,23.8223444,0.02059933,4,3,0,1
Zone_DH439,476669856,90.3636794,23.8226355,0.0980267,2,3,0,0
Zone_DH439,5595277216,90.3614238,23.8223381,0.02306314,4,4,0,1
Zone_DH439,4359653281,90.363587,23.8211195,0.0,4,1,0,0
Zone_DH439,5595277221,90.3605846,23.8236458,0.00474315,4,3,0,1
Zone_DH439,5595277218,90.3608972,23.8231837,0.00603137,4,3,0,1
Zone_DH439,5595277219,90.3610988,23.82319,0.0,4,1,0,0
Zone_DH439,3448194988,90.3751763,23.823524,0.01512379,4,4,0,0
Zone_DH439,476669869,90.3656847,23.8293181,0.00980775,4,3,0,0
Zone_DH439,3448194989,90.3752525,23.8231725,0.00281783,4,4,0,0
Zone_DH439,3448194990,90.3753944,23.822388,0.00285283,4,4,0,0
Zone_DH439,3448211377,90.3733384,23.8235665,0.01344533,4,3,0,0
Zone_DH439,3448211378,90.3730824,23.8249641,0.0217113,4,3,0,0
Zone_DH439,4359653305,90.3632927,23.8214502,0.00220568,4,3,0,1
Zone_DH439,3713296321,90.367206,23.808453,0.00018751,4,2,0,0
Zone_DH439,11768121288,90.355965,23.8278019,0.00157801,4,3,0,1
Zone_DH439,476669904,90.3621573,23.8231558,0.09320562,2,4,0,1
Zone_DH439,7124191184,90.3586427,23.8216276,0.0,4,1,0,0
Zone_DH439,6487558097,90.3628798,23.8108991,0.02334623,4,3,0,0
Zone_DH439,6487558098,90.3640977,23.8110578,0.01065155,4,3,0,0
Zone_DH439,476669908,90.3647908,23.8205587,0.20882813,1,3,0,0
Zone_DH439,476669912,90.363127,23.8204607,0.0522234,3,3,0,0
Zone_DH439,12009678808,90.3583793,23.8091772,0.0,4,1,0,0
Zone_DH439,12009678809,90.3581727,23.8091131,0.003307,4,3,0,1
Zone_DH439,4384171996,90.3609027,23.8121196,0.02293833,4,3,0,0
Zone_DH439,12009678814,90.3581177,23.8092614,0.00550598,4,3,0,1
Zone_DH439,3448203233,90.3764916,23.8247994,0.00819444,4,3,0,0
Zone_DH439,3448203234,90.3756835,23.8246552,0.00732811,4,4,0,0
Zone_DH439,3448203235,90.3741781,23.8244138,0.00860081,4,4,0,0
Zone_DH439,476669924,90.3626313,23.8243839,0.00371307,4,3,0,0
Zone_DH439,4359653349,90.3631628,23.8226386,0.09617899,2,3,0,1
Zone_DH439,12009678827,90.3581622,23.8089785,0.00110314,4,2,0,1
Zone_DH439,4600842221,90.3790551,23.8223286,0.00213445,4,3,0,0
Zone_DH439,6359599086,90.3726975,23.8294233,0.00497389,4,3,0,0
Zone_DH439,476669935,90.3622337,23.8218794,0.0,4,1,0,0
Zone_DH439,6359599085,90.3727648,23.8290095,0.00496415,4,3,0,0
Zone_DH439,3804555254,90.3779419,23.8198274,0.02763948,3,3,0,0
Zone_DH439,3804555255,90.3786508,23.8198701,0.00123464,4,3,0,0
Zone_DH439,4376971256,90.3616851,23.813468,0.00503172,4,3,0,0
Zone_DH439,4429129727,90.3539555,23.815755,0.00163645,4,3,0,0
Zone_DH439,3755427843,90.3784597,23.8218135,0.00329299,4,4,0,0
Zone_DH439,4376971269,90.3652168,23.8136435,0.01327304,4,3,0,0
Zone_DH439,5928110086,90.3619363,23.8112592,0.00586395,4,3,0,0
Zone_DH439,5928110085,90.3627688,23.81138,0.02261628,4,3,0,0
Zone_DH439,5928110088,90.3619489,23.8108577,0.00587308,4,3,0,0
Zone_DH439,5928110089,90.364032,23.8114716,0.01251326,4,3,0,0
Zone_DH439,3757631498,90.3790928,23.82196,6.09e-06,4,2,0,0
Zone_DH439,5928110091,90.3619486,23.8115032,0.00703772,4,3,0,0
Zone_DH439,5928110092,90.3639728,23.8118575,0.01471467,4,3,0,0
Zone_DH439,5928110093,90.3618723,23.8119218,0.00791621,4,3,0,0
Zone_DH439,5928110094,90.3639128,23.8122532,0.0169721,4,3,0,0
Zone_DH439,5928110095,90.3626244,23.8120406,0.0216075,4,4,0,0
Zone_DH439,5928110090,90.362798,23.8112651,0.02399399,4,3,0,0
Zone_DH439,11009476646,90.3608322,23.8185153,0.0,4,1,0,0
Zone_DH439,3772786726,90.3708283,23.8169711,0.00859685,4,3,0,0
Zone_DH439,3772786727,90.3724224,23.8172428,0.04603678,3,3,0,0
Zone_DH439,1747560496,90.3553276,23.8176444,0.00218924,4,3,0,0
Zone_DH439,3448219699,90.3708841,23.8261943,0.01671884,4,4,0,0
Zone_DH439,4208404539,90.3648628,23.8208558,0.15425782,1,3,0,0
Zone_DH439,4525590592,90.3628285,23.8090988,0.00360835,4,3,0,0
Zone_DH439,476014658,90.3586616,23.8254102,0.00732629,4,3,0,1
Zone_DH439,476014659,90.3553046,23.8253788,0.00574828,4,3,0,0
Zone_DH439,3772115011,90.3698422,23.8113125,0.01360422,4,3,0,0
Zone_DH439,3772115012,90.370767,23.8115345,0.0096245,4,3,0,0
Zone_DH439,11311048778,90.3779517,23.8230748,0.00450024,4,3,0,0
Zone_DH439,476014671,90.3569641,23.8239326,0.03670632,3,3,0,0
Zone_DH439,3833735254,90.3593483,23.8176284,0.06551044,3,4,0,0
Zone_DH439,3833735255,90.3589355,23.8188552,0.0,4,1,0,0
Zone_DH439,3833735256,90.3591905,23.8181663,0.01694653,4,3,0,1
Zone_DH439,6247606381,90.3675639,23.8109399,0.1066543,2,3,0,0
Zone_DH439,6289361016,90.3638567,23.8292835,0.00646849,4,3,0,0
Zone_DH439,3448178809,90.375937,23.8232882,0.00226138,4,4,0,0
Zone_DH439,3448178808,90.3767692,23.8234383,0.00729113,4,4,0,0
Zone_DH439,8912955520,90.3698719,23.8265321,0.01313484,4,4,0,0
Zone_DH439,2892179585,90.3741848,23.8279112,0.00937124,4,3,0,0
Zone_DH439,2892179586,90.3757012,23.828136,0.00298433,4,4,0,0
Zone_DH439,2892179587,90.3769585,23.8283348,0.00294202,4,3,0,0
Zone_DH439,2892179588,90.3741959,23.8275525,0.01601872,4,4,0,0
Zone_DH439,2892179590,90.3754834,23.8291749,0.00255604,4,4,0,0
Zone_DH439,2892179591,90.3755766,23.8288643,0.00184892,4,4,0,0
Zone_DH439,2892179592,90.3756379,23.8284824,0.00211679,4,4,0,0
Zone_DH439,5777598599,90.3639516,23.8293688,0.00483265,4,4,0,0
Zone_DH439,8852301965,90.3710479,23.808589,0.0,4,1,0,0
Zone_DH439,5458471061,90.3591636,23.8295391,0.00175212,4,2,0,0
Zone_DH439,3448203430,90.3764377,23.825141,0.00780602,4,3,0,0
Zone_DH439,3448203431,90.3724381,23.8244774,0.02226226,4,3,0,0
Zone_DH439,11250919609,90.3569846,23.8175277,0.0,4,1,0,0
Zone_DH439,11910506688,90.3553724,23.8242573,0.00110314,4,4,0,1
Zone_DH439,3779111111,90.37026,23.8130697,0.00985037,4,3,0,0
Zone_DH439,3779111112,90.3694266,23.812862,0.02233927,4,3,0,0
Zone_DH439,476014795,90.3592208,23.8263909,0.0,4,1,0,0
Zone_DH439,4263487699,90.3537798,23.8235318,0.00219776,4,2,0,0
Zone_DH439,4263487700,90.3538137,23.823532,0.00329604,4,2,0,0
Zone_DH439,4526082260,90.3560605,23.817951,0.02322508,4,3,0,1
Zone_DH439,9000044758,90.3717518,23.8220083,0.01711852,4,3,0,0
Zone_DH439,4526082259,90.3565933,23.8179134,0.0,4,1,0,0
Zone_DH439,9000044757,90.3709177,23.8218696,0.03370799,3,3,0,0
Zone_DH439,11900086497,90.3546956,23.8273966,0.0,4,1,0,0
Zone_DH439,4982524133,90.3675317,23.8252341,0.00781637,4,4,0,0
Zone_DH439,5445404903,90.3643712,23.8220713,0.2995876,1,3,1,0
Zone_DH439,3804563687,90.3743405,23.8164474,0.03129471,3,3,0,0
Zone_DH439,3804563689,90.3757485,23.8167511,0.00040668,4,3,0,0
Zone_DH439,3804563691,90.3764218,23.8168907,0.01002449,4,3,0,0
Zone_DH439,3828345075,90.371658,23.8225852,0.02832103,3,3,0,0
Zone_DH439,11292313863,90.3719595,23.8178268,0.04406975,3,3,0,0
Zone_DH439,11292313864,90.3726842,23.8179717,0.03785193,3,3,0,0
Zone_DH439,3785984271,90.3751691,23.813368,0.01864508,4,3,0,0
Zone_DH439,3785984272,90.3758902,23.8134953,0.00970608,4,4,0,0
Zone_DH439,11301996825,90.3652978,23.8111802,0.00177161,4,3,0,0
Zone_DH439,11301996826,90.3655049,23.8102109,0.07321722,2,3,0,0
Zone_DH439,3713304860,90.363522,23.8100037,0.00523628,4,3,0,0
Zone_DH439,4476487965,90.3542842,23.8190304,0.00521984,4,3,0,0
Zone_DH439,3779119396,90.3727316,23.8100474,0.00745048,4,3,0,0
Zone_DH439,3779119397,90.3736587,23.8102342,0.01245177,4,3,0,0
Zone_DH439,12299831594,90.3590924,23.8118227,0.03582174,3,3,0,1
Zone_DH439,3779111211,90.3701333,23.8103346,0.0064344,4,3,0,0
Zone_DH439,4020971819,90.3563614,23.8134032,0.03686644,3,3,0,0
Zone_DH439,3713296684,90.3671281,23.8087289,0.00220629,4,3,0,0
Zone_DH439,12299831595,90.3591089,23.8117463,0.03726094,3,3,0,1
Zone_DH439,12299831596,90.3591752,23.8116411,0.03779303,3,2,0,0
Zone_DH439,11302037856,90.3764263,23.8279096,0.00420193,4,3,0,0
Zone_DH439,4206127457,90.3666788,23.8199042,0.00703346,4,4,0,0
Zone_DH439,11302037857,90.3765736,23.827425,0.00321689,4,3,0,0
Zone_DH439,1747560815,90.355256,23.8173772,0.00328386,4,3,0,0
Zone_DH439,4266518898,90.3672098,23.8225174,0.03900393,3,3,0,0
Zone_DH439,3639372166,90.3785784,23.8206558,0.00448989,4,3,0,0
Zone_DH439,3639372167,90.37888,23.8173998,2.44e-06,4,2,0,0
Zone_DH439,3639372168,90.3792216,23.8206857,0.00191954,4,2,0,0
Zone_DH439,13105668327,90.3690109,23.8174195,0.02869453,3,3,0,0
Zone_DH439,3639372172,90.3779223,23.8200046,0.0263263,4,3,0,0
Zone_DH439,3639372173,90.378,23.8190387,0.02703859,4,3,0,0
Zone_DH439,6292228500,90.3612267,23.8095158,0.00372646,4,3,0,0
Zone_DH439,3782797752,90.3690078,23.811366,0.00404669,4,3,0,0
Zone_DH439,4463077817,90.3566924,23.8120638,0.03481113,3,3,0,0
Zone_DH439,11910523322,90.3552472,23.8258408,0.00331674,4,3,0,1
Zone_DH439,3782797753,90.3698012,23.8115652,0.01524372,4,3,0,0
Zone_DH439,4563028408,90.3758874,23.8128608,0.00810251,4,3,0,1
Zone_DH439,4266518972,90.367114,23.8230418,0.00416358,4,3,0,0
Zone_DH439,4463077822,90.3569596,23.8146332,0.0,4,1,0,0
Zone_DH439,4463077823,90.356048,23.8149316,0.04207837,3,3,0,0
Zone_DH439,4463077824,90.3568447,23.815099,0.00292284,4,4,0,1
Zone_DH439,4463077825,90.3575877,23.8152808,0.0,4,1,0,0
Zone_DH439,4463077826,90.356032,23.8155379,0.04769332,3,3,0,0
Zone_DH439,4463077827,90.3566627,23.8157143,0.00476324,4,3,0,1
Zone_DH439,4463077828,90.3572588,23.8158662,0.0,4,1,0,0
Zone_DH439,4463077829,90.3560137,23.8159005,0.04995805,3,3,0,1
Zone_DH439,4463077830,90.3570014,23.8161817,0.0,4,1,0,0
Zone_DH439,4463077831,90.3559981,23.8162505,0.05136073,3,3,0,1
Zone_DH439,4463077832,90.356763,23.8164678,0.0,4,1,0,0
Zone_DH439,4563028435,90.3758029,23.8138697,0.00707851,4,3,0,0
Zone_DH439,4400007650,90.3539359,23.8160895,0.00109036,4,3,0,0
Zone_DH439,3737201142,90.3735231,23.8132396,0.03056171,3,4,0,0
Zone_DH439,6087404025,90.3612729,23.8153967,0.0,4,1,0,0
Zone_DH439,3716917753,90.3711955,23.8092929,0.00702432,4,3,0,0
Zone_DH439,3768699396,90.3742068,23.8169968,0.04292825,3,3,0,0
Zone_DH439,4351576582,90.3633343,23.8278689,0.04622185,3,3,0,0
Zone_DH439,11985021466,90.3692597,23.8199679,0.00780724,4,3,0,0
Zone_DH439,3762727457,90.3731264,23.8145793,0.05321513,3,3,0,0
Zone_DH439,3762727458,90.3725784,23.8144756,0.00076222,4,3,0,0
Zone_DH439,4217080356,90.376558,23.820355,0.00200478,4,3,0,0
Zone_DH439,3781626409,90.3688908,23.811756,0.00986894,4,4,0,0
Zone_DH439,3779119678,90.3730865,23.808799,0.00331065,4,3,0,0
Zone_DH439,3779119679,90.3738282,23.8089925,0.00235971,4,3,0,0
Zone_DH439,6219057728,90.3683207,23.8266065,0.03990435,3,4,0,0
Zone_DH439,12010261074,90.3660779,23.8089892,0.00289788,4,3,0,0
Zone_DH439,3712125536,90.3740009,23.8090099,0.00061489,4,3,0,0
Zone_DH439,12336777831,90.3687016,23.8246943,0.04442955,3,3,0,0
Zone_DH439,12336777832,90.3701525,23.8249661,0.04544259,3,3,0,0
Zone_DH439,3768674936,90.3697261,23.814736,0.03115803,3,3,0,0
Zone_DH439,3768674939,90.3713545,23.814981,0.03355031,3,3,0,0
Zone_DH439,12049427070,90.3575784,23.8091011,0.0066006,4,2,0,1
Zone_DH439,5988412031,90.3582478,23.8087596,0.0,4,1,0,0
Zone_DH439,1683139207,90.3542157,23.823534,0.02081119,4,4,0,1
Zone_DH439,7866428058,90.3615282,23.8206182,0.01663787,4,3,0,1
Zone_DH439,7866428060,90.359883,23.8220075,0.0,4,1,0,0
Zone_DH439,3853617833,90.3640151,23.811602,0.0144188,4,3,0,0
Zone_DH439,10039069354,90.3780272,23.8228359,0.01131879,4,3,0,0
Zone_DH439,264882869,90.3610793,23.8102542,0.00484361,4,3,0,0
Zone_DH439,3737209525,90.373739,23.8125049,0.02757799,3,3,0,1
Zone_DH439,264882876,90.3644258,23.8102107,0.07426253,2,3,0,0
Zone_DH439,3448195774,90.3743897,23.8233815,0.02263454,4,4,0,0
Zone_DH439,3812125380,90.3744083,23.816175,0.03131784,3,3,0,0
Zone_DH439,3812125383,90.3753158,23.816375,0.00677959,4,3,0,1
Zone_DH439,3812125384,90.3756259,23.816443,0.0,4,1,0,0
Zone_DH439,4356025035,90.3575515,23.8222165,0.02309205,4,3,0,0
Zone_DH439,12609735371,90.3774673,23.8110912,0.0,4,1,0,0
Zone_DH439,12609735374,90.3771277,23.8105181,0.00220568,4,3,0,1
Zone_DH439,9548802780,90.3548882,23.8220155,0.00873748,4,3,0,0
Zone_DH439,4356025060,90.357573,23.8232122,0.02797219,3,4,0,0
Zone_DH439,4356025061,90.3575961,23.8242832,0.07334842,2,3,0,0
Zone_DH439,3779128058,90.3704168,23.8092378,0.0030026,4,3,0,0
Zone_DH439,3779128059,90.3711637,23.8094143,0.00920017,4,3,0,0
Zone_DH439,3759975174,90.3790114,23.8227446,2.07e-05,4,2,0,0
Zone_DH439,3804564244,90.3753686,23.8192108,0.02993465,3,3,0,0
Zone_DH439,3762727700,90.3721403,23.8147724,0.00346407,4,3,0,0
Zone_DH439,11904584470,90.3558232,23.8256927,0.00329726,4,3,0,1
Zone_DH439,11904584471,90.3558051,23.8257065,0.00111288,4,3,0,1
Zone_DH439,11904584487,90.3556911,23.8258449,0.00086389,4,3,0,0
Zone_DH439,3448195888,90.3765637,23.8244311,0.00642344,4,3,0,0
Zone_DH439,3448195889,90.3757456,23.8242999,0.00452292,4,4,0,0
Zone_DH439,3448195890,90.3742533,23.8240632,0.00893565,4,4,0,0
Zone_DH439,3448195891,90.3725778,23.8238006,0.02252161,4,3,0,0
Zone_DH439,4019735349,90.3554667,23.8109515,1.766e-05,4,2,0,0
Zone_DH439,3833744184,90.3566961,23.8186312,0.0,4,1,0,0
Zone_DH439,3833744185,90.3575773,23.8188715,0.01451255,4,4,0,1
Zone_DH439,4376972100,90.361937,23.8139149,0.00416358,4,3,0,0
Zone_DH439,4376972111,90.3635331,23.8142011,0.0150349,4,3,0,0
Zone_DH439,4376972112,90.3622038,23.8143588,0.00289667,4,3,0,0
Zone_DH439,4376972113,90.3634479,23.8145712,0.00206505,4,3,0,0
Zone_DH439,12012841824,90.3607505,23.811582,0.02193077,4,3,0,0
Zone_DH439,12012841825,90.3598545,23.8119305,0.0,4,1,0,0
Zone_DH439,10800585754,90.3740045,23.8212893,0.0,4,1,0,0
Zone_DH439,12012841827,90.3608075,23.811846,0.02281231,4,3,0,1
Zone_DH439,4986186602,90.3706832,23.8284713,0.00899257,4,4,0,0
Zone_DH439,4986186604,90.3706251,23.8288007,0.0067254,4,4,0,0
Zone_DH439,3736865646,90.3787405,23.8188732,0.00248086,4,3,0,0
Zone_DH439,3777850239,90.3792746,23.8201014,0.0,4,2,0,0
Zone_DH439,5202578308,90.3611715,23.8094019,0.04074084,3,3,0,0
Zone_DH439,3781831558,90.3759622,23.8131469,0.00481073,4,3,0,0
Zone_DH439,4217064327,90.378347,23.8228837,0.01024852,4,3,0,0
Zone_DH439,3781831560,90.3759148,23.8138924,0.00631507,4,3,0,0
Zone_DH439,4242377619,90.3746941,23.8217023,0.01666892,4,3,0,0
Zone_DH439,4203883411,90.3737059,23.8208873,0.00690622,4,4,0,0
Zone_DH439,9944763290,90.3559979,23.8213469,0.00089676,4,3,0,0
Zone_DH439,11893664669,90.3766311,23.8261445,0.0,4,1,0,0
Zone_DH439,3448195999,90.3744475,23.8216647,0.04138738,3,3,0,0
Zone_DH439,7160015777,90.3628294,23.8211394,0.00627794,4,3,0,1
Zone_DH439,7160015778,90.3623295,23.8209521,0.0,4,1,0,0
Zone_DH439,11893664675,90.3762781,23.8259911,0.00310731,4,3,0,1
Zone_DH439,7160015779,90.3624918,23.8201616,0.04588762,3,3,0,1
Zone_DH439,7160015780,90.3621497,23.8202053,0.0,4,1,0,0
Zone_DH439,9944763307,90.3551801,23.8212507,0.00987655,4,3,0,0
Zone_DH439,9944763308,90.3557183,23.8212688,0.00726602,4,3,0,0
Zone_DH439,4525992880,90.3598011,23.8259786,0.02696067,4,3,0,0
Zone_DH439,4525992881,90.3598062,23.8257106,0.02841022,3,3,0,0
Zone_DH439,4525992882,90.3614385,23.8257489,0.01171573,4,3,0,0
Zone_DH439,3853601713,90.3653764,23.8124165,0.01195012,4,4,0,0
Zone_DH439,3853601712,90.3639258,23.8121697,0.01644853,4,3,0,0
Zone_DH439,3853601714,90.3655404,23.8118377,0.0116031,4,3,0,0
Zone_DH439,3772115914,90.369956,23.8109336,0.01366632,4,3,0,0
Zone_DH439,3772115915,90.3708429,23.8111809,0.00879593,4,3,0,0
Zone_DH439,392522700,90.3569656,23.8235529,0.03624668,3,3,0,0
Zone_DH439,3448220639,90.3710417,23.8255019,0.02782212,3,3,0,0
Zone_DH439,476646383,90.3608971,23.8264554,0.01979023,4,3,0,0
Zone_DH439,476646384,90.359795,23.8264416,0.0261741,4,3,0,0
Zone_DH439,7140592624,90.3694801,23.8155686,0.05782617,3,3,0,0
Zone_DH439,476646395,90.3614173,23.826262,0.01106127,4,3,0,0
Zone_DH439,476646396,90.3615846,23.8243523,0.08639011,2,3,0,0
Zone_DH439,476646397,90.3616407,23.8234843,0.09506854,2,3,0,0
Zone_DH439,476646400,90.3631623,23.8226772,0.09341931,2,3,0,0
Zone_DH439,476646403,90.3642731,23.8226805,0.11667969,1,3,0,0
Zone_DH439,4450831363,90.3644067,23.8095263,0.01112093,4,3,0,0
Zone_DH439,3812142083,90.3750607,23.8127129,0.0,4,1,0,0
Zone_DH439,476646417,90.360894,23.8271991,0.01755777,4,3,0,0
Zone_DH439,3713297425,90.3670234,23.8090997,0.00372159,4,3,0,0
Zone_DH439,4023184405,90.3609074,23.8243405,0.0787856,2,3,0,0
Zone_DH439,476646422,90.359783,23.8273968,0.00894935,4,3,0,0
Zone_DH439,3737234455,90.373418,23.8172052,0.01214615,4,3,0,0
Zone_DH439,476646424,90.3597893,23.8268983,0.00971035,4,3,0,0
Zone_DH439,4023184406,90.3580977,23.8276295,0.01794618,4,3,0,1
Zone_DH439,11252608054,90.3553805,23.8201337,0.00472245,4,3,0,0
Zone_DH439,11252608055,90.3553122,23.8205335,0.00465305,4,3,0,0
Zone_DH439,3804589122,90.3792583,23.8202898,0.00152748,4,3,0,0
Zone_DH439,4432317522,90.3547697,23.8222662,0.00842152,4,3,0,0
Zone_DH439,4432317530,90.3546513,23.8225322,0.00799475,4,3,0,0
Zone_DH439,3781831770,90.3760372,23.8161312,0.01825362,4,3,0,1
Zone_DH439,4432317536,90.3546264,23.8227807,0.00760147,4,3,0,0
Zone_DH439,3779112034,90.3686417,23.8129215,0.05756256,3,3,0,0
Zone_DH439,3779112035,90.3693576,23.8130855,0.06494669,3,3,0,0
Zone_DH439,4432317541,90.3546122,23.8230256,0.00785533,4,3,0,0
Zone_DH439,11292740715,90.3615836,23.8173928,0.0753258,2,3,0,0
Zone_DH439,11292740716,90.3638326,23.8178089,0.04507275,3,3,0,0
Zone_DH439,11292740717,90.3626844,23.8175965,0.00441684,4,4,0,0
Zone_DH439,4432317563,90.3545945,23.8232706,0.00713391,4,3,0,0
Zone_DH439,7869090943,90.3591555,23.8209836,0.0,4,1,0,0
Zone_DH439,7869090944,90.3590379,23.8216365,0.0,4,1,0,0
Zone_DH439,4297354370,90.3672168,23.8230571,0.01059006,4,3,0,0
Zone_DH439,4297354371,90.3669087,23.8244167,0.04222509,3,3,0,0
Zone_DH439,11301964932,90.3727278,23.8177895,0.03802985,3,3,0,0
Zone_DH439,11301964933,90.3737555,23.81803,0.02054271,4,3,0,0
Zone_DH439,4525804678,90.3629543,23.819203,0.0,4,1,0,0
Zone_DH439,4525804679,90.3629958,23.8188809,0.00220568,4,3,0,1
Zone_DH439,4525804680,90.3625978,23.8192223,0.0,4,1,0,0
Zone_DH439,4525804684,90.362097,23.8187772,0.0044071,4,3,0,1
Zone_DH439,11252608140,90.3559982,23.8210761,0.00836794,4,3,0,0
Zone_DH439,11252608143,90.355685,23.8218163,0.00329665,4,3,0,0
Zone_DH439,11252608144,90.3557018,23.8215419,0.00234936,4,3,0,0
Zone_DH439,11252608145,90.3560056,23.8218146,0.00519914,4,3,0,0
Zone_DH439,11252608146,90.3560083,23.821585,0.00112993,4,3,0,0
Zone_DH439,4456524957,90.3608682,23.808575,0.00110314,4,2,0,1
Zone_DH439,4456524963,90.3606666,23.8088492,0.00220507,4,2,0,1
Zone_DH439,3772124324,90.370914,23.8109292,0.00639909,4,3,0,0
Zone_DH439,3772124325,90.3717479,23.8111248,0.00771166,4,3,0,0
Zone_DH439,3779136680,90.3712564,23.8153587,0.00854876,4,3,0,0
Zone_DH439,3779136681,90.3705541,23.8152042,0.03080828,3,3,0,0
Zone_DH439,877497518,90.3616359,23.8267463,0.00565818,4,3,0,0
Zone_DH439,11311074485,90.3744732,23.8216686,0.01835468,4,3,0,0
Zone_DH439,877497533,90.3659505,23.827775,0.03679338,3,3,0,0
Zone_DH439,877497535,90.3569565,23.8258605,0.03046248,3,3,0,0
Zone_DH439,4232981697,90.3713344,23.8292695,0.00228787,4,3,0,0
Zone_DH439,877497538,90.3608951,23.8269121,0.01814708,4,3,0,0
Zone_DH439,3822767300,90.3740972,23.8174639,0.03411284,3,3,0,0
Zone_DH439,3822767303,90.3755753,23.8178266,0.0,4,1,0,0
Zone_DH439,6578179282,90.3713771,23.8086802,0.00266654,4,3,0,1
Zone_DH439,877497569,90.3661518,23.8266068,0.01546837,4,3,0,0
Zone_DH439,3772050661,90.3728276,23.815711,0.05227758,3,3,0,0
Zone_DH439,3772050664,90.3712323,23.8154511,0.00850675,4,3,0,0
Zone_DH439,877497592,90.362051,23.8243618,0.01628111,4,3,0,0
Zone_DH439,877497596,90.3569534,23.8266485,0.02309662,4,4,0,0
Zone_DH439,3755420928,90.3789912,23.8229368,6.09e-06,4,2,0,0
Zone_DH439,877497617,90.3598215,23.824313,0.09287748,2,3,0,0
Zone_DH439,3532590355,90.3611697,23.8126532,0.08271753,2,4,0,1
Zone_DH439,3532590361,90.358815,23.8140227,0.0,4,1,0,0
Zone_DH439,4358917401,90.3576668,23.8268661,0.0,4,1,0,0
Zone_DH439,4562963748,90.3604722,23.8091136,0.00517357,4,3,0,1
Zone_DH439,4562963749,90.359477,23.8084963,0.00110314,4,3,0,1
Zone_DH439,4358917412,90.3580985,23.8273473,0.00497632,4,3,0,1
Zone_DH439,877497655,90.3569584,23.8253734,0.04349809,3,4,0,0
Zone_DH439,877497658,90.3660128,23.8274134,0.01363588,4,3,0,0
Zone_DH439,3779112256,90.3687523,23.8122488,0.0037849,4,3,0,0
Zone_DH439,3712445764,90.3582245,23.809687,0.0,4,1,0,0
Zone_DH439,877497671,90.3679348,23.8286889,0.01238054,4,3,0,0
Zone_DH439,6487575889,90.363942,23.8120678,0.01619284,4,3,0,0
Zone_DH439,6487575890,90.3626638,23.8118411,0.02258645,4,3,0,0
Zone_DH439,877497693,90.3641758,23.8263166,0.02133232,4,3,0,0
Zone_DH439,10294521182,90.3652559,23.8189892,0.0553928,3,3,0,0
Zone_DH439,877497708,90.3627052,23.8228693,0.09670561,2,4,0,0
Zone_DH439,3712314747,90.3764974,23.8108905,0.01243837,4,3,0,1
Zone_DH439,877497732,90.3537888,23.8217531,0.00110558,4,3,0,1
Zone_DH439,3779112327,90.3713356,23.8088085,0.00392432,4,3,0,0
Zone_DH439,3779112328,90.3721984,23.8089857,0.00396328,4,3,0,0
Zone_DH439,11182493067,90.3681246,23.8084507,0.0,4,1,0,0
Zone_DH439,3804564892,90.3769203,23.8186,0.04956964,3,3,0,0
Zone_DH439,9754176936,90.3609494,23.8223223,0.00768365,4,3,0,1
Zone_DH439,877497770,90.3626246,23.8267971,0.00335753,4,4,0,0
Zone_DH439,3772091819,90.3724589,23.8148393,0.00204069,4,3,0,0
Zone_DH439,877497773,90.3569546,23.8263332,0.02372429,4,3,0,1
Zone_DH439,9754176942,90.3551004,23.8215168,0.00945465,4,3,0,0
Zone_DH439,4292726205,90.3668826,23.8221198,0.00702615,4,4,0,0
Zone_DH439,2880728516,90.3733513,23.8270476,0.0102674,4,3,0,0
Zone_DH439,2880728517,90.3737472,23.8250771,0.01940486,4,3,0,0
Zone_DH439,3448221125,90.3709723,23.8258068,0.01598646,4,3,0,0
Zone_DH439,877497810,90.3616257,23.8272135,0.00559365,4,3,0,0
Zone_DH439,3771993557,90.3745418,23.8156745,0.03036446,3,3,0,0
Zone_DH439,4012977626,90.3756102,23.8250069,0.00379099,4,4,0,0
Zone_DH439,877497830,90.3569598,23.8250345,0.04373613,3,3,0,0
Zone_DH439,6359608811,90.3733986,23.8296659,0.00110314,4,2,0,1
Zone_DH439,3765767662,90.3783868,23.8225619,0.00725932,4,4,0,0
Zone_DH439,6359608815,90.3732622,23.8302287,0.0,4,1,0,0
Zone_DH439,877497842,90.3678796,23.8289764,0.00684473,4,3,0,0
Zone_DH439,3833744882,90.357687,23.8185617,0.01178087,4,3,0,0
Zone_DH439,877497862,90.356976,23.8222151,0.04381497,3,3,0,0
Zone_DH439,3737259528,90.3734381,23.8171327,0.01078853,4,3,0,0
Zone_DH439,3737259529,90.3733172,23.8175659,0.01248708,4,3,0,0
Zone_DH439,3712167434,90.3740988,23.8086181,0.0,4,2,0,0
Zone_DH439,5222657550,90.3684016,23.8262568,0.0445854,3,4,0,0
Zone_DH439,877497873,90.3662787,23.8259199,0.02087694,4,3,0,0
Zone_DH439,386788888,90.3751764,23.8090833,0.0,4,1,0,0
Zone_DH439,4297420320,90.3702122,23.8214554,0.0,4,1,0,0
Zone_DH439,4297420321,90.3701489,23.8223419,0.0,4,1,0,0
Zone_DH439,877497893,90.375804,23.823952,0.00096266,4,4,0,0
Zone_DH439,877497897,90.3569571,23.8257163,0.0290939,3,3,0,0
Zone_DH439,877497900,90.360893,23.8274106,0.01667075,4,3,0,0
Zone_DH439,877497906,90.3542377,23.8217564,0.00440162,4,3,0,0
Zone_DH439,3713306171,90.3626839,23.8098455,0.00178743,4,3,0,0
Zone_DH439,3713306175,90.3628374,23.8090528,0.00253565,4,3,0,0
Zone_DH439,877497923,90.3694695,23.8293557,0.00436813,4,3,0,0
Zone_DH439,3713306180,90.3636818,23.8092424,0.00567766,4,3,0,0
Zone_DH439,6102658630,90.3666906,23.8102687,0.09149946,2,4,0,0
Zone_DH439,392523343,90.3700378,23.8256822,0.02840778,3,3,0,0
Zone_DH439,4982656600,90.3706683,23.8273024,0.02242146,4,3,0,0
Zone_DH439,877497958,90.3614537,23.8253014,0.0116932,4,3,0,0
Zone_DH439,3718516329,90.3715159,23.8082516,0.0,4,1,0,0
Zone_DH439,877497986,90.361615,23.8277034,0.02132928,4,3,0,0
Zone_DH439,3448172166,90.3766469,23.8240846,0.00648417,4,3,0,0
Zone_DH439,3448172167,90.3763683,23.8254928,0.00817922,4,3,0,0
Zone_DH439,4023185032,90.3581001,23.8279204,0.02097617,4,3,0,0
Zone_DH439,4023185031,90.3581329,23.8266729,0.00261784,4,3,0,1
Zone_DH439,3448172170,90.3761289,23.8268024,0.0,4,1,0,0
Zone_DH439,3833736855,90.3571958,23.8175922,0.00110314,4,3,0,1
Zone_DH439,3779137180,90.3710005,23.8163233,0.00989177,4,3,0,1
Zone_DH439,3779137181,90.3702913,23.8161652,0.0,4,1,0,0
Zone_DH439,7994068640,90.3761841,23.8220702,0.00200295,4,3,0,0
Zone_DH439,7994068642,90.3754718,23.8219603,0.00275177,4,3,0,0
Zone_DH439,3734343341,90.3748373,23.8203731,0.03646402,3,3,0,0
Zone_DH439,3771993785,90.3746392,23.8153194,0.02816792,3,3,0,0
Zone_DH439,11301998270,90.3681177,23.814256,0.00220568,4,3,0,1
Zone_DH439,12337016510,90.3684941,23.8257751,0.01887642,4,3,0,0
Zone_DH439,11301998271,90.3688172,23.8144166,0.0,4,1,0,0
Zone_DH439,2880728788,90.3734698,23.826549,0.00410331,4,4,0,0
Zone_DH439,2880728789,90.3748028,23.8267765,0.0,4,1,0,0
Zone_DH439,5461659348,90.3589012,23.8276614,0.0,4,1,0,0
Zone_DH439,4023185139,90.358116,23.8273184,0.0036394,4,3,0,1
Zone_DH439,4023185140,90.3590825,23.8273699,0.0,4,1,0,0
Zone_DH439,4023185142,90.3593169,23.826752,0.0,4,1,0,0
Zone_DH439,3768667904,90.3714832,23.8145281,0.02684073,4,3,0,0
Zone_DH439,3768667905,90.3721598,23.8146868,0.00230552,4,3,0,0
Zone_DH439,3772116739,90.3719762,23.8103337,0.03094221,3,3,0,0
Zone_DH439,3772116741,90.3707278,23.8116756,0.01862316,4,3,0,0
Zone_DH439,3768667916,90.3715367,23.8143407,0.02821297,3,3,0,0
Zone_DH439,3713355532,90.3667621,23.8133116,0.06393182,3,3,0,0
Zone_DH439,3713355534,90.3652379,23.8130244,0.01885816,4,3,0,0
Zone_DH439,3713355535,90.3652854,23.8128334,0.0098108,4,3,0,0
Zone_DH439,3768667917,90.3721955,23.8145145,0.00234753,4,3,0,0
Zone_DH439,11301998353,90.3760109,23.827837,0.005106,4,3,0,0
Zone_DH439,3713355537,90.3638554,23.8125599,0.01949496,4,3,0,0
Zone_DH439,3713355538,90.3638275,23.8126588,0.0194907,4,3,0,0
Zone_DH439,11301998354,90.3760964,23.8273628,0.00212227,4,3,0,0
Zone_DH439,3713355544,90.3610602,23.8122481,0.03510518,3,3,0,0
Zone_DH439,3879374642,90.3600102,23.8172345,0.00512183,4,3,0,0
Zone_DH439,3879374643,90.3604948,23.8173883,0.00983393,4,4,0,1
Zone_DH439,3879374644,90.3603281,23.8178891,0.07312712,2,3,0,0
Zone_DH439,7230164788,90.3687183,23.8184784,0.0317233,3,3,0,0
Zone_DH439,3718516536,90.3705222,23.808846,0.00129918,4,3,0,0
Zone_DH439,3718516537,90.3712656,23.8090247,0.00505851,4,3,0,0
Zone_DH439,2880728895,90.373614,23.8258601,0.01880946,4,4,0,0
Zone_DH439,2880728896,90.3753691,23.8261773,0.00608373,4,4,0,0
Zone_DH439,11900514128,90.3592769,23.8139445,0.00219655,4,3,0,0
Zone_DH439,11900514129,90.3593918,23.8144699,0.00220994,4,3,0,0
Zone_DH439,11900514130,90.3589973,23.8139897,0.00110314,4,3,0,1
Zone_DH439,11900514131,90.3591168,23.814516,0.00110923,4,3,0,1
Zone_DH439,11984965481,90.3632986,23.8213323,0.0,4,1,0,0
Zone_DH439,4208414576,90.3677598,23.8184904,0.00072264,4,4,0,0
Zone_DH439,3846868850,90.3705881,23.8193635,0.00743709,4,4,0,0
Zone_DH439,3846868851,90.3705001,23.8197453,0.00930367,4,4,0,0
Zone_DH439,3846868852,90.3704447,23.8205939,0.00709007,4,4,0,0
Zone_DH439,4208414585,90.3676575,23.8189005,0.0006362,4,3,0,0
Zone_DH439,11909345156,90.3592913,23.8256734,0.0,4,1,0,0
Zone_DH439,3737259914,90.3724965,23.8169229,0.04259706,3,3,0,0
Zone_DH439,3762737040,90.3727033,23.8123869,0.0,4,1,0,0
Zone_DH439,4412575635,90.3668622,23.8279169,0.02553608,4,4,0,0
Zone_DH439,4982460308,90.3707185,23.8270045,0.02453521,4,4,0,0
Zone_DH439,4412575637,90.3668028,23.8282689,0.01272573,4,4,0,0
Zone_DH439,4412575638,90.3667427,23.8286238,0.001799,4,4,0,0
Zone_DH439,12632870810,90.3746216,23.8208257,0.04485449,3,3,0,0
Zone_DH439,12632870812,90.3748768,23.8208838,0.01084515,4,3,0,0
Zone_DH439,3772059551,90.3724699,23.8170362,0.04581152,3,3,0,0
Zone_DH439,3772043169,90.37203,23.8149277,0.0,4,1,0,0
Zone_DH439,3772043170,90.3719549,23.8152075,0.00593153,4,3,0,1
Zone_DH439,3772043171,90.3713259,23.815092,0.03820458,3,3,0,0
Zone_DH439,3772059555,90.3709248,23.8166081,0.00986437,4,3,0,0
Zone_DH439,4279676861,90.3721374,23.8286718,0.00858041,4,4,0,0
Zone_DH439,3804590013,90.3786341,23.8200639,0.00317245,4,4,0,0
Zone_DH439,3833737157,90.3586653,23.8180062,0.0133053,4,3,0,0
Zone_DH439,3772108757,90.3697734,23.8116533,0.01570823,4,3,0,0
Zone_DH439,3804467176,90.3777579,23.8215574,0.02402443,4,3,0,0
Zone_DH439,3804467177,90.3777377,23.8217611,0.01948888,4,3,0,0
Zone_DH439,3804467186,90.3783681,23.8227261,0.00762521,4,3,0,0
Zone_DH439,5813440499,90.368556,23.8254526,0.02297121,4,4,0,0
Zone_DH439,3985641459,90.3664458,23.8144929,0.05490576,3,3,0,0
Zone_DH439,3985641461,90.3650513,23.8142361,0.01624702,4,3,0,0
Zone_DH439,3985641462,90.365078,23.8141267,0.01494784,4,3,0,0
Zone_DH439,9748033864,90.3778583,23.8228129,0.02587944,4,3,0,0
Zone_DH439,3985641467,90.3637849,23.814757,0.0028297,4,3,0,0
Zone_DH439,6122934277,90.3614386,23.8148832,0.00110314,4,3,0,1
Zone_DH439,4297445382,90.3690137,23.8230654,0.04683491,3,3,0,0
Zone_DH439,4297445383,90.3695191,23.8231058,0.05225749,3,3,0,0
Zone_DH439,6122934280,90.3613786,23.8141698,0.00606364,4,3,0,0
Zone_DH439,3755413513,90.378626,23.8202459,0.00287901,4,4,0,0
Zone_DH439,3755413514,90.3792465,23.8204789,0.00171803,4,3,0,0
Zone_DH439,4297445385,90.3694729,23.8233664,0.01288889,4,4,0,0
Zone_DH439,386789395,90.374215,23.8108463,0.0507294,3,4,0,0
Zone_DH439,386789400,90.3737767,23.8123771,0.0402958,3,3,0,0
Zone_DH439,3810791457,90.37708,23.8136758,0.00113724,4,3,0,1
Zone_DH439,8912801831,90.3668226,23.8224607,0.04419029,3,4,0,0
Zone_DH439,8912801832,90.3665938,23.8217431,0.00180387,4,3,0,0
Zone_DH439,8912801833,90.3669475,23.8218066,0.00505669,4,3,0,0
Zone_DH439,8912801836,90.3666235,23.8293274,0.00835211,4,3,0,0
Zone_DH439,4563284012,90.3754544,23.8098246,0.00149278,4,3,0,0
Zone_DH439,3734859820,90.3613849,23.8087734,0.0,4,2,0,0
Zone_DH439,4563284013,90.3745863,23.8096283,0.00578481,4,3,0,0
Zone_DH439,8912801837,90.3666837,23.8290062,0.00207722,4,4,0,0
Zone_DH439,12650328118,90.3699857,23.826012,0.02732777,3,3,0,0
Zone_DH439,4563284030,90.3744815,23.8100208,0.00639422,4,3,0,0
Zone_DH439,4563284031,90.3753846,23.8102428,0.00177343,4,3,0,0
Zone_DH439,4563284033,90.3752868,23.810602,0.00281935,4,3,0,0
Zone_DH439,4563284034,90.3743646,23.8103896,0.00750954,4,3,0,0
Zone_DH439,386789449,90.3743269,23.814078,0.01144908,4,3,0,0
Zone_DH439,4359565385,90.3636322,23.8226352,0.09748,2,3,0,0
Zone_DH439,3812151381,90.3787552,23.8144135,0.0,4,1,0,0
Zone_DH439,3784519766,90.3750731,23.8137216,0.0170135,4,3,0,0
Zone_DH439,3782799451,90.3729312,23.8153268,0.05179663,3,3,0,0
Zone_DH439,6273159277,90.3543822,23.8144579,0.00119751,4,3,0,0
Zone_DH439,4359950462,90.3566171,23.8189783,0.0,4,1,0,0
Zone_DH439,4359950463,90.3572141,23.819154,0.01243168,4,3,0,1
Zone_DH439,4359950464,90.3576441,23.819263,0.0056594,4,3,0,0
Zone_DH439,8912801923,90.3671591,23.8271196,0.00324977,4,3,0,0
Zone_DH439,4359950477,90.3575475,23.8196066,0.00025509,4,3,0,0
Zone_DH439,4359950479,90.3583244,23.8196985,0.00567766,4,3,0,0
Zone_DH439,4359950480,90.357016,23.8199393,0.02465332,4,3,0,0
Zone_DH439,4359950481,90.3574933,23.819995,0.01586774,4,3,0,0
Zone_DH439,4359950482,90.3582664,23.820097,0.02278309,4,3,0,0
Zone_DH439,4359950483,90.3586811,23.8201518,0.05466559,3,3,0,1
Zone_DH439,4359950484,90.3588122,23.8201691,0.06305971,3,3,0,1
Zone_DH439,4359950485,90.3573107,23.8203243,0.02698411,4,3,0,0
Zone_DH439,4359950487,90.3568791,23.8209132,0.0461765,3,3,0,0
Zone_DH439,3772108978,90.3706728,23.8118686,0.01921066,4,3,0,0
Zone_DH439,3772108979,90.3711419,23.8101225,0.03057815,3,3,0,0
Zone_DH439,3784503474,90.3754108,23.8160282,0.01828893,4,3,0,0
Zone_DH439,3779129525,90.3696028,23.8088953,0.0005674,4,3,0,0
Zone_DH439,3779129526,90.3704518,23.809099,0.00190493,4,3,0,0
Zone_DH439,11801891017,90.3735814,23.8164864,0.00082371,4,3,0,0
Zone_DH439,11801891023,90.3735148,23.8168486,0.02043008,4,3,0,0
Zone_DH439,11338150095,90.3688922,23.8178525,0.03106397,3,3,0,1
Zone_DH439,11338150097,90.3689878,23.8175094,0.02947866,3,3,0,1
Zone_DH439,11338150096,90.3696774,23.8180573,0.0,4,1,0,0
Zone_DH439,11338150099,90.3690789,23.8171544,0.028658,3,3,0,1
Zone_DH439,11338150098,90.3696353,23.8176332,0.0,4,1,0,0
Zone_DH439,11338150100,90.3698283,23.8172937,0.0,4,1,0,0
Zone_DH439,10068005078,90.3541803,23.8265316,0.00110314,4,2,0,1
Zone_DH439,10068005079,90.3542843,23.8265638,0.0,4,1,0,0
Zone_DH439,3639300312,90.3643602,23.815412,0.03647711,3,3,0,0
Zone_DH439,3639300314,90.363645,23.818661,0.11001882,1,3,0,0
Zone_DH439,3639300315,90.3614422,23.8176232,0.07562228,2,3,0,0
Zone_DH439,3639300316,90.3637775,23.8180593,0.04452483,3,3,0,0
Zone_DH439,3639300317,90.3637592,23.8181421,0.0448207,3,3,0,0
Zone_DH439,3639300318,90.3647954,23.818391,0.00505851,4,3,0,0
Zone_DH439,4427911386,90.3638547,23.8310309,0.00428473,4,3,0,1
Zone_DH439,6087127264,90.3621137,23.8243597,0.01173095,4,3,0,0
Zone_DH439,3639300321,90.3673329,23.8172824,0.04251031,3,3,0,0
Zone_DH439,3639300323,90.3671913,23.8177747,0.04450352,3,3,0,0
Zone_DH439,3639300327,90.3670466,23.8183318,0.00600641,4,3,0,0
Zone_DH439,4297421032,90.36999,23.823184,0.04772681,3,3,0,0
Zone_DH439,3639300330,90.3669395,23.8188345,0.00762216,4,3,0,0
Zone_DH439,3639300331,90.3685393,23.8190918,0.02725837,4,3,0,0
Zone_DH439,3639300332,90.3669641,23.8187501,0.00723375,4,3,0,0
Zone_DH439,3639300333,90.368448,23.8194761,0.0294811,3,3,0,0
Zone_DH439,3639300334,90.366883,23.8191181,0.00787238,4,3,0,0
Zone_DH439,3639300335,90.3668071,23.8194107,0.00637656,4,3,0,0
Zone_DH439,3639300336,90.3676538,23.8222415,0.01022904,4,3,0,0
Zone_DH439,4029362410,90.3578419,23.8189501,0.0,4,1,0,0
Zone_DH439,8912802042,90.3667466,23.8229867,0.0044071,4,3,0,0
Zone_DH439,5667115277,90.3638571,23.8199967,0.00621523,4,3,0,0
Zone_DH439,12096844046,90.3757525,23.8113514,0.0,4,1,0,0
Zone_DH439,12096844047,90.3715984,23.8129792,0.0,4,1,0,0
Zone_DH439,5667115279,90.3624244,23.8196685,0.00172899,4,3,0,1
Zone_DH439,5667115282,90.3625248,23.8204034,0.04695546,3,3,0,1
Zone_DH439,5667115284,90.362461,23.8199366,0.04574334,3,3,0,0
Zone_DH439,3639308606,90.3682334,23.8202927,0.03252448,3,3,0,0
Zone_DH439,3639308607,90.366775,23.8195651,0.00686238,4,3,0,0
Zone_DH439,3639308608,90.3712831,23.8203072,0.05697812,3,3,0,0
Zone_DH439,3639308609,90.3682597,23.8201951,0.03258841,3,3,0,0
Zone_DH439,3639308610,90.3711793,23.8207237,0.06170301,3,3,0,0
Zone_DH439,3639308611,90.3698441,23.821392,0.00255087,4,3,0,1
Zone_DH439,3639308613,90.3703287,23.8210369,0.07268331,2,3,0,0
Zone_DH439,3639308614,90.3705392,23.8201634,0.00271768,4,3,0,0
Zone_DH439,3639308615,90.3703933,23.8201335,0.00531055,4,3,0,0
Zone_DH439,3639308616,90.3706716,23.818997,0.00876366,4,3,0,0
Zone_DH439,3639308617,90.3715793,23.8191946,0.05551213,3,3,0,0
Zone_DH439,3639308618,90.371481,23.8195505,0.05338133,3,3,0,0
Zone_DH439,3639308619,90.3696089,23.8191712,0.00086937,4,3,0,0
Zone_DH439,3639308620,90.3694109,23.8199921,0.00420254,4,3,0,0
Zone_DH439,3639308621,90.3713806,23.8199171,0.05767215,3,3,0,0
Zone_DH439,3639308622,90.369515,23.8195598,0.00103739,4,3,0,0
Zone_DH439,3639308623,90.3708859,23.8190465,0.01404987,4,3,0,0
Zone_DH439,9748033872,90.3775965,23.8226862,0.00209549,4,3,0,0
Zone_DH439,3639308625,90.3713319,23.817368,0.05847089,3,3,0,0
Zone_DH439,9748033868,90.377739,23.8224171,0.02611139,4,3,0,0
Zone_DH439,3639308627,90.3696995,23.8188084,0.00731655,4,3,0,0
Zone_DH439,9748033871,90.3773076,23.8281739,0.00110314,4,2,0,1
Zone_DH439,9748033873,90.3775309,23.8230887,0.02392033,4,3,0,0
Zone_DH439,11905847629,90.3586087,23.8151839,0.0,4,1,0,0
Zone_DH439,3639308631,90.3672776,23.8175063,0.04381679,3,3,0,0
Zone_DH439,9748033874,90.3774399,23.8259581,0.00280169,4,3,0,1
Zone_DH439,9748033886,90.3781268,23.8231234,0.00340867,4,2,0,0
Zone_DH439,4359950689,90.3572229,23.8209548,0.02353526,4,3,0,1
Zone_DH439,6087405924,90.3610294,23.8142136,0.00497328,4,3,0,0
Zone_DH439,3985641838,90.3641228,23.8134814,0.0064551,4,3,0,0
Zone_DH439,4020154744,90.3564495,23.8129915,0.03627103,3,3,0,0
Zone_DH439,4020154745,90.3573087,23.8132203,0.00064289,4,3,0,0
Zone_DH439,4020154746,90.357404,23.8127487,0.00044321,4,3,0,0
Zone_DH439,3448205690,90.3748735,23.8252513,0.00412035,4,3,0,0
Zone_DH439,3713290622,90.3653053,23.8082226,0.0005467,4,2,0,0
Zone_DH439,3713347975,90.3660782,23.8102145,0.07215365,2,3,0,0
Zone_DH439,3713347976,90.3661292,23.8097972,0.01240489,4,3,0,0
Zone_DH439,11767984527,90.3569156,23.8278958,0.00242911,4,3,0,1
Zone_DH439,8962273718,90.3775492,23.8127104,0.00127848,4,2,0,0
Zone_DH439,4474802614,90.3764119,23.8157567,0.00660364,4,3,0,1
Zone_DH439,4474794424,90.372407,23.8173023,0.04552965,3,3,0,0
Zone_DH439,4474802617,90.3753516,23.8160123,0.01433357,4,3,0,0
Zone_DH439,4474802618,90.3772821,23.8160232,0.0,4,1,0,0
Zone_DH439,4474802619,90.3761068,23.816073,0.00879532,4,3,0,1
Zone_DH439,6122967486,90.3642313,23.8283276,0.00883246,4,3,0,0
Zone_DH439,4474802623,90.3742836,23.8166828,0.03179575,3,3,0,1
Zone_DH439,4474802622,90.3768885,23.8163231,0.0,4,1,0,0
Zone_DH439,4474802625,90.3756783,23.8169806,0.0,4,1,0,0
Zone_DH439,4476506562,90.3609567,23.8119887,0.00586882,4,3,0,0
Zone_DH439,4474802627,90.3741562,23.8172033,0.03469363,3,3,0,1
Zone_DH439,4476506563,90.3618318,23.8121441,0.00807268,4,3,0,0
Zone_DH439,4474802629,90.3749556,23.817398,0.0,4,1,0,0
Zone_DH439,4474802630,90.3754717,23.8177995,0.01918874,4,4,0,1
Zone_DH439,4474802631,90.3753668,23.8182412,0.04098131,3,3,0,0
Zone_DH439,4476506566,90.359723,23.8123899,0.00110314,4,3,0,1
Zone_DH439,4476506561,90.3618948,23.8117986,0.00652633,4,3,0,0
Zone_DH439,5777338834,90.3776863,23.8229152,0.02789761,3,4,0,0
Zone_DH439,7140594138,90.3680473,23.8151269,0.00319072,4,3,0,0
Zone_DH439,7140594140,90.3679526,23.8154886,0.04994618,3,3,0,0
Zone_DH439,7140594142,90.3686472,23.8157308,0.04849754,3,3,0,0
Zone_DH439,7140594144,90.3693851,23.8159406,0.05833269,3,3,0,0
Zone_DH439,7140594145,90.3677275,23.81585,0.00372128,4,3,0,0
Zone_DH439,7140594148,90.3685554,23.8160846,0.0495392,3,3,0,0
Zone_DH439,7140594149,90.369574,23.8152008,0.05775799,3,3,0,1
Zone_DH439,7140594150,90.3688483,23.8150245,0.0,4,1,0,0
Zone_DH439,11910394349,90.3545961,23.8253722,0.0,4,1,0,0
Zone_DH439,4948619758,90.3674545,23.8256249,0.0050159,4,4,0,0
Zone_DH439,6308925937,90.3768517,23.8230486,0.01924962,4,4,0,0
Zone_DH439,3093795317,90.3642249,23.81022,0.03700524,3,3,0,0
Zone_DH439,5084336630,90.3753493,23.8093839,0.00128517,4,3,0,1
Zone_DH439,3093795319,90.3637439,23.8130542,0.01288584,4,3,0,0
Zone_DH439,3093795320,90.3636139,23.8137976,0.01324625,4,3,0,0
Zone_DH439,5084336632,90.3746729,23.8092466,0.00404182,4,3,0,0
Zone_DH439,3093795322,90.3632999,23.8151305,0.00273777,4,3,0,0
Zone_DH439,6122934811,90.3596269,23.8136733,0.01535148,4,3,0,1
Zone_DH439,6122934813,90.3585541,23.8137243,0.0,4,1,0,0
Zone_DH439,6122934814,90.3597658,23.8131355,0.01750419,4,3,0,1
Zone_DH439,3771994657,90.3747419,23.8149456,0.0220093,4,3,0,0
Zone_DH439,6122934818,90.3607839,23.8148141,0.0,4,1,0,0
Zone_DH439,6122934819,90.3616358,23.8141534,0.00763434,4,3,0,0
Zone_DH439,3783479845,90.3699822,23.8260459,0.00449294,4,3,0,0
Zone_DH439,6122934821,90.3617297,23.8148248,0.00219168,4,3,0,0
Zone_DH439,3740078653,90.3687805,23.8182607,0.03184141,3,3,0,1
Zone_DH439,3770266180,90.3744409,23.8160426,0.02464358,4,3,0,1
Zone_DH439,3770266182,90.3728988,23.8154447,0.05218504,3,3,0,0
Zone_DH439,3811430997,90.3747172,23.8150386,0.02013847,4,3,0,0
Zone_DH439,3811430998,90.3755917,23.815262,0.01151543,4,3,0,0
Zone_DH439,11309036117,90.3591118,23.8136751,0.00110314,4,3,0,1
Zone_DH439,12299874903,90.3599162,23.8113292,0.01186123,4,3,0,1
Zone_DH439,12299874906,90.3601453,23.8112566,0.0,4,1,0,0
Zone_DH439,4526223963,90.3793312,23.8164262,0.00110923,4,2,0,0
Zone_DH439,3879367263,90.36382,23.8189761,0.0,4,1,0,0
Zone_DH439,3771994720,90.3738994,23.814398,0.0,4,1,0,0
Zone_DH439,12299874915,90.3594367,23.8121267,0.0,4,1,0,0
Zone_DH439,12299874916,90.3582818,23.812429,0.0,4,1,0,0
Zone_DH439,6087176805,90.3647485,23.8102214,0.07426862,2,3,0,0
Zone_DH439,3879367271,90.3610065,23.8171109,0.0,4,1,0,0
Zone_DH439,3879367272,90.3608807,23.8175065,0.00220568,4,3,0,1
Zone_DH439,5753606767,90.3560004,23.8171823,0.03344864,3,4,0,1
Zone_DH439,5753606769,90.3568498,23.8171558,0.0,4,1,0,0
Zone_DH439,3813405301,90.364776,23.8154087,0.03825267,3,3,0,0
Zone_DH439,4399968886,90.35392,23.8164057,0.00184649,4,3,0,0
Zone_DH439,3765842550,90.3779704,23.8194382,0.02739535,3,3,0,0
Zone_DH439,3813405302,90.3648761,23.8149883,0.03440263,3,3,0,0
Zone_DH439,3813405303,90.3634198,23.814685,0.00241206,4,3,0,0
Zone_DH439,12153500285,90.3589795,23.8099258,0.0,4,1,0,0
Zone_DH439,12153500286,90.3594276,23.8096498,0.0,4,1,0,0
Zone_DH439,3713266303,90.3651577,23.8090038,0.00307504,4,4,0,0
Zone_DH439,3781825159,90.3718401,23.8126945,0.0,4,1,0,0
Zone_DH439,12299874955,90.3594931,23.8114752,0.03852602,3,2,0,0
Zone_DH439,12299874956,90.3598439,23.8113313,0.04002732,3,3,0,0
Zone_DH439,12299874970,90.3605446,23.8105701,0.02968078,3,3,0,0
Zone_DH439,3781636770,90.3709084,23.8131124,0.01294094,4,3,0,1
Zone_DH439,3781636771,90.3713554,23.8131966,0.0,4,1,0,0
Zone_DH439,4206195375,90.3682753,23.8083654,0.0015707,4,2,0,0
Zone_DH439,4206195376,90.3681482,23.8088641,0.00263123,4,3,0,0
Zone_DH439,4206195377,90.3679887,23.8094076,0.00558025,4,3,0,0
Zone_DH439,4206195378,90.3678456,23.8099363,0.04776577,3,3,0,0
Zone_DH439,4206195379,90.3677056,23.8104114,0.05522295,3,3,0,0
Zone_DH439,4206195381,90.3674363,23.8114175,0.10441879,2,3,0,0
Zone_DH439,4206195382,90.3672986,23.8119326,0.09697896,2,3,0,0
Zone_DH439,4206195383,90.3671999,23.8124603,0.09728518,2,3,0,0
Zone_DH439,4206195384,90.3670572,23.8129569,0.07371431,2,3,0,0
Zone_DH439,3985642169,90.3639069,23.8143375,0.01675293,4,4,0,0
Zone_DH439,3985642168,90.3635205,23.8142572,0.01539166,4,3,0,0
Zone_DH439,3985642171,90.3649743,23.8145669,0.03138725,3,3,0,0
Zone_DH439,4206195388,90.3663751,23.8153887,0.02806838,3,3,0,0
Zone_DH439,4206195386,90.3666408,23.8143942,0.07555806,2,3,0,0
Zone_DH439,4427911889,90.3651085,23.8312762,0.00220507,4,2,0,1
Zone_DH439,3812152019,90.3782764,23.8148196,0.0,4,1,0,0
Zone_DH439,6122943217,90.3650167,23.820322,0.14836647,1,3,0,0
Zone_DH439,3779138296,90.3709008,23.8166985,0.00786995,4,3,0,1
Zone_DH439,3779138297,90.370296,23.8165613,0.0,4,1,0,0
Zone_DH439,6341006075,90.3644705,23.820548,0.04967983,3,3,0,1
Zone_DH439,6341006076,90.3644115,23.8212296,0.0,4,1,0,0
Zone_DH439,6122943230,90.3667922,23.8205928,0.08127468,2,3,0,0
Zone_DH439,3772125961,90.3710086,23.8105527,0.00658173,4,3,0,0
Zone_DH439,3713299210,90.3670473,23.8090151,0.00300869,4,3,0,0
Zone_DH439,3713299211,90.3679082,23.809226,0.00554677,4,3,0,0
Zone_DH439,3772125962,90.3718627,23.8107298,0.00824923,4,3,0,0
Zone_DH439,7159968532,90.3622408,23.8204197,0.0,4,1,0,0
Zone_DH439,4476424987,90.3727326,23.8269684,0.01455334,4,3,0,0
Zone_DH439,3804484379,90.3790713,23.8221748,0.00140998,4,2,0,0
Zone_DH439,3804484381,90.3768067,23.8232416,0.00653972,4,3,0,0
Zone_DH439,3804484382,90.3774775,23.8233454,0.00615313,4,3,0,0
Zone_DH439,3804484383,90.3774504,23.8235269,0.00620092,4,3,0,0
Zone_DH439,3712340780,90.37516,23.8110087,0.01504951,4,3,0,0
Zone_DH439,3784512309,90.3754721,23.8156225,0.01180035,4,3,0,0
Zone_DH439,11250856758,90.3551855,23.8245944,0.0,4,1,0,0
Zone_DH439,4297446202,90.3687899,23.8242343,0.01884659,4,3,0,0
Zone_DH439,4297446203,90.3692991,23.824287,0.00162123,4,3,0,0
Zone_DH439,3833738062,90.3577368,23.8171413,0.03937104,3,3,0,0
Zone_DH439,3833738063,90.357177,23.8187644,0.00248512,4,3,0,0
Zone_DH439,11250856788,90.3542103,23.8239699,0.00770009,4,3,0,1
Zone_DH439,11250856789,90.3545485,23.8239675,0.0,4,1,0,0
Zone_DH439,11250856790,90.3546115,23.8241061,0.0,4,1,0,0
Zone_DH439,11250856792,90.354464,23.8248275,0.0,4,1,0,0
Zone_DH439,11250856794,90.3545927,23.8243779,0.00220568,4,3,0,1
Zone_DH439,11250856795,90.3542054,23.8243743,0.0055072,4,3,0,1
Zone_DH439,7124087644,90.3572701,23.816998,0.03872084,3,3,0,1
Zone_DH439,4468962153,90.3724305,23.8245193,0.02544019,4,3,0,1
Zone_DH439,13031215983,90.3609177,23.813277,0.00329117,4,3,0,1
Zone_DH439,13031215984,90.3609371,23.8137569,0.00708764,4,3,0,0
Zone_DH439,4034278262,90.3550284,23.8121036,0.00170768,4,3,0,0
Zone_DH439,6359618425,90.3715546,23.8294553,0.003307,4,3,0,1
Zone_DH439,3772765054,90.3686017,23.8127916,0.04390598,3,3,0,0
Zone_DH439,11990610833,90.3612111,23.8229492,0.0,4,1,0,0
Zone_DH439,6102676379,90.3611487,23.8094849,0.04249174,3,4,0,0
Zone_DH439,6102676380,90.3661225,23.8156803,0.09323332,2,3,0,0
Zone_DH439,4585108382,90.3682008,23.8172978,0.00124682,4,3,0,0
Zone_DH439,4585108383,90.3673716,23.8171257,0.04315381,3,3,0,0
Zone_DH439,4585108384,90.3681586,23.8175806,0.00148303,4,3,0,0
Zone_DH439,4585108386,90.3683383,23.8168178,0.03682504,3,3,0,0
Zone_DH439,4585108387,90.3689239,23.8177456,0.03022992,3,3,0,0
Zone_DH439,3775394749,90.3777143,23.821962,0.01978414,4,3,0,0
Zone_DH439,4206162889,90.3686895,23.8185933,0.03325991,3,3,0,0
Zone_DH439,3772068825,90.372657,23.8163229,0.05310981,3,3,0,0
Zone_DH439,3772068828,90.3710269,23.8162239,0.00889212,4,3,0,0
Zone_DH439,3718517726,90.3697084,23.8085417,0.00055644,4,2,0,0
Zone_DH439,3879384057,90.3625673,23.8181039,0.00530142,4,4,0,0
Zone_DH439,3879384058,90.361299,23.81787,0.07590355,2,3,0,0
Zone_DH439,3813397503,90.3692243,23.8165673,0.10882954,1,3,0,1
Zone_DH439,3813397504,90.3701222,23.8167735,0.0,4,1,0,0
Zone_DH439,9792386048,90.3612026,23.8149305,0.0,4,1,0,0
Zone_DH439,4322833410,90.3767621,23.8195194,0.00798866,4,3,0,0
Zone_DH439,9792386050,90.3598563,23.8132935,0.0,4,1,0,0
Zone_DH439,9792386052,90.3603155,23.8132887,0.00111288,4,3,0,1
Zone_DH439,9792386051,90.3613663,23.8132683,0.0,4,1,0,0
Zone_DH439,9792386053,90.3603273,23.8137699,0.00164863,4,4,0,1
Zone_DH439,9792386054,90.3603412,23.8143337,0.00113237,4,3,0,1
Zone_DH439,9792386056,90.361738,23.8137399,0.0726827,2,3,0,0
Zone_DH439,9792386055,90.3597627,23.8137819,0.0,4,1,0,0
Zone_DH439,9792386058,90.3610385,23.8143357,0.00110314,4,3,0,1
Zone_DH439,9792386057,90.3598005,23.814338,0.0,4,1,0,0
Zone_DH439,6102479904,90.3672061,23.8206585,0.08708019,2,3,0,0
Zone_DH439,12617724973,90.3755935,23.8207916,0.00337518,4,3,0,0
Zone_DH439,12617724974,90.3753432,23.8207398,0.00061732,4,3,0,0
Zone_DH439,11308856369,90.3776161,23.8158218,0.0,4,1,0,0
Zone_DH439,11308856370,90.3765629,23.8152223,0.00220568,4,3,0,1
Zone_DH439,11308856371,90.3776814,23.8155354,0.0,4,1,0,0
Zone_DH439,11308856372,90.3771972,23.81518,0.0,4,1,0,0
Zone_DH439,6087144501,90.3619872,23.8104263,0.00436387,4,3,0,0
Zone_DH439,3768685622,90.3739798,23.8179522,0.04026536,3,3,0,0
Zone_DH439,6087144502,90.3620765,23.8099887,0.00132231,4,3,0,0
Zone_DH439,3768685629,90.3771502,23.8129872,0.00213871,4,3,0,0
Zone_DH439,3768685647,90.3741219,23.8173488,0.03489819,3,3,0,0
Zone_DH439,5620257899,90.3681165,23.8277425,0.01269103,4,3,0,0
Zone_DH439,4452742253,90.3638523,23.8177194,0.04481888,3,3,0,0
Zone_DH439,4452742254,90.3649219,23.8179225,0.0063169,4,3,0,0
Zone_DH439,4203738226,90.3710772,23.8211219,0.11071072,1,4,0,0
Zone_DH439,3785979004,90.3749615,23.8141154,0.02149913,4,3,0,0
Zone_DH439,3785979005,90.3758114,23.8142828,0.00987472,4,3,0,0
Zone_DH439,9916134528,90.3779833,23.8192638,0.02719019,4,3,0,0
Zone_DH439,3779105921,90.3746452,23.8129941,0.02100113,4,3,0,0
Zone_DH439,3779105922,90.375237,23.8131178,0.0228044,4,3,0,0
Zone_DH439,6087144594,90.3544896,23.8140559,0.00155366,4,2,0,0
Zone_DH439,3639252114,90.3707577,23.8172369,0.06364325,3,4,0,1
Zone_DH439,6292223140,90.3675767,23.8104948,0.13742483,1,4,0,0
Zone_DH439,6292223141,90.3676763,23.8105192,0.10649601,2,3,0,0
Zone_DH439,3779130538,90.3694938,23.809293,0.00240719,4,3,0,0
Zone_DH439,3779130539,90.3703486,23.8094915,0.00290275,4,3,0,0
Zone_DH439,11911935148,90.3735224,23.8187601,0.02763826,3,3,0,0
Zone_DH439,3779114158,90.3695411,23.8097567,0.04296843,3,3,0,0
Zone_DH439,3738571952,90.3701226,23.8134362,0.06447639,3,3,0,0
Zone_DH439,11370599607,90.3680265,23.8282114,0.01130844,4,3,0,1
Zone_DH439,11370599608,90.3682713,23.8282132,0.0,4,1,0,0
Zone_DH439,3779114174,90.3711002,23.8096571,0.02592754,4,3,0,0
Zone_DH439,3779114175,90.3719653,23.8098326,0.01796688,4,3,0,0
Zone_DH439,3779114176,90.3720584,23.8094972,0.00553459,4,3,0,0
Zone_DH439,3779114177,90.372093,23.8093685,0.00452947,4,3,0,0
Zone_DH439,3779114178,90.3719159,23.810012,0.00543475,4,3,0,0
Zone_DH439,3779114179,90.3726854,23.8101898,0.00940716,4,3,0,0
Zone_DH439,3779114180,90.3722277,23.808878,0.00370454,4,3,0,0
Zone_DH439,3779114181,90.3730091,23.8090588,0.00558147,4,3,0,0
Zone_DH439,3779114182,90.3722623,23.8087535,0.00245833,4,3,0,0
Zone_DH439,3779114183,90.3730489,23.8089383,0.00277186,4,3,0,0
Zone_DH439,3779114184,90.3723616,23.8083927,9.13e-06,4,2,0,0
Zone_DH439,3779114185,90.3731461,23.8085797,0.00212958,4,3,0,0
Zone_DH439,3779114186,90.3721225,23.8092616,0.00501529,4,3,0,0
Zone_DH439,3779114187,90.3729038,23.8094293,0.00705903,4,3,0,0
Zone_DH439,3779114188,90.3720183,23.8096401,0.01698489,4,3,0,0
Zone_DH439,3779114189,90.3728011,23.8097995,0.01474329,4,3,0,0
Zone_DH439,3779114191,90.3736694,23.8095828,0.01340576,4,3,0,0
Zone_DH439,3779114192,90.3736398,23.8098085,0.01682721,4,3,0,0
Zone_DH439,3779114193,90.3737323,23.8100011,0.01073374,4,3,0,0
Zone_DH439,3779114195,90.3735825,23.8106966,0.03796593,3,3,0,0
Zone_DH439,3779106005,90.374933,23.8142053,0.02798832,3,3,0,0
Zone_DH439,3737195749,90.3734418,23.8135127,0.03331714,3,3,0,0
Zone_DH439,4359927021,90.3591994,23.8195738,0.0,4,1,0,0
Zone_DH439,9916134652,90.3787716,23.8185022,0.00549076,4,3,0,0
Zone_DH439,9916134653,90.3780404,23.8184492,0.00875027,4,3,0,0
Zone_DH439,9916134654,90.3780562,23.8182665,0.00766417,4,3,0,0
Zone_DH439,9916134655,90.3787924,23.8183174,0.00439553,4,3,0,0
Zone_DH439,4359927041,90.356506,23.8198882,0.04508157,3,3,0,0
Zone_DH439,3762795781,90.3780985,23.8177106,0.00439249,4,3,0,0
Zone_DH439,3762795787,90.3788526,23.8177558,0.00111167,4,3,0,0
Zone_DH439,4025693453,90.3584268,23.8167806,0.00143859,4,4,0,1
Zone_DH439,4025693454,90.357465,23.816505,0.0,4,1,0,0
Zone_DH439,4359927053,90.3583229,23.8201045,0.05351314,3,3,0,0
Zone_DH439,4359927063,90.3566412,23.8202417,0.0257936,4,3,0,0
Zone_DH439,3770266905,90.3734483,23.8159349,0.0,4,1,0,0
Zone_DH439,3770266906,90.3728058,23.8157871,0.05319382,3,3,0,1
Zone_DH439,4359927067,90.359097,23.8202066,0.06268469,3,3,0,1
Zone_DH439,3779114270,90.3686354,23.8125436,0.00394745,4,3,0,0
Zone_DH439,3779114271,90.3694732,23.8127337,0.02211767,4,3,0,0
Zone_DH439,4982461730,90.3668635,23.8295892,0.0,4,1,0,0
Zone_DH439,12010108197,90.3608709,23.8116181,0.00521558,4,3,0,0
Zone_DH439,4982461734,90.3637581,23.8310157,0.00300503,4,3,0,1
Zone_DH439,3879327022,90.3641755,23.8187704,0.11279799,1,3,0,0
Zone_DH439,3879327024,90.3637233,23.8205081,0.05284376,3,3,0,0
Zone_DH439,3784512817,90.3745033,23.8158121,0.02790674,3,3,0,0
Zone_DH439,4359927091,90.3577985,23.8203535,0.02836304,3,3,0,1
Zone_DH439,4359927097,90.3582806,23.8204185,0.02965369,3,3,0,1
Zone_DH439,4359927098,90.3598357,23.8204357,0.06591864,3,3,0,1
Zone_DH439,6102676800,90.3608965,23.8106361,0.03765179,3,3,0,0
Zone_DH439,3779114306,90.3718315,23.8102975,0.02744284,3,3,0,0
Zone_DH439,4359927115,90.3577293,23.8208656,0.0,4,1,0,0
Zone_DH439,4359927116,90.3582144,23.8208802,0.0,4,1,0,0
Zone_DH439,4359927119,90.3583431,23.8210032,0.0,4,1,0,0
Zone_DH439,4359927120,90.3582395,23.8214588,0.0,4,1,0,0
Zone_DH439,5415671123,90.3681424,23.8147185,0.00414927,4,3,0,0
Zone_DH439,5415671124,90.3677636,23.8157032,0.00271981,4,3,0,0
Zone_DH439,5415671125,90.367632,23.8162393,0.00336453,4,4,0,0
Zone_DH439,11786466653,90.3569559,23.8260269,0.02550381,4,3,0,0
Zone_DH439,7867028833,90.3650032,23.8197849,0.16024536,1,3,0,0
Zone_DH439,7867028834,90.3650797,23.8195178,0.05426774,3,3,0,1
Zone_DH439,3797824867,90.3775365,23.8114541,0.00152017,4,3,0,1
Zone_DH439,7867028835,90.3649343,23.8200135,0.16105141,1,3,0,0
Zone_DH439,3853604204,90.368161,23.8140771,0.0,4,1,0,0
Zone_DH439,3772781933,90.3710296,23.8128204,0.0122046,4,3,0,1
Zone_DH439,3797824880,90.3783416,23.8120523,0.0,4,1,0,0
Zone_DH439,3944650112,90.3575475,23.8176902,0.00481621,4,4,0,0
Zone_DH439,5415671178,90.3680176,23.8152543,0.04964757,3,3,0,0
Zone_DH439,12336682379,90.3669305,23.827557,0.01947183,4,4,0,0
Zone_DH439,5415671179,90.3665132,23.8148907,0.0741499,2,3,0,0
Zone_DH439,12336682380,90.3669931,23.8272377,0.02985886,3,3,0,0
Zone_DH439,3234125217,90.3697147,23.827192,0.0,4,1,0,0
Zone_DH439,2880730529,90.3735496,23.826212,0.00384944,4,4,0,0
Zone_DH439,2880730530,90.3753005,23.8265228,0.00174238,4,3,0,0
Zone_DH439,3234125219,90.3716523,23.827505,0.00673149,4,3,0,0
Zone_DH439,3234125221,90.3717199,23.8271613,0.00272438,4,3,0,0
Zone_DH439,3234125220,90.371533,23.8278582,0.01046526,4,4,0,0
Zone_DH439,11301623203,90.3761949,23.8264385,0.00190189,4,3,0,1
Zone_DH439,4360869291,90.3616835,23.8187266,0.00924157,4,3,0,1
Zone_DH439,4360869296,90.3609856,23.8195519,0.08149354,2,4,0,0
Zone_DH439,4360869300,90.3614827,23.8196257,0.04515646,3,3,0,0
Zone_DH439,5813458369,90.3695409,23.8289656,0.00643196,4,4,0,0
Zone_DH439,5813458370,90.369695,23.8281238,0.01471528,4,3,0,0
Zone_DH439,5813458371,90.3680905,23.8278776,0.01742139,4,3,0,0
Zone_DH439,5813458373,90.3681404,23.8276176,0.0244996,4,3,0,0
Zone_DH439,5813458374,90.3682036,23.827322,0.03681591,3,3,0,0
Zone_DH439,5813458376,90.368483,23.8258329,0.03701194,3,3,0,0
Zone_DH439,5813458377,90.3700951,23.8253245,0.01929467,4,3,0,0
Zone_DH439,5813458378,90.3686198,23.8251201,0.0197671,4,4,0,0
Zone_DH439,4206196189,90.3660911,23.8164398,0.02784251,3,3,0,0
Zone_DH439,4206196190,90.3659487,23.8169605,0.02323999,4,3,0,0
Zone_DH439,4206196191,90.3658134,23.8174551,0.02363571,4,3,0,0
Zone_DH439,3448255968,90.3719914,23.8259655,0.0077074,4,3,0,0
Zone_DH439,3448255969,90.3721494,23.8259799,0.00716922,4,3,0,0
Zone_DH439,4206196193,90.3655242,23.8185124,0.06273005,3,3,0,0
Zone_DH439,3448255971,90.3720924,23.8263442,0.00743709,4,4,0,0
Zone_DH439,4206196196,90.3650398,23.8202394,0.06695268,2,3,0,0
Zone_DH439,3448255973,90.3719544,23.8268645,0.01388123,4,3,0,0
Zone_DH439,4206196194,90.365378,23.8190566,0.062699,3,3,0,0
Zone_DH439,4206196195,90.365244,23.8195367,0.06289443,3,3,0,0
Zone_DH439,4206196192,90.3656653,23.8179965,0.06251575,3,3,0,0
Zone_DH439,4206196204,90.3644207,23.8238341,0.09342722,2,3,0,0
Zone_DH439,3822761456,90.3742137,23.8169526,0.0329476,3,3,0,1
Zone_DH439,4206196210,90.3643642,23.8251838,0.05255428,3,3,0,0
Zone_DH439,4206196215,90.3643553,23.826725,0.02810978,3,3,0,0
Zone_DH439,11903530488,90.3586677,23.8257133,0.00586334,4,4,0,1
Zone_DH439,4206196216,90.3643235,23.8273035,0.01460813,4,3,0,0
Zone_DH439,11903530492,90.3586938,23.8258476,0.0,4,1,0,0
Zone_DH439,11903530493,90.3586952,23.8258709,0.00373498,4,3,0,1
Zone_DH439,11903530496,90.3586965,23.826042,0.00261601,4,4,0,1
Zone_DH439,11903530498,90.3586858,23.8261776,0.0,4,1,0,0
Zone_DH439,11250832913,90.3570368,23.8197641,0.01042021,4,3,0,1
Zone_DH439,11250832915,90.3568159,23.8197391,0.0,4,1,0,0
Zone_DH439,10188133913,90.3769787,23.8276701,0.00372859,4,3,0,0
Zone_DH439,3762738717,90.373608,23.8129493,0.02824036,3,3,0,0
Zone_DH439,11250832938,90.3563912,23.8194883,0.02433918,4,3,0,1
Zone_DH439,11250832940,90.3566399,23.8195027,0.0,4,1,0,0
Zone_DH439,4023186989,90.3581239,23.8270153,0.00252652,4,3,0,1
Zone_DH439,4023186990,90.359298,23.8270536,0.0,4,1,0,0
Zone_DH439,3784513079,90.3758416,23.8141689,0.00822122,4,3,0,0
Zone_DH439,11250832960,90.355214,23.8193955,0.00684412,4,3,0,0
Zone_DH439,11250832965,90.3560878,23.8195579,0.0079984,4,3,0,0
Zone_DH439,11250832966,90.35609,23.8198329,0.00110314,4,3,0,1
Zone_DH439,11250832967,90.3564881,23.8198284,0.03632826,3,3,0,0
Zone_DH439,11250832969,90.3553256,23.8198232,0.0,4,1,0,0
Zone_DH439,11250832973,90.3568168,23.8190371,0.00220568,4,3,0,1
Zone_DH439,11250832974,90.3566983,23.8193821,0.0,4,1,0,0
Zone_DH439,11040134738,90.3691951,23.8233245,0.01037455,4,4,0,0
Zone_DH439,11040134739,90.3688943,23.8247663,0.02906407,3,3,0,0
Zone_DH439,11040134740,90.3690165,23.824238,0.00068855,4,4,0,0
Zone_DH439,11040134741,90.3691004,23.8238275,0.00894569,4,4,0,0
Zone_DH439,11040134742,90.3692586,23.8230666,0.041721,3,4,0,0
Zone_DH439,11040134743,90.369577,23.8213396,0.00365279,4,4,0,0
Zone_DH439,4258010711,90.3781801,23.8161552,0.0,4,1,0,0
Zone_DH439,11040134744,90.3696269,23.821042,0.00921874,4,3,0,0
Zone_DH439,1747555936,90.3540213,23.8179332,0.00232927,4,3,0,0
Zone_DH439,1747555940,90.3551745,23.8171234,0.00767269,4,4,0,0
Zone_DH439,6481720938,90.3727389,23.8292043,0.00542196,4,4,0,0
Zone_DH439,4351571572,90.3615748,23.8285913,0.0,4,1,0,0
Zone_DH439,4364129915,90.3598197,23.8177624,0.06612471,2,4,0,0
Zone_DH439,264877700,90.3660943,23.8157605,0.09327472,2,3,0,0
Zone_DH439,11250833028,90.3574888,23.8163345,0.0,4,1,0,0
Zone_DH439,6122919568,90.3586925,23.8148822,0.0,4,1,0,0
Zone_DH439,7287101073,90.3744237,23.8217977,0.0307961,3,4,0,0
Zone_DH439,3779114642,90.3729336,23.8093134,0.00478333,4,3,0,0
Zone_DH439,3779114643,90.3736991,23.8094724,0.01090298,4,3,0,0
Zone_DH439,5253895826,90.3596999,23.8165867,0.00020821,4,3,0,0
Zone_DH439,6122919569,90.3597434,23.8147096,0.00220568,4,3,0,1
Zone_DH439,6122919570,90.3596786,23.8144259,0.0066006,4,3,0,1
Zone_DH439,4208400023,90.3683437,23.8198813,0.02733264,3,3,0,0
Zone_DH439,6122919572,90.3595695,23.8138963,0.01097665,4,3,0,1
Zone_DH439,4793554585,90.3707701,23.8226536,0.06048419,3,3,0,0
Zone_DH439,6122919573,90.3587328,23.8145803,0.0,4,1,0,0
Zone_DH439,4273927847,90.3686939,23.8247344,0.04328014,3,3,0,0
Zone_DH439,3779114668,90.3698826,23.8111826,0.01371807,4,3,0,0
Zone_DH439,6087186111,90.3619461,23.8109918,0.00570384,4,3,0,0
Zone_DH439,6087186112,90.3609438,23.8108343,0.00477481,4,3,0,0
Zone_DH439,2880681683,90.3757692,23.8277947,0.00602346,4,3,0,0
Zone_DH439,3779122907,90.3729682,23.8091787,0.00652694,4,3,0,0
Zone_DH439,3779122908,90.3737343,23.8093415,0.00939864,4,3,0,0
Zone_DH439,3639334624,90.3705107,23.8293661,0.00325099,4,3,0,0
Zone_DH439,3639334625,90.370771,23.8277372,0.00586517,4,3,0,0
Zone_DH439,3639334626,90.3696645,23.8282905,0.01153979,4,3,0,0
Zone_DH439,3639334627,90.3713989,23.828579,0.00301903,4,3,0,0
Zone_DH439,3639334628,90.369604,23.8286209,0.0087521,4,3,0,0
Zone_DH439,3639334629,90.3713892,23.8289206,0.00499154,4,3,0,0
Zone_DH439,3639334632,90.3732774,23.8273763,0.0,4,1,0,0
Zone_DH439,3639334633,90.3726643,23.8276605,0.01221251,4,4,0,0
Zone_DH439,3639334634,90.3727032,23.8272964,0.00666696,4,4,0,1
Zone_DH439,3639334635,90.3725774,23.8280163,0.00629255,4,3,0,0
Zone_DH439,3639334636,90.3741454,23.8279025,0.01043421,4,3,0,0
Zone_DH439,3639334637,90.3722557,23.8279748,0.01053527,4,3,0,0
Zone_DH439,3639334638,90.372009,23.82939,0.00461774,4,3,0,0
Zone_DH439,3639334639,90.373385,23.8288581,0.00858985,4,4,0,0
Zone_DH439,264877808,90.3619346,23.8141118,0.07612789,2,3,0,0
Zone_DH439,3639334641,90.3732625,23.8295306,0.00149521,4,3,0,0
Zone_DH439,4292515569,90.3645172,23.8226453,0.09452428,2,3,0,0
Zone_DH439,264877813,90.360861,23.8112127,0.00495075,4,3,0,0
Zone_DH439,3639334645,90.3721842,23.8284422,0.00876762,4,3,0,0
Zone_DH439,264877816,90.3612472,23.8094237,0.03786913,3,3,0,0
Zone_DH439,6087186179,90.3612528,23.8126499,0.05303005,3,4,0,0
Zone_DH439,386742031,90.3709872,23.8100893,0.0280492,3,3,0,0
Zone_DH439,3740063507,90.374835,23.8145982,0.02118864,4,4,0,1
Zone_DH439,4273977110,90.3675953,23.8249124,0.00686664,4,4,0,0
Zone_DH439,3779122970,90.3728355,23.8096743,0.01607047,4,3,0,0
Zone_DH439,3779122971,90.3703095,23.8096368,0.02551599,4,3,0,0
Zone_DH439,3779122972,90.3710649,23.8097921,0.02694058,4,3,0,0
Zone_DH439,4563130147,90.37288,23.8127191,0.00123099,4,3,0,1
Zone_DH439,4563130148,90.3728448,23.8130935,0.00312436,4,4,0,1
Zone_DH439,3769956135,90.3778816,23.8203711,0.02311854,4,3,0,0
Zone_DH439,4255684399,90.3777437,23.816029,0.00219655,4,3,0,1
Zone_DH439,3639400251,90.3569695,23.8230463,0.02398425,4,3,0,0
Zone_DH439,3639400255,90.3569734,23.8225535,0.0221822,4,3,0,0
Zone_DH439,3639400257,90.3569752,23.8223134,0.02142364,4,3,0,0
Zone_DH439,3639400264,90.356979,23.8218224,0.04244091,3,3,0,0
Zone_DH439,3639400275,90.3562999,23.8191357,0.02261993,4,3,0,0
Zone_DH439,3639400277,90.3562177,23.8188774,0.02218038,4,3,0,0
Zone_DH439,3639400278,90.3546967,23.8192297,0.00590048,4,3,0,0
Zone_DH439,3810858838,90.374872,23.8144622,0.02241781,4,3,0,0
Zone_DH439,3639400281,90.3560908,23.8183276,0.02155879,4,4,0,1
Zone_DH439,3779114861,90.3700112,23.8107391,0.01570884,4,3,0,0
Zone_DH439,3876665206,90.3662832,23.8150861,0.05409058,3,3,0,0
Zone_DH439,3876665207,90.3649162,23.8148113,0.03153823,3,3,0,0
Zone_DH439,3734869881,90.3627378,23.8095673,0.03834338,3,3,0,0
Zone_DH439,3734869882,90.3612767,23.8092981,0.03770354,3,3,0,0
Zone_DH439,4217067388,90.3784253,23.8221679,0.00311218,4,3,0,0
Zone_DH439,3797784503,90.3765729,23.8114069,0.00677837,4,4,0,0
Zone_DH439,3797784504,90.3761385,23.8114406,0.00169003,4,3,0,1
Zone_DH439,3755415483,90.3786962,23.819496,0.00151591,4,3,0,0
Zone_DH439,3797784508,90.3756719,23.8115366,0.0,4,1,0,0
Zone_DH439,3797784510,90.3766075,23.8116197,0.00767452,4,3,0,0
Zone_DH439,11299149759,90.3708625,23.8221627,0.06018953,3,3,0,0
Zone_DH439,3797784514,90.3766219,23.8116963,0.0085244,4,3,0,1
Zone_DH439,12153526213,90.3584292,23.8093653,0.0,4,1,0,0
Zone_DH439,3767449542,90.3745165,23.8134207,0.01546654,4,3,0,0
Zone_DH439,4476417993,90.3726725,23.8253759,0.01390436,4,4,0,0
Zone_DH439,4476417994,90.3726428,23.8256948,0.00731959,4,3,0,0
Zone_DH439,4476417995,90.3735977,23.8278105,0.01276165,4,4,0,0
Zone_DH439,4476417997,90.373537,23.828179,0.00483934,4,3,0,0
Zone_DH439,4476417999,90.3734402,23.828652,0.00658568,4,3,0,0
Zone_DH439,2880747489,90.3746348,23.828342,0.00614704,4,3,0,0
Zone_DH439,2880747490,90.3743898,23.8297486,0.00143311,4,3,0,0
Zone_DH439,4476418019,90.3720677,23.8290285,0.00556381,4,3,0,0
Zone_DH439,386742250,90.3731805,23.8084472,0.00065629,4,2,0,0
Zone_DH439,386742252,90.3726074,23.8104787,0.03264746,3,3,0,0
Zone_DH439,8991627264,90.3754125,23.829555,0.00023073,4,3,0,0
Zone_DH439,8902834181,90.3726361,23.8181713,0.03810884,3,3,0,0
Zone_DH439,8902834182,90.3736341,23.8184211,0.02105653,4,3,0,0
Zone_DH439,8902834183,90.3725483,23.8185073,0.02429048,4,3,0,0
Zone_DH439,6341195784,90.3542878,23.8148689,0.00158044,4,3,0,0
Zone_DH439,476002327,90.3616464,23.8262671,0.00617444,4,3,0,0
Zone_DH439,476002331,90.3626481,23.8262871,0.00488866,4,3,0,0
Zone_DH439,476002333,90.3625985,23.8272958,0.00195303,4,3,0,0
Zone_DH439,3833739295,90.357945,23.8177969,0.0016882,4,3,0,0
Zone_DH439,3833739296,90.3574713,23.8192192,0.01619893,4,3,0,0
Zone_DH439,476002337,90.3598179,23.8252663,0.02946101,3,3,0,0
Zone_DH439,476002341,90.359777,23.8278912,0.02440919,4,3,0,0
Zone_DH439,11575613486,90.3757272,23.8117618,0.0,4,1,0,0
Zone_DH439,476002353,90.3620428,23.8248586,0.01177539,4,3,0,0
Zone_DH439,3803682866,90.3779558,23.8196337,0.02925341,3,3,0,0
Zone_DH439,11575613490,90.3734759,23.8133982,0.0321379,3,3,0,1
Zone_DH439,11575613489,90.3734212,23.813382,0.0,4,1,0,0
Zone_DH439,476002357,90.3608955,23.8267316,0.01914856,4,3,0,0
Zone_DH439,3967473718,90.3714244,23.8147353,0.02971914,3,3,0,0
Zone_DH439,476002359,90.3608918,23.8276891,0.01675659,4,3,0,0
Zone_DH439,3781630008,90.3710998,23.8125525,0.01173947,4,3,0,1
Zone_DH439,476002362,90.3636105,23.8263064,0.00679785,4,3,0,0
Zone_DH439,264878139,90.3647107,23.821575,0.15454213,1,3,0,0
Zone_DH439,476002364,90.3635746,23.8278782,0.04775237,3,3,0,0
Zone_DH439,4329740349,90.3639588,23.8119619,0.01487722,4,3,0,0
Zone_DH439,476002366,90.3640864,23.827898,0.06066561,3,4,0,0
Zone_DH439,3713308739,90.3635927,23.8096311,0.03905507,3,3,0,0
Zone_DH439,3713308743,90.3627542,23.8094826,0.03790505,3,3,0,0
Zone_DH439,476002377,90.3635989,23.8268221,0.00121395,4,3,0,0
Zone_DH439,476002379,90.3635878,23.8273192,0.00099904,4,3,0,0
Zone_DH439,476002380,90.3616244,23.8272728,0.00691291,4,3,0,0
Zone_DH439,4329740369,90.365447,23.8121469,0.01137602,4,3,0,0
Zone_DH439,6473979986,90.3665386,23.8220585,0.00723132,4,3,0,0
Zone_DH439,4329740373,90.3654044,23.8122248,0.01166398,4,3,0,0
Zone_DH439,3772782687,90.3701502,23.8134439,0.04759622,3,3,0,0
Zone_DH439,3772782688,90.3703631,23.8126955,0.00966925,4,3,0,0
Zone_DH439,4526086240,90.355208,23.8272496,0.0,4,1,0,0
Zone_DH439,3772782690,90.3695488,23.8124999,0.0233718,4,3,0,0
Zone_DH439,4526086247,90.3558892,23.8272248,0.00245346,4,3,0,1
Zone_DH439,4526086251,90.3558997,23.8266523,0.00637534,4,3,0,1
Zone_DH439,4464326769,90.3618235,23.8289505,0.0,4,1,0,0
Zone_DH439,11780552832,90.356955,23.826248,0.02504052,4,3,0,1
Zone_DH439,3759241346,90.3780724,23.81808,0.00657199,4,3,0,0
Zone_DH439,3784513683,90.3757078,23.8146737,0.01277261,4,4,0,1
Zone_DH439,3784513684,90.375689,23.8147941,0.01258509,4,3,0,0
Zone_DH439,4563228820,90.3757422,23.8269649,0.0,4,1,0,0
Zone_DH439,3797784743,90.3762773,23.8115689,0.00185684,4,3,0,0
Zone_DH439,11992111271,90.3654084,23.8106797,0.00341415,4,3,0,0
Zone_DH439,7160174767,90.3606135,23.8170348,0.0,4,1,0,0
Zone_DH439,8960915648,90.3662146,23.8205012,0.08228285,2,3,0,0
Zone_DH439,8960915649,90.3661199,23.8210397,0.00676437,4,3,0,0
Zone_DH439,8960915650,90.3663977,23.8205302,0.0822311,2,3,0,0
Zone_DH439,8960915651,90.3663101,23.8210675,0.00779385,4,3,0,0
Zone_DH439,3448207563,90.3744455,23.82304,0.02649037,4,3,0,0
Zone_DH439,3797833979,90.3766707,23.8129509,0.01094864,4,3,0,0
Zone_DH439,4360468782,90.3626281,23.8178406,0.00469445,4,4,0,0
Zone_DH439,5458483512,90.3588597,23.8282803,0.0037916,4,3,0,0
Zone_DH439,3713300813,90.3651486,23.8086086,0.00227386,4,4,0,0
Zone_DH439,6087096664,90.361074,23.808295,0.0,4,1,0,0
Zone_DH439,3639253337,90.3666042,23.8139119,0.05525887,3,3,0,0
Zone_DH439,3639253339,90.3636869,23.8133947,0.01519806,4,3,0,0
Zone_DH439,11984968041,90.3620399,23.8208703,0.0,4,1,0,0
Zone_DH439,4217059691,90.3756443,23.8205905,0.00546702,4,4,0,0
Zone_DH439,4217059694,90.3764577,23.8207671,0.00229091,4,4,0,0
Zone_DH439,386742645,90.3754394,23.8095405,0.00039633,4,2,0,0
Zone_DH439,4217059702,90.3763507,23.8211722,0.0092647,4,3,0,0
Zone_DH439,386742648,90.3754134,23.8101653,0.00066298,4,2,0,0
Zone_DH439,6087186809,90.3636791,23.8134379,0.01562422,4,3,0,0
Zone_DH439,6087186808,90.3614797,23.8130846,0.00719661,4,3,0,0
Zone_DH439,9620167035,90.3571192,23.8169559,0.03720189,3,3,0,0
Zone_DH439,9620167036,90.3613094,23.8181791,0.05951985,3,3,0,0
Zone_DH439,9620167033,90.3599129,23.817851,0.02123552,4,3,0,1
Zone_DH439,9620167038,90.3604575,23.8180134,0.02269177,4,3,0,1
Zone_DH439,9620167040,90.3598037,23.8178176,0.019954,4,3,0,0
Zone_DH439,9620167041,90.3593306,23.817681,0.04001636,3,4,0,0
Zone_DH439,9620167042,90.3582366,23.8173649,0.02224795,4,3,0,0
Zone_DH439,9620167043,90.3577088,23.8172225,0.02296999,4,4,0,0
Zone_DH439,9620167044,90.357093,23.8170407,0.01705672,4,3,0,0
Zone_DH439,9620167045,90.3612285,23.8182023,0.06687871,2,4,0,0
Zone_DH439,3737229718,90.3731014,23.8146912,0.05534471,3,3,0,0
Zone_DH439,11992070565,90.3687715,23.8121721,0.00357487,4,3,0,0
Zone_DH439,11982477735,90.3550889,23.8274955,0.0,4,1,0,0
Zone_DH439,3811391916,90.3747557,23.8148921,0.02109732,4,3,0,0
Zone_DH439,6087129517,90.3678385,23.829178,0.00670836,4,3,0,0
Zone_DH439,6087129518,90.3657644,23.8288554,0.00457452,4,3,0,0
Zone_DH439,3811391917,90.3756395,23.8151223,0.0108762,4,3,0,0
Zone_DH439,11982477747,90.3546978,23.8273837,0.00220568,4,3,0,1
Zone_DH439,8902834613,90.3725891,23.8165628,0.05376,3,3,0,0
Zone_DH439,8958990779,90.3697407,23.8117528,0.01556638,4,3,0,0
Zone_DH439,7287134671,90.3787299,23.8190803,0.00165472,4,3,0,0
Zone_DH439,9776298454,90.3639514,23.8292724,0.00259166,4,3,0,0
Zone_DH439,3713309144,90.3629052,23.8087028,0.00167663,4,3,0,0
Zone_DH439,3792230873,90.3727522,23.8134158,0.00278586,4,3,0,0
Zone_DH439,3781630445,90.3723086,23.8133644,0.00442719,4,3,0,1
Zone_DH439,3781630447,90.3722396,23.8137821,0.03887243,3,3,0,0
Zone_DH439,3755416078,90.3786743,23.8196858,0.00217889,4,3,0,0
Zone_DH439,3734870547,90.3611637,23.8098402,0.00409722,4,3,0,0
Zone_DH439,3763313210,90.3779014,23.8201868,0.02292798,4,3,0,0
Zone_DH439,7124138559,90.3621296,23.8195211,0.0,4,1,0,0
Zone_DH439,6102473291,90.3569039,23.8210899,0.04489376,3,3,0,0
Zone_DH439,3740072529,90.3691968,23.8166779,0.10932814,1,3,0,0
Zone_DH439,3448199787,90.3728902,23.8221279,0.03086977,3,4,0,0
Zone_DH439,3448199788,90.3743274,23.8223439,0.02591475,4,3,0,0
Zone_DH439,6087088765,90.359495,23.8084688,0.0,4,1,0,0
Zone_DH439,3448199806,90.3742303,23.8229886,0.0272672,3,3,0,0
Zone_DH439,3812145791,90.3745455,23.8133292,0.01482548,4,3,0,0
Zone_DH439,3812145790,90.3751442,23.8134597,0.0199954,4,3,0,0
Zone_DH439,7287110287,90.3701081,23.8225384,0.00110314,4,3,0,1
Zone_DH439,2880985749,90.3746178,23.8252075,0.00769583,4,3,0,0
Zone_DH439,11308808868,90.3764908,23.8154874,0.0044071,4,3,0,1
Zone_DH439,3772119771,90.3700545,23.8105773,0.01016938,4,3,0,0
Zone_DH439,3772119772,90.370945,23.8107775,0.00827419,4,3,0,0
Zone_DH439,4359944927,90.3593733,23.8210156,0.0,4,1,0,0
Zone_DH439,4359944930,90.359724,23.8210727,0.00220568,4,3,0,1
Zone_DH439,4359944934,90.3587081,23.821224,0.00880019,4,3,0,1
Zone_DH439,4359944935,90.3582893,23.8212398,0.00220568,4,3,0,1
Zone_DH439,4359944936,90.3591022,23.8212792,0.00220568,4,3,0,1
Zone_DH439,4359944937,90.3586946,23.8213152,0.0044071,4,3,0,1
Zone_DH439,4526086915,90.3707151,23.8280646,0.01343467,4,3,0,0
Zone_DH439,4526086916,90.3697323,23.8279201,0.02025627,4,4,0,0
Zone_DH439,2880715534,90.3742152,23.8271891,0.02136398,4,4,0,0
Zone_DH439,2931022647,90.3745103,23.829036,0.00619118,4,4,0,0
Zone_DH439,10991508287,90.3590643,23.8086795,1.096e-05,4,2,0,0
Zone_DH439,10991508289,90.358779,23.8094681,0.00110314,4,3,0,1
Zone_DH439,10991508293,90.359299,23.8087835,0.00162732,4,3,0,0
Zone_DH439,10991508294,90.3604138,23.8092289,0.01048596,4,3,0,0
Zone_DH439,10991508296,90.3597432,23.8089825,0.00941021,4,3,0,1
Zone_DH439,10991508297,90.3594844,23.8100704,0.0,4,1,0,0
Zone_DH439,10991508298,90.3590875,23.8095564,0.00439614,4,4,0,1
Zone_DH439,3833740107,90.3577909,23.8182498,0.01249743,4,3,0,0
Zone_DH439,3833740108,90.3585066,23.8184438,0.01159519,4,3,0,0
Zone_DH439,10991508299,90.3593523,23.8088108,0.00725019,4,3,0,0
Zone_DH439,3735411550,90.3732078,23.8143005,0.05279567,3,3,0,0
Zone_DH439,3740064611,90.366235,23.8159129,0.02744984,3,3,0,0
Zone_DH439,7432256369,90.3792186,23.8161169,1.096e-05,4,2,0,0
Zone_DH439,8959015818,90.3702217,23.8126628,0.01544554,4,3,0,0
Zone_DH439,8959015819,90.3703337,23.8122964,0.01721136,4,3,0,0
Zone_DH439,11898764196,90.3590506,23.8124427,0.0,4,1,0,0
Zone_DH439,11909372850,90.359127,23.8254556,0.0,4,1,0,0
Zone_DH439,8912681930,90.366358,23.8229306,0.00050348,4,3,0,0
Zone_DH439,8912681931,90.3664639,23.8224015,0.0485706,3,4,0,0
Zone_DH439,3448257484,90.3763471,23.8256087,0.00813356,4,3,0,0
Zone_DH439,3448257485,90.3755263,23.8254796,0.00681124,4,4,0,0
Zone_DH439,3448257486,90.3745967,23.8253213,0.00715704,4,4,0,0
Zone_DH439,3448257487,90.3737233,23.8252036,0.01693557,4,4,0,0
Zone_DH439,12632865759,90.3742969,23.821196,0.0,4,1,0,0
Zone_DH439,12632865760,90.3749185,23.8198821,0.0,4,1,0,0
Zone_DH439,12632865770,90.374826,23.82006,0.00110314,4,3,0,1
Zone_DH439,3833756662,90.3582615,23.8172885,0.04117004,3,4,0,0
Zone_DH439,3833756664,90.3595334,23.8170822,0.00011872,4,3,0,0
Zone_DH439,12632865789,90.3743653,23.8210427,0.00378795,4,3,0,1
Zone_DH439,3713285125,90.3680757,23.8086358,0.00110314,4,3,0,1
Zone_DH439,4476468232,90.358003,23.8216317,0.0,4,1,0,0
Zone_DH439,4476468233,90.3584815,23.8219152,0.0,4,1,0,0
Zone_DH439,4476468234,90.3579836,23.8221907,0.00182761,4,3,0,1
Zone_DH439,4476468235,90.3590988,23.8278495,0.0242716,4,3,0,0
Zone_DH439,3448192011,90.3758689,23.823636,0.00301614,4,4,0,0
Zone_DH439,3639409677,90.3539592,23.8176912,0.00250399,4,3,0,0
Zone_DH439,3448192012,90.3767066,23.8237878,0.00714228,4,3,0,0
Zone_DH439,3639409673,90.3560553,23.818028,0.02222056,4,3,0,0
Zone_DH439,4359584784,90.3629788,23.8207987,0.00684655,4,3,0,0
Zone_DH439,3639409681,90.3559826,23.8168393,0.01870961,4,3,0,0
Zone_DH439,4359584785,90.3639018,23.8208371,0.00279865,4,3,0,0
Zone_DH439,3639409683,90.3559905,23.8164928,0.05337463,3,3,0,0
Zone_DH439,3639409679,90.355746,23.8178415,0.0,4,1,0,0
Zone_DH439,3639409685,90.3559999,23.8161675,0.05021375,3,3,0,0
Zone_DH439,4206214158,90.3680124,23.8146903,0.00448046,4,3,0,1
Zone_DH439,3639409687,90.3560166,23.8158437,0.04908808,3,3,0,0
Zone_DH439,4476468241,90.3590648,23.8283024,0.00169185,4,3,0,0
Zone_DH439,3639409689,90.3560314,23.815492,0.04244669,3,3,0,0
Zone_DH439,4476468243,90.3590561,23.8284181,0.00209975,4,3,0,0
Zone_DH439,3639409691,90.3539861,23.8150885,0.00016072,4,2,0,0
Zone_DH439,10800585756,90.3729374,23.8210534,0.05548656,3,3,0,0
Zone_DH439,10800585755,90.3736111,23.821211,0.02550259,4,4,0,1
Zone_DH439,10800585758,90.3730905,23.8204006,0.05591028,3,3,0,0
Zone_DH439,10800585759,90.3737913,23.820555,0.00170829,4,4,0,0
Zone_DH439,10800585760,90.3739649,23.8198609,0.00089981,4,3,0,0
Zone_DH439,10800585761,90.3738692,23.820216,0.00184405,4,4,0,0
Zone_DH439,10800585762,90.3735315,23.821528,0.07663746,2,3,0,0
Zone_DH439,4789877786,90.3702489,23.8234955,0.0,4,1,0,0
Zone_DH439,10800585764,90.3780192,23.818306,0.0,4,1,0,0
Zone_DH439,11910446116,90.355279,23.8253808,0.00110314,4,3,0,1
Zone_DH439,10800585757,90.3745134,23.8207231,0.00197921,4,3,0,0
Zone_DH439,10800585768,90.3763936,23.8184592,0.05679669,3,3,0,0
Zone_DH439,3782794288,90.3736309,23.8104048,0.01129566,4,3,0,0
Zone_DH439,3782794289,90.3743108,23.8105652,0.00851527,4,3,0,0
Zone_DH439,3797785663,90.3773069,23.8117405,0.0,4,1,0,0
Zone_DH439,4273830992,90.3616128,23.8278023,0.04252705,3,3,0,0
Zone_DH439,3713367130,90.3642902,23.8089966,0.0030306,4,3,0,0
Zone_DH439,3810114651,90.3740099,23.8115625,0.04049732,3,3,0,1
Zone_DH439,3810114652,90.3751477,23.811778,0.0,4,1,0,0
Zone_DH439,4292869213,90.3648049,23.8210579,0.15440332,1,3,0,0
Zone_DH439,3772087393,90.3730849,23.8147603,0.05523391,3,3,0,0
Zone_DH439,3772087394,90.3725171,23.8146348,7.793e-05,4,3,0,0
Zone_DH439,3737255009,90.3734857,23.8167573,0.01260153,4,3,0,0
Zone_DH439,3313532004,90.366499,23.8247282,0.01763752,4,3,0,0
Zone_DH439,4273831012,90.3615919,23.8283176,0.00767026,4,3,0,1
Zone_DH439,4292869218,90.3666945,23.8211235,0.00828576,4,4,0,0
Zone_DH439,4292869242,90.3666516,23.8214008,0.00131135,4,4,0,0
Zone_DH439,2880707712,90.3769396,23.8286984,0.00141576,4,3,0,0
Zone_DH439,10920565888,90.3617871,23.8302597,0.0,4,1,0,0
Zone_DH439,3740073090,90.3688128,23.8181448,0.03088742,3,3,0,0
Zone_DH439,11991448707,90.3602264,23.824315,0.07673517,2,3,0,1
Zone_DH439,10920565891,90.3637816,23.8303039,0.0042202,4,3,0,1
Zone_DH439,11991448705,90.3602297,23.8240521,0.0,4,1,0,0
Zone_DH439,3740073096,90.3681123,23.8207479,0.10318901,2,3,0,0
Zone_DH439,2880617609,90.3769665,23.8280062,0.00465153,4,3,0,0
Zone_DH439,4292869256,90.3683463,23.8232318,0.01055292,4,3,0,0
Zone_DH439,4292869257,90.3680881,23.8245993,0.02786595,3,3,0,0
Zone_DH439,3759242387,90.3780254,23.8186223,0.01680894,4,3,0,0
Zone_DH439,3804478620,90.3781256,23.8227244,0.0,4,1,0,0
Zone_DH439,3804478621,90.3783648,23.8227444,0.00793143,4,3,0,1
Zone_DH439,3158138019,90.3745354,23.8256516,0.00515409,4,4,0,0
Zone_DH439,3158138020,90.3744663,23.8260241,0.0200581,4,4,0,0
Zone_DH439,3158138021,90.3744031,23.8263642,0.01780372,4,4,0,0
Zone_DH439,3158138022,90.3743426,23.8266904,0.01628051,4,4,0,1
Zone_DH439,6102449324,90.3568336,23.8186701,0.00138684,4,3,0,1
Zone_DH439,12617735349,90.3751639,23.8204579,0.0042549,4,3,0,0
Zone_DH439,3781647542,90.3694257,23.810145,0.04318943,3,3,0,0
Zone_DH439,3781647543,90.3693805,23.8102749,0.04411054,3,3,0,0
Zone_DH439,3781647544,90.3693113,23.81055,0.00782368,4,3,0,0
Zone_DH439,3713318073,90.3639817,23.8085943,0.00330761,4,3,0,0
Zone_DH439,3781647546,90.3696705,23.8119664,0.02039873,4,3,0,0
Zone_DH439,12617735355,90.3750975,23.8209073,0.00951979,4,3,0,0
Zone_DH439,12617735356,90.3753815,23.8205099,0.00308844,4,3,0,0
Zone_DH439,3713309890,90.363739,23.8088512,0.0040132,4,3,0,0
Zone_DH439,12617735363,90.3753088,23.8209501,0.00897553,4,3,0,0
Zone_DH439,6102449377,90.3560336,23.8175688,0.02444267,4,3,0,1
Zone_DH439,12098362593,90.3608095,23.814335,0.00170038,4,3,0,0
Zone_DH439,6102449379,90.356506,23.8183114,0.0,4,1,0,0
Zone_DH439,6102449380,90.3561941,23.8187527,0.02232345,4,3,0,1
Zone_DH439,7129742563,90.3777729,23.8213803,0.03085394,3,3,0,0
Zone_DH439,6102449378,90.3567145,23.817522,0.0,4,1,0,0
Zone_DH439,6102449381,90.3564813,23.8186964,0.0,4,1,0,0
Zone_DH439,264887534,90.3702345,23.8099162,0.04794171,3,4,0,0
Zone_DH439,7432142087,90.3784717,23.8216102,0.00355295,4,3,0,0
Zone_DH439,3737689355,90.3671753,23.8178589,0.04456805,3,3,0,0
Zone_DH439,4526095631,90.3715774,23.8271399,0.00224282,4,3,0,0
Zone_DH439,4526095636,90.3756473,23.8273044,0.00395171,4,3,0,1
Zone_DH439,9984417056,90.3677868,23.8231592,0.01370772,4,3,0,0
Zone_DH439,11306433825,90.3624645,23.8109408,0.00040059,4,3,0,0
Zone_DH439,11306433826,90.3625403,23.8105022,0.00690439,4,3,0,0
Zone_DH439,6179298610,90.3653407,23.8239959,0.03241368,3,3,0,0
Zone_DH439,6179298611,90.3651798,23.8247895,0.00740848,4,3,0,0
Zone_DH439,6179298612,90.3663624,23.825467,0.01344898,4,3,0,0
Zone_DH439,3812130105,90.3623559,23.8146993,0.07752326,2,3,0,0
Zone_DH439,4948622656,90.3642578,23.8277852,0.05246509,3,3,0,0
Zone_DH439,5492718928,90.3613034,23.8287112,0.0,4,1,0,0
Zone_DH439,4584955218,90.3566677,23.8203192,0.02489806,4,3,0,0
Zone_DH439,5492718930,90.3611965,23.828655,0.00402234,4,3,0,1
Zone_DH439,6346931540,90.3582545,23.8107272,0.0,4,1,0,0
Zone_DH439,6346931541,90.3569737,23.8111231,0.0434987,3,3,0,1
Zone_DH439,5492718932,90.3612085,23.8283144,0.00601676,4,3,0,0
Zone_DH439,6346931543,90.356135,23.8143043,0.03793305,3,3,0,1
Zone_DH439,4584955220,90.3565649,23.8200756,0.02914321,3,3,0,0
Zone_DH439,6346931544,90.3567873,23.8144528,0.0,4,1,0,0
Zone_DH439,3639393675,90.3569677,23.823287,0.02037711,4,3,0,0
Zone_DH439,3755425163,90.3788623,23.8175749,1.218e-05,4,2,0,0
Zone_DH439,3639393677,90.3545715,23.8235394,0.02183154,4,3,0,1
Zone_DH439,5458484621,90.358096,23.8282721,0.00328204,4,3,0,1
Zone_DH439,3770244505,90.3742958,23.8166361,0.03091725,3,3,0,0
Zone_DH439,3768663451,90.3736898,23.8126717,0.02745562,3,3,0,0
Zone_DH439,3768663452,90.3746877,23.8128251,0.01334305,4,3,0,0
Zone_DH439,9878994336,90.3592532,23.8260671,0.0,4,1,0,0
Zone_DH439,6122954146,90.3729705,23.8215729,0.03415789,3,3,0,0
Zone_DH439,6122954147,90.3718114,23.8213955,0.02689157,4,3,0,0
Zone_DH439,6122954148,90.3710321,23.8212617,0.03995275,3,4,0,0
Zone_DH439,6122954149,90.3675643,23.8207153,0.09864889,2,4,0,0
Zone_DH439,4399963563,90.3539091,23.8167489,0.00122125,4,3,0,0
Zone_DH439,9495084464,90.3651069,23.8123707,0.00203582,4,3,0,0
Zone_DH439,9495084465,90.3649938,23.8127769,0.00277795,4,4,0,0
Zone_DH439,3755408818,90.3787213,23.8193127,0.00131014,4,3,0,0
Zone_DH439,9495084466,90.3649451,23.8131112,0.00202182,4,3,0,0
Zone_DH439,3812138423,90.3766099,23.8129399,0.0106272,4,3,0,0
Zone_DH439,9613049276,90.3677772,23.818421,0.00106479,4,4,0,0
Zone_DH439,9613049277,90.3686592,23.8186153,0.02762791,3,3,0,0
Zone_DH439,9613049278,90.3670641,23.8182602,0.04543559,3,4,0,0
Zone_DH439,12336733630,90.3642195,23.8293036,0.00951431,4,3,0,0
Zone_DH439,12336733638,90.3642244,23.8279069,0.05635349,3,3,0,0
Zone_DH439,3779132876,90.3714609,23.8146067,0.02747023,3,3,0,1
Zone_DH439,3779132877,90.3708509,23.814457,0.0,4,1,0,0
Zone_DH439,3779132879,90.3715143,23.8144193,0.02694423,4,3,0,1
Zone_DH439,3779132880,90.3711271,23.8143328,0.0,4,1,0,0
Zone_DH439,12336733651,90.3645467,23.8293812,0.00440527,4,3,0,1
Zone_DH439,12336733652,90.3645503,23.8293068,0.01210841,4,3,0,0
Zone_DH439,3772087780,90.3718113,23.8139949,0.05061921,3,3,0,0
Zone_DH439,3772087795,90.369626,23.8121137,0.02062246,4,3,0,0
Zone_DH439,3779132930,90.3696025,23.8150893,0.05766362,3,3,0,0
Zone_DH439,3448192555,90.3760929,23.822502,0.00202,4,4,0,0
Zone_DH439,4454391351,90.3620183,23.8104331,0.00940108,4,3,0,0
Zone_DH439,4454391352,90.3629641,23.8104508,0.03030358,3,3,0,0
Zone_DH439,4454391358,90.36192,23.8113984,0.00600276,4,3,0,0
Zone_DH439,4454391360,90.3627007,23.8116544,0.02346068,4,4,0,0
Zone_DH439,4454391361,90.3617936,23.8123569,0.02847353,3,3,0,0
Zone_DH439,4454391362,90.3625441,23.8124683,0.02045443,4,3,0,0
Zone_DH439,3713285710,90.3677681,23.8098282,0.00727576,4,3,0,0
Zone_DH439,8904949333,90.3683704,23.8197932,0.03013434,3,3,0,0
Zone_DH439,5458632341,90.3605406,23.8292504,0.00359009,4,3,0,0
Zone_DH439,12663013017,90.3610201,23.8123615,0.02559939,4,3,0,0
Zone_DH439,12171460257,90.3768101,23.8131869,0.0,4,1,0,0
Zone_DH439,12171460258,90.3767269,23.8136529,0.0031548,4,3,0,1
Zone_DH439,4344536750,90.3631691,23.8154955,0.0695763,2,4,0,0
Zone_DH439,3755417265,90.3786051,23.8204272,0.00171742,4,4,0,0
Zone_DH439,5777620676,90.3789833,23.8230119,0.00109097,4,2,0,0
Zone_DH439,7311097549,90.3539575,23.8154139,0.0008925,4,3,0,0
Zone_DH439,8976457430,90.3742777,23.8226421,0.04119196,3,4,0,0
Zone_DH439,4344536791,90.364062,23.8167669,0.04162359,3,4,0,0
Zone_DH439,3810754288,90.3737519,23.8092518,0.005397,4,3,0,0
Zone_DH439,3810754289,90.37464,23.8094,0.00493127,4,3,0,0
Zone_DH439,3766722298,90.3719225,23.8129817,0.0,4,1,0,0
Zone_DH439,3546586909,90.3774095,23.8182016,0.00439431,4,4,0,1
Zone_DH439,3546586910,90.3772581,23.8186633,0.04755695,3,3,0,0
Zone_DH439,4585111327,90.3761397,23.8150942,0.0,4,1,0,0
Zone_DH439,4585111328,90.3756655,23.8149499,0.01102596,4,3,0,1
Zone_DH439,4585111329,90.3760541,23.815338,0.0,4,1,0,0
Zone_DH439,4585111330,90.3756148,23.8151946,0.01171025,4,3,0,1
Zone_DH439,12061613870,90.3552264,23.8263083,0.00220568,4,3,0,1
Zone_DH439,12061613871,90.3555536,23.8263107,0.0,4,1,0,0
Zone_DH439,12061613872,90.3557414,23.8262371,0.0,4,1,0,0
Zone_DH439,7311056696,90.3541011,23.8182023,0.00258435,4,3,0,0
Zone_DH439,2545442624,90.3695159,23.8091992,0.00133875,4,3,0,0
Zone_DH439,4292640580,90.3677992,23.8215384,0.0103782,4,3,0,0
Zone_DH439,10019864407,90.3728183,23.8215486,0.05524547,3,3,0,0
Zone_DH439,2880716643,90.3768337,23.8294248,0.0,4,2,0,0
Zone_DH439,476012390,90.3541087,23.8204677,1.83e-06,4,2,0,0
Zone_DH439,476012392,90.3541022,23.8217554,0.00110862,4,3,0,0
Zone_DH439,476012395,90.3544661,23.8204697,0.0,4,3,0,0
Zone_DH439,3813400428,90.3692834,23.8163388,0.10778179,2,3,0,0
Zone_DH439,476012397,90.3544596,23.821758,0.00110375,4,3,0,0
Zone_DH439,4273946482,90.3673619,23.8260934,0.0132012,4,4,0,0
Zone_DH439,9942572917,90.3568408,23.8208126,0.02468559,4,3,0,0
Zone_DH439,9942572918,90.3552546,23.8208094,0.00454347,4,3,0,0
Zone_DH439,11768119159,90.3557407,23.8285892,0.0,4,1,0,0
Zone_DH439,2880716669,90.3744455,23.8294183,0.00205226,4,3,0,0
Zone_DH439,7124131717,90.3559857,23.8168982,0.03442333,3,3,0,0
Zone_DH439,3802513296,90.3790063,23.8227932,0.00064228,4,3,0,0
Zone_DH439,3768663957,90.3746188,23.8131078,0.00844648,4,3,0,0
Zone_DH439,3712311193,90.3772228,23.8104528,0.0,4,1,0,0
Zone_DH439,3766722459,90.3716278,23.8132712,0.0,4,1,0,0
Zone_DH439,374144944,90.3560102,23.8152446,0.04205767,3,3,0,0
Zone_DH439,374144946,90.3559847,23.8166302,0.05412407,3,3,0,0
Zone_DH439,3523411891,90.3750624,23.8241873,0.01202743,4,4,0,0
Zone_DH439,3523411892,90.3732095,23.824265,0.0143844,4,4,0,0
Zone_DH439,3523411890,90.3732779,23.8239153,0.01201709,4,4,0,0
Zone_DH439,374144950,90.3561562,23.8186019,0.02138102,4,3,0,0
Zone_DH439,374144951,90.3564232,23.8196123,0.0338194,3,3,0,0
Zone_DH439,374144953,90.3567616,23.8205683,0.02444937,4,3,0,0
Zone_DH439,374144963,90.3569809,23.8215809,0.0364905,3,3,0,0
Zone_DH439,374144965,90.3569771,23.822071,0.04329231,3,3,0,0
Zone_DH439,374144966,90.3569716,23.8227799,0.02242085,4,3,0,0
Zone_DH439,3784515525,90.3757784,23.8144072,0.00771653,4,3,0,1
Zone_DH439,3784515526,90.3763492,23.8145826,0.0,4,1,0,0
Zone_DH439,3812122570,90.37461,23.8154256,0.0297374,3,3,0,0
Zone_DH439,374144971,90.3569655,23.8246163,0.04451539,3,3,0,0
Zone_DH439,374144978,90.3569171,23.8278724,0.00351642,4,3,0,0
Zone_DH439,4601036761,90.3760753,23.8111765,0.00203461,4,3,0,1
Zone_DH439,3448217581,90.370772,23.8266868,0.02693266,4,4,0,0
Zone_DH439,3448217582,90.3711283,23.825121,0.03839148,3,3,0,0
Zone_DH439,392519663,90.371333,23.8316031,0.0,4,1,0,0
Zone_DH439,3713286140,90.3660717,23.8082315,0.00120725,4,3,0,1
Zone_DH439,3713286141,90.3660749,23.8086197,0.00232987,4,4,0,0
