zone_id,density,transitivity,avg_clustering_coef,avg_degree,n_scc,n_wcc,gscc_pct,gwcc_pct,wcc_fragmentation,orientation_entropy,path_length_p90_norm,mean_in_degree_centrality,mean_out_degree_centrality,hub_dominance_ratio,mean_closeness_centrality,mean_betweenness_centrality,betweenness_gini,mean_katz_centrality,mean_pagerank,mean_local_clustering,mean_strength_norm,global_efficiency,local_efficiency
Zone_DH009,0.5109858501184559,0.2211809867101756,0.25764964054430145,0.030902926005657805,0.0674298248085347,0.01946374456847149,0.2544585456210492,0.2517294967285095,0.02697763847914389,-0.2812759515074829,-0.025848020573122354,0.1830456944650088,0.1830456944650088,-0.10025379275683258,0.1671692077098616,0.05279896657076488,0.03695490947033653,0.1178218264103359,0.15383383267780354,0.31143959098516844,0.20012584485589685,0.13764791445030689,0.30916224837538175
Zone_DH010,0.17150911424453624,0.311514429371397,0.24458074629328977,-0.007941348018007166,0.041217464412782706,0.021097651669594653,0.20995430849384356,0.19959722152317272,0.028216229344371457,-0.1384036555760494,0.08197926829466634,0.03381818384062152,0.03381818384062152,-0.12129296341107987,0.0077185167680074995,0.08416645282522373,0.08246624586696905,0.0307185620859447,0.028251467232161237,0.3031972491244846,0.042071897710182826,0.015571234697863812,0.3008330047548059
Zone_DH011,0.2265633402592107,0.20917002016128539,0.01851588357112746,-0.14817168097828592,0.08710510169958399,0.08068136979299152,0.13349900401890358,0.11572508658553504,0.19991268734726098,-0.008738673503637884,0.0070368383894079956,0.11706455273541522,0.11706455273541522,0.21892765944412562,0.0995429332160147,0.11954969732612897,0.11732275927256275,0.10403655240118204,0.12151306720348873,0.055806659471808406,0.12981810488982798,0.09350517023343702,0.053651077720756335
Zone_DH012,0.27265122260465596,-0.26908318388006347,-0.20545914995553882,-0.04088121839061848,0.06322476322853168,0.038785846516679406,-0.2722793950690856,-0.3372042792251281,0.08114471678579557,-0.06382405351074483,-0.25974861143335504,0.40110270120256397,0.40110270120256397,-0.12331080673247652,0.38938614559726553,0.07328840329842368,-0.14109026172018824,0.26299233772005864,0.3178074426792612,-0.2369105105607981,0.4255359789231645,0.3423456280953804,-0.23917368159417654
Zone_DH013,0.19198576853236,0.1648865692296146,0.20228825997058608,0.12868056481570267,0.012383329067300677,-0.024779447223125646,0.25427991505189007,0.24854834042873808,-0.0601605210012274,-0.07408749310431861,-0.019708419501927643,0.02274572508665873,0.02274572508665873,0.04940702895727306,0.0407821137049908,-0.0340436440016732,-0.20617141693252006,0.006781640273490153,0.0020777060287183458,0.2324674719586714,0.030975721781459686,0.03145710692932374,0.23006502806478613
Zone_DH014,0.09650631393848702,0.17040550504648327,0.06248338638584244,0.03470935095184957,0.01849238466253103,0.002832545992457386,0.1099982157893965,0.0868523426967387,-0.010594547404670113,-0.0040846149513984464,-0.05648975053708205,0.01729040493717568,0.01729040493717568,-0.16274279856276638,0.021913299784434792,0.02728297376247585,-0.020133581204079598,0.017205395126509315,0.005429370924972532,0.1100205247602517,0.024668616127489607,0.016537140706326003,0.10772229205983364
Zone_DH015,-0.029170225402558647,0.12306636020791431,0.06845336339764818,-0.034891808742853136,-0.004607348796013287,-0.031493335734231326,0.1716821227784111,0.20172895241166444,-0.052354977111210954,0.012066365864449757,0.0007643495724074523,-0.06348350104748719,-0.06348350104748719,0.13037912069301688,-0.045314255114370594,-0.05762164668714953,0.021574153843757715,-0.047077968433460404,-0.05323378066167403,0.08034360701348572,-0.06804269073722607,-0.04657339456560222,0.09793943101395247
Zone_DH016,-0.07388149519158202,-0.06484791901907075,-0.11805862917118568,-0.1082002112237988,0.0060261855519951335,-0.016004479047847422,0.05193315515681385,0.17518508096124086,-0.03737129852126078,-0.013297613568462707,0.01405653165744164,-0.07617708337158265,-0.07617708337158265,0.16735967188014256,-0.07037876661937698,-0.10081997115976188,0.022602435665234344,-0.05951738721483729,-0.061714097800261755,-0.13407451327470682,-0.08384704044312076,-0.043359161659625944,-0.12724566401842308
Zone_DH017,-0.07910281431926772,0.07727761868973954,0.0853727367135744,-0.06859672837830777,-0.00011042676582555255,-0.036696384407699914,0.14109430569973913,0.14219727143649274,-0.04751938168533877,0.025862736270317987,0.17250853675180744,-0.07141644437589857,-0.07141644437589857,0.10183784853956601,-0.10338434511544539,-0.0026393544140219105,-0.019089233219293456,-0.06317574140847934,-0.06172214094189556,0.10415533927556936,-0.07886096789673505,-0.0793863861860448,0.10908397086474131
Zone_DH018,-0.07763636100731003,0.13076712469149718,0.14930189792514081,-0.04709885152347881,0.11193672002403735,-0.04119727004602021,-0.22923953417123866,0.007680523507098247,-0.04864881856988111,0.07132991620702023,0.07922028504086798,-0.061857350356060006,-0.061857350356060006,0.06936169991157254,-0.10813183064697197,-0.0925640180285448,-0.04355046969029408,-0.05021793549705611,-0.055006564587061185,0.13383673022168172,-0.06774892277298451,-0.06934680079376579,0.13196162840023942
Zone_DH019,-0.072799151075984,0.08739416775806869,0.11162936153787553,-0.0033042994906867795,0.08203054569993032,-0.18061873988535548,-0.336889452816379,0.1792377248386816,-0.09050694878968579,-0.01982557623968828,0.08577646277609485,-0.06364144875814613,-0.06364144875814613,0.050985340323455974,-0.12359235262918995,-0.15130032234125124,0.08899757240786199,-0.06651659156252998,-0.05643877956754018,0.12031615176243243,-0.07108969000040515,-0.07921603909400554,0.11855292120877109
Zone_DH020,-0.06369209699704831,-0.03707158850362646,-0.037859589659063705,-0.0028817838147719987,-0.004026275718076455,-0.16404574755421472,0.07890087595190676,0.15141501990104778,-0.06599260296486284,-0.14459431395476885,0.03413652642080753,-0.0513601025516426,-0.0513601025516426,0.021385856596053632,-0.06219634158143403,-0.07315291508678959,0.010906992449939756,-0.05803100967079221,-0.0456994406110931,-0.044506967897868566,-0.05782000314255636,-0.0568740215114385,-0.046001091355557105
Zone_DH021,-0.06162496034917235,0.022943986973631564,0.027435952003768332,0.01622826957278556,-0.025628938229447118,-0.12718752961235982,0.12996522015322476,0.1437774491945657,-0.05548885531550646,-0.1478447185342946,0.054649765858167304,-0.049601914687262036,-0.049601914687262036,0.001175777891214036,-0.0621208701778599,-0.05992875666838243,-0.14889555559288303,-0.05672312147017909,-0.044693060835474,0.029591982802535888,-0.055921471921060555,-0.04156419976125014,0.0279736538836656
Zone_DH022,-0.053258410763951505,-0.01877623004370399,-0.0008109146713306814,0.06361949773719056,0.021748290967575995,-0.17484894263241021,0.0649845158713247,0.1416388247486473,-0.05971215526293292,-0.09131046851898095,0.26667239893122874,-0.04297731090644932,-0.04297731090644932,-0.037255926836149034,-0.0904228773629023,-0.003752012981344366,-0.08228133373271396,-0.052291538476049046,-0.03945553796584103,-0.0029712300779796974,-0.04864169681917316,-0.06710092987230455,-0.004451309855709962
Zone_DH023,-0.05495743674009268,0.011585695315014105,0.0317203262592346,0.07949198624743703,0.06594891228941191,-0.1323808014907615,-0.05168329536798899,0.07611145921995932,-0.05305574268086968,-0.05048874898676248,0.03645724425360644,-0.043026553937805606,-0.043026553937805606,-0.05591794614201068,-0.060010083215230214,-0.07530775835741674,-0.06903518820454979,-0.050203413209947645,-0.04049881337007727,0.044532027722295975,-0.04832638212658753,-0.054837437089722524,0.04293746773647644
Zone_DH024,-0.045784835914046834,-0.015252314932797717,0.011623565073410724,0.14174485212133514,-0.1809925754440339,-0.18020382285254063,0.16350006724959143,0.1367965791877308,-0.05650454800009823,-0.0090841445189066,0.12280682007159205,-0.03782804451736932,-0.03782804451736932,-0.09188961955797426,-0.05559663062251112,-0.036596665098508396,0.046286097034781926,-0.0492544986586341,-0.03614316331457218,0.011529186693996829,-0.04266225381995592,-0.0580478989921268,0.015803459915820356
Zone_DH025,-0.061103186252356015,0.003532135361712513,0.02893103797943053,0.09863910686649502,-0.05258611627947944,0.036511304647892734,0.07923619988472386,0.0444344066717377,-0.015169894758089303,0.0023944100867038243,0.09140957257509733,-0.048096997530917604,-0.048096997530917604,-0.07285072345379057,-0.049267314440567284,-0.035616529543565006,-0.10689021038129698,-0.05313536628809454,-0.04717925364010305,0.04891132771053319,-0.05349358549609064,-0.05496437979149396,0.0564523903537858
Zone_DH026,-0.06465900377877276,0.007401500568549213,0.05964117392835869,0.09361618278066941,-0.09841203501560639,-0.0911284698988922,0.1910108279607362,0.17089960001439086,-0.06630942649820534,0.06731608160591085,0.20435843751858745,-0.06312171104803845,-0.06312171104803845,-0.020930982218485605,-0.09995654530991994,0.010409154176743707,0.154122956411883,-0.06721888486380737,-0.06024322358934454,0.06612143913633903,-0.07006911349649964,-0.09503248671642892,0.06428278966166534
Zone_DH027,-0.04955558624441525,-0.00954652133376005,0.0881252375149725,-0.043072582536217374,0.04006144406116165,0.11097605896110999,-0.06432246499647487,-0.11070500127364136,0.06774212458308154,0.08158340294283273,0.009761519611171665,-0.027648591242616843,-0.027648591242616843,0.041534904723066146,-0.02769048100453031,0.035735603669495075,0.07498181128841352,-0.010587964150198137,-0.03152566771289182,0.19359361053932878,-0.026743218162421395,-0.021242391069637323,0.19162555112984403
Zone_DH028,-0.06142018696676252,-0.07488923605681111,-0.05067303684477481,0.11099427150285635,-0.032028860331908826,0.0303321514355811,0.03230786658020213,-0.005744431777160108,-0.014731268342305134,0.03755870327437838,-0.04678946103109505,-0.05297768052204142,-0.05297768052204142,-0.03948725875689568,-0.02225608382390401,-0.0683853435973315,-0.060371027125316834,-0.05033275902077211,-0.05407616837782641,-0.11864836778913289,-0.057748140433818956,-0.0330749757321562,-0.12034897647402286
Zone_DH029,-0.06730632994448059,0.0325409691088063,-0.004754010848877943,0.06494128882528194,0.12235471239235463,-0.10280473046845437,-0.1698839962282458,-0.2325118799052126,-0.06398443767334436,0.11076629537196736,-0.09643775432669854,-0.036673697265911534,-0.036673697265911534,-0.06674723164425195,0.0059618965042825545,-0.05277715687385559,-0.08833990818972914,-0.026848841373267263,-0.04042358918077641,-0.040016672918994606,-0.039257061153716924,-0.0042537128990625395,-0.04182812337962802
Zone_DH030,-0.06622368236847023,0.11540787368395966,0.09711498420468886,0.06244668574928125,0.1143641772161213,-0.10922706081953568,-0.21467665194787355,-0.11464215697151203,-0.062226034272668554,0.10646590584939142,0.03517559580223917,-0.0456639624355355,-0.0456639624355355,-0.03672795008390978,-0.06668432782329273,-0.079466390991169,-0.06617696731837797,-0.0405131031391463,-0.04480075316649834,0.1798825100358696,-0.050083736261517325,-0.04273497225182299,0.18736427043174658
Zone_DH031,-0.05265043637281416,0.18743552738547603,0.20340154015450823,0.23642334673316046,-0.10530318209659037,-0.15088836515357676,0.0685571136650639,0.12477522672750041,-0.0729669485592566,0.08288374837668,0.11082591313833051,-0.049504377068049145,-0.049504377068049145,-0.12834681606796353,-0.06869452934639958,-0.059615449176914526,-0.09373681755641583,-0.06025135271471571,-0.05143438266471205,0.23607784308808044,-0.05496846864918883,-0.0628832796587605,0.24650116771414693
Zone_DH032,-0.042062104890842,0.021117246249804905,0.04132053947091119,0.2773595299024253,-0.1075410031045295,-0.12116769423705884,0.1536867486602722,0.12982743654315843,-0.0855080417224629,0.09836561129082044,-0.03966593650861036,-0.05343328781753297,-0.05343328781753297,-0.12324629183551258,-0.02263753088668541,-0.10256615145129738,-0.11886188967337341,-0.06312014699709861,-0.060424723731270176,0.05397512442178928,-0.05799664590682101,-0.03754870031128915,0.05962603597653715
Zone_DH033,0.1904086542855548,-0.05513948247635664,-0.10033811326994348,0.1565543077291427,-0.010095878972945116,-0.06554882283934646,0.2935255124875764,0.29217630332987454,-0.13151226830462667,0.022536995432941964,-0.0974620682666181,0.006123387126887259,0.006123387126887259,0.05757773874831662,0.08182158707619935,-0.10258927624925357,-0.014275918108798802,-0.005287998025994556,-0.009124567275392376,-0.11917039182885797,0.012024354019040784,0.04919453010326069,-0.12130949499996523
Zone_DH044,0.022298530298820785,-0.0566669793362973,-0.08346736593009373,-0.04074160293850981,0.022134550825472922,0.028461796059512365,0.04068246088901295,0.00865685343043554,0.020393786771992384,0.02216050073730025,-0.03612452053763837,-0.006027161377938489,-0.006027161377938489,0.11394813184985986,0.03241769194133276,-0.000805440652471956,0.014349966812577608,0.01023625194715344,-0.006014069702862224,-0.07168573123952512,-0.0020590158113403256,0.022691561136259475,-0.07371258694151109
Zone_DH045,-0.021337809733668667,0.052579446569909066,-0.012725559912382667,-0.056596663248228984,0.023039969765616064,0.05189140688281618,0.14485784142192315,0.12386476017202719,0.0351165566863442,0.046130288037112166,0.13172453605419182,-0.046811579152490734,-0.046811579152490734,0.11210803253684004,-0.0664624678725618,0.05654916762751516,0.06265838750302999,-0.03002958706081582,-0.0407292868596659,-7.027040258253403e-05,-0.04858893979877055,-0.05298624777658084,-0.002337799419952352
Zone_DH046,0.02216772177330656,-0.04692020890552792,-0.07695756879849515,-0.09079110476247404,0.10705546835992094,0.18752387109309682,-0.004827735992379623,-0.041764077846507264,0.25015303421020174,0.10236030052272205,-0.08041145742633432,0.03217564753096999,0.03217564753096999,0.048177808445817316,0.06725331237312338,-0.01919391084417199,-0.16038115832488442,0.030425124492592548,0.012639452220567865,-0.054134237236992455,0.041638192969396914,0.06299533896115661,-0.056074943728587845
Zone_DH047,0.03385289004334602,-0.07820145972408149,-0.01901228905068772,0.02966530405915757,-0.001546993499546928,-0.013273947971790073,-0.2881274703992439,-0.358393531614979,-0.034383618257747245,0.10228049199045153,-0.05276435369887422,0.09332137082815362,0.09332137082815362,0.08016608900072114,0.06316543739067954,0.17890403282930756,-0.09524619042125154,0.1008442890564325,0.07081927754839343,0.12953741016932135,0.109154516938264,0.0899627141458274,0.12768238772901935
Zone_DH048,0.06359574234164805,-0.09702453540357261,-0.0852124182296397,0.10867215406772868,-0.019141672487565084,-0.0501174214436633,0.15977023527119805,0.1414029426567216,-0.08196831570224154,0.01410573590078723,-0.04160455698457982,-0.015960447264809552,-0.015960447264809552,0.03586115965098097,0.009101404269130087,-0.03484748536822285,-0.1677416145655874,-0.01597298178172385,-0.027134985540982814,-0.0900670486066763,-0.01274701748278606,0.006504295479608124,-0.09194291887358441
Zone_DH049,-0.028226671877266962,0.11442170959024942,0.12056877977222366,0.09159174151839145,-0.002989984603272877,0.030970033996828794,0.1760175146134616,0.15721733422771567,-0.00019081188800879056,0.1456443885159564,-0.04737572207108359,-0.053271738697792614,-0.053271738697792614,-0.011018794478246718,-0.022406834375919227,-0.07667421616602865,-0.11131105657544987,-0.052402462839624186,-0.05777579788351342,0.14824530408152475,-0.05634162978157231,-0.03784459178677013,0.14632338671249911
Zone_DH050,-0.06477662617063662,0.07446816102433759,0.028332505806737462,0.02349402326446337,-0.03245444911961043,-0.14655795348976386,0.13894878188356785,0.21266763333746153,-0.1107315190274434,0.12915781710904373,-0.03653213874524491,-0.07281699524271769,-0.07281699524271769,0.06907907697329196,-0.05426700764301595,-0.1141112466253347,-0.0742067582574879,-0.0689475402094066,-0.06512752812937145,0.026592100883328168,-0.08034131135702502,-0.05498590160367528,0.035565771706201704
Zone_DH051,-0.08252053640502638,-0.09073661247274152,-0.10489103202863867,-0.12757593941113143,-0.07646904675110827,-0.18193434318393337,0.11428709697730732,0.177946489299333,-0.08961789314335523,0.11672687540502091,0.14163066635041188,-0.06730362536542828,-0.06730362536542828,0.15925013479512456,-0.08729488360623644,-0.03110598161469602,0.061541742034723734,-0.06605742531022579,-0.05589128461422405,-0.12019237974610641,-0.07567568990152818,-0.05603752012709398,-0.11806585559583331
Zone_DH052,-0.07913021117329691,-0.034783528643587885,-0.01203183753448081,-0.14203600635186542,-0.029271104392388975,-0.1528167796794149,0.08365404484977879,0.1538913508092704,-0.07199061088117616,0.09875789532864698,0.18861390109196258,-0.061855567556950264,-0.061855567556950264,0.1548887776095923,-0.09683359521822936,-0.020419944050912436,0.05260852685045214,-0.061940883910326344,-0.05131154336324139,-0.014701761197687152,-0.06967089093994651,-0.06515048681587177,-0.01292146711498976
Zone_DH053,-0.07690650298385189,0.028320327339123597,0.0341167642660285,-0.06352819165837542,0.09839472972870933,-0.06784119022055425,-0.46169384352790793,0.14332723856661256,-0.05018919688698774,0.10781563041160758,0.16629710088000355,-0.0626753494089603,-0.0626753494089603,0.07909458292161708,-0.1312362013293869,-0.1174920577010892,0.09055051031708439,-0.06317535331140942,-0.05444008175765477,0.0397900704640973,-0.07017101286923233,-0.0903016469681569,0.03811626207108923
Zone_DH054,-0.04870734571131604,0.023462698478132482,0.028073435788590922,0.019467367928726165,0.030009759981850542,-0.1070454254506485,-0.23390197055356798,0.12386789190751568,-0.03929033690006059,0.03828776434298298,0.10791669030398038,-0.03736368561605327,-0.03736368561605327,-0.022114307852524107,-0.08258297771309345,-0.07052258171322484,0.032746461831255735,-0.04655700767862443,-0.033584083280569776,0.030935553922713438,-0.04254123118777292,-0.05244612719175297,0.029168433021437845
Zone_DH055,-0.026124032606713858,-0.01810861352909096,-0.017368809582128067,0.05080790728960527,-0.1170583156847264,-0.16915387682395108,0.05370275121144197,0.08081332491803661,-0.033328554820388455,-0.03209138092115871,-0.014685612293874717,-0.01890030303765767,-0.01890030303765767,-0.06465827931735568,-0.029200208372477957,-0.03762944898910729,-0.005678067278065191,-0.028596595558957938,-0.01699861766954827,-0.017230694574062955,-0.02176838541002102,-0.028975447860544276,-0.018672353489968457
Zone_DH056,-0.026101614639416557,-0.008019884325735555,-0.0015640278294625776,0.0459653296304966,-0.01923612311751169,0.06144092330531836,0.09654933265379051,0.07388909312939151,-0.0014397823998555798,-0.0665964061313995,-0.015182816503125363,-0.018443985080940032,-0.018443985080940032,0.1412911644106763,-0.02636777596786878,-0.026176084856749993,-0.07314389159604173,-0.028061469641676495,-0.016797392041649192,0.0013344672901395294,-0.0215618378034218,-0.019616263616328816,3.8438781630512064e-05
Zone_DH057,-0.00997814472601026,0.04452533569870795,0.05234549447900172,0.07959590921418358,-0.09602535603616058,0.04700112917813942,0.1137484767770427,0.0784598637205961,0.0017089796844725752,-0.0657694516631172,0.18855781309514646,-0.006697053675554952,-0.006697053675554952,0.10481218303399353,-0.03745266589304716,0.018513939308506713,0.02998209691132503,-0.016726949856530733,-0.006148219537842784,0.06072872545623398,-0.008438747434337828,-0.0270517710625756,0.06266488361069647
Zone_DH058,-0.009755552800799993,0.06768443815992661,0.07011258596487449,0.058510573547683964,-0.018472313656336364,-0.0690894372322185,0.07635721442211818,0.058748245293738344,-0.01069495150086271,-0.024303248645149877,0.09886116441398715,-0.006157331157750133,-0.006157331157750133,0.12211173385616925,-0.029371035941509416,0.004826990001629131,0.07166684963510983,-0.015354900407344857,-0.00542577694740496,0.08399244681208812,-0.007602813479295827,-0.021297744470593752,0.08612115633452247
Zone_DH059,-0.01582400484636342,0.09143637399374901,0.08739688449309987,0.10263105267639228,-0.08847005204925018,-0.17769558491522416,-0.1708375164564725,0.10054449107652164,-0.02787738696687412,0.02376086630802343,0.05191778845555353,-0.011802350997557295,-0.011802350997557295,0.10661506983444335,-0.04105675793737709,-0.0683911084915502,0.024993067461984597,-0.022798978061665365,-0.010940160980079397,0.09696022201504675,-0.014183754671286613,-0.03434691773284736,0.10572443356983058
Zone_DH060,-0.03192505832994413,0.05683267590017829,0.04650360085640079,0.05246454190271321,-0.011537787383683079,-0.086217753213505,0.06369434429150933,0.031450388646752314,-0.025370428837033058,0.021692743230896316,0.12444086918338276,-0.022345268578687363,-0.022345268578687363,-0.07209900869890123,-0.04040767826706428,-0.012893698717739432,0.07430310404962703,-0.030376435667175766,-0.020615168304478116,0.04302301812358578,-0.025635961568921797,-0.04254177661844612,0.05013962753767581
Zone_DH061,-0.03815172141885192,0.030474921204882016,0.05787153824165353,0.05734983071803956,-0.17930644895194578,-0.23306980134408845,0.14885665281603244,0.12775816811722362,-0.05359844030457129,0.009258389929804212,0.025781954215226305,-0.02945279801758399,-0.02945279801758399,-0.04970026372789704,-0.02970258907966307,-0.05121986093631706,0.09707665855045033,-0.04010292381481585,-0.026664602049741186,0.06241023766851467,-0.03355645175362552,-0.04323770653217633,0.060721569780549656
Zone_DH062,-0.05807457139251335,0.06305320465008632,0.10055711603451001,-0.014068523626949103,-0.1337189061293733,-0.1352657433451427,0.15855332286594526,0.13722703087839616,-0.05191722659994365,0.062440177395612806,0.051231595927872214,-0.045227925484255464,-0.045227925484255464,0.015826508848250487,-0.04587163957393148,-0.05425413229886222,0.006985926634480166,-0.05271849720848912,-0.04003001812210859,0.11160975230892375,-0.051054089684594094,-0.0630883869734462,0.10987561875210453
Zone_DH063,-0.05678414686661599,-0.045126600980786497,-0.04560514670894826,0.02510668753826706,0.02456198791739969,-0.057202840260872356,0.06844337542420276,0.09314177591620287,-0.03497688462136126,0.1199672872351637,0.1295894366510221,-0.04366924669739497,-0.04366924669739497,-0.023388829186645144,-0.06275955594157395,-0.045798829701316796,0.03558663124874484,-0.05070452244874801,-0.03986961586030288,-0.048316051308758975,-0.04915116568174035,-0.06719965900034908,-0.04983930429575811
Zone_DH064,-0.04086340892610207,0.02669991409080874,0.01903304843269446,0.0314470455668725,-0.020058929991414898,-0.00038382717535426214,0.08964886189708088,0.1000087588736136,-0.015792099391118135,0.14930622116956027,0.13947660238212886,-0.030386096285569597,-0.030386096285569597,-0.04735001264961258,-0.06186472758262229,-0.014604201583919646,0.023388548117196928,-0.04002329595809312,-0.027576604592392775,0.023194201924236546,-0.034741907985942705,-0.04376891953627421,0.02563360676009882
Zone_DH065,-0.025021740078931876,0.08273425418064456,0.07782657647747479,0.10574522882674475,-0.03775343181565438,-0.20691333737217646,-0.12632731919271256,0.10879016071381886,-0.03902960235517101,0.1201821557461843,0.12328930821345688,-0.019138017894254206,-0.019138017894254206,-0.09505948635007594,-0.058828302362820294,-0.059335177329499306,0.04385795346318422,-0.030506172845408533,-0.01781967646347108,0.08600703094447495,-0.02223833087677781,-0.036255195412206384,0.08773283465836068
Zone_DH066,-0.010576599020237776,0.09172137263897015,0.10379908065780541,0.21094166583482188,-0.03230032523298923,-0.17982855806145046,-0.18975624297748106,0.08094826877051975,-0.026516650639574698,0.09132503439454298,0.02685392949112131,-0.008436812413970212,-0.008436812413970212,0.024393240911414538,-0.03167537179818032,-0.046908663621716216,-0.0882774892081244,-0.02014688433230785,-0.00915561727929427,0.11875703447031805,-0.01021243979817827,-0.021237835237885958,0.12184395477425233
Zone_DH067,-0.033410617377195514,0.07502787560759666,0.0853863266922388,0.20489555367756562,-0.0012532492608234025,-0.07795163587886733,0.033407203107038375,0.10805843857140685,-0.02867339036996705,0.09953126655087385,-0.07693160021950343,-0.027174618906777737,-0.027174618906777737,0.049881478069902896,-0.018110989403800903,-0.07975526848673822,-0.12213680869804755,-0.03978245333368119,-0.027261080118529183,0.09693505367329372,-0.030725845077200813,-0.02520940237402311,0.09776178862548854
Zone_DH068,-0.05790427802414236,-0.028164472614523955,-0.017570557055212793,0.16421511835364733,-0.10530318209659037,-0.07396528823049987,0.1714601402246685,0.14765284525010225,-0.049319739356018404,0.039695093456181496,0.05301056550949651,-0.05256821505181495,-0.05256821505181495,0.11963353327701459,-0.04944619473545819,-0.07282742695542951,-0.09566955818262379,-0.06205490072899891,-0.052017995771338754,-0.020422156911919537,-0.05858249105612773,-0.06105215561639121,-0.022063832285852986
Zone_DH069,0.17230838664224601,-0.06810111519951842,-0.05939191269827637,0.17414966322745062,-0.015570710591516601,-0.06994917606920181,0.2899201208090598,0.28785745396075335,-0.13208680839473316,-0.2152898106650356,0.09218988509017195,2.6399373392604897e-05,2.6399373392604897e-05,-0.19107854557065101,-0.020482015323763036,0.021393409964416632,-0.04557603389122211,-0.01160839134571301,-0.016721457156916086,-0.07352655666508853,0.005308646453811294,-0.007238706574827614,-0.0756597565796163
Zone_DH072,0.3934549441304869,-0.2788190132898244,-0.21129725414516742,-0.10452135827699977,0.0674298248085347,0.01946374456847149,0.17725039244007335,0.16559388482112236,0.02697763847914389,-0.22297484851364235,-0.12278857662415185,0.1543816542318201,0.1543816542318201,0.013938346981158756,0.18527525277523554,0.07575404068538916,0.22037199489747217,0.140879254903285,0.18248502457219967,-0.24406040901483156,0.16579263198997712,0.14140606132382538,-0.24639275162461827
Zone_DH073,0.3694687349547388,-0.2811296353141516,-0.212682821984652,-0.1809847947928479,0.11229707088212415,0.10092921861865671,-0.2411402485034907,-0.3008684702863623,0.3250471623146636,-0.23713837022874262,-0.2092094346676819,0.47209515469689367,0.47209515469689367,0.06935333054960935,0.4220172023573067,0.2491231128143121,0.12814482921581194,0.35688526663918196,0.5005018200016388,-0.24575730736260148,0.47158119718094466,0.35043445413365604,-0.24810606658787923
Zone_DH074,0.2522645059639285,-0.2658261926969792,-0.2035060904809671,0.003961979134556204,0.03565063212099086,-0.00607853379319926,-0.1726459533414415,-0.22648191166772375,-0.03257975856660769,-0.09111334467859789,-0.10999742328906903,0.24724294234390767,0.24724294234390767,-0.11168058532169406,0.20922929118273242,0.14955459665905824,-0.06517406547179094,0.18561332333655017,0.20666478093844137,-0.2345186079046785,0.26976392848217845,0.21302279413375785,-0.23675863851467852
Zone_DH075,0.3750249166937915,-0.2708299798387146,-0.20650661867909753,0.06850717387396627,0.0478894154250742,0.00375829286991463,0.13349900401890358,0.11572508658553504,-0.013125233402632497,-0.02299164585716884,-0.07966679494263282,0.16132467197830408,0.16132467197830408,-0.14018806107989187,0.15703097588452408,0.029196579203527362,0.06707150299115572,0.1046273698541369,0.12151306720348873,-0.23819334052819158,0.18005301634627907,0.14362947677662946,-0.24046892227924366
Zone_DH076,0.3213115433419272,-0.27460211969693216,-0.20876858780193838,-0.0982060149273501,0.07672355077055623,0.04963539176263493,-0.01830035176706135,-0.053126804095113056,0.12275897327019258,0.0201982796241158,-0.055105013540237946,0.23471222449834983,0.23471222449834983,-0.05166316261855056,0.16893774204014378,0.2043575255561717,0.03352130340177717,0.1818544711403493,0.2233880666293784,-0.24096356336237842,0.2518647687115761,0.17476477103632337,-0.243265945589224
Zone_DH077,0.044144254421077944,-0.276648517531377,-0.20999571322372743,-0.48344299810775404,0.17976805923613734,0.24596604911880124,-0.4712117053739775,-0.5581364565174026,0.7668111378222077,-0.2845949334790544,-0.22925767136290603,0.7321132356407483,0.7321132356407483,0.1133590094060109,0.560863560056589,0.4331909937218654,0.03808948208781732,0.5143291796896441,0.7595361413925048,-0.24246641803423258,0.6952398554124651,0.4909514399673389,-0.24478333960417972
Zone_DH078,0.06709058392779665,-0.26284094638760486,-0.20171598321302764,-0.2622426315065541,0.12638822172788822,0.1803605334790501,-0.5340942621045517,-0.6301194558617392,0.38349963225287287,0.017308130356101792,-0.2820760536271613,0.5096990257447483,0.5096990257447483,0.05803269243110987,0.44882427146657783,0.3636299423275,0.05331488429705422,0.4187613300626422,0.5345372351250801,-0.23232627204155154,0.5137929814759818,0.4054074875908273,-0.23454509293386905
Zone_DH079,-0.036985425341628964,0.050821709590249425,0.013458068701116543,0.04514121200943988,-0.06181351401503758,-0.0844145813877866,0.19355920701617924,0.17678734525307405,-0.09137104196896317,0.12440817593896192,-0.0010381362786914816,-0.06346848043551241,-0.06346848043551241,0.06190696971389309,-0.03814192684954831,-0.055989950732086735,0.1395586767063437,-0.05528917618432472,-0.05914157288561922,0.018745304081524666,-0.06826790372447081,-0.052471871192414754,0.02910838671249913
Zone_DH080,-0.05505080206594398,0.03819327113573867,-0.020046500099765246,0.07499683390847567,-0.08669217773377745,-0.10441061338955379,0.08403171369731488,0.05324767990581869,-0.08974586555059955,0.13270145089394336,-0.024822251897236386,-0.057196471423851855,-0.057196471423851855,0.006647924573058073,-0.035880240910938416,-0.04468909253259973,0.06660712687447012,-0.05125345115662172,-0.056637604869685554,-0.004784800020721847,-0.061937418475079,-0.04875394062600541,0.003580549996730076
Zone_DH081,-0.020128069291020928,0.060649569732031866,0.0683518151498329,0.06672194807473075,0.025844150742209193,0.07684713288954914,-0.4140770851502675,-0.500609198128787,0.04430012678311196,0.11051458902947131,-0.1699697047541514,0.09960104088635596,0.09960104088635596,-0.04252664710860826,0.13055865496342783,0.061128978287209534,-0.08997142238052214,0.09589375890597479,0.051511689659532095,0.1079750812473379,0.11846976118148395,0.15380718077989386,0.10608136340251878
Zone_DH082,-0.0029107709403616844,0.0547752581561613,0.09804357759009513,-0.010349271572985042,0.04608232305031967,0.09311340609880625,-0.5493597069494178,-0.6504380365468594,0.08350711723693918,0.05791952889579555,-0.2944828286044914,0.2509064742702071,0.2509064742702071,-0.1971210327420125,0.32877401130887973,0.061905960026848283,-0.2595479409003697,0.21505345810346377,0.18256391113567422,-0.2141014927202786,0.2813551967161789,0.30638215480388264,-0.2161439982812036
Zone_DH083,0.018278490014515425,0.046113740322271,-0.015794119822873987,0.03961928008781046,-0.00916647395229761,-0.01939804598173575,0.13959105936939176,0.11836867925814698,-0.04139656379452389,0.057007684586665386,0.04558973290122653,-0.031380366100399376,-0.031380366100399376,0.0658469607534986,-0.026608240277060213,0.007863957176521164,0.009797753448580138,-0.022366053943501052,-0.03415548134453669,-0.002174817206695545,-0.030684500099372236,-0.024679403539329847,-0.004047706627923059
Zone_DH084,-0.0035414871119847646,0.17830104170603875,0.17270409297921951,0.0992994897597611,-0.007627261289706054,0.004540971604723484,0.19365880252305068,0.1777094130386424,-0.017939898244663133,0.16722993256204222,0.04277069615998347,-0.04661281869943837,-0.04661281869943837,-0.22245937888946465,-0.051657136094293316,-0.01917157649169826,0.001306695091116361,-0.0457789031805248,-0.052891431991000895,0.20675034510051638,-0.04818264141445572,-0.04559165108077823,0.2049149413238717
Zone_DH085,-0.06718797654368952,-0.0774083308598065,-0.07033134527530173,-0.03725686350743718,0.11623870334467026,-0.06044147190083024,0.047901949166294755,0.1416190918503225,-0.06581255632533314,0.15792584379444186,-0.048427555933370475,-0.06909663615910559,-0.06909663615910559,-0.15990391923393163,-0.046099631630570265,-0.12030274547798658,0.005673101790912516,-0.058670141287610666,-0.06094290033938486,-0.07634226928540336,-0.07568715135715354,-0.03515546750568427,-0.07829182422091886
Zone_DH086,-0.08136158029731373,-0.12542874632177278,-0.11091924692859473,-0.18984334979535555,0.16447202101924102,0.03761392866899502,-0.058093852035644544,0.12338320092514776,-0.015028383927324723,0.09136004782812279,0.1519483599552692,-0.06061473300714608,-0.06061473300714608,0.1719833600214824,-0.10380290885484353,-0.06425421369444675,0.04594168523511377,-0.05931863301184198,-0.04970916711569203,-0.1245005783441914,-0.06853251483769841,-0.06508042785766033,-0.12635350067937198
Zone_DH087,-0.08298709098865445,-0.15591563443189627,-0.13455419801660237,-0.23524342311815638,0.20096514239889945,-0.003035850100776949,-0.4115853473343682,0.12261366125212092,-0.0264036250105692,0.05320282114938202,0.17030184784243352,-0.06087220912625414,-0.06087220912625414,0.2258249151189471,-0.1377618430050414,-0.11959422829561592,-0.012311176033187432,-0.05853850286942944,-0.048672516198293284,-0.15168311979539892,-0.06883258364845066,-0.08951115658594233,-0.15356313364113275
Zone_DH088,-0.09421994084902105,-0.08717039965852588,-0.07889525940456575,-0.19963080205366085,0.2578846777954368,0.21926082396620133,-0.5314242620451123,-0.5487521549189125,0.06628428601762351,0.1128688013383573,-0.19389931995158183,-0.010796438398886443,-0.010796438398886443,0.10044223696397553,0.030192437450433984,-0.018094091110527566,-0.1186803384450884,0.038547935595380445,-0.006751434165449086,-0.11888607105101269,-0.008571680005369592,0.06191717706083738,-0.12056946766662202
Zone_DH089,-0.05739526557452786,0.012726968486955065,0.010112626568609118,0.017339027660796313,0.14256720177483634,-0.018453437483124335,-0.22545294577547326,0.11575065898204173,-0.02627043866288293,0.030648256806193763,0.031462572010497764,-0.044536143337899584,-0.044536143337899584,-0.018112599650542016,-0.08380125334340982,-0.09859286069185931,0.0202721391732007,-0.052260922968155016,-0.04046100579033379,0.013076411532140092,-0.050214837372877345,-0.05721240153730714,0.011512118178642589
Zone_DH090,-0.041486415457891924,-0.015853454193215988,-0.018202470028372608,0.039474022543767306,-0.05792113053128134,-0.03775751202988892,0.03556798035496633,0.0062583815403450815,-0.022668466626806563,0.02512030861134562,-0.007546578729202863,-0.029134218634078793,-0.029134218634078793,-0.054922326668712884,-0.030647866017509018,-0.031033081249809275,-0.06712908289564012,-0.03531587687657346,-0.02686160527246196,-0.008212186362979518,-0.033138844245383124,-0.03440767422249923,-0.009816713123998011
Zone_DH091,-0.02397413623176993,-0.007858106423366956,0.004413243735027272,0.05288197637828529,-0.13923559842086408,-0.13275750540782633,0.07548195287204917,0.046537236041718444,-0.026911710219467647,-0.037826113883172696,0.13156983175143971,-0.016683143170325442,-0.016683143170325442,0.1445713729131573,-0.03980500729863976,0.0013996767807339938,0.02589390208680853,-0.025309376512014384,-0.015121830655911805,0.011540787629973709,-0.019322970369679893,-0.03603456692907764,0.010076592406114637
Zone_DH092,-0.00023270424553258756,0.10259796048767475,0.09553156080894379,0.07514291147541219,0.10872130732670476,0.11513157893063813,0.001170625654870916,0.06252579473619502,0.012270217047103973,-0.05334742971777373,0.05352999456769303,0.0007686750623039675,0.0007686750623039675,0.09571176531375675,-0.016561730652360683,-0.013977743521805017,0.03716336434077028,-0.008430902450013558,0.0007855340319586259,0.1110133776125303,0.0001658072327580147,-0.017337693714954083,0.11263131308090374
Zone_DH093,0.003046162110585518,0.1091113767992486,0.10802032291720773,0.08826415031459223,-0.11017745747696595,-0.15668120432820543,-0.1108893355236662,0.08245577266146786,-0.012622620843361534,-0.016843794991008076,-0.003190545603862893,0.0026927327664921525,0.0026927327664921525,0.09735509682705412,-0.01659310292198061,-0.03199386132718514,0.03178808637665809,-0.006920652258204728,0.002664250422905039,0.1209779377809953,0.002139026762294627,-0.016527305803870018,0.1223352048710444
Zone_DH094,-0.018542090704740354,0.16280128478691308,0.17162451317757127,0.05394928068482818,0.011122530908864614,-0.02260092423488616,-0.42416910292931836,0.08619655428723616,-0.009536822390607977,0.061889714676829466,0.07450158695754228,-0.013066039903919184,-0.013066039903919184,0.1353924674345534,-0.05132513420869736,-0.05947098608268103,0.06454575055119349,-0.023181878574119838,-0.011730986777098551,0.19499381867671614,-0.01530074004919391,-0.03953883063384915,0.20393851801998228
Zone_DH095,-0.027797336949689562,0.09020243682210144,0.08113770761788655,0.004487647446027476,-0.11684075337723925,-0.09205593589241806,0.12425986023807001,0.09807425547716064,-0.02282314404865869,0.036542038779941,0.21792584953709443,-0.01987172680760507,-0.01987172680760507,0.18938149637905227,-0.04925185646001914,-0.0015220189047117638,0.14779522782725452,-0.029588534735020697,-0.017320586147727447,0.09170398166873783,-0.023059652900984558,-0.04464481512700662,0.0975866907792049
Zone_DH096,-0.032774208710792556,0.06098745822199336,0.07002843268640938,-0.024621531802687446,-0.0138730933446021,-0.16501781409586422,0.06771544061176826,0.09369306566450386,-0.03572818484014793,-0.022017953431639148,-0.022155262515178076,-0.02343391398903528,-0.02343391398903528,-0.0062052996494564305,-0.01597158708187786,-0.05834260180630428,0.07150174368670437,-0.032296741764436296,-0.02009578545066911,0.04922420097708158,-0.0270274011515309,-0.02380402324805797,0.047707593973293466
Zone_DH097,-0.04088183603476501,-0.00016201872044685484,-0.01781875157781368,-0.07941112647594961,0.11147728393111161,0.07194289882172866,0.01559257853127971,0.0855747196090324,-0.0025680233935428468,0.018785588582211687,-0.06606137621529964,-0.02857635808090397,-0.02857635808090397,0.02483810265193781,-0.024120422408269226,-0.06185215984878471,-0.011429203333545468,-0.036118945304045136,-0.02428436733006639,-0.017588744266103434,-0.0329132783274837,-0.02446638751833223,-0.01917272782106158
Zone_DH098,-0.04348217007175212,0.036546545806784014,0.0470540556241926,-0.009468313795985006,-0.05792113053128134,0.0007040264316494904,0.008637776525441843,0.10493533854144754,-0.016064291083559862,0.08707418341438244,0.057403593824986915,-0.03199038979969159,-0.03199038979969159,-0.017258571210197582,-0.05761151357043982,-0.05267949127085848,0.06990222750250441,-0.04088977311037137,-0.02836576276376786,0.05428781363702059,-0.03639146441162822,-0.05208923958023792,0.058088286876002065
Zone_DH099,-0.03061239651901492,-0.011318449173969264,-0.013173470380046487,0.03298244930043648,-0.05331892110169517,0.02710490378945979,0.09054102979192336,0.07187425164903471,-0.007665262364937128,0.08919284534285155,0.0964731926301676,-0.02176270258572317,-0.02176270258572317,-0.061885813403339984,-0.04065685012241915,-0.010295973831289107,-0.00718645554687114,-0.031113836043768717,-0.01970407958674673,-0.011206698329405018,-0.025001357189649766,-0.030385196536085332,-0.008247636819656512
Zone_DH100,-0.0063322020593501935,0.039992014851034846,0.052535085171275614,0.13206844861614897,-0.19667356659582305,-0.2627881378030795,0.06904085147742789,0.0985902781859268,-0.030833482542947082,0.10694107854427826,0.02512295879326057,-0.004880033643556566,-0.004880033643556566,-0.12423236731873358,-0.01986652292767966,-0.01793574009635636,-0.006322757986165106,-0.01587801141616535,-0.004716649966799791,0.05751208425404997,-0.006317088658018494,-0.013478037077780003,0.0559308210004725
Zone_DH101,0.027391270323259127,0.057450739978629456,0.07593683546953875,0.1862489936118621,-0.1923333540547134,-0.21389595099266437,-0.4039569011860368,0.06749533806566199,-0.0033040151527334765,0.04988283745583477,0.01604695756308705,0.019941281094933046,0.019941281094933046,0.013229738468074681,-0.00596687400477456,-0.016277530655312785,0.0722131852962955,0.011825908340006755,0.017974339613940342,0.08498355334573973,0.021453943442618143,0.012924361473218814,0.08691859614972933
Zone_DH102,0.023502269820921236,0.0599617679607129,0.08044451129902072,0.16877900894118303,-0.1886914713452894,-0.2109688161582692,-0.43355363704273286,0.06637156377143572,-0.005330028382803418,0.043963128135634744,0.19718843282170603,0.0172409248886935,0.0172409248886935,0.02648765177712964,-0.01932727197912985,-0.011340283700859627,0.022527281235210195,0.008933094374324047,0.015558330420550055,0.09089006677351955,0.018349253405191716,0.00856508582328528,0.09515953065943517
Zone_DH103,-0.011370785761909113,0.05472692137016405,0.07535931854243716,0.1377215803356222,-0.07299712560992161,-0.14255745351248594,-0.41827948384876523,-0.49477910145196746,-0.02125865425892237,0.035296621665088845,-0.11898881605014963,0.0051749823171039,0.0051749823171039,-0.15070866599154056,0.0331705735970796,0.005947741155252054,-0.28392688164249896,0.018977429893918568,0.0012068413703496712,0.06420174357056835,0.006014674115522076,0.04094914290731069,0.06904296620546643
Zone_DH104,-0.06434762244676787,0.15441609384166147,0.1543707858547732,0.08216403811601569,0.007907560741391012,-0.08447317897359016,-0.40773634003287845,-0.37135558972693467,-0.06719779361415251,0.01043942796797348,-0.04505352020319833,-0.02550339432641481,-0.02550339432641481,0.015607804819409987,-0.04493459619493212,-0.016538884647851304,0.10247153458085956,0.002137004043772761,-0.027730216151224688,0.3136352293534743,-0.025546482103329868,-0.006520494358903228,0.33548752708265706
Zone_DH106,0.5037907778176243,-0.2811296353141516,-0.212682821984652,-0.03654125317696538,0.05347354147035946,-0.014455396765958584,0.3353884729294927,0.34232337094847787,-0.1010286791851234,-0.19065505838230234,-0.008969022088675338,0.12096668116839371,0.12096668116839371,0.010838046706814541,0.1384637965422108,0.07088306326939542,0.21415178708206628,0.10984842347012003,0.1495337442402343,-0.24575730736260148,0.1304174819659102,0.10265731568113678,-0.24810606658787923
Zone_DH107,0.13132604078243082,0.06431442937139703,-0.03354706648798836,-0.08819377888391006,0.041217464412782706,0.021097651669594653,0.20995430849384356,0.19959722152317272,0.028216229344371457,-0.03458615092055595,-0.05982537709677954,0.013752753744583096,0.013752753744583096,-0.06064885860758637,0.03932042130369601,0.031808829949038,0.1947584762496517,0.03052680554419618,0.028251467232161237,-0.030302750875515483,0.01894215430577373,0.018659899461030027,-0.032501995245194204
Zone_DH108,0.019316055851290703,0.011014084846833944,-0.06877500359647526,-0.14966305178693418,0.09445686777926217,0.15469595669008326,-0.22985980525924088,-0.29243656449357397,0.22263863550180907,-0.006336862446418068,-0.1274598283795245,0.08509222609170958,0.08509222609170958,0.20590145281968097,0.10609912934900306,0.13178984198482563,0.15262600816183325,0.1120108044539575,0.09325992271770725,0.015261215958894514,0.0978512701823478,0.10597650729288793,0.013230149063441499
Zone_DH109,-0.022541217144506798,-0.10693363979208567,-0.1183153134700386,-0.00639853932978196,0.015000494341241621,0.045429741188845574,-0.044994838308679896,-0.0883757884924149,0.022421333072001642,0.038531055736960806,-0.05061414513463813,-0.015398098820937706,-0.015398098820937706,0.0428791206930168,0.011934101089945914,0.00025817002614986206,-0.0677184630870502,-0.00162389412520908,-0.02270540021812803,-0.11365639298651425,-0.012386745670366683,0.00995079907033708,-0.11576556898604755
Zone_DH110,0.0016070473509017802,0.011368480021018784,0.037969666012733105,0.19351537151642562,-0.05532396902960911,-0.07919866020035601,0.19375623681792464,0.17735869622530442,-0.09105363517838912,0.10569664496947728,-0.07878895311620279,-0.04664331514024739,-0.04664331514024739,-0.04212754582988737,0.00751413387116151,-0.1083041551580709,-0.10011253347170562,-0.05146957491220083,-0.05683523457770234,0.04829679808405746,-0.048423242829530394,-0.010429249291710518,0.04619602992542235
Zone_DH111,0.03163059336595492,-0.002824741843838713,-0.051821408908554634,0.1196580413383661,-0.03234904949869992,-0.06073274774734764,0.24125178162377547,0.23159062938478348,-0.0869232193629756,0.11973015774553042,0.03453341863270282,-0.04325507847565985,-0.04325507847565985,0.029243596078948275,-0.01754917673702766,-0.05796398456689461,0.03210261959441196,-0.04252222094791147,-0.04857094560836639,-0.061101492720278594,-0.044268222149018155,-0.02823586041688364,-0.06308399828120359
Zone_DH112,0.15141757751348356,0.032714429371397014,0.02225851407006746,-0.04805402102253031,0.041217464412782706,0.021097651669594653,0.20995430849384356,0.19959722152317272,0.028216229344371457,0.07822003730462668,0.007335040135373783,0.023786973624617902,0.023786973624617902,0.17030092305180233,0.03084070288130797,0.04837172508265075,0.08942411212131751,0.03029617943317431,0.028251467232161237,0.03619724912448452,0.030507026007978222,0.020453025870108943,0.03416300475480588
Zone_DH113,0.0808463138013289,-0.2587835284046265,-0.19928294664998433,-0.16540403805564802,0.07724848032050136,0.09546107461409115,0.03466374874422884,0.003865573126372368,0.174161072666284,-0.08134184711653814,0.0710813988760517,0.052259968489241276,0.052259968489241276,-0.06145481844931397,-0.004005086219877496,0.21492548366490893,-0.03130931658806063,0.06965552534416997,0.06349529602048026,-0.22934654372638819,0.06136594770902648,0.030138834813364712,-0.23153653728554097
Zone_DH114,-0.03734932723742079,0.03272412087830462,-0.034695913687128876,0.06661897368028269,-0.045880424752652554,-0.04890659770359598,0.14259075052081827,0.11972642379777465,-0.06226708056272791,0.05752031802796387,-0.056531861416674684,-0.05629822727011946,-0.05629822727011946,0.024404929680690968,-0.012383505359324198,-0.0821936252811008,-0.024354528227934158,-0.05000589579267861,-0.0563455719212812,-0.030151339676939337,-0.060072297813732425,-0.031444616989174334,-0.019532582643935814
Zone_DH115,-0.05021046985452679,0.05203163841257688,0.01729934043589826,0.13636131808693863,-0.052951323077839084,-0.03188788969633223,0.17665856414356684,0.1562882572180645,-0.04579548020397839,0.14405098056448018,-0.11672444953505651,-0.06051854894057622,-0.06051854894057622,-0.043973425248092946,0.00044346583065454914,-0.12558790770685088,-0.011272037999565332,-0.06375669729542055,-0.06251373858115515,0.02335903514304749,-0.06576190811475743,-0.027427734892221167,0.03006028841707914
Zone_DH116,-0.024790586999411224,0.01292955094517595,-0.010089788734271049,0.11865280085575769,-0.023839958974280005,-0.008489857759778188,-0.015288433124412415,-0.056276309147954895,-0.031523207740740744,0.1451800343459989,-0.14255337566738804,-0.02712093491818396,-0.02712093491818396,-0.0397720112306027,0.06672057950866256,-0.1136118798190916,-0.03518305055281523,-0.024159544992317983,-0.040555716483470575,0.03311825783468347,-0.025885873618791466,0.0350527331757402,0.03125994860068229
Zone_DH117,-0.014197232815101102,-0.020505440600577268,0.06315876148801589,0.07364006272987378,-0.030154334203359806,-0.0362668750303288,-0.08979543471452411,-0.13867833179766298,-0.05559942652620116,0.1116873133294417,0.03386346540615981,-0.00843709210086463,-0.00843709210086463,0.008843322311423096,-0.0033621489056226417,0.02805163576527714,0.07506620858621571,0.002164714551234459,-0.021369296863060327,0.17012685288959417,-0.004204464817492759,0.012397216459926308,0.1679249288733117
Zone_DH118,0.04329216122620638,-0.012348043519428586,-0.01895180747163297,0.14680718536442539,-0.030579922991061423,-0.05931082610952002,0.2419226887420226,0.23243494610637427,-0.08641007346187202,0.051481528152504175,-0.07081193556209067,-0.03842800359879267,-0.03842800359879267,0.01085943970099934,0.024956658113844177,-0.10629847423071725,-0.13165703704151022,-0.04112187790750221,-0.04735994881825632,-0.02363267843794492,-0.03872390968359729,0.0003837693549679222,-0.025710322946463776
Zone_DH119,0.06023515430199117,-0.06492020890552794,-0.07695756879849515,0.02031097806301818,0.04823193894815625,0.0721392557084814,0.05854471613856538,0.028936032407075984,0.08632687315353377,-0.012415519560360577,-0.018291949108834527,0.020597470002927387,0.020597470002927387,0.031747677441450406,0.047586066284223405,-0.011658954767362617,-0.06161811232565739,0.01570910556570365,0.00010681200300646787,-0.06463423723699258,0.028627712304416797,0.0474362128343459,-0.06648994372858785
Zone_DH120,-0.044453811220113715,-0.24692020890552793,-0.19216908995061036,-0.28526037699237033,0.22470252718345035,0.1490623326315583,-0.289818471013998,-0.1124641881000904,0.19561532649822905,-0.02423331070776058,-0.08041145742633432,-0.0029681993614014968,-0.0029681993614014968,-0.005806907711387976,-0.015023924970459623,-0.10189410880265604,-0.04325707637668186,0.04676589141510734,0.026965048167765876,-0.22063423723699246,7.693528959931695e-05,0.0416460972853524,-0.22273994372858785
Zone_DH121,-0.08146556124139204,-0.05466334441824283,-0.05261220005891798,-0.12318425090843799,0.1762969841499688,-0.1067280032521025,-0.4432652657457937,0.1597235124265931,-0.06282825344531963,-0.01560020225882719,0.07413800779958712,-0.06530341799753935,-0.06530341799753935,0.1397139515621773,-0.12839843302325146,-0.14072139502091452,0.1669702458623692,-0.06454973559413457,-0.05471737213210881,-0.06055106017793924,-0.07328145720867965,-0.07987998451331454,-0.06233833159192541
Zone_DH122,-0.07111548579603397,-0.049388144342558615,-0.00456557421972828,-0.09439874108429525,0.21536934888106712,0.03124330596848221,-0.29728515450622794,0.08777555911049706,-0.01629582741454723,-0.016680720928479498,0.04452004422508926,-0.0533135943066636,-0.0533135943066636,0.07794687040020254,-0.09776800648834331,-0.10211151940060469,0.07686315844563918,-0.05497395193868107,-0.04583834774775905,-0.058120711760036636,-0.05990469724754156,-0.06962716496717891,-0.05985561011462137
Zone_DH123,-0.08415621963157704,-0.07995111931709414,-0.062410089670201244,-0.10388594579881305,0.11271511433791323,0.305582204468988,-0.24379796244025342,-0.31337026520086886,0.12274868856539248,-0.05859921047261829,-0.02822127434821947,-0.03137973578469519,-0.03137973578469519,0.032495373125838944,-0.005105811672337479,0.020886629577523297,0.06638984940673265,-0.005508323034858709,-0.031670682187083896,-0.1928969850838423,-0.031988118377258054,0.0005172023263670389,-0.19473434798021005
Zone_DH124,-0.07242987887227845,0.18388256475168052,0.1004361465230032,-0.0008148676495105533,0.07194949762445729,0.22741338303937092,-0.08496689217145847,-0.13625776498789877,0.08203682828188827,0.00515591939626503,0.04047281752811094,-0.042913017817592394,-0.042913017817592394,-0.03389032500412298,-0.050602204349059765,0.014508368335888644,0.037663783226929204,-0.03289599156935022,-0.04648359286450192,0.1465683863347586,-0.04569189580783496,-0.04753588288590688,0.14488052566661788
Zone_DH125,-0.06184287432693267,0.13424170127575102,0.14115065095169477,0.1286731208725137,-0.09553466658492474,-0.06611392004652901,0.16010433291473591,0.13551314448448604,-0.050357920240052194,0.01528349376351501,0.17406927795541577,-0.05606990540338116,-0.05606990540338116,-0.06321089542155528,-0.08735878895242766,-0.004845013115076013,0.04543598076533961,-0.06282501307645516,-0.0548779034269455,0.16364481602631079,-0.062097053182490786,-0.08840425610397945,0.1621197651297297
Zone_DH126,-0.05265864704644539,0.03767339901921349,0.07095650945666823,0.10248812357737769,-0.1126929140433846,-0.057202840260872356,0.07350823027287468,0.03691244846306074,-0.03497688462136126,-0.0318734232647645,0.0056994060178063854,-0.040187065413291666,-0.040187065413291666,-0.07835607809494216,-0.03999797919332035,-0.03921495907842951,0.029208587182258605,-0.04662321767504661,-0.038732472796875486,0.09818394869124114,-0.04517574103410745,-0.05779253064434388,0.09641569570424177
Zone_DH127,-0.004590684375837782,0.1176230513548821,0.11288940301156325,0.13039944281626947,-0.1594905158831933,-0.0721141604811591,0.07857318908354716,0.038965874880701246,-0.009226301277318064,-0.013380315783679375,-0.013909365924544753,-0.0026115193606563586,-0.0026115193606563586,-0.13719219102052121,-0.002619173019190131,-0.01568889491587723,-0.1296324821114907,-0.011799688774591886,-0.002935434965495214,0.13712238938204918,-0.0036597621210373923,-0.015403380757630397,0.13559703051551505
Zone_DH128,-0.0009323301319760988,0.1486252208094365,0.15582426195058663,0.11891632915093531,-0.04625139065211473,0.0012660741826722166,0.08505890309101982,0.05588556646267562,0.00013270946264206523,0.032224625367688775,-0.0074636326201859005,-4.669236502858297e-05,-4.669236502858297e-05,0.07058965194440592,-0.0016875849043465896,-0.012670680468536033,-0.1564387422111574,-0.009472497965249821,-0.0003456933539660676,0.16594588510642017,-0.0009102045157834519,-0.0136969853124526,0.16464833037776486
Zone_DH129,-0.03526915720637321,0.16523162788276782,0.19402870542900058,0.0798152683367771,-0.044880740555162835,-0.08149758976768567,0.1151219920870511,0.10554288211147156,-0.027194176055660303,0.09782890050174864,0.08093678792745887,-0.026785534189193685,-0.026785534189193685,0.13752041987670938,-0.046496318487214215,-0.026057993833151563,0.06500763569827683,-0.0373721839325743,-0.024824825242645177,0.2192597118057355,-0.030502418599773148,-0.05284615167840995,0.21790926214150713
Zone_DH130,-0.03774522039545887,0.0760998783035925,0.11213176492070154,0.04872240220927915,-0.14113016697208897,-0.1954436759808428,0.14100724764381167,0.12294153624621762,-0.046720506996084134,0.03720988520476409,0.0019900017553580174,-0.028840872931983924,-0.028840872931983924,0.17460000800705655,-0.03148032623648933,-0.05040466721207512,0.07560083969189257,-0.039275747906886094,-0.02603018543346319,0.12372232202981778,-0.03292862081824284,-0.036758925882084154,0.12214167339693474
Zone_DH131,-0.04372657632266487,0.032299914090808735,0.05143628875672687,-0.0400028068206576,-0.0004510868541599822,-0.11576844255996967,0.0706247729532885,0.1000087588736136,-0.03539158810010834,-0.057505123909941114,0.010623215279100373,-0.0318397640126412,-0.0318397640126412,0.011711122721566491,-0.03864105260610509,-0.06156865384348485,0.17472213914928048,-0.03991705246874602,-0.027576604592392775,0.05969420192423655,-0.0365489191894121,-0.03590340944518851,0.05828860676009892
Zone_DH132,-0.06067628125573948,-0.010861674195883797,-0.03344589997787756,-0.11409309541361223,0.11706140997639686,0.015267670724316812,-0.13693425892008315,0.07636815281431253,-0.01761250027957017,-0.05297465820735392,-0.0323173433279946,-0.043611035732262375,-0.043611035732262375,0.0767921580368976,-0.05959521449499253,-0.08930737645641798,0.11245819324286954,-0.04738895427843355,-0.036996275157886525,-0.03265271110051346,-0.0496612088047082,-0.04119605857463304,-0.03450487212969716
Zone_DH133,-0.05965194923684335,0.06152696848695505,0.03756537184313652,-0.02483209446482315,0.005312299814052013,-0.018453437483124335,-0.39753447758523247,0.11010016284091717,-0.02627043866288293,0.033763856290508265,-0.04298777503669293,-0.045408945906948786,-0.045408945906948786,0.012618841397492975,-0.08197445380550802,-0.128386165492629,0.0666579142021918,-0.05178930552763843,-0.04035872308092499,0.04557641153214009,-0.05129904409495904,-0.06145908941027195,0.0509721181786425
Zone_DH134,-0.04203332144425641,-0.039042826347427534,-0.030376988299580437,0.05833677492011424,-0.05599040197148841,-0.0746672424640829,0.01052690234875342,-0.034528365772251046,-0.029933492953444968,0.03781946443164408,0.15041329379884483,-0.028439826899922787,-0.028439826899922787,-0.08025248520165368,-0.05150212511140008,0.007239420933724788,0.12701527975548366,-0.03356314495050808,-0.027139341241371094,-0.017791893597721625,-0.03208516033346931,-0.050829645867672094,-0.013382028726962453
Zone_DH135,-0.014500275014191794,-0.05848502616078717,-0.04711943934149809,0.143339122876602,-0.08866229973067985,0.052919128278883176,0.09512606001651136,0.058083022925212835,0.00016002151376206392,-0.037278352712142526,-0.03940296826353387,-0.01030444888626666,-0.01030444888626666,-0.1401584740403237,-0.0030444182328689118,-0.03446046300654629,-0.05404563214665781,-0.020712143877314945,-0.010402805010672478,-0.04998205502269536,-0.012193775410563296,-0.019062752894300747,-0.05140228502805118
Zone_DH136,0.027320748958811827,-0.03654926002137056,-0.021272885502558445,0.1819695862285301,-0.1531176677802036,-0.2523574894542029,0.040762061136384475,0.0692869587933358,-0.006073508122482077,-0.06389026095413508,-0.06829132620130854,0.019881087814308945,0.019881087814308945,0.017214454625279874,0.021240778687379537,-0.014268454793345486,-0.061145917912053926,0.011776673552260454,0.017962306354009944,-0.02351644665426017,0.021453943442618143,0.01870362055555782,-0.022596403850270577
Zone_DH137,0.03428778518257129,0.006471723614743741,0.023292927132601726,0.1546605653686478,-0.14089886079502645,-0.14291175426948616,-0.11073763394091252,0.00695311782064989,0.006144838383801837,-0.02903305910952403,-0.10919476289435659,0.025559903954260308,0.025559903954260308,0.02140342768460124,0.019496160336318846,-0.02015398056932062,-0.08441000780964814,0.020013751460981916,0.02325346951309814,0.027202134354139484,0.027763512926266207,0.025152637134448673,0.030293640784043036
Zone_DH138,0.010251484572075618,0.020401938689679266,0.03435627620613102,0.15836872353585607,-0.13587697606303248,-0.23850041790057766,-0.10304177076613352,-0.1490586077084547,-0.01640348303585436,-0.030722500167878364,-0.07934225332439931,0.010705931986665664,0.010705931986665664,-0.17869528639221402,0.02343772927794059,-0.008405357895924725,-0.1535584285232865,0.007780417486346364,0.008520584457951612,0.003306982216820298,0.011550684875431039,0.01832536922125265,0.0050519443675418885
Zone_DH139,-0.06034214655492508,0.13598232334412724,0.18689725370254934,0.11701355743165909,-0.050752148018623086,-0.11586081150681202,-0.1832991112413318,-0.22644520854291983,-0.05986444617653794,-0.04400366572296377,0.12536195697565525,-0.03574308759513082,-0.03574308759513082,-0.07795427787775339,-0.060508824441854916,0.030294363704020666,-0.055860700551486175,-0.02776159798359895,-0.038195973880876116,0.04286067305547392,-0.03897592891292494,-0.03731510559933071,0.041376408399214026
Zone_DH142,0.11458408323175401,-0.005139482476356649,-0.05173325278389487,-0.01819718870919862,0.029119807301564687,0.01137425408373044,0.2138466984048092,0.2032843518414511,0.005897190579054634,0.006708317593090873,-0.0974620682666181,0.002921104597685964,0.002921104597685964,0.1388004461718974,0.03908829764939553,-0.01673353895527596,0.18247707763917187,0.010560421019057853,0.00426243439723073,-0.05417039182885788,0.007687527130714189,0.01619810911843439,-0.05641949499996532
Zone_DH143,0.009684720496078214,-0.10251576391928166,-0.09820094973851773,0.05107168213024482,-0.03408314148547924,-0.06212651066217526,0.07099307520574272,0.04155123758886137,-0.08745995409781726,0.08176490946225057,0.13788755428950333,-0.033583956528239006,-0.033583956528239006,0.10527854020891825,-0.05893174565158382,0.08066831304929661,0.09442672111824502,-0.01502601083817301,-0.030116169152223454,-0.09708082622609658,-0.03358277721898775,-0.041914322580131946,-0.09933829460748439
Zone_DH144,-0.05686058956300169,0.00021474481968469794,0.030072204245684492,0.03977214683446961,-0.042637205902605745,-0.02359799842895717,0.1771506301542839,0.15739593621147785,-0.0418750680840769,0.13877356937271823,0.15329410844039593,-0.06546907388156555,-0.06546907388156555,0.030143368194411102,-0.09025090605266631,0.006372844397472377,0.10889910189195495,-0.060990691576879086,-0.062064482887350184,0.038762189490594345,-0.07124134516161842,-0.08862604392872311,0.036958482381684865
Zone_DH145,-0.05657031248338293,-0.04375026670030999,-0.02550466235014065,0.10303165255977942,-0.09563553339951424,-0.11159876578057445,0.21229904965338708,0.195861906570178,-0.08819807732669983,0.14701316369245543,0.06726108775566475,-0.06662272854975204,-0.06662272854975204,-0.003803186370993139,-0.08018999064906945,-0.039601543159085484,-0.060184266691806765,-0.06797252726991054,-0.06421865803470547,-0.031599529760434036,-0.07330287385165096,-0.08331316074260098,-0.03355820113948424
Zone_DH146,-0.04678821751061793,-0.06639757075118233,-0.09258605692883745,0.06039009915265847,-0.05389885251829821,-0.055351346505957716,0.20797120265529823,0.1922323574093412,-0.06453761750352391,0.09962923172644467,-0.03243412364016776,-0.06589105490422863,-0.06589105490422863,0.03225558027692044,-0.03676039207881365,-0.08516490666264603,0.09712474706867036,-0.06195770545580262,-0.06290359990820657,-0.10574378188564572,-0.07159523116393045,-0.05868597078131521,-0.10751173297391274
Zone_DH147,0.06023515430199117,-0.059320208905527944,-0.038253698411456455,0.02031097806301818,-0.010591590463608455,-0.043245359676134,0.2169140799433832,0.20561739955150815,-0.07749928790313435,0.12449180030785323,0.04378878298624467,-0.029221498705595705,-0.029221498705595705,0.12224986084756412,-0.02738397290775252,0.023811371735112774,-0.03649248418495388,-0.016824723916087247,-0.025301416340133914,-0.040634237236992554,-0.028473841725218108,-0.03188837018686408,-0.04255994372858796
Zone_DH148,0.061626124572017105,0.11758622470505153,0.10855447227704057,0.044134993870913686,-0.012808640115239453,-0.045027296048790834,0.2479432565180768,0.24011433390482506,-0.07877603559368318,-0.007197608727015248,0.15946778492124847,-0.03346737387267987,-0.03346737387267987,-0.14550554171152943,-0.06192126114666929,0.06204823953067329,0.0460525123511345,-0.02433691169701474,-0.03195358434328585,0.12203143879308131,-0.033230449656747596,-0.05312395942177883,0.11981217237342182
Zone_DH149,-0.00929598771190654,0.05824956973203185,0.03234821478979691,0.11831860038642339,-0.0721950649440653,-0.11546055941814315,0.25263075919809574,0.24318903781388124,-0.12463894437155354,0.06746918006227476,-0.023395584004994807,-0.06064250112704915,-0.06064250112704915,0.031217894376107835,-0.030080940808589363,-0.07487624162365392,-0.12263473896343674,-0.057809474523927984,-0.060457793993284215,0.029975081247337887,-0.06476117485031938,-0.04449522971758557,0.0280863634025188
Zone_DH150,-0.046823618507139675,0.0025204510379909784,0.0229657728913345,0.07837706265004363,-0.07673045050579595,-0.09640395279493555,0.22190752931525548,0.20760548892207709,-0.09091413638422202,0.12732227686943476,0.001896289233158155,-0.06738252541971554,-0.06738252541971554,0.028164619966740467,-0.04877528982606988,-0.08300244093948439,0.11628455927007486,-0.06462465011663815,-0.06421715982338833,0.022724160500787682,-0.07322531321504956,-0.0643046920762376,0.020885573755409143
Zone_DH151,-6.856621634504512e-05,-0.10902055343009096,-0.11398568592498387,0.026743441299318382,0.023039969765616064,0.05189140688281618,0.14485784142192315,0.12386476017202719,0.0351165566863442,0.16796097132030918,-0.029584549214721256,-0.03567582223703525,-0.03567582223703525,0.03896392773334667,0.00983772322880827,-0.06386636087002795,-0.022768748175362008,-0.029892247916049997,-0.0407292868596659,-0.12457027040258253,-0.03557845913379043,-0.00471115938684824,-0.12645279941995236
Zone_DH152,-0.02341890975491137,-0.13861610844384464,-0.11407695165348532,0.09875438235904255,-0.03966726753076452,-0.04391282102630198,0.21190780641868667,0.1973950700947168,-0.06005927780829601,0.15205688523047245,-0.04095710289498272,-0.058210631480089495,-0.058210631480089495,0.012167279583783885,-0.02781881534566616,-0.08090286112122752,-0.030620319833894905,-0.056007068185634945,-0.05970718660989252,-0.13001685939168667,-0.0620101268284996,-0.04326066850334492,-0.13222115029884882
Zone_DH153,-0.05124516774369112,-0.14079757075118232,-0.12993979230237473,0.03330524229612697,-0.014683166243788404,0.021571730417119184,0.17708794138290784,0.15777811264638641,-0.011278137316050513,0.11133958840886837,0.01091769302585266,-0.06310711567536473,-0.06310711567536473,0.028762130495260996,-0.037678110522795044,-0.07560244283522755,-0.10561974462054491,-0.05796191373450252,-0.06087599560992617,-0.1467437818856457,-0.06834261099768535,-0.052975469321120405,-0.14884173297391273
Zone_DH154,-0.06482222979022076,-0.1325040043617618,-0.12913320151472427,-0.058908037074510755,0.04635741281960723,0.13873828217439138,-0.060612019626622105,-0.10728662766062402,0.07265732362545702,0.03242163460173697,-0.026665996954441773,-0.03934356926592121,-0.03934356926592121,0.04427954178797888,-0.01578158409815361,-0.012021557772923519,0.026562742415071394,-0.02105396636445217,-0.0397538325404108,-0.1319094579157195,-0.04045625966174668,-0.020939505176223894,-0.1337188490759225
Zone_DH155,-0.03614520870661775,-0.006310976876308355,-0.0283829768562453,-0.055358994929524785,0.0919088931342184,0.1980518167521798,-0.381513526814445,-0.4638881093578667,0.16724735175715782,-0.5792399431150885,-0.25813357383675145,0.10586845127863853,0.10586845127863853,-0.0472442968643102,0.22189760974494477,-0.04890251201551771,-0.29858355531884934,0.09492704566812565,0.053408557193598744,0.14680088460448756,0.12531136024194328,0.19854665126836735,0.14494113252957772
Zone_DH156,-0.07068916409471994,0.04691716014162198,0.02409149330685928,-0.045429712385941956,0.005784860271211167,-0.04077550810902286,-0.20704082333342522,-0.11868444426434954,-0.037234171422008314,0.02907107360332184,0.0899958262473787,-0.049347800950213606,-0.049347800950213606,0.08658714856449273,-0.0886106780251603,-0.03676737633125149,0.11494445553451704,-0.039352562801178465,-0.041949417323326695,0.011047208109845386,-0.05523129040229059,-0.05823480812070608,0.009244585325812987
Zone_DH157,-0.06737206280025851,0.0015835692490942244,0.0018380241469172776,-0.038039103364864935,-0.0007369206003605688,-0.16140195402323507,0.04758959028730647,0.13402638281438461,-0.06735518261184026,0.027259864632110054,0.043326287642486666,-0.05336683396171211,-0.05336683396171211,0.050384248375654306,-0.07085082341819539,-0.04912032743273895,0.04128774473563057,-0.05809248867109626,-0.04671007993732036,0.0025053930320485807,-0.0602277795401209,-0.0670379582034484,0.0006867146762256915
Zone_DH158,-0.07107387644680815,0.036027437905302356,0.04933414266101541,0.02680052474030925,-0.08816206755794812,-0.06018825105778115,0.17830104784784784,0.15621329127198014,-0.05063507602539039,0.059783144183418235,0.1057852676519419,-0.06279731522521317,-0.06279731522521317,0.014037019731778178,-0.06802141256100688,-0.04354608076862404,0.15353174778653278,-0.06571428999425213,-0.05755737596601163,0.055931170315672823,-0.06983658790918666,-0.07848368647830703,0.05404470353963561
Zone_DH159,-0.03990500982974965,0.21522170959024942,0.12056877977222366,0.02967575874436057,0.01661785853398201,0.06943157245836729,0.14068706371784712,0.11780167821889553,0.030273610779225912,0.014717587198093574,-0.04737572207108359,-0.05346435719578961,-0.05346435719578961,0.018784698971534897,-0.021564692744971636,-0.07011246380951164,0.057417200092505394,-0.04794801020089867,-0.05492993190996251,0.15924530408152476,-0.0567030320222662,-0.03706111677654694,0.157373386712499
Zone_DH160,-0.036456977933377765,0.111720451037991,0.23088656497054239,0.14365156767428444,-0.037514764231286156,-0.019480875871858663,0.19213606544867123,0.1743915969705887,-0.039571997483497726,0.05734662868149598,0.12958638966357428,-0.05818800180438674,-0.05818800180438674,-0.03957555470574853,-0.06944662785956118,-0.05747796154817908,-0.0910985099220395,-0.060911310598724455,-0.06238208768399503,0.2682241605007878,-0.062383245994232756,-0.06843376822711361,0.26606057375540926
Zone_DH161,-0.062092530923789954,-0.06111803993771461,-0.0513838917511832,0.12791737806202663,-0.07260102688801334,-0.02497929852916042,0.14487634123275828,0.11870452233485196,-0.03661934363113764,0.09761206836748537,0.09277993367234683,-0.05583798430378927,-0.05583798430378927,-0.06777315022666408,-0.07057110423599637,-0.026252952998731233,0.14600988392710745,-0.06195205617573579,-0.05532062349713158,-0.05485376469967204,-0.062009696341227244,-0.07377678171150567,-0.0566034763492598
Zone_DH162,-0.016077524308668545,0.13223618735832673,0.1667852016420326,0.1763799288490523,-0.24239725577845816,-0.25225924334954014,0.140545930795698,0.10892415521645504,-0.03901452517454192,0.03826491504755669,0.06000437204130962,-0.012933796573140944,-0.012933796573140944,-0.13936690942685784,-0.02517455686648703,-0.01839711430829244,-0.03541501876251374,-0.02490936613579761,-0.012782638190951767,0.18407881661978018,-0.015170588872085305,-0.03352958967863294,0.18249950103239035
Zone_DH163,0.001404619679077991,0.12435517454641457,0.16355295397346722,0.20569759667983012,-0.24264767639803725,-0.22975862956106127,0.1252448892447544,0.09077815504690667,-0.022874411725315194,0.052896479585842426,0.024766749989417497,0.0004883691491773708,0.0004883691491773708,-0.17015672785474723,-0.005633282620132234,-0.009942300986870933,-0.021642542080019922,-0.010671819326854855,-0.0004287462949119948,0.18154132186727642,-0.0002462904489218577,-0.016952621821175497,0.18033969044001308
Zone_DH164,-0.009806103307748774,0.12842542724970255,0.1975907683810769,0.2169740755846935,-0.2291224450135289,-0.21888783028287426,0.1337811862628402,0.10103415316350062,-0.030702757562605956,0.02862713376216619,-0.01070231008709413,-0.008296193362699874,-0.008296193362699874,-0.16684300282417272,-0.012138741085219784,-0.02519408114784509,0.017895608862704804,-0.02048940184944216,-0.008890600403293258,0.21948032922002245,-0.009866050807267254,-0.02730067542783797,0.21780440978538412
Zone_DH165,-0.02450215592963962,0.07757539679124259,0.12189630583888747,0.2065913837320179,-0.15158767501564735,-0.08846420115609677,0.1357264974003407,0.10421798628169732,-0.024340709420296192,-0.004867755367868543,-0.06292410169262388,-0.01974588693962434,-0.01974588693962434,-0.15512075964144242,-0.006444759656974303,-0.059485883576464116,-0.07833639247175972,-0.032238023439458835,-0.019956612126183146,0.1368622212349531,-0.02261448512340384,-0.02360291693144291,0.13545694950590703
Zone_DH166,-0.031127091631966336,-0.005311969741915112,0.036847214182173765,0.22903220895149523,-0.1602198501139406,-0.11810413200120463,0.05326941520584849,0.01282107225135276,-0.03428711021957191,-0.11548179436137351,-0.017832371935755348,-0.023341401994485627,-0.023341401994485627,-0.17041078014895594,-0.011445967985575525,-0.038666901190074265,-0.004114979209137393,-0.033367016968809296,-0.024757830057433188,0.01956674288506141,-0.026555127119472426,-0.02118005783324166,0.01789458910427058
Zone_DH167,-0.05101388094748158,-0.1227677016145724,-0.1124763140081705,0.14262162978761994,-0.0723983379361776,0.020587385953858145,-0.1005805371939894,-0.15724748904491026,-0.01759508067951085,-0.19633493484457443,0.10823050322189129,-0.031604553741051616,-0.031604553741051616,-0.12944766707860295,-0.044806926941373545,0.002757964772040211,-0.10814931149016271,-0.03221874589605386,-0.03428881383712771,-0.1416399913252528,-0.03499908435500126,-0.03576769713604089,-0.1432513782646775
Zone_DH168,-0.06104841571781848,-0.054937695442728696,-0.05356055180171666,0.05234410144531798,-0.08082841459785745,-0.008890109848446903,-0.08444869269293209,-0.13864484436914426,-0.02661236527644527,-0.047083529101465516,-0.014463561236817496,-0.03962562596607147,-0.03962562596607147,-0.05287431448883051,-0.020053057247544775,-0.03773691829885528,0.031011165671272933,-0.03612967283647642,-0.038768488142719215,-0.060996150357180604,-0.04383029880535803,-0.02917374271396636,-0.06290000640262247
Zone_DH169,-0.047189488194702686,-0.03351714331538455,-0.020968156126143694,0.14140682454964937,-0.06074104855234483,0.052658728821191714,0.09047771949979322,0.055471855029566974,-0.009472459251987794,-0.01910347044069116,-0.05925270610777114,-0.036300532056697817,-0.036300532056697817,-0.11453835456360245,-0.010860925113078013,-0.07627828467674484,-0.0981246028935785,-0.04546653239917464,-0.03598289827560904,-0.015752812916517672,-0.040804179648266395,-0.028867860431592895,-0.01730110513721872
Zone_DH170,-0.02380166798907809,-0.06513100259275406,-0.04726448810849064,0.22229611142789962,-0.17142445627995387,-0.1271097468523767,0.1389111248681424,0.10775844568502646,-0.02993858864596853,-0.08302800393557563,-0.023787370709427907,-0.019493238884996204,-0.019493238884996204,-0.16134682038474016,-0.007257856397570622,-0.052968200489292114,-0.14291444040167944,-0.03234465577596028,-0.01986665335469273,-0.05306903938276203,-0.022396597635625272,-0.01916105896569066,-0.05463864609377109
Zone_DH171,0.014141503793723025,-0.05989305981699296,-0.04835936417178309,0.247091025903868,-0.23612973857953232,-0.20181800044630036,0.11501874281964652,0.07866049449437895,-0.01171752740414142,-0.09888202931763268,-0.08356069398737967,0.009842984239428466,0.009842984239428466,-0.01298910378549617,0.028669001870273214,-0.025204266850972802,-0.1577901539275085,-0.00040256665517389434,0.008026780356060552,-0.053528393486090536,0.010404765607501034,0.01583753727418946,-0.055047001438406726
Zone_DH172,0.03867740744140216,-0.032970683777398244,-0.010996500847207935,0.22074943810594583,-0.2814743040322802,-0.260965228817042,0.051621675253145094,0.006538763246254797,0.0004981643675865807,-0.10598946098114193,-0.10150473348528796,0.028375364375843155,0.028375364375843155,-0.019502419844916685,0.04687346725528685,0.006528241907709679,-0.10940875322217036,0.022852068627206186,0.025485146738496795,-0.012300862834944554,0.03092377463589445,0.035764405282855086,-0.01374971091754798
Zone_DH173,0.013454610564796798,-0.011604941830633403,-0.0016217739150667654,0.22595306407003457,-0.1966403996331994,-0.24005959270634644,0.09395127009802928,0.0594441727801186,-0.015310385189652994,-0.09259161339121647,-0.06769136284409258,0.009688182186975307,0.009688182186975307,-0.19114037320557395,0.018520689419013567,-0.017058090505657708,-0.0690103119585238,0.0001295608737331977,0.00798101592815018,-0.01161055854904458,0.010144321906159883,0.00613186768352407,-0.013154961405927063
Zone_DH174,-0.0464781978708973,0.053419233091439255,0.08229508418155648,0.21559002854508136,-0.13265745333052895,-0.17287414739504195,0.1439342336379663,0.12662555417269217,-0.06094038443097307,-0.2439079423163788,0.35090779230013447,-0.04018817841148041,-0.04018817841148041,-0.1314485323107154,-0.08821449518101271,0.014140784515546151,-0.06448210424794021,-0.05238926478763821,-0.0403382628216543,0.09279104781589362,-0.04519766453003898,-0.07306715183797576,0.09130383095763558
Zone_DH176,0.45897912864622437,0.13695148246862304,0.05463074942253718,0.026402347359595124,0.08172884354986285,0.05365835681110892,0.18289576837525046,0.1716044475619799,0.1402666128967709,-0.29186466560912167,-0.13518655577098704,0.21617255009947534,0.21617255009947534,0.0940904504540458,0.2565740360825443,-0.046845427690090924,-0.06666505985265414,0.12435856508401477,0.15787314487011683,0.09103358196576733,0.2373432164533037,0.20390827103709896,0.08855166039582027
Zone_DH177,0.04876110648751786,0.053798540275918516,0.015191131291346499,0.07890557382433183,-0.001546993499546928,-0.013273947971790073,0.13299668031107115,0.1114245499726727,-0.034383618257747245,0.10589745231132242,-0.10538368752337302,-0.014268098959334008,-0.014268098959334008,0.03535167852037174,0.04287630209738763,-0.0668962613436353,-0.06818782165434023,-0.013235305456220814,-0.02560323427428446,0.039037410169321274,-0.010831026972108304,0.018165281338308914,0.036872387729019296
Zone_DH178,-0.03480823638950653,0.08103402516111641,0.09516223446609759,0.11124897134586487,-0.05055186739934506,-0.05266123331078584,0.14482634297717856,0.1219674620926966,-0.06359558245151882,0.14614813025906426,-0.06785944082226997,-0.05453817919663524,-0.05453817919663524,-0.011711792586956815,-0.009324972754604532,-0.0899070065242073,-0.1194439302021073,-0.05242532732486199,-0.0578451919874058,0.12575127545776466,-0.05815615722342379,-0.02953552349974936,0.12395860206809658
Zone_DH179,-0.06453726374021551,-0.056082753750195086,-0.0666902616091968,0.07538775232326977,-0.0487174736927648,-0.005783078852443446,0.12218582216243401,0.09468410688494455,-0.031183371931240003,0.1845996751785156,-0.003953035659411075,-0.05996425876524607,-0.05996425876524607,-0.02406506912808898,-0.0344037610072844,-0.07453124882696507,0.0017411254020035516,-0.05984992056890101,-0.058950649389790374,-0.06902487557821063,-0.06558609296139271,-0.04942024659783473,-0.07102396402346285
Zone_DH180,-0.0650591780756896,-0.07009178179147729,-0.050375350514006906,0.08591590448259168,-0.09573797124839736,-0.08897921199387052,0.19215413876629794,0.17231996421612772,-0.06661861512120121,0.1752299392489105,-0.02425963378670537,-0.06399121253703136,-0.06399121253703136,-0.013758610856155207,-0.04509214805698042,-0.08256570994739357,-0.2265957168571543,-0.06731539199516401,-0.06083384073512192,-0.05818145679854028,-0.07080709138637468,-0.0612613885394209,-0.059747873876888985
Zone_DH181,-0.05766222373781735,-0.06339442780797916,0.023526213224581427,0.02973246432022081,-0.08085209518433943,-0.09971669257162977,0.2198109296169356,0.2050431929969131,-0.09048243946308179,0.15894941233078552,-0.05094188186574253,-0.0710445863784547,-0.0710445863784547,0.0625472997230731,-0.03964011781069102,-0.08502574065075258,0.0346675332615336,-0.06558161219039199,-0.06449256334003943,0.023461697091350625,-0.07797627042695993,-0.06497572020740836,0.02143008287360762
Zone_DH182,0.05209766880527722,-0.2529011151995184,-0.19575554906191267,-0.12131904022045154,0.0432528188202481,0.04543543931541348,0.14019807016051133,0.12082327534994841,0.06156466156691992,0.03485343528826623,-0.04282892137770189,-0.007302132542589601,-0.007302132542589601,-0.06509601281955932,0.010221604805581264,0.044706062718693707,-0.04673567826694702,0.0184766552718571,0.008428056097719738,-0.22502655666508853,-0.004087811804229902,0.0004784318053152048,-0.2271747565796162
Zone_DH183,0.05506275622106388,0.2421330206637027,0.27386836764326355,0.06245170168487535,-0.017081135449036874,-0.04846128086356453,0.24661204705331186,0.2383977575098183,-0.08101226350495691,0.08261029303066791,-0.09595623173233386,-0.03569041006948709,-0.03569041006948709,0.0838171274830476,0.015317898158065446,-0.07633932030698465,-0.02507794196206481,-0.028905404311106386,-0.036229585388216634,0.30981426876047485,-0.035669424195872323,-0.012362160279568601,0.3076824130584888
Zone_DH184,0.006931557516024089,0.10753063391516315,0.10644651771747474,0.08103659792352491,0.00012725200972394518,0.010773601212427583,0.16998225463106498,0.15171524502768885,-0.009739643149193095,0.07528466604056738,-0.09115494861527057,-0.03861296115772467,-0.03861296115772467,0.014983442420164805,0.025986780487184002,-0.1024208938849257,-0.21338846181982463,-0.03662449564386189,-0.045897951483066954,0.13792202844575757,-0.03893834819887915,0.0020713368028793533,0.13589909940747136
Zone_DH185,-0.008416208205915987,0.11008902312369165,0.1912389853399743,0.06606241835830595,-0.00613032255205611,0.0057441244444873946,-0.12592365652414228,-0.17874477969965274,-0.016391335929250378,0.07077438148024162,-0.10535525750032892,0.00444277342705704,0.00444277342705704,0.013399807939183273,0.05767783237264251,-0.025224907866130908,-0.12579654333585744,0.015130411254563825,-0.01105361625380985,0.3938008846044876,0.010385447701285466,0.04842523978294949,0.39196113252957765
Zone_DH186,0.061626124572017105,-0.24601377529494844,-0.19162554572475954,0.044134993870913686,0.08523057557103504,0.14728039625890146,0.093526950156125,0.06784311009005106,0.1875213653436836,0.014074415338305002,-0.14709702953452722,0.022569560724311044,0.022569560724311044,-0.24075663341458622,0.0843112347235978,-0.08701781667184172,-0.21892622750197727,0.005473456631023665,-0.009264872744426556,-0.2199685612069186,0.03146055142745907,0.07106497204858486,-0.2220678276265782
Zone_DH187,-0.015890012839629486,-0.22918660420229206,-0.18153510823649144,0.09726920763981173,-0.034358443134837685,-0.039645894807400855,0.17451443789549204,0.1559655437375418,-0.05766866125873092,0.10513234908143065,-0.12402618334720159,-0.051092259689293484,-0.051092259689293484,0.011218232879455892,0.024655627721173246,-0.12300706327205174,-0.059006535280908046,-0.04783297054166141,-0.05463130440489161,-0.20761085037228563,-0.053690816098475896,-0.0060462319962975575,-0.20959056231928738
Zone_DH188,-0.05491294711718861,-0.0436522934132679,-0.02322536365713046,0.10865839091771523,-0.07431060027217842,-0.07175712962650158,0.20095298330708067,0.18329692704648926,-0.06741129263215548,0.08277097011681633,-0.004522587731915606,-0.06486390225146192,-0.06486390225146192,-0.015431952928668669,-0.0377609773786472,-0.08281828905468275,-0.0973989137949326,-0.06648745920245708,-0.06373819698270783,-0.02711509135240639,-0.07096165679122472,-0.05450013716733604,-0.029128750523700425
Zone_DH189,-0.07320933374559592,0.10498126633083565,0.05653807771253372,0.006810799393146327,-0.04345246110158263,0.021150521379070197,-0.03290495531563964,-0.07911652781768286,-0.019822003567954424,0.07729930674497709,0.12396643951042013,-0.05154577129486586,-0.05154577129486586,-0.003295314896424817,-0.07447887610111201,0.01697747996919169,-0.02775144667742724,-0.043369682719976044,-0.04951172944547572,0.11778160375160873,-0.056272404946126925,-0.07035629241751531,0.11605917827065279
Zone_DH190,-0.06780695001470012,0.01801698969281368,0.062648719237241,0.06154855190807196,0.14422252053800222,-0.06252676275084408,-0.008420427105210404,0.10981666047131045,-0.05059342352103779,-0.2357314286593295,0.09640894807561295,-0.05862389826609192,-0.05862389826609192,-0.018467867852803188,-0.0833329182797857,-0.08294594093242291,0.046009418208200925,-0.06165224664644714,-0.05534360935532746,0.07980476558203944,-0.06526048755192229,-0.05653579291494654,0.07791675038921092
Zone_DH191,-0.06548724591153443,-0.01235215704365697,-0.0020230069517979676,0.021986158749632057,0.08242905275439627,-0.15759655553811455,-0.4997557380206325,0.15705567432787282,-0.06947781200730005,-0.141723525494021,0.1395879968610673,-0.054448627013023276,-0.054448627013023276,0.009442718574417974,-0.09934357108393445,-0.1293640964888919,0.07729536486640476,-0.06087539987138127,-0.04912119130237583,-0.004416185535679573,-0.06111982297936702,-0.0757660342810555,-0.006173616930255393
Zone_DH192,-0.07287635234844038,-0.03238457666099834,-0.03867414970355519,-0.026849089132069848,0.1530722169459352,0.12113415299717367,-0.21266382928179473,0.030078662355577213,0.011826886041653648,0.04217667686536386,0.09272314334606235,-0.05442270856435588,-0.05442270856435588,0.009158861207036961,-0.09071118178963869,-0.08638791374764423,0.08274096727374436,-0.05375676972217397,-0.049835484984271795,-0.030965067515537376,-0.06044266058373606,-0.06453144701043781,-0.03265183251115841
Zone_DH193,-0.06555982352470222,-0.06168275375019508,-0.0477883714201779,0.06620598584890558,-0.06832531683001972,-0.04424461731398195,0.17456383328040803,0.15311850600291577,-0.049291595194981,0.12092684893585692,0.21020804076852345,-0.06446671615592756,-0.06446671615592756,-0.003704807119355502,-0.08622570203577679,-0.02096080767814229,0.13857916173752727,-0.06560002551673813,-0.061369334635810374,-0.05252487557821073,-0.07100712657180111,-0.08207468888304853,-0.05445896402346295
Zone_DH194,-0.05033342520224471,-0.02547044905482404,-0.031241903945792265,-0.01866742340685723,0.015375727300229791,0.06843321916329881,0.01954788559084386,-0.01741192105534206,0.02855348591072915,0.10575158569967336,0.08754472817533565,-0.045711629638932355,-0.045711629638932355,0.058535849031406184,-0.06733109343807742,0.04404712286827772,0.12001602173168402,-0.02986041515240878,-0.044261960542048465,-0.003881742165316615,-0.04793141030111894,-0.05859514818479217,-0.005685051399317714
Zone_DH195,-0.04182149651344852,0.15252955094517595,0.09522074231883426,0.02710598468068115,0.015375727300229791,0.06843321916329881,-0.3805756474542458,-0.46380111620418446,0.02855348591072915,0.045230170429654715,-0.18858075168041682,0.051626924458273854,0.051626924458273854,-0.012261094200035016,0.10174071533099227,0.02566315713684514,-0.3088591232238628,0.06776180372990964,0.023906456963938116,0.27111825783468346,0.06410328431398765,0.1064738084725741,0.2693549486006823
Zone_DH196,-0.06300589757172086,-0.1284772345411177,-0.06197876889290459,0.11433199216709733,0.016003336643374277,0.13704331750711884,0.07313217176957021,0.03921575743147965,0.0266206310888272,0.018336051794522357,-0.10498172262368388,-0.052375238712152515,-0.052375238712152515,-0.08151958318535857,-0.0020147696248903613,-0.10610984718849739,0.07857093204888244,-0.055731548710286294,-0.054800089243021974,-0.1534082367752696,-0.05723555649129637,-0.022100633205883208,-0.15531749886531782
Zone_DH197,-0.038493067331642344,0.06763319423657982,0.12163420263262309,0.1765008755750176,-0.17137749578662517,-0.1497738901310879,0.1453073337324432,0.11595893976413951,-0.04445044641937433,0.05624080643673146,-0.019258907207273634,-0.031450212151735026,-0.031450212151735026,-0.12116526114819612,-0.024484224636509816,-0.048428037872049134,0.05243534446033293,-0.04343042588252716,-0.03073606382137084,0.0875295449033123,-0.035681647808653266,-0.04131671768692356,0.08581284504187628
Zone_DH198,-0.016854958708002472,0.06292975374774729,0.09693472672311246,0.2084861424498945,-0.18135667671506253,-0.13509269159226805,0.13335863192328978,0.10102589782013927,-0.025594616001249154,0.04350395880524405,-0.027406763749213886,-0.013647847729481282,-0.013647847729481282,-0.16042155053588672,-0.015288265701667955,-0.027614816626043037,-0.06770875901719531,-0.026155787964464078,-0.01402428870217351,0.1084131405897063,-0.015835014550964296,-0.031267485333326,0.1069573849303807
Zone_DH199,-0.010306804995324971,0.08442542724970256,0.105781587462985,0.1986647123496783,-0.1702989156017642,-0.10350321489825887,0.0867150960837173,0.048525884144757336,-0.017068330634612855,-0.010264142559277767,0.02493303831726426,-0.007631057611803674,-0.007631057611803674,-0.16482335216915092,-0.018197842153012282,-0.01187888479293539,0.0022404097904202835,-0.018237558136206256,-0.008385203486214458,0.11648032922002247,-0.009143246325879456,-0.03021201790231616,0.11516940978538415
Zone_DH200,-0.011038135857834093,0.045091625014869574,0.0784587919106303,0.21071384715002517,-0.14938544340909543,-0.06399228726254103,0.07892759094705004,0.039908647875442904,-0.013047541885840345,-0.014127547518121397,-0.06150306334693076,-0.008093583804251295,-0.008093583804251295,-0.17317196964789833,0.0037080858076643797,-0.035343234156226505,-0.04986120803320615,-0.01849126632213871,-0.009083799393799124,0.08658831004908621,-0.009663049349491692,-0.011599980401765617,0.08522859803134897
Zone_DH201,-0.016644041343695175,-0.00540563245409284,0.02517645618643033,0.23610392206019426,-0.20014419737831277,-0.17289490226082657,0.1279692603313336,0.09505779847160378,-0.03083377550657057,-0.09118450971281811,-0.08193509289891238,-0.01369939565235917,-0.01369939565235917,-0.17375106548718203,0.006432848619077558,-0.046128957530611414,-0.03813056440086482,-0.026240285539370176,-0.014443880031395639,0.02866683622413929,-0.015892936309155305,-0.013094631314120836,0.027178697697231358
Zone_DH202,-0.03511996166502691,-0.08910239067399371,-0.05492532080304888,0.21250208432194395,-0.15486229065485838,-0.11379803535524681,0.13993531790603086,0.10979823776999809,-0.036403103450145996,-0.12787988746248258,-0.004832935017341805,-0.028874491186223147,-0.028874491186223147,-0.14738461114046147,-0.020904686440966144,-0.06184845220356272,-0.13160442791610039,-0.041520570958790415,-0.029020738706594308,-0.06154188094931369,-0.03273828868231324,-0.03311698654821035,-0.06294959733525017
Zone_DH203,-0.0451162832789797,-0.05232141089215983,-0.0189009984352827,0.15217193769264614,-0.16170491103173576,-0.1419996255449685,0.15884202735899422,0.1315825932910587,-0.048619605687372947,-0.004420224383652194,-0.018756921850819452,-0.03723384544135206,-0.03723384544135206,-0.1013047098627004,-0.025156359104619302,-0.07466544478294622,-0.09085652005899669,-0.04871184888736886,-0.035899549713709844,-0.022374678651379376,-0.041996127595889526,-0.04192505715594916,-0.023924475376401855
Zone_DH204,-0.040519103484620685,-0.04872106917911673,-0.033663250216685356,0.18110500834668286,-0.1675759165820435,-0.14671840048375576,0.15139328127666418,0.12295452766489479,-0.046157907872223305,-0.0006608034431053733,-0.0780105021633841,-0.03344812917724964,-0.03344812917724964,-0.12255033879282257,-0.006156989844315189,-0.08235771582226313,-0.12446625021695423,-0.04560284887673449,-0.032804283757910314,-0.038111891036589046,-0.037854119211718606,-0.025811309421523543,-0.03989463370147739
Zone_DH205,-0.029987451364756265,-0.05344900651618198,-0.0371931729760869,0.17923338967405633,-0.12556079316385804,-0.044843410372668924,0.13550649691786643,0.10432026707863218,-0.020567223842709807,-0.008186376747533752,-0.06968699899500963,-0.0237966741839791,-0.0237966741839791,-0.1388128565374611,-0.005653541500902054,-0.06462847931315119,-0.02797030611257978,-0.03598366802832681,-0.023571141440393736,-0.04106511503613068,-0.027278073599587272,-0.024192928789026208,-0.04267903274861229
Zone_DH206,-0.01396000712485794,0.023040765380351963,0.03855479672973158,0.19488983403450932,-0.1463259607458547,-0.06153325192468517,0.12553780973812612,0.0920740661088878,-0.01425534781316587,-0.02554041564703524,-0.10996165877627134,-0.011026670025993335,-0.011026670025993335,-0.15946101043750763,0.017037774170505518,-0.05265173040860182,-0.08579885905134266,-0.022954472096262613,-0.011441743610810134,0.044169690895993347,-0.012936255753087315,-0.0014431484500196795,0.04256109171218708
Zone_DH207,0.010240931536318654,0.002456577022290657,0.013897154380153431,0.19532437828856952,-0.23307147024357963,-0.199359941114535,0.11283260911812631,0.07638724807396424,-0.013563629484004879,-0.03555642517254176,-0.09332014697196449,0.007332271795349812,0.007332271795349812,-0.17356884490385135,0.026312585849738362,-0.022445892028656565,-0.11719243131739909,-0.002721088715924004,0.006066857658978514,0.01605335196634894,0.00749411715739179,0.0113109148954601,0.014605860375333929
Zone_DH208,-0.0184358981292582,0.034970667746110934,0.05372526427657784,0.2036139308191811,-0.1991078683161834,-0.1720619608566992,0.13729903688321343,0.10552250057057944,-0.031531538551278715,-0.025560849017512877,-0.060972608167496056,-0.014961832666214238,-0.014961832666214238,-0.15482067443798106,0.0033191224150587034,-0.05103117556088228,-0.16973072855612958,-0.02740786361625519,-0.0151662062525271,0.05935567521093363,-0.017240644932134123,-0.014050336475406877,0.05765952636185989
Zone_DH209,-0.05063608156052077,0.07261185565744138,0.1250473870764014,0.23113415347435706,-0.13757182758952105,-0.12260284787767159,0.16003417841532852,0.13421988105096028,-0.05741214611927663,-0.15219139275200033,0.04452004422508926,-0.04590982078990131,-0.04590982078990131,-0.13209679772206817,-0.04321882217808973,-0.06198161144945649,-0.1840568260924359,-0.05784252615105406,-0.046885241361708054,0.14187928823996337,-0.051231043470888166,-0.05024656257803242,0.14032438988537863
Zone_DH211,0.17803238541482796,0.12289753577850482,-0.014923617619696294,-0.08947133885824476,0.09074726786252585,0.10631061986004661,-0.10345109306801492,-0.14948804325408682,0.22834456647492468,-0.22730089200774828,-0.19792656009616133,0.20572755602931553,0.20572755602931553,-0.14903206516508244,0.22448357633111865,0.04201221206268768,-0.10872712912361365,0.14540819687477785,0.15577796442145966,0.07910040347203151,0.2281356482310849,0.19894016880640797,0.07687119871941162
Zone_DH212,0.006173468088188805,0.014061414145973394,-0.015916977104849933,0.06462949133114482,-0.01784374377453149,-0.026372333950532928,0.1693307202790092,0.15107704286031198,-0.04812337284750497,0.0366050119893262,0.019224513326717763,-0.04152690045862373,-0.04152690045862373,0.044109477642819306,-0.04309375069229998,-0.005889401582273801,0.03401325181578008,-0.035075400817043134,-0.04468859048653778,-0.008569440045703591,-0.04230319759302173,-0.0423424309399657,-0.010517123787924215
Zone_DH213,-0.04885947392382081,0.1201916691401935,0.07773346120534635,0.08243111894157573,-0.021016198616114035,0.01648160502224666,0.16291121414467646,0.1416190918503225,-0.016387758711357947,0.10893572776521965,-0.048427555933370475,-0.05980580329477819,-0.05980580329477819,-0.011868984736114918,-0.015344187400859965,-0.09905077787387409,-0.08651862607920724,-0.058639045632191966,-0.06094290033938486,0.09865773071459663,-0.06448368189564284,-0.036659088137313556,0.09660817577908112
Zone_DH214,-0.057914152799867696,0.041403778270794445,0.10281963539132238,0.11432013945508701,-0.06217761528606621,-0.03930345012751403,0.18676551721180468,0.167064072926276,-0.04810491056662021,0.1945439085425852,-0.024220815450228278,-0.06306462949413748,-0.06306462949413748,-0.03227998309808061,-0.023741293436678468,-0.10888395243048479,-0.09020734285549037,-0.06612619077040427,-0.06259337562542205,0.11812925797723436,-0.06926863698890878,-0.044218017879283866,0.11631231172705947
Zone_DH215,-0.05770559314930401,-0.03805229341326788,0.006477606639899242,0.08720718428734253,-0.07431060027217842,-0.07175712962650158,0.20095298330708067,0.18329692704648926,-0.06741129263215548,0.17734911078434246,-0.0817260465709555,-0.06610388383231802,-0.06610388383231802,-0.00042103589810110753,-0.02055537605713259,-0.09670856033521977,-0.14107885194723258,-0.06655483312253085,-0.06373819698270783,0.006384908647593612,-0.07240726575400024,-0.04695308343144494,0.004541249476299691
Zone_DH216,-0.04446203191375675,-0.22808491065575232,-0.18087447610757468,-0.025055267784512614,-0.01744523672006556,-0.0033501496032919548,0.19374053143053083,0.1772687519966918,-0.02666816022361948,0.158225183348086,0.10902038181783241,-0.06492272084337995,-0.06492272084337995,0.09754502183264602,-0.062329708029155384,-0.016102075899119217,0.0016307195738978209,-0.05218845497851149,-0.05735824696584718,-0.20680177734381555,-0.06991916360414845,-0.06831526017144751,-0.20877366192695074
Zone_DH217,0.012647337572913087,-0.24692020890552793,-0.19216908995061036,-0.11858016789727543,0.009016252673646447,-0.004783821214595502,0.05854471613856538,0.028936032407075984,-0.02296158019116165,0.012724145244108809,0.23006975549390307,-0.021877918469457414,-0.021877918469457414,0.23933501368599186,-0.09130036335916203,0.24846660325806613,-0.000350234474865041,0.015574357725556043,0.00010681200300646787,-0.22063423723699246,-0.0208843946706464,-0.05496017123849389,-0.22273994372858785
Zone_DH218,-0.04774832749700375,-0.10928491065575231,-0.021558544514415384,-0.04146869103957074,-0.01744523672006556,-0.0033501496032919548,0.10022601629773276,0.07294129885446443,-0.02666816022361948,0.029948432166306937,-0.0341802075807483,-0.056546825844538656,-0.056546825844538656,-0.14541349345119686,-0.016083176465039317,-0.044737858093177596,-0.01421775356100774,-0.03832238396639981,-0.04912749717342098,-0.005801777343815651,-0.060161303105413344,-0.0408610654136734,-0.007623661926950742
Zone_DH219,-0.0632465132703271,-0.09478620780531131,-0.09354358814904593,0.06195942356033923,-0.09897189059397841,-0.11428033686429709,0.21059605956524008,0.19378127177807236,-0.08744296482182219,0.13408635021380222,-0.0554083889719415,-0.06862448338927513,-0.06862448338927513,0.023300063925759673,-0.02606293376675936,-0.11029582390242698,-0.13119728443089973,-0.06822455371542091,-0.0639062852094252,-0.10759777817111546,-0.0755485932546965,-0.053095652994378656,-0.10946675812069336
Zone_DH220,-0.07018243275681332,-0.05978506854489307,-0.0502162029122491,-0.03860823986065742,0.013250782140327835,0.08942719846689737,0.09566217981378755,0.06632608464045275,0.02699534664681194,0.10962262190807393,-0.06050033508564501,-0.06214960255529656,-0.06214960255529656,0.05483713784872535,-0.034816667007384006,-0.05179016283187626,0.005604057076638691,-0.05179826798114323,-0.057177590914074636,-0.043856405114139185,-0.06772469527596249,-0.05351027676810624,-0.04592658508087505
Zone_DH221,-0.036985425341628964,0.059621709590249455,0.05621234412865936,0.04514121200943988,0.01661785853398201,0.06943157245836729,0.10535661282223241,0.07838602221007507,0.030273610779225912,0.0845499894327304,-0.0010381362786914816,-0.04755337703850461,-0.04755337703850461,-0.223682549936762,-0.030610157596355214,-0.045185177610203964,0.031325201638697675,-0.04216680959764302,-0.05189755040748961,0.09024530408152476,-0.04983638944908231,-0.03611660417761736,0.08848838671249903
Zone_DH222,-0.05069257250780346,-0.08178070607112226,-0.08174641341637022,0.08611512452065107,-0.06323453735002013,-0.06285483040541293,0.14944527635919036,0.12643345480435364,-0.06634731768761461,0.15745415847759325,-0.05579005600298123,-0.0608029574721685,-0.0608029574721685,0.0002532156389991047,-0.018333097938377202,-0.09808892714783768,-0.04724125435772142,-0.057830220163246265,-0.060451235259596336,-0.08844071357717097,-0.06596279168164203,-0.03971334513566388,-0.0903965464266374
Zone_DH223,-0.072470480863841,0.049692926611175636,0.02618370860632921,0.00995235990038934,-0.03345277436729799,0.02918769163093493,0.13390259067925203,0.10752039885048337,-0.01547684669610172,0.07632819245503142,-0.050229396964153045,-0.0634641957853568,-0.0634641957853568,0.017958061327836228,-0.03335693930693512,-0.08254543013868054,-0.04703674438304284,-0.0615638270427952,-0.058973288584890315,0.039779166813687955,-0.070126242605733,-0.05661235713072693,0.03785269430536556
Zone_DH224,-0.07197759242014617,0.13846338752725845,0.09762921999656382,0.002837646353067713,-0.03725336047659848,0.04883488758529733,0.12948166152332352,0.10132024894652136,-0.01079386246589463,0.07744167271199698,0.14163066635041188,-0.05843414546546948,-0.05843414546546948,0.006247951389011075,-0.07602961978917554,-0.008257812454194796,0.020181092633873354,-0.06015443338991358,-0.05370724793684775,0.12180762025389358,-0.06519502492140528,-0.0836817030513195,0.1200741444041667
Zone_DH225,-0.06764009795422275,0.013239314527211415,0.03223465161096442,-0.03616063352126808,0.33343842675618907,-0.006879037970536739,-0.1859510308478446,0.10106326706299618,-0.02659275621151471,-0.1199249580367846,0.018763538698598786,-0.05215449981272273,-0.05215449981272273,0.02974581252866232,-0.0849213012314433,-0.11371525771698239,0.11070103106606477,-0.056035389851779666,-0.04630986409720225,0.04225257571159344,-0.05849933461231382,-0.056298240719338144,0.040426451478712044
Zone_DH226,-0.07502696066734814,-0.07066334441824283,-0.034610399878899994,-0.04160466205656521,-0.1178206629088547,-0.14518954171364098,0.1743999597020135,0.16799253116970247,-0.07582356661106322,-0.27551998452497817,0.16440905359430563,-0.06298296702948085,-0.06298296702948085,0.0727925541822646,-0.08149762219201445,-0.017688538336221415,-0.016640113627387265,-0.06525716175490948,-0.05493998744082211,-0.04105106017793925,-0.07075164152382245,-0.05389684098720654,-0.04287333159192541
Zone_DH227,-0.0980380344714046,-0.05624495086553896,-0.04659239909085355,-0.22679128571549045,0.10752301773602527,0.16332259451077746,-0.10916565240387288,-0.04634783250219099,0.06745241400296767,-0.24605696595294047,0.28867170401243925,-0.06832793149573652,-0.06832793149573652,0.22866546947408073,-0.15387389549862684,0.11935822618889963,0.029658781789321353,-0.03907253671824007,-0.050454758207570644,-0.024225357665464353,-0.07498161117655833,-0.06831939213259408,-0.02594459533203733
Zone_DH228,-0.03457084472984012,-0.013350430267968116,-0.003205340565738707,-0.002046503484002926,0.065059837016719,0.15377020981262607,-0.0415014211601501,-0.08495318930850027,0.11204618558157806,0.12279792952510227,-0.07225362425471374,-0.019927766112918743,-0.019927766112918743,0.005289946777854548,0.024403463376206802,-0.04064822441564264,-0.10871900645473942,-0.01061145220761256,-0.03061530936577382,-0.12102491875266211,-0.017778883560113368,0.01125634537478476,-0.12320363659748121
Zone_DH229,0.008820908075637235,0.13990104170603876,0.10924774734465603,0.15439008860594627,-0.02723510442696095,-0.03392056685681491,0.2145358871431865,0.20100048249839975,-0.054156344772145024,0.12923394344873418,0.04277069615998347,-0.04561962956914095,-0.04561962956914095,-0.020330557928765924,-0.04122969523314951,-0.04246211097960517,-0.04314633931166689,-0.04907504265490459,-0.054774637170115895,0.1267503451005163,-0.047098434692374014,-0.0450886347924595,0.12450494132387172
Zone_DH230,-0.04527097763528831,0.10035208098092926,0.04125730242197362,0.06321984782118917,-0.05279734385976956,-0.05446601750938582,0.13012957269850622,0.10544968956102019,-0.06421407653574739,0.10316134646591624,0.18854953254929496,-0.05793250001442285,-0.05793250001442285,0.02150814349586294,-0.08802055411897208,0.04007707199666227,0.07130749944567494,-0.051419560282890076,-0.05731594129568306,0.06392548672529319,-0.06216290600148726,-0.07717886469907473,0.06220433598157693
Zone_DH231,-0.06622066652886262,-0.005818733669164355,0.002532677172479708,0.08086079803890367,-0.10227599051334732,-0.0942340940055452,0.18920745975539188,0.16867840051748806,-0.06583819444993143,-0.04514017183975283,-0.04048351977454634,-0.06279589544350717,-0.06279589544350717,-0.014758196992494643,-0.03867490076074642,-0.09232361967728461,0.023466179917083996,-0.06714231128755466,-0.05931883628879072,0.0012816037516086287,-0.06964428785180093,-0.05904204475256031,-0.00043582172934708563
Zone_DH232,-0.06297433099841308,0.08022177673578701,0.09871331678197981,0.10278451443011205,-0.10233446445014335,-0.07157920456725832,0.16563257556885735,0.14131226391047003,-0.04961428127918575,0.029778544719498257,-0.08525722251060527,-0.05526548828623691,-0.05526548828623691,-0.049429569554852615,-0.0238550922340523,-0.09971729388652781,-0.02268698115119716,-0.062345306033656095,-0.052880938530966405,0.11268647641262358,-0.06176931358936492,-0.0494580921463906,0.11108117752627306
Zone_DH233,-0.040224881391770925,0.04463370920995116,0.0751005933786851,0.1953184192182903,-0.12776044177283685,-0.06931324820206314,0.14314095243087677,0.11378048543331898,-0.031649092595379485,-0.06399583796126107,0.08232846978688582,-0.03308856242849667,-0.03308856242849667,-0.13560815441144275,-0.04955998610789021,-0.026217376547463173,0.029563924478255288,-0.045696735007749706,-0.03296582852035856,0.08570802059670846,-0.03734074976653168,-0.055563854875945215,0.08410853566984278
Zone_DH234,-0.009564682963037106,0.009601899858780266,0.052902029276578916,0.19801951101944504,-0.2104354177607057,-0.18116639040946694,0.13058059888535334,0.0974136062084886,-0.025608973504216932,-0.08590514016200923,0.1822186805291362,-0.007850171164476807,-0.007850171164476807,-0.15932494642430334,-0.031251757846967536,0.002779443074683932,0.10051404689953414,-0.019846512918888864,-0.008298280820008157,0.05875680704356903,-0.009351084125277322,-0.03627457013215596,0.05737356238914182
Zone_DH235,-0.0162559801024467,0.004398555959654882,0.041320009953079384,0.15954857556249158,-0.12514733497674185,-0.02180920916912424,0.123483905676115,0.08986776167340127,-0.009987011813450276,-0.015271415662462817,-0.07020676969201081,-0.012383250262670523,-0.012383250262670523,-0.14143248055767457,-0.0006346408084208222,-0.04208548672257498,-0.05512021589696303,-0.023871878795672208,-0.012354119529449299,0.047698058541835286,-0.014431218107805448,-0.019913754583029145,0.04621989655848263
Zone_DH236,-0.01676197747504024,-0.04785538395986032,-0.019378156668722113,0.18530799279223498,-0.2019792332191744,-0.17436979801138167,0.13565519639425505,0.10353304340556391,-0.03002431695821435,-0.041563491263807206,-0.1041766427555996,-0.013405799877512399,-0.013405799877512399,-0.14703206071680675,0.007880907141143548,-0.052624815505619205,-0.03485107820554323,-0.02548186567271682,-0.013444758391336988,-0.022282188576595696,-0.015592084975001086,-0.013037300182515643,-0.023744996702891652
Zone_DH237,-0.037713522459958224,-0.04825345419321597,-0.044305080289398696,0.13229382699110082,-0.07752897366853626,0.03916556489318801,0.09325791241179149,0.057664114726673765,-0.00946011554031316,-0.07461468637504609,-0.050820842950382555,-0.028282483713247993,-0.028282483713247993,-0.11687647514032856,-0.009719566819702916,-0.06212399101096888,-0.11254848761152725,-0.03803415542108947,-0.027679866947732362,-0.04471218636297941,-0.03205463752330143,-0.026911283997661822,-0.04616671312399802
Zone_DH238,-0.045511356960555964,0.0020858877537722753,0.005826177303036445,0.16529960359673146,-0.08133466701946572,0.013404881123699114,0.13220038218840657,0.10196544485336234,-0.017543288917042925,-0.01463972463040819,-0.014043848560557654,-0.03672085947943811,-0.03672085947943811,-0.12161097357077646,-0.023258983742918918,-0.07254335894485067,-0.0975161622606664,-0.04772700856142116,-0.03635194699261948,0.009543169181874783,-0.04131159577743747,-0.038301282226428285,0.007912740435174925
Zone_DH239,-0.0479024655172101,-0.0460943213806396,-0.03709551309824535,0.1610008801411441,-0.11619613253780231,-0.060018524813527596,0.152609499997867,0.12497030554642963,-0.03432246189130743,0.02387192624438028,-0.07607378628190445,-0.039719069844108945,-0.039719069844108945,-0.10877322212850796,-0.013209538614593175,-0.08461530552914062,-0.0810045236181719,-0.050933718995947314,-0.038834637320583176,-0.04176419909691076,-0.044732837698518574,-0.034414427553876775,-0.04341227595677899
Zone_DH240,-0.04538714976188176,-0.05179098373432964,-0.04132503782643354,0.1428009817305702,-0.16202392334709528,-0.14225602920631472,0.15863194521815915,0.13133093876852342,-0.048404813868250074,0.05664688962702091,-0.01956343021255602,-0.03726061768748257,-0.03726061768748257,-0.09603609886500453,-0.022788899443531463,-0.0632869950687464,-0.15725972064728622,-0.04860355569361169,-0.03573503978560383,-0.04727889421485268,-0.042053915961256905,-0.03854393705178605,-0.04878776427490046
Zone_DH241,-0.03283882236576521,0.038534953250960485,0.03207446301534811,0.13970231789933452,-0.16278052331664264,-0.12016225312403363,0.14003277159980465,0.10947802889143954,-0.03341515399542801,0.047277275036347155,-0.08632305847489327,-0.025784552111368243,-0.025784552111368243,-0.11123349451725079,0.0034187122056756336,-0.07256448031281597,-0.125994276236583,-0.0374123240379782,-0.024740835139438408,0.03583559295147165,-0.029539088939592867,-0.016848729989699496,0.03451087739815445
Zone_DH242,-0.024524775653741303,-0.009408214003810589,-0.0071071762001647665,0.15164131890979338,-0.19328935177688275,-0.16738537355128733,0.14076015944710096,0.1096990166380234,-0.03438397122071435,0.047490883123284755,-0.08766549059175177,-0.019272251017984347,-0.019272251017984347,-0.12261671343371938,0.005679227572002024,-0.06345738831528386,-0.06852500841429898,-0.031182992862434658,-0.018594566081153535,-0.008391352415602071,-0.0224169046251422,-0.013015865071079782,-0.010089402855059881
Zone_DH243,-0.04122628476692342,0.01583370920995117,0.02604568788813602,0.17297341231165186,-0.18658397118460157,-0.18469786358667853,0.16018851265323597,0.13279922854246984,-0.053591998432618485,0.04103925729729785,-0.07677037080406388,-0.03424126375244787,-0.03424126375244787,-0.11404701904026374,-0.007997057614352113,-0.08140613751904496,-0.06456054401807254,-0.04655186553176341,-0.033260643388654455,0.02770802059670846,-0.03878635872930729,-0.029352725550095604,0.02601353566984277
Zone_DH244,-0.046634017247144055,0.09891897831714686,0.1195391547541495,0.24244534594878686,-0.12862062515058154,-0.1608121635220749,0.21547231134115696,0.19867744146202615,-0.10283835035137318,-0.03594591648045309,0.027524251800537414,-0.05980147114395058,-0.05980147114395058,-0.09370609824486656,-0.04808056637978797,-0.08108449979216523,-0.06401921653494358,-0.06970118215621426,-0.06289080638338723,0.1284170306012173,-0.06563096447106993,-0.05781538159006955,0.12654221737011712
Zone_DH246,0.14073127398151386,0.5084728185799255,0.4738376603604339,-0.013246233685444309,0.09378341926276729,0.13145279028626983,-0.0008373345946559585,-0.035906904637465376,0.23651979860095673,-0.0031775126904506346,-0.1551843195077598,0.11998735567240332,0.11998735567240332,-0.21387004767372086,0.1588079772217173,-0.03475654268354278,-0.14149962459378762,0.07409578115365512,0.06583336909559515,0.7565761052832146,0.13910078938194143,0.13820629121370426,0.7542450378769123
Zone_DH247,-0.012392153163040487,0.23961339579770793,0.14654770004433665,0.1141972431751439,-0.07357412940934749,-0.11656897173047776,0.251722591076468,0.24210115564492862,-0.12434953045344763,0.10022617518084331,0.11832520678037212,-0.06155385186175928,-0.06155385186175928,0.03305229401482701,-0.08498257527814643,-0.003675329826652529,0.030479355712520695,-0.058483232522558215,-0.060900632828654905,0.15688914962771436,-0.06597849228206829,-0.08103184717798045,0.18103443768071262
Zone_DH248,-0.050123489878394656,0.24860557219202084,0.230096870290288,0.07954151607938209,-0.041636408909829635,-0.02279361564855288,0.19139832924633637,0.1733452878149947,-0.0414837176906063,0.13592262533751798,0.032233115226040776,-0.0637190641265036,-0.0637190641265036,0.002612801906479223,-0.04831849528448204,-0.06918168917417405,-0.04921340991589196,-0.06247722925776081,-0.06282595683967242,0.26696169709135054,-0.06930261665030653,-0.05986956205763985,0.2846700828736076
Zone_DH249,-0.062483201414228584,-0.07822381382136742,-0.06167106995890234,0.02623556824922313,-0.048413064918750824,-0.02824030008270463,0.190147494241943,0.17158272896671212,-0.04416426693358948,0.17065314651666852,-0.027249738894302183,-0.06805052985541812,-0.06805052985541812,0.039052822821969424,-0.040022765090389156,-0.07426085228324975,-0.05488683513839987,-0.06406879608160806,-0.06318105225761991,-0.0695035909364225,-0.07441793548711596,-0.05914210752205129,-0.07118052036625422
Zone_DH250,-0.05073206117363835,-0.041704004361761776,0.014881199925419725,0.024432067473036945,-0.07128964600392217,-0.09203094859483943,0.2086900186686218,0.19315438667234175,-0.09138187535196089,0.1808602537107472,0.017267463047884846,-0.06919341712740451,-0.06919341712740451,-0.17084054554826572,-0.045837402972922936,-0.06448239922550386,-0.0706541110831892,-0.06091600530657795,-0.06256287673857451,0.017090542084280486,-0.07551227700905427,-0.06474534812657728,0.014961150924077599
Zone_DH251,0.027909815270823535,0.22580311829794375,0.2276447947858862,0.026371899475106764,-0.0035149141532178907,-0.014855648854627396,0.18963772540544477,0.17450830871516065,-0.036254180990107826,0.08571051439713473,0.005777894207031398,-0.035156167784526876,-0.035156167784526876,0.08479906222587913,-0.024780618979071523,-0.008843979125301604,0.08069389661887205,-0.02553517812153122,-0.03512235678137199,0.2791282844455344,-0.034979057423764365,-0.03339011536050612,0.277088978408816
Zone_DH252,-0.010703187975006856,0.052579446569909066,0.03047876051966053,-0.01494015340288346,-0.03578355964614864,-0.06349320850179921,0.23997828614088557,0.22998383404192813,-0.0878063235863443,0.008313356365431845,0.024159295059969554,-0.06133621776708224,-0.06133621776708224,0.13710803253684006,-0.049155377687830515,-0.020418712963337526,-0.03165935505591877,-0.04488294513247054,-0.05077104227162449,0.03192972959741747,-0.06557484511138342,-0.06483789054092676,0.02999720058004765
Zone_DH253,-0.07003434136121178,-0.012784576660998359,0.004530170728487992,0.01071760732793936,-0.12143758697563342,-0.10963507777205714,-0.01266382928179477,-0.05757293632137983,-0.06209727245855936,0.09507024512206064,-0.08417398333585627,-0.050624512556976184,-0.050624512556976184,0.004137027145901473,-0.020599652006976,-0.05755675353398185,-0.047525750932672084,-0.04583515150426598,-0.0468753030413816,0.03853493248446252,-0.05610583369540936,-0.04110319197032322,0.03671316748884168
Zone_DH254,-0.051139661595135395,-0.07247397525216602,-0.05046595803669776,0.005085848536117266,-0.08485710394559008,0.010573749906392843,0.12691592602502744,0.09587914468462944,-0.01730200220858777,0.17056251142585088,0.0006269017865040416,-0.03828327964999867,-0.03828327964999867,-0.02141071056289906,-0.026807363377729862,-0.06736206682515454,-0.059119801083892476,-0.04619352504981809,-0.034526200506407964,-0.05489920821258586,-0.04338021735156258,-0.045616040925391704,-0.056304405006574576
Zone_DH255,-0.040575744538281916,-0.03606346811711025,-0.021209183481703697,0.019626510059002178,-0.1583817571841534,-0.11662677913925969,-0.3668913451979749,-0.45582265413614803,-0.03509862711382884,0.17342344780246888,-0.14150693649602364,-0.014725952487200905,-0.014725952487200905,-0.02114647849604656,0.02563345948116208,-0.013010391733785404,-0.04797911039638081,0.00416982910016564,-0.01396066637543765,-0.028485150214629745,-0.016016820758778666,0.012080380205525765,-0.030082643276245324
Zone_DH256,-0.05107354582010548,-0.020188373515845293,-0.025631249753222063,0.07022144151661991,-0.07968548864008256,0.014730395388596246,0.13266876570740727,0.10257732289168553,-0.01758849539241209,0.08645391492332466,0.013931342995271073,-0.03965118407463894,-0.03965118407463894,-0.06262373907336699,-0.03379549673809708,-0.05768828710746321,0.06427687193663845,-0.04886396438109708,-0.03714948942233357,-0.026452001738480502,-0.044688180990314415,-0.049790440525877167,-0.02828222100820285
Zone_DH257,-0.06458615540393496,-0.02975829872424901,-0.012764740587459134,0.09503372865670157,-0.03671113717316003,0.049270695338086395,0.12180908893697184,0.092789880978422,-0.0105198290598221,0.07405014610558636,-0.009303477870711618,-0.054583131371966256,-0.054583131371966256,-0.060427052626795486,-0.03105838191730595,-0.08003974601857775,-0.03052072584463328,-0.05964807361451366,-0.0535963612443528,-0.0068551839736891995,-0.060651444219715286,-0.04699407346202214,-0.008500234870270379
Zone_DH258,-0.05889678074514054,-0.07498067715829013,-0.007699154762025984,0.035097414550735784,-0.04460512655627671,-0.025179699311794437,0.17721354059763872,0.1573595185482326,-0.042893479133438106,0.11060066956195391,0.023577796495202252,-0.06607802646450468,-0.06607802646450468,0.03275669076454735,-0.051212801163091765,-0.061648991694800925,0.09523733350107744,-0.06161673693709449,-0.062233762428479875,-0.0046469362331924835,-0.07225963220886544,-0.06513249605703797,-0.006739926938518465
Zone_DH259,-0.07331953214380955,0.07688196006228537,0.06022726936492839,-0.004879675105547321,0.025438188798261152,0.16732839377853187,-0.25351772918107773,-0.3257552351072652,0.03197886685032805,0.025953280228250386,-0.06294537556802696,-0.03431888648067928,-0.03431888648067928,-0.2323473860345244,-0.024717572099655777,0.019424953433629266,-0.1170361152997963,-0.013419511981035498,-0.03458130000700488,0.20664623530032808,-0.036350137251960846,-0.02926345901750968,0.20504652365074028
Zone_DH260,-0.07560083831167405,0.004007667243693586,-0.007207777851363867,-0.1376397164630313,0.21880385902851585,0.14938838210754918,-0.29576459293315893,-0.19493407333055035,0.016116889079805824,0.0893285457144758,0.1366344446600506,-0.04772557040876991,-0.04772557040876991,-0.12396778439830053,-0.09660630516505475,0.013862409494236672,0.08708821775000941,-0.03124792117687264,-0.03833760008513865,0.04734806592226723,-0.053415566153625776,-0.06318439920895522,0.04588319102412733
Zone_DH261,-0.0979068185779652,-0.07179622172920552,-0.06099674624684143,-0.22055703071906868,0.1535086592237377,-0.0008419116659755255,-0.2624006347338407,0.12957785462418114,-0.028718459778379918,0.13352113243601038,0.1606642130502952,-0.07914225474883028,-0.07914225474883028,-0.032716664320788014,-0.14583887389899255,-0.08511787521561678,-0.006712947803306335,-0.06229105993543407,-0.06097490216477685,-0.06537074202276563,-0.08842295574568507,-0.09143641018132515,-0.06700768827294062
Zone_DH262,-0.09607284917518813,0.010230289390600139,-0.05389393064213727,-0.2613297254385877,0.2102294004742426,-0.009474247613237577,-0.6472253118706297,-0.014932653447712774,-0.032189840315147045,-0.06331176959358853,0.1749187702520485,-0.0768974914831798,-0.0768974914831798,0.06499445253738845,-0.17862652839671495,-0.11026274402653402,0.03941528965169239,-0.030607061130611513,-0.045086937726459705,-0.0350140047198326,-0.08471300536169799,-0.08311407285864941,-0.03697375628389318
Zone_DH263,0.04954061087402972,0.0005137403222709724,0.04676213580268851,0.1524818786089771,-0.00916647395229761,-0.01939804598173575,0.0623829061884158,0.032233067350759925,-0.04139656379452389,0.13539903253108598,-0.06635722122650237,-0.001768281697381302,-0.001768281697381302,-0.018814611298903217,0.03714835919822068,-0.05573711777122442,-0.06654550128663439,-0.00788325243225213,-0.023662478685186283,-0.11117481720669554,0.003648712766547546,0.031175307986257117,-0.11306270662792296
Zone_DH264,0.061282161296727755,0.18245195648057144,0.1646665543645506,0.21313799980607095,-0.010972079853806521,-0.020849287647981524,0.21672194754375207,0.20432028237980326,-0.04295033762889383,0.13456418106755919,0.09538295373179434,-0.02334657713842847,-0.02334657713842847,-0.051476804840485446,-0.038413419946207006,-0.014714105946836697,-0.08430489169941491,-0.036646694831831084,-0.044688565113696926,0.19336732156205516,-0.021015199889596575,-0.024957033227423597,0.19111967705353622
Zone_DH265,-0.03562468551860104,0.14040242924881766,0.13288649032588806,0.12810224129398717,-0.09311453879280801,-0.13227442342903462,0.2388544639276886,0.22668660217229597,-0.1177970976909973,0.10016640405132649,0.18436373591235466,-0.06565931077382582,-0.06565931077382582,0.006273047525828801,-0.09060347302158045,0.0018557259934997572,-0.012075098312079535,-0.06548447104120422,-0.06483493812704347,0.14225621811435435,-0.07123382892323654,-0.08610940555023533,0.14008326702608725
Zone_DH266,-0.05827475707678831,0.1560137921946887,0.1521809843081998,0.10245128456085373,-0.05975620431946862,-0.0373572599412202,0.1874953801334921,0.16800949669538223,-0.04760487364159209,0.08982335064354008,0.019546048966714635,-0.06376086631484913,-0.06376086631484913,-0.02293356052838874,-0.052976916556839365,-0.06525934719480467,-0.10123980472467631,-0.06589237955902011,-0.06281727518571972,0.17440222182888454,-0.06976615740359429,-0.06618312354621275,0.1726432418793067
Zone_DH267,-0.07192787026941913,0.1455107639431889,0.07218924938384799,0.013299192821347061,0.06601035535436567,0.2226398437432734,0.08283288202183281,0.05062271265503404,0.07261427916515117,0.07759594722223673,-0.011696979740622337,-0.05751023455303493,-0.05751023455303493,-0.024803852643358548,-0.0411697211199816,-0.0479775564930181,-0.14019321498770576,-0.0558755595991513,-0.05672950219249011,0.1073516322108671,-0.06280777180353346,-0.0559730733173161,0.10570102352597704
Zone_DH268,-0.06387077410851258,0.05441542333900165,0.04773449116053122,0.09213468703867289,-0.04300621442661383,0.04421107607409666,0.015872304133893955,-0.025737214160409527,-0.012672474844584058,0.009946337372454428,-0.025195349034409953,-0.04857794101575738,-0.04857794101575738,-0.0565616628104304,-0.033618297886420206,-0.05818712412553484,0.020506719109848137,-0.04880219529213137,-0.0480004128448785,0.06603493248446263,-0.05357601801055216,-0.043768454533969325,0.06455816748884158
Zone_DH269,-0.0207952269024581,0.01802049287752,0.05630580557358661,0.1849725667211204,-0.23599951801833885,-0.2471171115036927,0.1447590924212393,0.11397104389068691,-0.043109100676861085,-0.05730592212572072,-0.05606040851126215,-0.016849300464849983,-0.016849300464849983,-0.13949452806219276,-0.00948165460596792,-0.04393598688626041,-0.0014974909739112752,-0.02938229350372233,-0.016615608868884753,0.061157876026286,-0.01945250233123769,-0.025691844142362363,0.05969997633033958
Zone_DH270,-0.014884893504813958,0.04352110062074441,0.07526679966323574,0.1846645546592388,-0.14554409141129465,-0.06090483054274071,0.1259291683625715,0.09255303081693755,-0.014355706621993872,-0.06633445066665056,-0.05345870182925297,-0.01164782546986192,-0.01164782546986192,-0.15364086826339804,0.0007993392597423071,-0.03969353943187075,-0.05683706646237219,-0.023568978833262588,-0.011910293383720117,0.08543493220473744,-0.013680384951977868,-0.01691410374831885,0.08382406185178737
Zone_DH271,-0.034983400337606316,0.027936531882889748,0.03999693713035751,0.16079278399524444,-0.1779896003214083,-0.15508831760079808,0.14960031632148163,0.12039013527950815,-0.04148976473632564,-0.018132203250388668,-0.056121694726276955,-0.028197208690870904,-0.028197208690870904,-0.11738010295019499,-0.009386676341167619,-0.06436531986785161,-0.0976505444899256,-0.040317688585488454,-0.02728148511844335,0.04401484978537035,-0.03227992159000387,-0.028817739092567546,0.042287356723754776
Zone_DH272,-0.049756373114696106,0.02047523692786024,0.03774330968660533,0.10040593073071213,-0.17739110855636409,-0.17730917191978554,0.16574824161979695,0.1394997980759669,-0.05829031123183398,-0.07158946215212658,-0.057081386680795376,-0.04058170578406189,-0.04058170578406189,-0.06374018775036039,-0.023198825310923654,-0.07042791532481477,-0.05504242865297371,-0.05098767555835261,-0.03795082494416767,0.039947835097534884,-0.045728478871309514,-0.04535211344888654,0.03855664680091034
Zone_DH273,-0.05133978108779054,0.0274532046500863,0.03125018534144072,0.11428661301615384,-0.1337189061293733,-0.09680420488360432,0.15855332286594526,0.1317143517163234,-0.043182671849197954,0.023907015957423394,-0.04706612790787176,-0.04204972026730386,-0.04204972026730386,-0.07609488853166213,-0.03237578010361698,-0.0662938419597523,-0.013114575878082624,-0.052257244986445406,-0.039933752042664986,0.03460975230892377,-0.04744006727765519,-0.05169452521969259,0.03311561875210445
Zone_DH274,-0.05834843152160339,-0.03527545469522453,-0.013709084225545648,0.10128258398313084,-0.11921797414412036,-0.0851491938544487,0.16538502919956222,0.14012151371949633,-0.046768087253690846,0.07607121476068812,-0.012419640188275044,-0.04907220496034466,-0.04907220496034466,-0.058287513368025734,-0.03373920900905786,-0.08031015087374258,0.027545017071102795,-0.05790362135038668,-0.04649668451840701,-0.015744197468075344,-0.05509721411312483,-0.055392184844222536,-0.01766545324126073
Zone_DH275,-0.060313505889899574,0.0047012336331141436,0.003949848039797033,0.10640550204016974,-0.1515281109276963,-0.15652198921210173,0.18117411190042432,0.15811033740984826,-0.06995191073710161,0.10409344536673404,-0.022473926385814524,-0.05259897725623445,-0.05259897725623445,-0.04807919406628142,-0.03900513292574928,-0.07938995951967154,-0.023481517866094426,-0.061066067726066875,-0.04966312241807569,0.002182389892193465,-0.05877822096152532,-0.05718947974565658,0.00039607492211765627
Zone_DH276,-0.05291710369910625,0.03446508522667199,0.03617935412122045,0.159030950875364,-0.12445352943769453,-0.08935723060356367,0.1629254747408223,0.1370939545550255,-0.045586391427106826,0.09381565461914565,-0.05121395804632195,-0.04527291537611959,-0.04527291537611959,-0.09722167082457595,-0.01906781970578722,-0.086355122906968,-0.08547568162756769,-0.05593793552152325,-0.04421582668838478,0.0403277942374306,-0.050837178886970646,-0.0381715076178481,0.03859674667245541
Zone_DH277,-0.05635874498206908,0.09946230455727131,0.10845564981844544,0.1286421432101672,-0.12004410087236725,-0.0858131867715239,0.16496452534289252,0.13960763633647877,-0.046637929826935265,0.07231197297560077,-0.06762576217520211,-0.04797744365266307,-0.04797744365266307,-0.0760730044451624,-0.014903037273672787,-0.09409057463260517,-0.10563359660162996,-0.05765823160467383,-0.04614487648008361,0.12150384964281949,-0.05394956154478703,-0.03577447443981885,0.12589999359737752
Zone_DH278,-0.05935139345855055,0.1430000960999215,0.15462950383910645,0.15084275326197838,-0.11997316620833308,-0.1311599484065459,0.1719357525559081,0.14951309359923293,-0.08182426832486869,0.09425831385181638,-0.10233824678929287,-0.059550502397361246,-0.059550502397361246,-0.057506096244360316,-0.0032755168071721685,-0.11971069745606663,-0.06884070204716708,-0.06535931986422686,-0.0591059946371792,0.17820791992958632,-0.06568029322906868,-0.032885386814276885,0.18289494435381665
Zone_DH279,0.009684720496078214,0.41468423608071836,0.3428431546719233,0.05107168213024482,-0.014475298348224336,-0.023664972200636764,0.2163914692761566,0.20376182193285242,-0.04570452163083816,0.061137492186788656,-0.025011356098646575,-0.04691676818647361,-0.04691676818647361,0.06171958824385276,-0.019184820008371073,-0.0534273631982658,0.060023937971743435,-0.039850709080750224,-0.04725153129318116,0.3984191737739034,-0.04876167132813114,-0.03550176960962176,0.4221367053925156
Zone_DH281,0.14391782725644664,0.43480550504648324,0.576884826529857,0.158514231643055,0.01849238466253103,0.002832545992457386,0.2159895684762403,0.20509931072319953,-0.010594547404670113,0.09554294557001686,0.00908084157583433,0.015758485945292777,0.015758485945292777,-0.2261707461610196,0.026052749801169617,-0.03286027887604903,-0.19253404506182975,-0.00412104188146678,-0.012801017869655873,0.6855205247602518,0.023584409405408013,0.026402050072923622,0.6834772920598335
Zone_DH282,0.0016070473509017802,0.3589684800210188,0.2917950485509869,0.19351537151642562,-0.07493181216686401,-0.11766019866189442,0.2508285036493021,0.2410301405472448,-0.12386147497387272,0.17015732395529581,0.01741485470883891,-0.05517571266871128,-0.05517571266871128,-0.02285898687792237,-0.04340952275098678,-0.06326399207272021,-0.23907658449605823,-0.05881592350486331,-0.06131160727182894,0.3182967980840574,-0.058542505568959374,-0.04986536441368289,0.34210102992542235
Zone_DH283,-0.028885812934378835,0.3867065609151161,0.25482332646958916,0.07941542051120232,-0.04094566663984142,-0.044940324343406474,0.2115600625687294,0.19693786623126341,-0.06047675589779569,0.15961120245981342,0.04915214530025125,-0.060446587220456316,-0.060446587220456316,0.02565379264278539,-0.061096671719813284,-0.04325576893143346,-0.05116384615531777,-0.05679115898771481,-0.0601002692185752,0.29186698390345756,-0.06476885955223789,-0.06538186532432466,0.31479640648201684
Zone_DH284,-0.041792232449249705,0.015049569732031864,0.00849582955127301,-0.03644427169179787,-0.0329793786695555,-0.03853748249506625,0.21347078390470475,0.1995010554544544,-0.057105923493837335,0.15416879329820088,0.22085584102117917,-0.06777841454503436,-0.06777841454503436,-0.12980830649725464,-0.09292198117740427,0.03998022925949157,0.13538613463532623,-0.05253616962584401,-0.05732914641136781,0.010475081247337897,-0.07343482862697276,-0.08941386050001116,0.008571363402518711
Zone_DH285,-0.054527997230723185,0.04247672206740946,-0.03685217982955688,-0.1045936909137084,0.027245281173015667,0.07797328054964037,0.1339734709781023,0.11088749111222962,0.04676534876295066,0.1099181977256799,0.02960922880227318,-0.060550270579765295,-0.060550270579765295,-0.12072009122829919,-0.05269839377119104,-0.009151997956177327,-0.01944643561391457,-0.03998839148004485,-0.049586874815332097,-0.02994561250758493,-0.06501046724238832,-0.061139622115311765,-0.031863400347299786
Zone_DH286,0.003440215666197677,0.2276326761391397,0.17743430992271547,0.09266466924120997,-0.06188094776883196,-0.10717066815076814,0.25942301050838057,0.251325382738937,-0.12732270779489877,0.0970005355228547,0.0051634369585533135,-0.05827352314414988,-0.05827352314414988,0.05964691489284768,-0.034304641893711074,-0.06185278054779325,-0.025656486586411953,-0.05228891199621527,-0.05636847717051886,0.1908782355948847,-0.06192836036122085,-0.05234486161454932,0.1886495573671244
Zone_DH287,-0.07495359698118356,-0.012633984316648694,-0.0693848347369414,-0.12753575188774513,0.06823989770772104,0.17902804620933432,0.07924293181717346,0.04886275184144506,0.10478579291499535,-0.009820429317049184,0.068303809647218,-0.06124892452084024,-0.06124892452084024,0.11248620067923604,-0.06285119902704273,0.0029298691658822262,0.0927002864517259,-0.04285112541140218,-0.05229641767579715,-0.06409242615210445,-0.06611225212845118,-0.07063689696306913,-0.06613842467741204
Zone_DH288,-0.05393935052840178,-0.03084795245902691,-0.004605115277695193,-0.0035678063569755114,0.05624759526169659,0.28289876365976446,0.09066179257819362,0.05564154582351699,0.03826527168763112,0.08558881878030788,-0.03697163635313119,-0.03878379241811256,-0.03878379241811256,-0.03828576884193635,-0.020292275770582402,-0.06446354077256819,0.013348014050363677,-0.04541358024530713,-0.03567446382172454,0.0034448782309650094,-0.0437915681511865,-0.040880034463504744,0.0016634985700579308
Zone_DH289,-0.0033724059229901203,-0.039180025046340536,-0.035328080357785605,-0.0028818269951178532,-0.04672774060490084,0.15472936546805371,0.10055743770699976,0.06322754615424397,0.015792167415009238,0.18377391331370174,-0.05807514625197624,-0.0009885632265690617,-0.0009885632265690617,0.1572049076318096,0.012746177289686203,-0.022328981565741132,0.048365168411835247,-0.009675831633419119,-0.0001096033634392056,-0.03741108934371744,-0.0019024565132831333,-0.005896177048105286,-0.038972260374014744
Zone_DH290,0.008319713791576158,-0.027199305387772238,-0.023460414808621682,0.020275838350207742,-0.25449935361796555,-0.23928432272704067,0.11768716033808901,0.08170453184965121,-0.015746798405022234,0.18979284906107563,-0.004085891843705669,0.006942106572057185,0.006942106572057185,0.14764085443937824,0.00575164183876499,-0.003993901332934799,0.137744149481545,-0.0017786376458649375,0.0072049853799505984,-0.02640017531088784,0.0066964899901556275,-0.005533067255570949,-0.02782738006042662
Zone_DH291,-0.010633319932243507,0.02205308095121894,0.023949331531616214,0.06065090720317112,-0.13506431413016223,-0.029779903847684558,-0.19570895176844738,-0.2667700728398026,-0.006931528687711363,0.11158415405768285,-0.08969156776360485,-0.0019488952495871625,-0.0019488952495871625,0.13766258534024522,0.019299195502900754,-0.012749072189906702,0.014108468327025059,0.0013809268297965138,-0.0020349455194750704,0.010675662272233322,-0.002463107011346454,0.005385821549789616,0.009086307067784655
Zone_DH292,-0.03664285966235061,0.0015844900684615915,0.014313777763592939,0.17972019949678286,-0.09576208239137733,0.001808958499357055,-0.4775477036496575,-0.5790683979393192,-0.01613775164643843,-0.08864264344796347,-0.17865806137760143,-0.0034256155920554116,-0.0034256155920554116,-0.11112463436129852,0.05059865435284,-0.00963272126917697,-0.13771927193873545,0.020071476206417083,-0.009189860251475418,-0.0021249546321608914,-0.0026438242742553297,0.0448390102198474,-0.0037984747130920815
Zone_DH293,-0.06304008152420011,-0.06989198823174339,-0.07323996675547813,0.11754045267790614,0.0283095537012521,0.16963623093321434,-0.3326645001806922,-0.413898082242139,0.0347324036722616,-0.16786358762429465,-0.15130906365238067,-0.008809010636761871,-0.008809010636761871,-0.1505071787950002,0.044408035882176566,-0.03982138465082252,-0.13459840963955916,0.0012388396320540396,-0.027374068999802784,-0.008715900912142582,-0.006195300028031384,0.04390393192775016,-0.010508953284508266
Zone_DH294,-0.07566775623872243,0.0043991138200096536,0.019582060276197216,-0.05943565888052116,-0.022380118145080924,-0.03189358782290014,-0.014463930489923338,-0.02727684852066048,-0.0374313523716704,0.0024772043651301034,0.214549615552088,-0.05496869850144446,-0.05496869850144446,0.06050825848282376,-0.09515026433470597,0.040876614952156665,-0.008482113117310841,-0.04925814742997195,-0.048221638659562735,0.052229198821621664,-0.06141176355660801,-0.0642509602636197,0.050519476010647685
Zone_DH295,-0.06238011178164007,-0.06986037610050602,-0.07163836897191468,-0.10439455205527504,0.14009034378613444,-0.020444192781151393,-0.0141130843204621,0.08733591671013818,-0.026094029201905754,0.05049084499893619,0.07372294219110939,-0.04553288128761366,-0.04553288128761366,0.0750378625658587,-0.07522109285362115,-0.05363474611115007,0.039949188019580584,-0.04958596597710754,-0.03878702697851101,-0.0776799041792546,-0.05147155751787792,-0.053599136543913975,-0.07956200277118687
Zone_DH296,-0.08999818351441868,-0.10796208586598441,-0.11117480973968498,-0.17267101566296045,0.30886097946425667,0.020645983539661905,-0.5346154410405461,0.11912036324491104,-0.020038461117832487,0.14192116450873704,0.0890794208235472,-0.07046651973144807,-0.07046651973144807,-0.09401094759896711,-0.13265802088941137,-0.16569788991686457,-0.06275138467198427,-0.06251396677135573,-0.05751755381881785,-0.12452991659720228,-0.07880471269822384,-0.07291267010175531,-0.12615551863483543
Zone_DH297,-0.03498019080502118,-0.25631343077038543,-0.197801749030314,-0.37688537326831445,0.24767744671435948,0.16752824508456665,-0.5693148965602162,-0.3027195757785387,0.2947606549680951,-0.02584941832993104,-0.019708419501927643,0.05839218587224132,0.05839218587224132,0.18892667961229498,-0.08539229598611592,-0.10900613510828688,-0.056577292464023654,0.1540143860716897,0.14852849601223284,-0.2275325280413285,0.0638633256846039,0.10708144423250515,-0.22970497193521378
Zone_DH300,0.1271413739230131,-0.0011134307703854485,0.152333264471036,-0.015762976800179795,0.051599015341810474,0.05214362969995125,0.1718833739771527,0.15662441540117467,0.08172273421820167,-0.04493694160739847,-0.019708419501927643,0.027940405204517238,0.027940405204517238,-0.14486152999469193,0.018640266823614082,0.048660240334539306,0.0903109951277814,0.02423148557260435,0.017444178959900136,0.2044674719586715,0.036035353151174176,0.01936662189858185,0.2023950280647862
Zone_DH301,-0.022885732192807567,0.15481339579770795,0.07634067934226635,0.06341313656914727,0.004857243139672118,0.037277182115676044,0.11657743974848778,0.0913293805622385,0.00879917001523578,0.06480861322696851,0.11832520678037212,-0.04340256808956677,-0.04340256808956677,0.003303385717883689,-0.055637178445894636,0.0034283200559362403,-0.01378040462764174,-0.039380134877017636,-0.049354719925390214,0.11388914962771426,-0.04465576008112859,-0.04563252824032199,0.11204443768071251
Zone_DH302,-0.05490853119776373,0.33001123336153626,0.16631625602530933,-0.02423153674522205,0.07057520366864001,0.18090503016861664,-0.1572673553616405,-0.21486834855006642,0.11003063882011288,0.0762552580344994,-0.10453857895357338,-0.012962727773148164,-0.012962727773148164,-0.006955543304706546,0.022350912787090726,-0.014724641699967123,-0.1522757014652124,0.001325585095222459,-0.0249046541209325,0.2627063909943998,-0.009787671960370253,0.02098314261924844,0.2609286088869703
Zone_DH303,-0.07727280015183238,-0.020853161541070697,-0.01728627071432584,-0.05067286980196206,-0.0409629603933348,0.0004495507552606526,-0.030088625667785363,-0.0747775363189529,-0.028096026933767504,0.0024810810535458305,0.16651466556556765,-0.05842013057046527,-0.05842013057046527,0.09940395305490274,-0.07782742089334682,0.05385806554384992,0.09261226149454149,-0.040029703223631835,-0.05008599696267184,-0.07735319223296942,-0.06393124680038793,-0.06955408355956294,-0.0794198059398632
Zone_DH304,-0.03877523650406923,-0.017637894339465304,0.013340912606402522,0.1859010803070934,-0.20944094459860252,-0.22577086517687311,0.16224895626946712,0.1349219125291854,-0.05907371573936463,-0.24966981061752036,-0.06112022409310408,-0.03241883019411449,-0.03241883019411449,-0.12087365887355603,-0.012071319247240614,-0.06741826116344328,-0.023005079778790627,-0.04536682082902925,-0.0316127639123398,0.01268358203360545,-0.036778267796197,-0.03335575843188229,0.01647853516000833
Zone_DH305,-0.029773026323687224,0.03684999986190024,0.06400639206503178,0.18968087843218207,-0.1645294587281069,-0.12156794632572761,0.13912809502133872,0.1083740060628734,-0.03266366708944132,-0.21368738060529047,-0.06920146621701373,-0.02395617529415314,-0.02395617529415314,0.05857498569228564,-0.0043162107756597595,-0.0634296303720995,-0.031214252498376838,-0.03658607951908019,-0.023759091482116076,0.07236071622992535,-0.0275131708404061,-0.024652646499512418,0.07534108097323244
Zone_DH306,-0.045372851752204284,0.10361320467941812,0.10128116220484196,0.10096842172294096,-0.1262427472200341,-0.06809341303768929,0.12647518846287864,0.09526989866271307,-0.03203184651087748,-0.030991083504976036,-0.05068283278020949,-0.03543884874055162,-0.03543884874055162,0.13606414545314915,-0.01989752425069534,-0.06960961843291524,-0.07162084489174125,-0.04521417493033382,-0.03344071386483989,0.08925232810284325,-0.040230795519213255,-0.03905726260561876,0.09369343458635082
Zone_DH307,-0.05039205169155531,0.1030008891085511,0.09563460220043701,0.0947723657531635,-0.19632792324749132,-0.2152313764993053,0.17088439592374494,0.14526618755627696,-0.0668375574130683,0.06970844075965155,-0.05559753971439296,-0.041275215355350794,-0.041275215355350794,0.16208465447888992,-0.02283265888784869,-0.07632013158527406,-0.061361956576255205,-0.05166698068603545,-0.03837113926204841,0.10374635672660329,-0.04672851961332125,-0.04655209589356238,0.10198321923075324
Zone_DH308,-0.05933653996856347,0.07019690713506943,0.04700012912170384,0.07486201674101522,-0.14047034981439796,-0.12493251251809254,0.17035515913682464,0.14557724765949387,-0.056312715272467916,0.0873902344190578,0.009934897356572131,-0.04939321334370148,-0.04939321334370148,-0.03785217473884689,-0.03881606004270939,-0.0784142841109988,0.020955474675576014,-0.05780959490599248,-0.04592529227112724,0.05124957852250964,-0.05570047514337938,-0.05953208637746232,0.0494930997771211
Zone_DH309,-0.06574898599856747,0.08366238456407404,0.05937724454197241,0.0849973015206219,-0.1010068554914221,-0.09321403662626301,0.189796168930235,0.16940393031575984,-0.06605359258878066,0.13549408972527166,0.22762557921127552,-0.06292075752429396,-0.06292075752429396,-0.016784172462503855,-0.09692868777666837,0.0023480103288264775,0.08748755755435278,-0.06708137401452743,-0.05963468390270901,0.06540054202734766,-0.06976795613568915,-0.08954525711391742,0.0636994299709327
Zone_DH310,-0.04325962839607783,0.13488647947934398,0.07986125678995606,0.09455277307889265,-0.05606115456969671,-0.0570892799217578,0.1620753455844971,0.14091250174228287,-0.06499907521226904,0.09779696191320875,0.047665781196564005,-0.059616022734669594,-0.059616022734669594,-0.00016937315729093072,-0.05839122605201716,-0.047965556189189296,0.11110953186658767,-0.05723929522036583,-0.060259613877590296,0.10190545600775772,-0.06411626789424946,-0.059610942257395994,0.10001878596094019
Zone_DH311,-0.032639110910305524,0.10408647947934399,0.11631490215449261,0.16061273895197303,-0.05606115456969671,-0.0570892799217578,0.20728844008727654,0.19135351607524842,-0.06499907521226904,0.0698998125076794,0.004856831644429349,-0.05908030253711519,-0.05908030253711519,-0.03930692774244371,-0.028616121054230448,-0.09355867593379702,-0.05607253230040121,-0.06254887838310494,-0.0631897126706544,0.13240545600775763,-0.06339346341286164,-0.040957723134091795,0.13032378596094027
Zone_DH312,-0.03611025239357632,0.21475208098092927,0.2028234590376352,0.11806668295566536,-0.03318950072251466,-0.016004479047847422,0.16138343310616532,0.14031738526113036,-0.03737129852126078,0.056212485271244894,-0.029566718565521538,-0.05550671080527225,-0.05550671080527225,-0.025107577028154415,-0.019617060310872375,-0.07245698091760366,-0.14264688787554664,-0.055550099844337675,-0.05957217753264206,0.2484254867252932,-0.05927168807593605,-0.03385432510373143,0.2577093359815769
Zone_DH313,-0.0035414871119847646,0.27630104170603875,0.1470515277226938,0.0992994897597611,-0.04684294756421585,-0.0723821053183534,0.23553650480841204,0.224429368937209,-0.09015975337887702,0.0516662597357993,-0.007715945431392757,-0.05569899440964386,-0.05569899440964386,0.03441835036817725,-0.02040072556104483,-0.07375577151582569,0.04595300355652032,-0.05227271255379179,-0.056597676049578785,0.1637503451005164,-0.05902470863527254,-0.0366187813909476,0.17617994132387169
Zone_DH314,0.2757987557465447,0.45856324202614285,0.26087221501806784,0.1615405827064499,0.005306652756910113,-0.05316915804463215,0.30366868466085994,0.3043266705153612,-0.12867448177024032,0.012752810139160187,-0.058629556004811345,0.0379862753500734,0.0379862753500734,0.06753468347415442,0.05632583225447357,-0.03219535181733302,-0.08331141196131703,0.016041451057997425,0.016483318503456995,0.2817049502761444,0.04760020021943495,0.04381712816843747,0.3273911059273822
Zone_DH315,0.03117141336341739,-0.25513948247635665,-0.19709778923754018,-0.21041841782000287,0.16637470926234899,0.01137425408373044,-0.06509091740742046,-0.1079063868575566,0.005897190579054634,-0.08221160791901339,-0.02781997279955839,0.05975259049891485,0.05975259049891485,-0.06371047085867029,0.03390156893776425,0.1795255249259638,0.053176729745859186,0.08210634152819735,0.07027689837566711,-0.22667039182885787,0.06984871253006358,0.04609500887344009,-0.22883449499996522
Zone_DH316,-0.050804873099725395,0.038694559399422734,0.06315876148801589,-0.0950985954863176,0.12670841089467938,0.0021946634312095953,-0.00875775713577176,-0.048270393539669554,-0.020661207523218567,0.06337761557840316,-0.01577009929196732,-0.035641445278919326,-0.035641445278919326,-0.1559492541077909,-0.028833694235515406,0.021176541301847818,-0.08631763370214929,-0.014126817583534235,-0.03276479401719433,0.13812685288959414,-0.03600786199855527,-0.03038449980269886,0.13635492887331166
Zone_DH317,-0.018980741729624884,0.21690277377338074,0.267124328424474,0.0411194137663623,-0.02870688333575802,-0.035103497680292556,0.2143078611891115,0.2006663639332542,-0.054869695582563605,0.060564873778019446,-0.011796453930961903,-0.05810345020696553,-0.05810345020696553,0.06226640422083218,-0.0197222551321643,-0.07489741997576344,0.08204809262073287,-0.05002258157400313,-0.05547784724242234,0.3076922512799445,-0.06196079807050084,-0.045732252593479406,0.3059361227174516
Zone_DH318,0.015494228450654624,0.09219001184678693,0.007144559431066622,-0.00039449165151961285,-0.005439580282067896,-0.016402584250366198,0.2170299236172748,0.2049635649790198,-0.0381538671061884,0.11186734192870817,0.17171344879242445,-0.04511940173468526,-0.04511940173468526,-0.14068802228520932,-0.08983436766424774,0.09573214383652595,0.026099174270870606,-0.03162375003437096,-0.04017395103864263,0.011206171416594385,-0.04651917611860765,-0.07654619431501508,0.008917456137986945
Zone_DH319,-0.03960567651366198,0.019676722067409474,0.011302635651991216,-0.03471476022385722,-0.031578248238749024,-0.037411334834975024,0.21365228506086942,0.19977944260065306,-0.056345004879997745,0.14723376856080372,0.3250840436458111,-0.06703308690297909,-0.06703308690297909,-0.1302724929750241,-0.12613098465230874,0.11109764354358875,0.08743412101538584,-0.051568931818883834,-0.056746664473948494,0.013554387492415082,-0.0722385120562662,-0.1106957735702592,0.011786599652700097
Zone_DH320,-0.06715999153117003,0.27652994486603716,0.21780882531868268,-0.000543371462599973,-0.050256686355356316,-0.029722096438902737,0.18979812842199317,0.17109309747049106,-0.04484029312660581,0.0534277065327482,0.0471811742176651,-0.06980230754613805,-0.06980230754613805,-0.18231986485630497,-0.05875618886394826,-0.06762702393343045,-0.005036467187575555,-0.06447498730105117,-0.06319822521048153,0.2510499621145773,-0.0766387286611268,-0.07973242755388751,0.26712338802474245
Zone_DH321,-0.0652503251294369,0.14939524984166283,0.157329319156605,0.06348625853545031,-0.10528588834309698,-0.11935516332916699,0.20717924229688411,0.18962734372093604,-0.08596122673504449,-0.04404285561456023,-0.03406772504547806,-0.06776496150235549,-0.06776496150235549,0.01722616762472262,-0.03463293727546693,-0.09654548085866069,0.02379360745704162,-0.06868694674044784,-0.06308517827115631,0.17329801922450744,-0.07496040015781508,-0.06184677087552384,0.18608238013602693
Zone_DH322,-0.07551820657522956,0.06161609384166147,0.080113360112199,-0.020812587652517256,0.007907560741391012,0.10783451333410216,0.021046859472989343,-0.01826848939617387,0.020786867655553487,0.07833800983303574,-0.08030110638335264,-0.05768874147611251,-0.05768874147611251,0.031000817919846713,-0.0034515631894582177,-0.07920361965258826,-0.03320685737893936,-0.048942792590640855,-0.05348740903234808,0.005135229353474241,-0.06313231513549467,-0.03131847360857665,0.003397527082657059
Zone_DH323,-0.03917308629355002,-0.06228111143312373,-0.0640939690385416,0.06430737030579858,-0.15784942251306913,-0.11619891929763033,0.14624488826042237,0.11667556087920894,-0.03524401150745099,0.16358500752432548,-0.012123921381307606,-0.030017117834547993,-0.030017117834547993,-0.060858919573404446,-0.016523294288510904,-0.056491137473563754,0.060567491831230114,-0.040637273154260176,-0.027518055654460166,-0.07214498534969645,-0.034232169903916726,-0.033976778295905743,-0.0738990247337289
Zone_DH324,0.007155751928097798,0.00251436914981773,0.0031307294050176016,0.042500121872178,-0.17438929483138577,-0.08408893790503286,0.10483340707112909,0.06745545357762162,-0.0030295973528214858,0.19015129575771694,-0.046850010869152525,0.006187040868526164,0.006187040868526164,0.12322944309521361,0.012980678921901967,-0.016652614992659673,0.023763166659434676,-0.002463942678037935,0.00622254236952536,0.0050957939428739885,0.0061830391626580255,-0.001575613447235745,0.003473712956071212
Zone_DH325,0.016682083464286748,-0.003952167573466031,-0.004411553749874703,0.04872604383330481,-0.16440232550724115,-0.053360101763314155,0.10010361333236417,0.061657598008490466,0.004300313615240338,0.19480758166570844,-0.051676276553147826,0.0130708761526576,0.0130708761526576,0.10938634535860908,0.01876776691387025,-0.0018988121895266927,0.05384562225191636,0.005197535024169676,0.012507892667759882,-0.0035155088729914574,0.013893913011945253,0.003207713458888907,-0.004819643205827534
Zone_DH326,0.024879916420679424,-0.05382284120206077,-0.05531024448018611,0.10727647890076264,-0.21078286305760524,-0.13604187203984353,0.09822653736066944,0.059175358369699116,0.001881137252064206,0.028351770641390717,0.16038668865340627,0.018633465232840284,0.018633465232840284,0.06319537273973741,-0.003567782553384115,0.03478960251682202,0.14811215175295678,0.010922809350827997,0.01724943314233024,-0.060364240068582056,0.019990118823463323,-0.004959927240446298,-0.059542561986327805
Zone_DH327,0.013563786370359432,-0.07264899564068603,-0.0660948806260856,0.16832836883475544,-0.09996097499214057,0.06653979353474332,-0.036036237837994145,-0.08991957491102875,0.011808829899233143,-0.1558077585323161,0.0209760567881295,0.012056211539488862,0.012056211539488862,-0.179584938744531,0.007065146078591426,0.016382317648279618,-0.010388899416424624,0.006866265325140085,0.010032447268441326,-0.07620227707278472,0.012884086012779617,0.0064726010144574506,-0.07473773001715985
Zone_DH328,-0.008213139385721806,-0.07763085087462582,-0.06608032305646198,0.09429518081399157,0.21612542828334153,0.661120086991377,0.029820797845962255,-0.015257544135964363,0.06966314034981246,-0.12399037006996971,0.010528441311628695,-0.0035885605964201695,-0.0035885605964201695,-0.14831559299535255,0.00026319141647615507,-0.021636664645531975,-0.03471651338252846,-0.011870531827225805,-0.004282231015115691,-0.06679846422322036,-0.00477163776226255,-0.006746273197813166,-0.06835773187299489
Zone_DH329,-0.01863537985092975,-0.009955046205900264,-0.015508670205689551,-0.07272209272916652,0.20318070557728474,0.16647551809009403,-0.2034688543673706,0.045814569553243034,0.014260781026950733,0.04013059274223996,0.2065865488774873,-0.01135380119734203,-0.01135380119734203,-0.006618408040751145,-0.05546196064410795,-0.01755789999441776,0.14208972679310794,-0.018997595621593838,-0.008918785751367639,-0.012299086786310531,-0.013642950995900844,-0.043558454223369986,-0.009822709426561604
Zone_DH330,0.009210339195130826,-0.020610371897504698,-0.02532780885892362,-0.10226504847149243,0.23229952674529075,0.29644674427291257,-0.1270453955464249,0.022519673090787506,0.031704583062070996,0.01649698715079695,0.0031686484402396464,0.009045514514886905,0.009045514514886905,-0.010151205220044313,-0.011264126600655809,-0.00985933764312552,0.017968191038951198,0.003103700037249857,0.009819886288445455,-0.023380156060667318,0.009206903855057017,-0.00036360069383720856,-0.021907492650545063
Zone_DH331,0.01741548005246371,-0.053682372727579766,-0.057535589684355376,-0.10905740071323256,0.008473285541628961,0.13605815565840357,0.08637113949202269,0.05372245335083281,0.020568285925292286,0.06611591819243956,0.027701436679392705,0.01451288772092104,0.01451288772092104,-0.002331313064740992,0.005074856737606742,0.01260188685385523,-0.00117839517442897,0.008334022377420008,0.014918296120779377,-0.0629361058294447,0.015146950410676645,0.00868366528489236,-0.06431479749507611
Zone_DH332,-0.026364786599234934,-0.09848598005706903,-0.07829182126850316,-0.034471492281857974,-0.0024017010388855675,0.13613488467501678,0.09620532248458691,0.06632640333378503,0.009162123941079098,0.08224960950579219,0.03529717061088866,-0.017680568613990123,-0.017680568613990123,-0.025404168372993308,-0.02731744413640296,-0.017764695006080217,0.025493407351067754,-0.026138398821378306,-0.015108350063245768,-0.08583280444025525,-0.02072929850999741,-0.03250122176735869,-0.08746077673265176
Zone_DH333,-0.059456256169681365,-0.0641245795288966,-0.050733712186822,0.01805506916169064,-0.010256015319762113,0.06171637857924139,-0.06664698891469267,-0.11921047816490538,-0.008325585029259147,0.049544107945909244,-0.008187373716066204,-0.03755762424635449,-0.03755762424635449,-0.06217763312106428,-0.032074564497707486,-0.0338562859435097,0.026047616391121298,-0.036368443571834885,-0.0366394936107155,-0.09363646927218673,-0.04177170477761785,-0.043728002443958386,-0.09061749662131649
Zone_DH334,-0.05835791092778245,0.03228370954704257,0.03160472075288387,0.1709840369238972,-0.05740009013737574,-0.10544439210280263,0.14481548030587554,0.15216306171970384,-0.06326443311826083,0.16624388436887227,0.10938463758668754,-0.0552483604239616,-0.0552483604239616,0.12543471689032187,-0.06848336540702338,-0.03804085319278214,-0.006616813774672159,-0.06439169127643832,-0.055017982839969795,0.03596942260296346,-0.06142952980366052,-0.07061707996222868,0.03918751210743346
Zone_DH335,-0.05325134039276512,0.03561698969281368,0.0432967840437217,0.231506028682807,-0.09107159710905657,-0.06252676275084408,0.14488408185093515,0.11877476410967869,-0.05059342352103779,0.148490029584475,0.09640894807561295,-0.05249321263452892,-0.05249321263452892,0.07831160812972954,-0.06386217190477361,-0.036991556170433815,0.11597462887692922,-0.06228970758253005,-0.05563240759365816,0.05480476558203942,-0.05767104049735049,-0.06393628435100374,0.05898175038921091
Zone_DH336,-0.03789844331075132,-0.12409343908488386,-0.11466362222528037,0.03231485443769411,-0.0017299803653316181,0.031982752579670426,0.014648388695968406,-0.02274239837733627,0.0013042411196734216,0.05794238710384725,0.002465573506075569,-0.03704343971381241,-0.03704343971381241,0.012225845044532113,-0.0349211823599489,0.003557541841268219,0.07137190954626704,-0.02687972977956571,-0.042459510160538796,-0.11613301609654245,-0.037663691500195995,-0.036490998145956466,-0.11830859351798317
Zone_DH337,0.018886873077662514,0.50119502881777,0.1716872082734916,-0.13382105875457423,0.0920575729344439,0.11430600370270672,0.016243920242953958,-0.018006217699566007,0.15565587646067353,0.07893994888028033,0.05855259634947685,0.015945665669954034,0.015945665669954034,-0.1204699404023267,-0.018154208664133642,0.14056167171850498,-0.02862818357354857,0.03199390856331752,0.016051017076155444,0.2949816116731269,0.02243327145501628,-0.006302895295098587,0.2931025142343048
Zone_DH338,-0.042887484277279786,0.26330277377338074,0.21716933292492407,-0.06722001365976382,0.04972448921326157,0.08028111770432284,-0.01225174350514413,-0.05208997564778217,0.051649264792383104,0.10862389111077975,-0.0618565570757135,-0.03349342742380873,-0.03349342742380873,0.0896135657928846,-0.012965688046946089,0.008359421019705993,0.11065265388861067,-0.012865864653302361,-0.031194728702778757,0.10969225127994436,-0.03341002105568336,-0.0245458579174907,0.10784612271745164
Zone_DH339,-0.05819951938798065,0.047577906429642464,0.11428897860483062,0.17003391731993667,-0.13899694410083197,-0.14645016157206983,0.1445838821270592,0.1179680500764051,-0.0751936090433961,-0.196546555071208,0.12903496541794418,-0.05311401819617377,-0.05311401819617377,-0.08584673605595033,-0.0675032623373122,-0.039402403357508775,0.076185599590613,-0.061534014478369065,-0.05307275127036499,0.13691986820966634,-0.058778245595469,-0.0686937816239411,0.15569215278471374
Zone_DH340,-0.04905680025613965,0.09223558098511936,0.12568971592474865,0.1900927892819273,-0.14937019697087625,-0.13208569528400319,0.0877802391874265,0.05297221299599353,-0.053302955995419316,-0.13787318840385132,-0.06306907007927123,-0.03981992050857559,-0.03981992050857559,0.08096536714612784,-0.01725003962668789,-0.07915723146617708,-0.08182854619601643,-0.04902286637358366,-0.040176514496071486,0.13842178521802967,-0.04470039998923864,-0.034390116626912964,0.15747615869289394
Zone_DH341,-0.06161428106266677,0.10175446320234474,0.09239954685779345,0.051311589547078484,-0.07958628336410511,-0.00789175655337837,0.08906849655204496,0.05500315402306455,-0.026596543773947608,0.019524644005606717,0.01537615758109312,-0.04778766783117253,-0.04778766783117253,0.18745095466527206,-0.044914268003246674,-0.03854776258440698,0.0035882234290790516,-0.05234375464599106,-0.044725438247863014,0.0796308958896608,-0.053686127248587096,-0.057574029682462335,0.08655843170919442
Zone_DH342,-0.06489517894097095,0.11663113599887312,0.12758116167125189,0.0646975953579797,-0.06705511653724078,0.0021800710866535233,0.15748135510480754,0.13200529888366774,-0.025660142378495204,0.1363749744658167,0.05020739612183245,-0.05446048137895566,-0.05446048137895566,0.1862554650773498,-0.0532765750851002,-0.050880965521146015,-0.01947368887841916,-0.06077996309932934,-0.05128176457196426,0.14736837420713378,-0.06091419669640868,-0.06917784917174516,0.14583950957179037
Zone_DH343,-0.06682707879502332,0.06970801176825664,0.04197155439663708,0.07420468170745564,-0.12855319139678711,-0.13805607675909334,0.19432747017137697,0.17402915039292166,-0.0790298460081815,0.1134714646604783,0.038655649985216756,-0.06195967742782797,-0.06195967742782797,-0.008694951720764288,-0.05601627393957012,-0.07092335354516721,0.045339742660402194,-0.06672589789470115,-0.05778211684404429,0.04428409908785744,-0.06907928990876869,-0.07335676440602101,0.042326046715491644
Zone_DH344,-0.05316838405302862,0.2789295509451759,0.16947816806140853,-0.03394328267394098,0.054591413574739595,0.14535629608637574,-0.08483753750983558,-0.13386726835412932,0.08863017956219915,0.06506973496195656,-0.0045100238507220225,-0.02742491098533556,-0.02742491098533556,0.029769473485554587,-0.027685656658081426,0.04205279251722405,0.09682313421718869,-0.010664030540612157,-0.032288866911252864,0.16361825783468348,-0.02660867810017925,-0.02546302136678641,0.16175494860068226
Zone_DH345,0.17413197469229574,0.5072164715953735,0.6044974313878194,0.02806309447055666,0.05764063718324645,0.05699953615255264,0.1670911730802389,0.15160537466992274,0.09810653495857197,-0.02189477649628324,-0.0021668852761062563,0.05656077838983212,0.05656077838983212,-0.17439149967202144,0.03398629802343661,0.052330421199238364,0.10340270505863436,0.03566279136231948,0.030674579560184073,0.7706534562736118,0.06823259028221046,0.04511171174083983,0.7684634627144591
Zone_DH346,0.15141757751348356,0.339914429371397,0.13341963018167854,-0.04805402102253031,0.1000409938245474,0.13648226705421004,-0.01882889101202434,-0.05563982368079656,0.264901359297503,-0.14040909892227493,-0.06727041180149865,0.14311714279783322,0.14311714279783322,-0.19711174070365628,0.10549763813357249,0.07461504813099029,0.09328959337373344,0.09228536851030711,0.0884177668844,0.2696972491244846,0.16350305058333064,0.12445797641890333,0.2674980047548059
Zone_DH347,0.5709553253172892,0.7188703646858484,0.7873171780153481,0.035694060059404176,0.11229707088212415,0.10092921861865671,-0.1587437074287531,-0.20894454525879885,0.3250471623146636,-0.14707247709022375,-0.30932964095718524,0.639300049614474,0.639300049614474,-0.19647636377353478,0.5560861500041687,-0.058073802424804755,-0.17626181941194213,0.30453313943722093,0.41693684641464435,0.3097426926373985,0.66240158026732,0.4661553416136168,0.30744893341212076
Zone_DH350,-0.02073819612651262,0.06628423608071832,0.03411228158461457,-0.06577239034883214,0.14238744674981485,0.01479656626090163,0.02256812153063459,-0.01247301819945179,-0.003949089163859054,0.11489053616329614,0.029275355289929916,-0.017729046411855298,-0.017729046411855298,0.05882657514341605,-0.016597933665101317,0.02877517376688682,0.05577190859408565,-0.005155731547361209,-0.023293310771659664,0.0914191737739034,-0.015151262943599253,-0.01080149855983753,0.0892617053925156
Zone_DH351,-0.06709093016442935,0.025005572192020847,-0.028228962292970283,-0.03253562159294532,0.11522633618820957,-0.02279361564855288,0.07787146080902951,0.0466914840663728,-0.0414837176906063,0.09538402055310313,0.07380122566072228,-0.057988663811090815,-0.057988663811090815,0.03749271457023473,-0.07015587557620853,0.008906850246106324,0.06153262796582437,-0.04776380163548999,-0.055287119493246925,-0.01303830290864938,-0.06243597407712252,-0.07169225424424075,-0.015034917126392405
Zone_DH352,-0.035684650168861826,0.10176848002101882,0.1536312321693488,0.01017797545456367,0.0034995603821555976,0.03618595518425938,-0.12928267609127841,-0.18303270399520277,0.00715684628731178,0.0067495027262456375,-0.07878895311620279,-0.023414728147413383,-0.023414728147413383,0.10366939740155362,0.019230699228909798,-0.004492071949152854,-0.15364944881766635,0.005642778873436172,-0.02017590819959325,-0.09620320191594255,-0.022040879258876295,0.006718539788855282,-0.09806897007457777
Zone_DH353,0.037247211393371005,-0.25079449495351674,-0.19449231118391447,-0.12008060598322812,0.038100227799785925,0.04129408445399578,0.1099982157893965,0.0868523426967387,0.05033429792979949,0.07359050322651317,0.14014447335682623,-0.010383455829746924,-0.010383455829746924,-0.066400003802941,-0.06209572624637899,0.1807321330840349,0.05756259196948055,0.0174386125421494,0.005429370924972532,-0.2234794752397482,-0.007496183294266767,-0.03691829168864669,-0.22561270794016636
Zone_DH354,0.06957240992308616,-0.25183231298761083,-0.1951146402693894,-0.05690648116326996,0.02103078800954919,0.0048727678924034845,0.21556114502513424,0.20475885474896593,-0.006977712941489023,-0.012748754821898745,0.0832027450979742,-0.019842863986912485,-0.019842863986912485,-0.09059384240466606,-0.026378805563153196,0.061532739536110714,0.06519573304037451,-0.001169646543373093,-0.00903465801896794,-0.2242416387129596,-0.0178629094702146,-0.030044848152482873,-0.22638224495151427
Zone_DH355,-0.05308042260973536,0.21589599563823822,0.14944465627105433,0.010537535905636108,-0.03207395972941237,-0.015107871671762543,0.1769420260806046,0.15773542305602428,-0.03663112971923829,-0.020471933654959806,-0.026665996954441773,-0.06535609548761911,-0.06535609548761911,-0.18164840581027453,-0.038793643998176336,-0.07571479216387866,0.02926857929176241,-0.05712751795473586,-0.060420956470954815,0.1805905420842805,-0.07081404788003368,-0.06403424956071646,0.2010661509240775
Zone_DH356,-0.07006313572585773,0.12233129388801386,0.11798499468654722,0.038408742998166545,-0.09775113539763411,-0.09059727698353578,0.17254550042136552,0.15033495631708427,-0.06654137400393308,-0.025056843122963413,0.004403749924763223,-0.06468552780830072,-0.06468552780830072,0.01700920058965477,-0.05413475381862151,-0.0727114302843069,-0.03446364795054546,-0.06552354185531253,-0.059675120526267465,0.1369230019774574,-0.07178231880124814,-0.07430248314161314,0.14816743272571473
Zone_DH357,-0.0696150468922416,0.08818912955103123,0.07751194848609447,0.021170925184348155,-0.02186651676826415,0.08390383066412804,0.013669231336715049,-0.028112044217390775,0.00035662630379379445,0.16410256793358735,-0.11059495981481948,-0.05115682658783673,-0.05115682658783673,-0.01567180561545456,-0.008872661837938361,-0.07946502256775692,-0.06114389979036017,-0.04882373853555247,-0.0483236230406301,-0.0209250115837738,-0.05684094248317513,-0.03346293975829845,-0.02273622630080885
Zone_DH358,-0.04449481119225424,0.07492421631202276,0.07935487757599757,0.06248112985640342,-0.09121203125082626,0.005466026629893511,-0.1462004823943046,-0.20916153613563837,-0.0168578957492962,0.1830185457671396,-0.05987311498784795,-0.025395839536114073,-0.025395839536114073,-0.07989671182838443,0.0028648097664344396,-0.04256907404664531,-0.05414851740366233,-0.022412230929892973,-0.02523863638595737,0.03650887840913036,-0.02829698070398897,-0.009383106844364442,0.0351271413681572
Zone_DH359,-0.0006479430240861929,0.02845187797206425,0.02637689210271127,0.032228606076004085,-0.06837033871551335,0.11463240856029194,-0.33883070625805845,-0.42707658859667297,0.012262301037394271,0.1912277280580409,-0.013311229700881472,0.00922122643481266,0.00922122643481266,0.10035808467827306,0.011995877422370266,0.03658452166348078,0.05319413164279596,0.019618808025141876,0.007364956176377856,0.021199852144147352,0.010153345391114253,0.015188154379596835,0.019664591657346714
Zone_DH360,0.028259246217511504,-0.0010294522834723152,0.0016906746265815953,0.013952702202824518,-0.11761928542792949,0.0523470641919207,-0.3167199011037838,-0.404014805224409,0.017733154322228467,0.1394517327399708,-0.08914132939015838,0.027105168277874125,0.027105168277874125,0.07948330563565525,0.042363231034147894,0.0355012496460962,0.01398041545493156,0.03606107551497479,0.024400660247620012,0.004599685370889339,0.030051447788567078,0.03563876341309037,0.003490526176019193
Zone_DH361,0.04579300754519319,-0.048707073803807635,-0.04828364193340055,0.030186208479569987,-0.036022362583095824,0.19297785335623985,0.0750463971348212,0.03353831115510697,0.03306455114183962,-0.005272150227975114,0.12075363588877783,0.033971900050428876,0.033971900050428876,-0.11747258429416041,0.01641476217581597,0.049356869383678906,0.18349568452853138,0.029814061163881096,0.03176083200858573,-0.05146346523741997,0.037387834278438295,0.012512298849629736,-0.049824862963073605
Zone_DH362,0.06948610696486754,-0.04276365880684173,-0.03989032545054981,0.06465530515882623,-0.1554471325414543,-0.0165183114688896,0.069486949708648,0.0270044789787367,0.03212476999147094,-0.09075689000901743,-0.027310200154446906,0.050297168033831614,0.050297168033831614,-0.14777555903059414,0.050191666668268464,0.05377170631553784,0.08217012602700435,0.049337570155746704,0.046612481543859205,-0.04204238627858939,0.05557271346887317,0.0453068496360345,-0.041961663380197925
Zone_DH363,0.06756327106385016,-0.05775398075817413,-0.06004629306065887,0.03440674920419806,-0.11478757540726295,0.10002680386230711,0.07019072929647863,0.02566277838570763,0.03669159393722207,-0.07090126589689572,-0.03547211950531157,0.04907436201136817,0.04907436201136817,-0.13114377614410277,0.05204130613785833,0.04425217322311968,-0.012127004354465232,0.04801992991057316,0.04561015314500129,-0.06447591297976422,0.054198536968242075,0.04680799403067336,-0.06593938422839832
Zone_DH364,0.0559015766094839,-0.016683158613915422,-0.030779349641533546,-0.1011666824559978,0.44335324370765805,0.18428098323314468,-0.08575441690179009,0.016182238825308337,0.03672835843859479,0.06334828684025295,0.1721155402793099,0.04149698784960124,0.04149698784960124,-0.03844241425202077,0.014878027685798037,0.052409157139237515,0.13957266034188298,0.03993073198814991,0.03928983239100543,-0.031214584937065346,0.04551759843213189,0.024606474032177895,-0.03069955142304734
Zone_DH365,0.07630634922093801,0.006534038399008374,-0.019911056370522345,-0.1585093063234555,0.1698203497950912,0.130844977522599,0.03020368259172357,0.01030541708148236,0.04245540055941399,0.06465551664979163,0.00929193262236,0.055636023938145,0.055636023938145,-0.008168351107517458,0.04476040783903809,0.07169964136325974,0.0930515245642265,0.05746381194163319,0.052352428223580744,-0.01912058951514785,0.0614422218260392,0.050628124590353756,-0.01897643698332248
Zone_DH366,0.08693019252465828,-0.023014165436685732,-0.03482296168884458,-0.11938710614784476,-0.09401355406746503,-0.22248784824404566,0.057057904166430196,0.022140333504608978,0.03355664654181646,0.07886077110011924,-0.04058891840341322,0.06271720912663227,0.06271720912663227,-0.03843098429352865,0.061299810806161516,0.07141286646372848,0.003766155753277989,0.06579468521700015,0.05864907355085288,-0.03643874591963056,0.06958162573486618,0.06416854108733935,-0.03783864793552
Zone_DH367,0.06975084640825405,-0.0628966075546259,-0.06019239740920825,-0.08285064546893695,-0.03943161708644549,0.09755496365332122,-0.028560926083729732,0.022685453975963332,0.03791012662854637,0.020441481550218077,-0.019695680939828125,0.05091027493215333,0.05091027493215333,-0.05790461876062197,0.04474698415677616,0.05204916198680334,-0.030901068493893624,0.05107211696528768,0.04777565375393693,-0.06455251032490882,0.056402699212281304,0.04835174894155675,-0.06589704812956373
Zone_DH368,0.045068578206474225,-0.06449442229635882,-0.06369751588099663,0.01340288113885113,-0.01595628300657359,0.03950000347558652,0.02334075184742823,-0.015300868170314508,0.02402146460833906,-0.014042583466327696,0.009054930055525628,0.033797364198191605,0.033797364198191605,0.1110822484335624,0.027727303972849025,0.03779917204204543,-0.008376094986545124,0.031016707435473623,0.03168893975177682,-0.07210105214870194,0.036951716503533585,0.02505511724930038,-0.07244378095669303
Zone_DH369,0.021597480610400434,0.018214332411675277,0.0038484505936803304,0.08214232982557101,0.0077475732357911165,0.21239794697355296,0.0673632726683796,0.030685803842179893,0.02680893376281477,0.023975349352029496,0.025889880049865643,0.01679331477020536,0.01679331477020536,0.07013786586071868,0.004876946877988189,0.013751279529023004,0.049542147294735384,0.009749529887718364,0.015542666621885632,0.009281791539868023,0.018006046674715663,-0.002675543448584755,0.011760207918795146
Zone_DH370,0.008311155379088563,0.02679085058213218,0.023068825941091664,0.1541460367431574,-0.1338931323647283,-0.006136688225526821,0.093323346433281,0.054683865969872736,0.003351544012257745,-0.01579848914205939,0.018610137137007432,0.006543220172250492,0.006543220172250492,0.037745639099725004,0.0018341078629823676,0.00020748112656887585,0.0359978841831472,-0.002828073219763423,0.0054949514195766595,0.029211326997099385,0.006409979377416277,-0.007626281455882379,0.03526052649107736
Zone_DH371,-0.036871257958706556,-0.0016715952742294427,0.03744262576208854,0.19060604662350955,-0.13386222767278483,-0.07421751104763497,0.12071626301224336,0.08843233004300566,-0.0300971993761587,-0.10810030403009152,0.04251401623797646,-0.02939175116150077,-0.02939175116150077,-0.14015454611285075,-0.03211859505821983,-0.03368538928124537,0.022599751471325757,-0.04102820898456551,-0.029442270827635175,0.04654010072682643,-0.03334050283512925,-0.039805998030966155,0.050453340229408505
Zone_DH372,-0.06997431650794562,0.05778623227833529,0.08560856985706786,-0.05456153166903721,0.02228867471209406,0.033652729949364274,-0.4903696918287377,-0.5569103611916333,-0.015970807984578547,0.01677292644566175,0.05308651183072208,-0.02657367818171097,-0.02657367818171097,0.17930596391025316,-0.0461426787782174,0.12053897204786845,-0.3020013980769841,0.020947321240990913,-0.015984423271638667,0.013479202347464747,-0.028424542517762774,0.04319292877261721,0.011760596126539347
Zone_DH373,-0.06193400140422745,-0.05456441901488063,-0.017874640510894962,-0.0443266468113529,-0.09054666755911156,-0.055162618360926285,0.13447573023128057,0.11085534419775744,-0.035407770652428214,-0.24326639854566467,0.03743889843443607,-0.0470972881360274,-0.0470972881360274,0.033039602953988,-0.05305833364208398,-0.03488383494832939,-0.13807129841866816,-0.05246671021120217,-0.04135577396925538,-0.01807821478197033,-0.053374053765892035,-0.03330989819480387,-0.019598841307106152
Zone_DH374,-0.04860182042243223,-0.0269990853635671,0.016814938058823836,-0.004625027978267138,-0.05022721846867795,0.0453494867292597,0.04199358716989676,0.0055747320743761986,-0.009740574304945925,-0.3796793031354414,0.05704683773115907,-0.034383122562474104,-0.034383122562474104,-0.010453357289302856,-0.04365236312391871,-0.01762206084799592,-0.15799321462713756,-0.03853169841329007,-0.030706098857245904,-0.10152230730853594,-0.0390157690697934,-0.01890767266261617,-0.10332418329710297
Zone_DH375,-0.055490644150663765,0.09497993659558762,0.11893534977135994,0.05632107765124106,-0.013935917422607302,0.13568176287687245,-0.3386194533856294,-0.42283003635029753,0.008851719130227045,-0.18795012067467443,-0.06705262713749588,-0.023295284476008545,-0.023295284476008545,-0.03204997167426071,-0.0075514762140740654,0.008547970334654792,-0.27374215199022767,-0.0029494511391817413,-0.02364740436570032,-0.08453156725924335,-0.024897545362625124,0.029082869124224087,-0.08614190525180343
Zone_DH376,-0.0700707695280977,0.22394590111676851,0.2342834220103004,0.03646973386178298,0.00811985603975035,0.05378395451106302,-0.4359507008004288,-0.5291586247570286,-0.00812253008005659,0.022997690713864483,-0.1838873604733296,-0.007257468469861583,-0.007257468469861583,-0.03209547955196218,0.0658956120757439,-0.009968412656184755,-0.1409501401631219,0.02453644586358167,-0.015295192422843523,0.2599588027123324,-0.0045573243808104125,0.056009128443788525,0.2755274405073429
Zone_DH377,-0.078812539748913,0.03548423608071832,-0.03924505414895882,-0.28881618656236907,0.18160313302432465,0.36095041241474785,-0.6314158191735038,-0.7420761052997827,0.372062840959703,0.05365289112676852,-0.24219697787537317,0.23971761481735182,0.23971761481735182,-0.011752027476671312,0.2521402574578622,0.3339114038558393,-0.012067287385813641,0.2817561070869176,0.25972294616250646,-0.2135808262260966,0.26240565790931014,0.25631281641521064,-0.21561829460748438
Zone_DH378,-0.04356501505981236,-0.25183231298761083,-0.1951146402693894,-0.3437080304170822,0.1582856899703335,0.2741035371231727,-0.547502474493087,-0.6465366248541213,0.4316673658825416,0.0661081424707527,-0.24930336215705717,0.3271292635144946,0.3271292635144946,0.016120131394460613,0.2946844522293561,0.3707645352812936,-0.0749279623597029,0.3218597958596992,0.3499114690763235,-0.2242416387129596,0.3464305491492289,0.28804419658701613,-0.22638224495151427
Zone_DH379,-0.04754706343895343,-0.025427074992734916,0.009975610005203861,0.0853578447665021,-0.03959983377697009,-0.021156734263320445,0.1917512296096232,0.1738493148580268,-0.0405115318801022,-0.16103110535184517,0.16440439339353924,-0.06291200387033442,-0.06291200387033442,-0.0005835826257384324,-0.09248031943107438,0.010126353353249407,0.20320713568924365,-0.062106532697139144,-0.06263069807412341,0.013350209094953353,-0.06834967019174948,-0.08113923146064761,0.011357679046525793
Zone_DH380,-0.06640509042077736,-0.13905077479253114,-0.12214164851130933,-0.040601987486401314,0.0006521815596690628,0.056599284063883926,0.05951213648886555,0.026375758963617546,0.010558919817413748,-0.12033224053105629,0.08361807049379494,-0.058125016181468994,-0.058125016181468994,0.06583589139289481,-0.06577143521197093,0.02466609146245652,0.1904705200457686,-0.04452602186118004,-0.05322703606378314,-0.1309609519182523,-0.06283073624154446,-0.06083073726825536,-0.13292649228884576
Zone_DH381,-0.05945587768399879,-0.24100998815321306,-0.18862501752662908,-0.2594611474842435,0.11220747854146151,0.2143666465188646,-0.34689842721657344,-0.424170944392535,0.23986061947242263,-0.40217076149487013,-0.17130101473853834,0.06388160048343716,0.06388160048343716,0.25008708688509645,0.1741273688749821,0.046021340169317415,0.301707987568126,0.11489120438458084,0.08467713736971816,-0.2162938285834055,0.07491197675454014,0.15048785518323532,-0.21835754386201306
Zone_DH382,0.10220336502292504,-0.2614367579738571,-0.20087395959939386,-0.17181983548374002,0.0641301821686748,0.06221545733998314,-0.21899962911307458,-0.2787769678528858,0.11695824085438689,-0.029254065666598383,-0.058629556004811345,0.16145774223022566,0.16145774223022566,-0.0013517794079416778,0.09597126903446945,0.32516579154958325,-0.02900140036487331,0.17701070263739754,0.18618236667259658,-0.2312950497238555,0.17625939790646056,0.12864955860562743,-0.23350389407261773
Zone_DH383,0.2167801058010611,-0.26741766426784763,-0.2044604187106962,-0.09121860325936854,0.05915106204076667,0.035511640946915335,0.20101073540918002,0.19059098071291947,0.07004008550978413,-0.028360988199435555,0.0647259840377718,0.06467896866656928,0.06467896866656928,-0.056110316830523504,0.04519300291109246,0.11205659709103855,0.10996298189638853,0.06697617100768166,0.07477267445935462,-0.23568736915195157,0.07415464358458662,0.04809463210356235,-0.23793870692364605
Zone_DH385,-0.042326108268301244,0.10769180722449045,0.13195096749090396,0.053453490187526875,0.08900760924156575,-0.050808949378849416,0.0943365839476824,0.06576448962269443,-0.063016879351856,0.11905688606062104,0.07200158506956916,-0.04819290372571411,-0.04819290372571411,-0.012547776765982732,-0.05742227100215702,-0.0031184699988884845,-0.10952066368450136,-0.04399474047222335,-0.05317892389683901,0.18805931976658435,-0.05059163163975,-0.04968797607811687,0.1860349520628263
Zone_DH386,-0.06667402861809082,0.08071076394318888,0.0474367741363233,0.062133189733673655,0.10522604162887547,-0.046590925487495896,0.09296259171917676,0.06192370493728305,-0.04966948734528763,0.15548593433010094,-0.04678946103109505,-0.05674878955314022,-0.05674878955314022,-0.042653197621524475,-0.034231769683482294,-0.0743462163841224,-0.08337064057719168,-0.0568524814402214,-0.057228882479603706,0.07435163221086702,-0.06208496732214566,-0.0501702918905593,0.07268602352597714
Zone_DH387,-0.06014357323464331,0.28681379219468867,0.24309007521729067,0.08728376472119614,-0.05975620431946862,-0.0758187984027586,0.12968191503157722,0.10351115049913073,-0.06763043819208209,0.1425378614586097,0.16949370106644712,-0.061855748983096925,-0.061855748983096925,-0.001699936074240349,-0.09341051152990168,0.009028536787515418,0.03927043880064274,-0.05954627454899172,-0.059893193022620916,0.16790222182888453,-0.0675977439594309,-0.09092501105150536,0.16600824187930666
Zone_DH388,-0.02263805059675361,0.33633063391516316,0.12039791285698873,-0.03932850594690129,0.00012725200972394518,0.010773601212427583,-0.3104377577222395,-0.384254986504836,-0.009739643149193095,0.11141845776095138,-0.09115494861527057,0.05118939420534624,0.05118939420534624,0.09456859525859262,0.05870290318074173,0.12691603735307055,-0.08718049892844476,0.07704049012987585,0.04124090030327046,0.2479220284457575,0.06261568143610458,0.07063354254739773,0.24566909940747128
Zone_DH389,-0.07970451797615011,-0.06295043026796812,-0.1103160516368458,-0.21701901235429338,0.1434912095657386,0.19223174827416456,-0.33563360151839594,-0.41309541643088177,0.14591921498081115,0.119001911762604,-0.07225362425471374,0.019125634355986937,0.019125634355986937,-0.10349826282913235,0.02523912699460862,0.15087753046235675,0.06947967928163468,0.06626996451044831,0.02636217640489627,-0.05652491875266211,0.025950787563847527,0.034700885114881064,-0.0584936365974813
Zone_DH390,-0.07613314217647857,-0.007998554878101777,0.005750767716421967,-0.1052675628723092,0.1462578749454676,0.0002725633565133223,-0.14698457155342837,0.03531504064869273,-0.025979546049234845,0.11747839104039637,-0.01331529107521523,-0.05621544376599666,-0.05621544376599666,0.09700855872125008,-0.0771438411036795,-0.1000263318499558,0.0629226854156072,-0.05299787301918374,-0.047869570337548135,-0.026419040207533717,-0.06299229681335328,-0.07279204715062101,-0.028266010945211167
Zone_DH391,-0.04420311340584681,-0.04590239067399371,0.016181789908022215,-0.00794156563336601,0.11964751326671025,0.001586580029368595,-0.40175708481169614,-0.372699005890421,-0.016164500978906093,0.1806002729729851,-0.09196310679600711,-0.02152188195799125,-0.02152188195799125,0.026305345191416307,-0.012783418046109635,-0.03515170469463241,0.012384748736392837,-0.005783888968875828,-0.018371303668148105,0.004458119050686327,-0.024064634905659743,-0.010864848728984938,0.0028704026647498326
Zone_DH392,-0.007939466945988297,-0.07144417155673986,-0.04910653094106898,0.12255365471342838,-0.09707829998947326,0.04615483368475859,-0.19182448345810177,-0.26250306088788156,0.001991853736996646,0.08859543935584824,-0.10933798765845296,0.00027965417199073833,0.00027965417199073833,-0.14114206348062586,0.03287777083748403,-0.023326686416586806,-0.13704197115542316,0.002017040878762255,-0.0014121926583492948,-0.10395512485798163,-0.00020858333297531229,0.021116994772234485,-0.10536090811852132
Zone_DH393,0.008573076098228518,-0.04679806131032074,-0.02819997941943149,0.0777641895308182,-0.1554848192002874,-0.04619272559288537,-0.006191863415917376,-0.056445597785632295,0.0006395506241371404,0.11280994504054465,-0.0328107864199052,0.008397519674732064,0.008397519674732064,-0.12028917285509613,0.0221097367060617,-0.007848714858939232,-0.02870338407025219,0.0032197213582737597,0.007654189742959311,-0.0631930177831798,0.00865946694987994,0.010394720330240748,-0.06442305563245801
Zone_DH394,0.03224390629060771,0.0018872704140834307,-0.003130475182885978,-0.010191457569462603,-0.1022103813129488,0.08743373815060335,-0.032641336691147216,-0.0873161347311755,0.021838538378173306,0.18009675228642053,-0.06978687696265623,0.025581742630347796,0.025581742630347796,-0.08462519157973802,0.03564822940374248,0.017884948845233076,0.023128670039465282,0.023741603172060824,0.024190084118597844,-0.01513957017225398,0.02790386967618797,0.02385202677134242,-0.01663653231536337
Zone_DH395,0.07045119939452485,-0.028353226444973664,-0.04390479855737084,-0.05367962561878947,-0.11821368607422758,0.0972730941248095,-0.14886599329146832,-0.21890872505168213,0.038146251450112634,0.06700223285105056,-0.06430699301119891,0.052544385227863415,0.052544385227863415,-0.07093005241724742,0.06206551426399559,0.06196253124031348,-0.027369198999254496,0.058899553022262935,0.04906531438691199,-0.053447212632119226,0.058182076809399116,0.05576585179233104,-0.05461573173595642
Zone_DH396,0.08620684808640186,-0.04147519660525245,-0.05265117487153106,-0.054700478007192355,-0.11249375919600965,0.047649251244791135,0.05594750241374136,0.010764165471289888,0.0430232251426083,-0.00126051604950983,0.0426902055910624,0.06214848806142372,0.06214848806142372,0.13254216540482172,0.05518108626604167,0.08044845886697266,0.12080329682838897,0.0649753830442137,0.057881339835434246,-0.05577732272707675,0.06886982004813513,0.05522114414573376,-0.05399050029878799
Zone_DH397,0.09727439994781062,-0.04167864337054922,-0.05172470124566495,-0.007942572272286452,-0.21981897986726737,-0.113660456711322,0.052179431222867945,0.012534772806926053,0.042458302913389194,-0.09638220682699494,-0.03694935488632037,0.06957546682657091,0.06957546682657091,0.09094538658501372,0.07236656486696388,0.07929033878687812,0.03311385537150291,0.07410035067001314,0.06450152904664326,-0.05548917094657754,0.07734619561114378,0.07048080269122017,-0.05376537458919556
Zone_DH398,0.10115421921448543,-0.03627867915776545,-0.045934715630745165,-0.01772498762955499,0.22773723413245062,0.34512584832934334,0.010270367926979995,-0.014284379258176716,0.0594634274771493,-0.10917328566530515,-0.0718728472111019,0.07236669108907498,0.07236669108907498,0.08685828933775253,0.07823600740245985,0.08060432412805565,-0.027352631561725738,0.07813885558636359,0.06702865888990424,-0.050461050840996266,0.08060509174161914,0.07901612991034801,-0.05113730795235982
Zone_DH399,0.09555550128861669,-0.021654001516674043,-0.032597850107470766,-0.08958347693972357,0.15364812975554198,0.0024620663650936625,0.028818618813980956,0.008021967681589581,0.04588787101997498,0.011094970753884215,0.03245185974996173,0.06859300624437095,0.06859300624437095,-0.0694663727641841,0.05777781057535987,0.0858366726564984,0.02355041993051754,0.07326687339858427,0.06385713381928303,-0.033764830319367695,0.07611101874194263,0.06482586472461713,-0.03407870082410834
Zone_DH400,0.1162435458630404,-0.028588159688138493,-0.048372972457258245,-0.19238567003639506,0.056956024338833344,-0.050676393772225437,0.002586908732703952,-0.01189578548454684,0.05456122515668439,0.08402102889536545,0.017842041945236392,0.08284820911143387,0.08284820911143387,-0.008476350517446107,0.07852980748643568,0.10504405671440897,0.07749741401330423,0.09219398390435067,0.07705320375553257,-0.05078198867319157,0.09240611559318278,0.08363910074773018,-0.05173781551552191
Zone_DH401,0.1263995206563704,-0.047954556180221666,-0.0643158073266274,-0.16697642192530582,-0.04948145612074245,0.019496643314919515,0.03164557411105584,-0.01259467018848659,0.0612809882087969,0.08265811985626637,-0.050238619277556906,0.08966134228264833,0.08966134228264833,-0.0358200803741226,0.09432906901872015,0.11000095564910628,-0.005675327582252199,0.10093934998944654,0.08315437262914838,-0.0682603836429714,0.10003760137302387,0.09661809103380213,-0.06937681525841286
Zone_DH402,0.11844658626276104,-0.06159844178709355,-0.0696215074808193,-0.11722916889986768,0.03590578779094966,0.17893352453858136,0.03375562773621765,-0.010001651481948537,0.061710492081899194,0.024951951432853003,-0.037163079871074256,0.08421724666719041,0.08421724666719041,-0.06812085993548339,0.08781622699013328,0.10293073557553636,-0.023604127441851808,0.09366506473629625,0.07809652442111144,-0.07434890558067445,0.09377888595990967,0.09168773732561494,-0.0754505425676639
Zone_DH403,0.10104138503136963,-0.05627867915776545,-0.057185840743256375,-0.03243206490265149,0.031658802759901516,0.07589507909857413,-0.017401034173081587,-0.014284379258176716,0.050728872726403695,-0.01151535700178985,0.02231459704807831,0.07228843982426368,0.07228843982426368,-0.11068537878451817,0.06472503256953865,0.08702230775316586,-0.011697432489441217,0.07815958602330939,0.06702865888990424,-0.06496105084099636,0.08024368950092524,0.0737579812274183,-0.06631230795235972
Zone_DH404,0.0814429540230294,-0.029510103718189976,-0.03451947467202615,0.04274503140363217,-0.08790872848187825,-0.06373498842868602,0.05564271763517403,0.02268383053740508,0.03605042718862107,-0.07958428081599378,0.09670777563271801,0.05859648961091988,0.05859648961091988,0.06453320724342454,0.046869143543459106,0.0777148713596538,0.028127885999063906,0.05990664500868588,0.05431095801467042,-0.03677173872478383,0.06485568135935267,0.05133399034243078,-0.036349373999780624
Zone_DH405,0.05548066302730471,-0.015254012156582453,-0.020110398260340778,0.07781886197561216,-0.2013309651964435,-0.19842582339041642,0.07491992218192745,0.04465414286780334,0.015743073465814383,-0.10196931178908286,-0.023077246609463642,0.0404187369872364,0.0404187369872364,0.06221312604127294,0.0381045039499159,0.03625192614886581,0.01910256243905384,0.037085831976760505,0.03753119822715953,-0.021427570338889396,0.04434181105967535,0.03361444300076954,-0.01914443459055519
Zone_DH406,0.001996535399121275,-0.025135111026192147,-0.019040175133019435,0.0666740059501374,-0.1487902581775667,-0.19465817821000678,0.00093449497957665,0.08045065645606109,-0.01665018991629057,-0.16866875227209155,0.014334394179269044,0.0020775745350535297,0.0020775745350535297,-0.09736132365525008,-0.013055883015692639,-0.019582537688126414,0.0688903993487826,-0.007327175059732599,0.0022957838050128047,-0.020703080481330682,0.001565241937509088,-0.015735966109560545,-0.019237564649518868
Zone_DH407,-0.038328034221712076,0.024148847453756755,0.027191651950243922,-0.0904256395994536,0.009742634529578381,-0.08487343106225897,-0.23971315302944018,-0.0904385681675286,-0.025857466701625233,-0.11249309408141073,0.19083419255611692,-0.024744495988785333,-0.024744495988785333,0.08481991204153155,-0.06720234335806677,0.0054043707061808,-0.03214600025805947,-0.024002377452829626,-0.019679676016675383,0.03352082116161034,-0.028312013180753003,-0.042420639336268634,0.03192257207935226
Zone_DH408,-0.028322643211701776,-0.033092077982013995,-0.006198023041418643,-0.05661604900717199,-0.05974277307300019,-0.0549812940731102,0.045174166917696046,0.03648702725222164,-0.01697449310375651,-0.4054118786316921,0.0009075117019718693,-0.01878532884359793,-0.01878532884359793,0.0054295195271170105,-0.026257729998496668,-0.02477205427099774,-0.12404339821965538,-0.025485448491716772,-0.015616590884379467,-0.012277916863056348,-0.021778796751084115,-0.009622455568183391,-0.013860195388354313
Zone_DH409,-0.0013058996267590085,0.00042940922318426833,0.04235485442110615,-0.03477668967416925,0.10717684429847568,-0.07841746349485623,0.017448162395035438,0.018584173545399207,-0.006076342779474032,-0.4007793411749941,-0.03168086759700603,0.0009233416610716205,0.0009233416610716205,-0.027604863562767812,-0.0038814495599247684,-0.013651742504281653,-0.06055634113671049,-0.005588178019891248,0.002123114835789428,0.0019771074241163034,0.00019011144487250664,0.009480308784643302,0.00076952923901627
Zone_DH410,-0.019421304104320185,0.08848128977043815,0.10146546757960884,0.018112631818656744,0.12857390521807016,0.13108794970850018,-0.16104904978285806,-0.03068879371554112,0.009555307447032028,-0.26060947455925254,0.037313773936680034,-0.011511074697456797,-0.011511074697456797,-0.07049766674005614,-0.032144499357984344,-0.03488356867377321,-0.12388933790346046,-0.017286269147532354,-0.010330637748052962,0.08155257355870366,-0.013668892089129775,-0.007771473184808031,0.07986784132512076
Zone_DH411,-0.05218853966269709,0.11006845374316795,0.08799345052388496,-0.008680875797159149,0.05302779198220964,0.0880031795688202,-0.3188705570643008,-0.02821043036393389,-0.001961372644646367,-0.11992221007484616,0.1187268152230874,-0.03557147024115248,-0.03557147024115248,-0.028674855746660288,-0.09942636760383058,-0.11153888808888608,0.14770292663807094,-0.03852924346069789,-0.032532707554620816,0.11541163414603031,-0.04000437742385596,-0.06759486901309389,0.11393960734951375
Zone_DH412,-0.07469962716999205,-0.20437039965852588,-0.16665403528215345,-0.009197173495387734,-0.036232969263386705,0.026953131658509044,-0.0970820755102142,-0.15032326848010324,-0.016800503074834897,-0.05315325853845132,-0.02254719307578204,-0.05022303720766144,-0.05022303720766144,0.043182411636464635,-0.030674968429442118,-0.029606648756259235,0.020283712579264312,-0.03452685463851066,-0.046052061098291394,-0.18938607105101268,-0.05446976457349388,-0.033938185852748715,-0.19118946766662193
Zone_DH413,-0.06792867440364622,-0.07987005513396286,-0.086871642728122,-0.006177021688758666,0.0477825293309182,0.16258559586878968,-0.5437410933198228,-0.6472641241392112,0.06615246358408869,0.07387606636658295,-0.15069388879369627,0.04741808714120305,0.04741808714120305,0.07499454562404445,0.07236094439956653,0.15553153823180038,-0.02784280657682936,0.09755410786720231,0.039234899947454965,-0.1969500378854226,0.05852570935838891,0.09048611311986482,-0.1988266119752575
Zone_DH414,-0.07322767206993289,-0.08141777977288252,-0.05945425683210831,-0.000801515488208282,-0.03167384410710243,0.05331938036755188,0.023088049047662262,-0.017073248909827088,-0.0083724656032816,-0.026758092516361187,0.0038981204041158013,-0.054926190814666195,-0.054926190814666195,0.009843392536681483,-0.04337154696181067,-0.03903350650445048,0.14609180992071114,-0.0505682638758955,-0.05099729662711783,-0.050367646830831475,-0.06074736251167296,-0.05719285403303456,-0.05201233002474662
Zone_DH415,-0.07023288495168922,0.023616989692813672,0.018544308796196896,0.03324487649299657,-0.07146375397180166,-0.024065224289305576,0.12067160501338114,0.09176263621552205,-0.03653292075154478,-0.038445939474399005,-0.028993355231998835,-0.05867205289059122,-0.05867205289059122,-0.004930749948872992,-0.0433657402100176,-0.07038645201183122,0.2037210533067707,-0.06028144650340714,-0.054766012878665955,0.03080476558203943,-0.06526048755192229,-0.06282168710782243,0.04082175038921093
Zone_DH416,-0.07590396029773447,0.024219293928877755,-0.03944218299332791,-0.08432987967750172,-0.024018851075510328,0.014068246517663974,0.1354860422640698,0.11086013617149792,-0.018413785518888504,-0.17441090383439628,0.7251630635441124,-0.0704007760676787,-0.0704007760676787,0.12312439467830039,-0.1754292208478686,0.27958415750245413,-0.021342529966534518,-0.05674964613744726,-0.059566790654708435,-0.03644071357717096,-0.07716626114315273,-0.13302648544102005,-0.017911546426637504
Zone_DH417,-0.05658762498440881,-0.23090544060057727,-0.1825658109692298,-0.12172300977628808,0.009061352071149997,0.0406562018927481,-0.19109253168796458,-0.25168825462015476,0.014277011479763957,-0.007564942794322849,-0.01577009929196732,-0.018648882158740526,-0.018648882158740526,0.19421450135072438,-0.022178616013513897,0.13342674313102854,0.011865590109215174,0.026281986633036658,-0.00383683714439792,-0.20887314711040583,-0.016853543241778984,-0.016164337896592773,-0.2108650711266883
Zone_DH418,-0.00669290160303504,-0.036624535403572606,-0.015455442532069902,-0.11808226753515311,0.03968185692419962,0.0652671939409521,0.016101303832037894,-0.018878203980544295,0.06673215298118407,0.1254078416163008,0.017529182206548144,-0.015024441751105039,-0.015024441751105039,-0.09437901502150814,-0.02175121014876641,0.093416341313042,0.06186797182791859,0.013466829985908646,-0.004446273942123519,0.02693295139332369,-0.01238561524209214,-0.01959826917969787,0.024952081126415587
Zone_DH419,0.15141757751348356,0.09271442937139701,0.07761404962362276,-0.04805402102253031,0.021609621275527804,-0.017363886791943846,0.1642470818107058,0.14860493927399954,-0.05060780133308912,0.1057948833152268,0.15658472023153874,0.024659776193667104,0.024659776193667104,-0.06064885860758637,-0.04609217411203048,0.22066933372941833,0.026223493644317197,0.04193372847361421,0.038281189384189424,0.11669724912448459,0.030868428248672142,-0.015423977600341476,0.11471800475480587
Zone_DH420,0.056163790649718326,0.01495998163486642,0.06701221352240316,0.15837839368441464,-0.026930695652946965,-0.05637778808707609,0.243214050884215,0.234073305241689,-0.0850324251174855,0.08832136407781987,-0.005187684534289583,-0.033405716768840826,-0.033405716768840826,0.005068993409938882,-0.015391470394087559,-0.05381117703574456,-0.10209358860351991,-0.03738589911633999,-0.04468546072071264,0.0742716297423045,-0.03280053381368819,-0.019874386022937063,0.0720683849810804
Zone_DH421,-0.055665732331301315,0.03590821820852269,0.0661863056516096,0.17830235122022065,-0.09573797124839736,-0.16590228891694742,0.19215413876629794,0.19368159596915968,-0.09963949283743471,0.07105431971016263,0.18055637303790972,-0.06177309014603386,-0.06177309014603386,-0.0605926719915264,-0.09369883552526521,-0.031118622370117865,0.1367595208699428,-0.06895309651388101,-0.061567869590879225,0.06931854320145972,-0.06827727570151748,-0.08402378029140128,0.08033712612311103
Zone_DH422,-0.06165038993953445,0.19380009609992152,0.1654305839471173,0.12695390951451768,-0.041541793659313486,-0.05423687148346902,0.12647559196294933,0.11905554122878081,-0.050507693974634386,0.07520660206267438,0.13043541640043932,-0.058611487219625544,-0.058611487219625544,-0.051283388820779485,-0.07610997119656548,-0.030057991101857334,0.011174759877842555,-0.06266954567051136,-0.0580470677632997,0.19970791992958623,-0.06459608650698707,-0.07478591986678959,0.22062494435381663
Zone_DH423,-0.05723183924045422,0.3313009555978558,0.2139808974002261,0.07582500059292385,-0.031556299874749616,0.008010080809682574,-0.16706876947064675,-0.22708692201362835,-0.023351583973181614,0.09668199278315248,0.08386756690775199,-0.03907825685235895,-0.03907825685235895,0.0659220964450386,-0.05719042618091172,0.07408702632705266,0.10987144772073087,-0.01344446591675924,-0.036040615673667814,0.20732242878857235,-0.04071905678090475,-0.045411629980510154,0.22442849067314755
Zone_DH424,-0.09134460726568093,0.13393587191003906,0.05681129544481334,-0.17958632188760948,0.25322212041928305,0.21551332982593457,-0.34030079234713906,-0.42191755836931416,0.06004992947589197,0.14505846792431543,-0.0008408880509085392,-0.030725479328828256,-0.030725479328828256,0.09576881136939802,-0.034513411866177984,0.10524028754959663,0.06861211748153784,0.006971846501491463,-0.024959979529029036,0.19001387625367056,-0.03196215265008523,-0.030599622592831804,0.21022402340551136
Zone_DH425,-0.047157958576191206,-0.0007023906739937191,0.03508368009704113,-0.07971643630317438,0.10003967012945536,0.0785096569524456,-0.039311130518922766,0.02283572398830014,-0.0027431119716627983,0.12412555588374286,-0.02662517201761322,-0.032182111956516546,-0.032182111956516546,0.02472237575910191,-0.03367932718118703,-0.06360316800227173,0.06476201970662865,-0.03673961393816881,-0.027697080114245105,0.053958119050686315,-0.03671371332994604,-0.03525751989022885,0.052635402664749836
Zone_DH426,0.010803327762115563,-0.06503724964944979,-0.04787585251957921,0.07661155246189788,-0.05979565665983025,-0.16346617787167134,-0.5181780080352985,-0.5719433303465391,-0.008430048536647262,0.1769980013782274,-0.1603232788684237,0.017716650916291005,0.017716650916291005,-0.04009788590297053,0.04639324619175085,0.01768106244255689,-0.05838386789205885,0.03806186268622502,0.016565958792714955,0.01851259295829344,0.019569738902295047,0.050330785226734925,0.01729938152866753
Zone_DH427,0.057512982886046775,-0.047548560722903074,-0.03645896874345435,0.13454279513390732,-0.20256725091210542,-0.08403486301127797,-0.11391151515087439,-0.17917116266943522,0.022327491704075896,0.14960808884174248,-0.09681392357531485,0.04329089483142258,0.04329089483142258,-0.1842242008773651,0.05970229649319207,0.03644160321652299,-0.04140863306593845,0.045611224788637945,0.03948264174042264,-0.07205637172065654,0.0476868358102704,0.052753091843463586,-0.07329964481732229
Zone_DH428,0.0675739941816192,-0.03519286214634387,-0.03273679335611854,0.09465127011733276,-0.15341898072369548,-0.014888200257498374,0.042657033068359884,-0.0028178741455152645,0.03097224803437469,0.13477827352520544,-0.10158025281863499,0.04906774739676705,0.04906774739676705,-0.16554831109952417,0.06482161303047125,0.04062394807363842,0.028629817542218494,0.04844496223813042,0.04530999184519541,-0.036151345148518005,0.05436526321245759,0.054490686921127233,-0.03761651361281816
Zone_DH429,0.07324591300453245,-0.013048939314518906,-0.02491069628691356,-0.023946660234556827,-0.061601956229634214,0.13395691592814424,0.04807152022535244,0.0038503442428249324,0.04070065143758176,0.17213464515130306,-0.025096744386590653,0.053254022948000586,0.053254022948000586,-0.10156622238209301,0.05525202816688517,0.05438049452130275,0.028702245276835292,0.05400511592944758,0.04964114098307795,-0.027783112956178135,0.05884150582071429,0.04933463862261152,-0.028990207238491897
Zone_DH430,0.08079908128373445,-0.020929609632914487,-0.03396119612818359,-0.07880687728945412,-0.06874235656128042,0.1282178748304716,0.04398695134926789,-0.0023336655759816916,0.04380399812976685,0.07275584304592819,-0.008436677304164142,0.05857334242390417,0.05857334242390417,0.37888654750219997,0.05836680735461071,0.06953503916978745,-0.03471960053937073,0.060937902548651036,0.05470100880577455,-0.046139185623557594,0.06491444091330077,0.05475710526020129,-0.047565538515730574
Zone_DH431,0.08640308067108747,-0.006953295856812966,-0.01702452155584945,-0.07125832616446226,0.004855142091538145,0.08587114791131772,0.025609090962473324,-0.0156562636700186,0.04471524082994936,0.03717552104543631,-0.0490546585021803,0.06241117016407265,0.06241117016407265,0.37034880531350844,0.06512611012561335,0.06927390290055321,-0.06656962815168799,0.06595409613340274,0.058174381157890004,-0.030687800002701576,0.06915358578569031,0.06416550781278295,-0.03083011148827057
Zone_DH432,0.08373559946651428,-0.007690754714801518,-0.010055835329007709,-0.014594638039978736,-0.1296176446261498,-0.06573890249847453,0.019040976068651072,-0.01483974739535976,0.03730304948331724,-0.07711166474547793,-0.05393719077394443,0.06044861805291897,0.06044861805291897,0.10680616370375406,0.06477387906628203,0.06348454732577431,-0.038217597322156904,0.06328828643516575,0.056195942448317285,-0.029523138728142384,0.06686716300555538,0.06562796026563542,-0.02843353168463658
Zone_DH433,0.08202532262187939,0.01010112509843028,0.0003805846292874726,-0.01615051034255066,0.24441877861775474,-0.026081874960735107,0.024344146368058928,0.02106347741244252,0.03800588012435424,-0.1611772564023919,-0.05110360064428962,0.059150090961772504,0.059150090961772504,0.10734634355193473,0.06089130837971194,0.06025528916426212,-0.06115518658193386,0.060933684162138804,0.055028125513473095,0.0030302637196365223,0.06545155501684684,0.06374695112413577,0.005560550162380662
Zone_DH434,0.09104982465267965,0.02440392945042741,-0.0020194037188079744,-0.10642875130719165,0.0005571375716441063,0.1593397372101737,0.04007331246809742,-0.00016584073754444262,0.049526439704565675,-0.02210198489237536,0.011867672437271243,0.06559085732253858,0.06559085732253858,-0.054865548909878714,0.05819952714901553,0.08181374206878386,0.048978395557364385,0.06978033435918615,0.0611858782227853,0.0016026891768880225,0.07288272721878933,0.06372347161857139,0.004317862507916603
Zone_DH435,0.11208926779764614,-0.0028219101940992197,-0.033931192869237375,-0.19212123726054253,0.021247154253248635,0.18291141316857196,0.0313323565940532,-0.012712656768108954,0.059443366029087195,0.06326381119042834,-0.009696336545391121,0.08005372854068538,0.08005372854068538,-0.008571396434714718,0.08040002038518008,0.09747653454079289,-0.010778515070173578,0.08862973117749255,0.07452336361544488,-0.034334921103967395,0.08906857029504155,0.08154179563065224,-0.034655934523989296
Zone_DH436,0.12193261024148827,-0.03989323472640961,-0.055337488043725375,-0.1639484416212681,-0.08493368228633469,0.09944457195937745,0.018064664564179767,-0.030436208963737443,0.0613034958078995,0.07997184298098348,-0.04324968589339451,0.08669024194506679,0.08669024194506679,-0.03454013251248378,0.09099934495998527,0.10485939922783825,0.017812018609086766,0.09739428312071666,0.08045934360918774,-0.06439037420624205,0.09645580012808608,0.09147621511712423,-0.06568773789702559
Zone_DH437,0.12473577553513036,-0.055065498614929265,-0.06069171994556079,-0.09925270467439073,0.08951234283018145,0.4055096528291213,0.027355252100997318,-0.0210079377753164,0.07033600455241253,0.08706841454976788,-0.05541322929153182,0.08848246261253002,0.08848246261253002,-0.08750883031285062,0.09314091003712631,0.11068034570202588,-0.05504549598977526,0.0993340111977012,0.08190350190242865,-0.06378249285430634,0.09874404163090221,0.09755146842208551,-0.0650739756068286
Zone_DH438,0.12008620230839091,-0.05882816194392798,-0.06264879356970339,-0.028075228891685455,-0.04343125373119133,0.17820560016232556,0.03748286571983184,-0.009200106387612927,0.062107243429129946,-0.0316718503561485,-0.004548886085158355,0.0851862559484332,0.0851862559484332,-0.12713827154398544,0.08191497716361547,0.10865517553800354,-0.013255779817441637,0.09462652402774836,0.07874951877073523,-0.06657697566419973,0.0950022413398812,0.09036602299685983,-0.06783098186963099
Zone_DH439,0.10896910158342689,-0.0601508938717993,-0.06197068070278315,0.06993464373958436,-0.03334744695508146,-0.19830500337340456,0.04511171294615324,0.007161392704579828,0.04551804582521081,-0.2514081520525103,-0.009829450811453921,0.07740462701824215,0.07740462701824215,-0.17212998220213932,0.07406191939226132,0.09544133365848087,0.0050341126384795265,0.0839192495151324,0.071420025358802,-0.06610466990542471,0.08612797540758226,0.08099999962995151,-0.0660679674895929
Zone_DH440,0.07589037724944149,-0.04278540436439979,-0.03306366167969883,0.0583967755648257,-0.06322489906056711,-0.09811674248845761,0.0437908894477923,0.005188599959940143,0.03178060077865577,-0.2514392028508674,-0.017718228794619123,0.0548290116999292,0.0548290116999292,-0.1477193064060844,0.05205119296819554,0.061038254323651724,-0.06136115424214861,0.055466079154255235,0.05077971943332804,-0.033295819340567176,0.060747512888897716,0.061821484852540284,-0.030548199308715288
Zone_DH441,0.02747582997203187,-0.01299200946004439,-0.0034772283583379693,0.021611112309411373,-0.05790897594464736,-0.0238632701623005,0.05989866765967755,0.04775970827925391,0.012023172902678944,-0.1851393742602414,0.03692412824223315,0.021008521952266795,0.021008521952266795,-0.09540144297365394,0.007910091565414407,0.018924443170379925,-0.0180325958846258,0.014662135131743428,0.019971560972122483,-0.0016665730943291879,0.022702231467964157,0.014405878676446576,0.0001866917976056648
Zone_DH442,0.0017940817195697296,-0.010400680857979211,-0.004198332876193284,-0.018893164673594587,0.08470751373652352,0.03466725368124718,0.0461999557055639,0.03961794378211192,0.00586308639858793,-0.16921631980827356,-0.021959201700119862,0.0030007719061239634,0.0030007719061239634,-0.051145627829927987,-0.004017487409472963,-0.009462304187730086,-0.10889110586789474,-0.004471333562655645,0.0037528144247926387,-0.008663722106887956,0.0025520751821702173,0.0005112579183314536,-0.008762988261247023
Zone_DH443,0.0035780464653053547,-0.001621689795699155,0.02192135549773419,-0.021618901759825282,0.10241001946892686,0.14852046898134452,-0.1599961056229593,0.004901016518817358,0.01715873728901366,-0.39857280829613323,-0.042001930242639346,0.004674708567091252,0.004674708567091252,-0.053538301077246,-0.013211181115133842,-0.022840233282319593,-0.03320072291204723,-0.0015817800063384624,0.005244640230812616,0.027408361354878424,0.004365443649276553,0.0034296878050320556,0.026054629812673785
Zone_DH444,0.021382420447615656,0.016254830021851602,0.03921610597389119,0.009426991201848534,0.00667015834099105,-0.01923724761749568,0.008469688400873143,0.050921877299178964,0.009639174662203483,-0.4000890120574814,-0.033949170136632706,0.016729922077048685,0.016729922077048685,-0.08362825048861522,0.007209492969252468,-0.002478310800243945,-0.006565887632082212,0.009965755842410294,0.016127788080686142,0.04660528870168623,0.017947248991078454,0.01810638376990782,0.045161834748648766
Zone_DH445,0.009742993549897994,0.050040503607307885,0.060751548707248054,-0.008496214291860982,-0.02125932820474241,-0.12555066796099829,-0.01918129054824791,0.06740498844531462,-0.004777066344023525,-0.19238398308834426,0.021646423219948696,0.008331778331635257,0.008331778331635257,-0.05921086228764161,-0.012919142442278243,-0.0037701805589979015,-0.042795108558883355,0.000528321220358785,0.00862949500875582,0.06921657224937516,0.008290030782586106,0.0003941750864961957,0.06797033421408596
Zone_DH446,-0.008040983349939995,0.008354530347882333,-0.0014631168525224558,-0.0016054937206110287,-0.13971507693646584,-0.14890253357900401,0.10944328573474194,0.08926346408068098,-0.017434584958903872,-0.025720944813054647,0.07133311539896792,-0.004892278394206232,-0.004892278394206232,-0.04713885971264398,-0.02377801478937655,0.0019475662214570866,0.06206154508448747,-0.014236036304312277,-0.0034781006454332533,-0.0014279317792403878,-0.0063490839150712915,-0.023449236027252664,-0.0029437774770315894
Zone_DH447,-0.0393735791303806,-0.10483211090840257,-0.0898074051960602,0.03075775626321564,-0.15943681553385694,-0.11747477406225527,-0.047017890557749076,-0.09901988175784426,-0.03460129151198228,-0.025778666259767546,-0.07959734674349653,-0.025155363947862917,-0.025155363947862917,-0.05105322517662897,-0.004144728042322979,-0.04172786105524946,-0.09034341946324775,-0.0270410257343697,-0.023259828429217384,-0.11916836567477501,-0.028384572040605825,-0.0209089835299332,-0.12092279400950738
Zone_DH448,-0.060894892004407564,-0.05572457952889659,-0.0475833971553188,-0.007513035710875249,-0.029863858457017,0.10017791704077988,-0.501483307629949,-0.604326244427309,0.0008350455629862613,0.020608425378941697,-0.1859763535136544,-0.00811709069311499,-0.00811709069311499,-0.028116497749885283,0.05543906632035753,-0.002238224167191688,-0.10557202025364087,0.026558797777094606,-0.011514046875940494,-0.12613646927218683,-0.00707708967100415,0.048942796917681414,-0.1276674966213166
Zone_DH449,-0.06091669882323119,-0.0755266009807865,-0.06990757695197257,-0.05227474850084335,-0.13230075718063952,-0.09566437872241086,0.15924016356503046,0.13255743192502312,-0.04371143937210686,0.058980322616914216,0.1543674427776652,-0.046627746440068674,-0.046627746440068674,0.04298671666488324,-0.07113994483826046,-0.02175627415682041,0.22944051605740357,-0.053091114002131415,-0.04060966134602538,-0.07931605130875898,-0.05276518808867925,-0.08179436900603068,-0.08097930429575811
Zone_DH450,-0.05806530724022092,-0.032475577247711135,-0.04404513264517751,-0.04953127348909658,-0.09761249737694633,-0.02238018552796056,0.11870462968424811,0.08708958639760067,-0.025750456937305218,0.018699094556975826,0.06663344776394167,-0.04296025071036226,-0.04296025071036226,0.02677543689648676,-0.049494768910416945,-0.0403875139674455,0.1352612105546218,-0.04855717117527182,-0.037664269762853905,-0.04595667747726734,-0.04881769869767748,-0.06650494354376252,-0.04100177922422363
Zone_DH451,-0.07081243766569835,-0.02399233275630641,-0.022059262999878648,-0.06451060295039635,0.04233327079322177,0.22631145903062616,0.09954115135343777,0.06691818686790618,0.03742068115479513,-0.03017439082756701,0.054351300683936676,-0.05220696015123291,-0.05220696015123291,0.02504968285060777,-0.062469338386462445,-0.03399045979786813,0.019828843957972242,-0.05424056705436614,-0.04664656606711285,-0.01615193407773266,-0.05847519752334028,-0.07468863504036152,-0.009091808975872778
Zone_DH452,-0.07378240653883389,-0.1152796726608764,-0.0702936767780759,-0.024119724932122,-0.1368993879183495,-0.14476426714363114,0.1895723701842602,0.16827211177499213,-0.07596678529772484,0.03053443860527627,0.07575462152834189,-0.062597098144149,-0.062597098144149,0.05878890606572196,-0.0624872135188472,-0.0529030335221376,0.11528959033254638,-0.06517584047667763,-0.055119960943725066,-0.0812099295359027,-0.07017101286923233,-0.08378595756443019,-0.08282373792891068
Zone_DH453,-0.07637389606449721,-0.13756836158742314,-0.12671506100424573,-0.06062684583061495,-0.07255916621509398,-0.07034942815787062,0.2016122392516584,0.18412728698653213,-0.06731231019971759,0.020608780306637375,0.2340452584799887,-0.07482649174492102,-0.07482649174492102,0.11989120357286775,-0.10033713468110847,0.021247889969993994,0.08749100799966159,-0.06629099321204276,-0.06381934728360875,-0.14464096485695252,-0.08274781342737034,-0.10271733114022624,-0.14646471158292085
Zone_DH454,0.04169953692688261,0.02941408484683397,-0.06877500359647526,-0.08948049985172118,0.016025495230242576,0.0008498028439294647,0.07897280746466273,0.052105883135973974,-0.014046494451322528,-0.04232740821350023,0.26030239582459347,-0.008309687452681513,-0.008309687452681513,-0.06702431137245882,-0.08593939323226901,0.25938274791952515,-0.04374043946089595,0.020962725388071035,0.007306347034518934,-0.056238784041105466,-0.005148368415411497,-0.04891994010934053,-0.058199850936558495
Zone_DH455,0.0771304679747366,-0.05200497118222994,0.009220961648829101,0.02722550011436209,-0.005981642751830593,-0.039540150143447174,0.1831370641589516,0.1681845209994417,-0.07463811586996129,-0.04883544146494234,0.12230070600863385,-0.015357849918600758,-0.015357849918600758,0.1167571338334813,-0.030045680360617222,0.05600722576264572,0.016984495204959482,-0.004908860504797552,-0.014459313477494767,0.0229816116731269,-0.012622745892291343,-0.014703991074466183,0.02096251423430473
Zone_DH456,-0.06908568366663978,-0.015679672660876387,-0.006837331143512482,0.0349523478719731,-0.07807585850658477,-0.029379651759015746,-0.3344548070856596,-0.41634751336282505,-0.03719388372124414,0.03261150492815257,-0.04499453508882037,-0.025996573860674693,-0.025996573860674693,-0.011407600484496405,-0.005659928130004488,0.01675844641106522,0.13423044846938448,-0.000639398959831533,-0.027804460901608666,-0.0232099295359027,-0.026802743985965216,0.00424189289136051,-0.007143737928910682
Zone_DH457,-0.06859488374486758,0.04462177673578699,0.012304675917893332,0.028084479219798064,-0.04351093503837865,0.04380541081735709,-0.08995729472144509,-0.14383106574774385,-0.012971758910204051,0.022258132171152578,-0.08525722251060527,-0.044840012082145615,-0.044840012082145615,-0.02322869619240714,-0.007536978631305702,-0.06126100142406429,-0.03370360272058259,-0.03733144255394871,-0.04336864655594751,0.03018647641262351,-0.04912023516507871,-0.025201126818326203,0.050171177526273064
Zone_DH458,-0.07624029994575048,0.008351684547831278,-0.021880197322315387,-0.05887022624287297,0.05812398510449587,0.239003122548758,0.055832483255616405,0.019010937075015666,0.052140264833307914,0.09282781229551051,-0.04749225077659733,-0.05532667543729906,-0.05532667543729906,0.019548098249768497,-0.03805955139700337,-0.048730640750992454,0.0808495178331321,-0.05308599514070508,-0.05035224213881146,-0.007893144996047874,-0.06157743419081374,-0.060533395796963374,-0.001133888662172844
Zone_DH459,-0.049884959042298,0.0017381689083079965,-0.0003540738316299419,-0.002213150866834157,0.14796140618626996,0.16243015351284867,0.005952719675040186,-0.0392049529308619,0.01248583628957238,0.160287744889686,-0.12001212495395049,-0.03288553273268884,-0.03288553273268884,-0.05702630742900816,0.00613939417306672,-0.07168173750406168,-0.03132405205254962,-0.03656782241486016,-0.03086166862080217,0.02184410061747394,-0.037048680556253294,-0.0200962038379163,0.02691109495268293
Zone_DH460,0.006510321506155731,-0.006227931860693231,-0.012136201465481958,0.005274227643574436,-0.037275519063466794,-0.122663905443821,0.05705671452495753,0.07175426877675717,-0.006343183453226785,0.13695916509360495,-0.07828139424374167,0.00587830503872265,0.00587830503872265,-0.06550714575139971,0.014165719962490157,-0.028019785928341007,0.05300657315022261,-0.002463649987221525,0.006281787669899503,-0.012361832480270535,0.005594548838633206,0.0014748274193557842,-0.01376350352459263
Zone_DH461,0.048279649881992126,-0.04895083969643414,-0.034448745211240014,0.10730807910136486,-0.09620638725847866,-0.19273101872041343,-0.5184375597327174,-0.5959803470789244,0.011611594451826492,0.16041867777554453,-0.16918970619534524,0.04178500363024669,0.04178500363024669,-0.1028059743412642,0.07164689915289452,0.05052783867652803,-0.1051970633703313,0.06159410470028383,0.03812672285087043,0.009945027682598029,0.04663350894395639,0.07228414114147093,0.008572581915061106
Zone_DH462,0.0818865190845125,-0.03689151236299468,-0.030127806583308533,0.14276637525842573,-0.2639356085756461,-0.17876297685384296,-0.13776489782469703,-0.2069826860271643,0.03106484308990924,0.17084759584230214,-0.07962524032054595,0.0599420085209267,0.0599420085209267,-0.1984003529322198,0.06962663817935898,0.06743347875538791,-0.0027604198837281047,0.0662782509120452,0.05487584938450023,-0.03840496346963568,0.06660180405837376,0.06583895960808019,-0.03972888762526176
Zone_DH463,0.08782907792163536,-0.03328035413671866,-0.03183226709639066,0.06702113070110449,-0.13257816831884142,-0.10657993879680641,0.05328653713547704,0.01975977849289068,0.03737903647542437,0.17027156390485676,-0.06957541763537167,0.06293133629578263,0.06293133629578263,-0.15868106152782993,0.0695179420428198,0.06405548671821122,0.02583893081808386,0.06530874738335775,0.05818979375788322,-0.033134232312699324,0.06968478485918538,0.0646670142102895,-0.034356025558521935
Zone_DH464,0.07072067030206455,0.0030465472950482186,-0.010931718616636832,-0.08082661531194757,-0.0010552546532472395,0.21226497904412456,0.047600367197777604,0.003555873809737875,0.04337511772449561,0.1540897917229208,-0.05426771788021617,0.0516670092464203,0.0516670092464203,-0.06210174663784562,0.05442640349051285,0.04900218663054603,0.04561012158020061,0.05238259516889267,0.04843231791559311,-0.01480050073990942,0.05720150964010867,0.05370291903624888,-0.01583760048192938
Zone_DH465,0.06486593976382529,0.013087096784856811,-0.006706165895651997,-0.12305166477098839,-0.015870469824918687,0.02380932409888048,0.04272685304223578,0.015881215983733377,0.03269190166185254,0.09802498734069376,0.011260646035036403,0.047695313340493914,0.047695313340493914,0.44386005506146653,0.04005613152182836,0.05162505255519529,0.041858485094456666,0.047565809518724245,0.04503244466326159,-0.0037395021422477193,0.052640217553346635,0.043072086696898125,-0.0051955234799509475
Zone_DH466,0.06337267434480877,0.01921957852056147,0.005494815937529249,-0.09257841225876828,0.08380143149661956,-0.013339956012263954,0.05356115122890315,0.029572696645086327,0.03010134474486548,0.10092211528424999,-0.05300637856774784,0.046509410039996424,0.046509410039996424,0.4148518492852783,0.04692674145020547,0.046168416112048874,-0.07004024265567454,0.04569493946047418,0.04383832018966349,0.00827027893494131,0.051447742438698575,0.04809915596723166,0.008454514982235345
Zone_DH467,0.04608968898270141,0.011522676171756202,0.008349614113012799,-0.07084603719873472,0.23694713331409822,-0.0005678495173002118,0.019924570046470524,0.004484201398287424,0.02259759680813852,0.06750829770250943,-0.045229714202171645,0.03461665868375626,0.03461665868375626,0.1853581265657248,0.034404099731781,0.02859760290672414,-0.10053626472852617,0.03214056802374268,0.03295686891562829,0.009999017021379397,0.037769586285723765,0.040695928411495,0.010407093572823212
Zone_DH468,0.03509619271843355,0.0671664628220465,0.06583325065327372,-0.10838905053964798,-0.027886152298374933,-0.0697135002907319,0.07126296587038672,0.04271294249437896,0.01352591689064589,-0.08819608669736623,-0.05128244089790296,0.026918582027418612,0.026918582027418612,-0.010828361599801717,0.028533955762779527,0.022105597830858414,-0.0793481600320981,0.022580658565224426,0.02617793327887204,0.07659361240484444,0.029282949369272483,0.03339079490518719,0.08151858066653817
Zone_DH469,0.033484529705492094,0.0724368658776437,0.03863290709873335,-0.15821888085600977,0.16899844157988658,-0.030604015000332496,-0.00553783067867597,0.009583728108074063,0.01553958063418822,-0.017793372675382724,-0.010105543768445219,0.026207782475359917,0.026207782475359917,0.02622063598751484,0.017834790916044774,0.022646579953611218,-0.0994548696544002,0.02300026431115528,0.025811232219737683,0.05035155961364857,0.028515699608941104,0.028300275919107845,0.055849186139547174
Zone_DH470,0.06846337085269966,0.01415943481181664,-0.010323726312873371,-0.16770693557900296,0.05895970516075422,0.2516841204026812,0.01601931310494331,-0.030509772806037727,0.044703303752818,0.04357000713824455,0.036082634539772396,0.050502922154682266,0.050502922154682266,0.0014093813693860091,0.045722799090440705,0.06294685518069176,0.017172578157254592,0.05225011092784359,0.047724345977608065,-0.008658231411248524,0.055706186280422086,0.04711658987587241,-0.008423792012835343
Zone_DH471,0.09182636432799299,-0.050781368439254015,-0.06027657758349671,-0.1543079582763679,0.21522909050457628,0.31237063799689846,0.028781499988306036,-0.004273601081041578,0.055322295150382436,0.10741303659443369,-0.02965477282619597,0.06625994811221703,0.06625994811221703,-0.026683383519409354,0.06728502235105244,0.07574004704793942,0.026946615288083176,0.07086314242583056,0.06192154281243284,-0.06359275762557151,0.07348668615681435,0.0665278701143932,-0.06500463789958236
Zone_DH472,0.09625863696828942,-0.05783272630533497,-0.0626181774084198,-0.08040008772702412,0.03545985299339238,0.155873220512593,0.03636832042746785,0.000979810104094203,0.051365184559410595,0.12360418827664865,-0.026587631601731415,0.06909011152508071,0.06909011152508071,-0.07882823221979929,0.0700752947562783,0.08133111830670384,-0.036492843085665916,0.07400813585505431,0.06426291235433472,-0.06710232795568793,0.0766261125732121,0.07287992386074325,-0.06809962633395189
Zone_DH473,0.10068374428078397,-0.0677543268314938,-0.06275167332357101,0.022823823614772865,0.13037222621151,0.1918215837182332,-0.01979830191301224,-0.04104028881162047,0.05410960946329779,-0.016220620066225377,-0.02343223189975585,0.07207681349595042,0.07207681349595042,-0.1492156271461766,0.07050293560725453,0.08571829884466649,-0.02980365379848937,0.07813408736755624,0.06661795879115023,-0.08266348381237448,0.07996342738399845,0.07600583560791724,-0.08404169935822989
Zone_DH474,0.08961557688218141,-0.07590210928881497,-0.07378975215988576,0.08770668951235627,0.17973299045391,0.2768986879636678,-0.008423113847414343,-0.0032688238683993287,0.052391812259570986,-0.2635265272579076,-0.042075656469570066,0.0642557161465058,0.0642557161465058,-0.17836213728608843,0.06537788725369163,0.06674544989393343,-0.02266537069695218,0.06719978618062644,0.059265912637724155,-0.07920957491885318,0.07139225000641143,0.07119566089734115,-0.07933725982361958
Zone_DH475,0.07241318304880116,-0.06295345270495177,-0.054586084053180425,0.08235964724865474,0.11659180417028214,0.0968803636595092,-0.00551884219073373,0.006725664327929426,0.03826220762649811,-0.28768072825988944,-0.021463033712547763,0.052389328613909304,0.052389328613909304,-0.16199257633216874,0.04671109054852345,0.05241945878475453,-0.0734467009942098,0.052224525587181075,0.048420284655662615,-0.05730050073990932,0.05792431412149647,0.0638066706692424,-0.05673260048192938
Zone_DH476,0.033426196266881716,-0.028085490443996095,-0.028526845869905518,-0.0044415589625537155,-0.10325536726636286,-0.06725231500855602,0.02386629888674585,-0.01771600103471449,0.012103272013485706,-0.06562362362013063,0.061799665521989344,0.025728852298232307,0.025728852298232307,-0.0789944546927463,0.007604647772288902,0.042040039163826204,0.07354549273561028,0.0219463030882546,0.02444969995007306,-0.04532580990060653,0.027814208367251972,0.010100478790626082,-0.04551973657506646
Zone_DH477,0.009827619187234793,0.004440503607307883,-0.005405066954318166,-0.004298061479098503,-0.17812207330278162,-0.0870891294994598,0.10879894416453795,0.07167731479592099,-0.0013684596120252246,-0.059594984377557836,0.14359764273214382,0.008337797659697657,0.008337797659697657,-0.06264972691646259,-0.019068935685711143,0.03351015740811231,-0.021148413545354017,0.00023291249388128488,0.00860542848889492,-0.005283427750624847,0.008290030782586106,-0.0179749664926854,-0.0034446657859139307
Zone_DH478,0.0027288903843290073,0.051280700716455546,0.04559527877634323,-0.02823345763136076,0.024706571175637015,0.0337209170421372,0.019606176473005443,0.032349554265293734,0.0062297658833958686,-0.10639623877967541,0.08629680329913214,0.0038581284452541796,0.0038581284452541796,0.17442976100879626,-0.021903805206823508,0.019524571046742503,-0.02593694240339839,-0.0032801991255987165,0.004558420429167073,0.05818979984075437,0.00331125340766422,-0.018677496916568705,0.059198953828732886
Zone_DH479,0.021201226799997523,0.034800466352416765,0.04875438210470473,-0.021264198859366923,-0.09172526983804163,-0.05798508909293995,0.030347523552986866,0.019080789020546773,0.00689648256672952,-0.167774542599735,0.008067744859687226,0.017026359235939086,0.017026359235939086,0.15514622992412141,0.004103106478728746,0.01827065822051313,-0.09252515646237025,0.01140805112022638,0.01656126761510362,0.062212242606786095,0.018286267424408073,0.011507201299950996,0.060754823377565326
Zone_DH480,0.019839595543556902,0.017463545086405408,0.020079581207290587,-0.02258851595496958,-0.16884338448061326,-0.09539110675075735,0.04529512261087476,0.06463164357737461,0.003242769643323193,-0.08339778783024332,-0.0031454535342506362,0.015642482053111886,0.015642482053111886,-0.05805853548723522,0.006528973417590449,0.010516665946397469,-0.14384642083492072,0.008739090575510117,0.015411636544924277,0.023317932849679618,0.01667499706551779,0.010738648061558463,0.02208669887712128
Zone_DH481,0.023243368071569275,-0.03507054569310132,-0.035536870349229144,0.01972879859920873,-0.09301912362558085,-0.13594809091044574,0.0686554453032171,0.042729364987755813,0.0018025758958145326,-0.03262521430298715,-0.051648317287497775,0.018041793829366187,0.018041793829366187,0.1262707531907179,0.024328750816944245,0.007053407794484261,-0.0632186764092193,0.011531501512579305,0.017268953993408147,-0.03739927378295664,0.01915626580252095,0.016435147860303256,-0.038667934633802734
Zone_DH482,-0.004390067854083357,-0.03890416854284466,-0.021060435346633002,0.11480173071979605,-0.12094202356934222,0.004272664497699918,0.041073902125438266,-0.002905538257399476,-0.0008946747858425697,-0.0008317368863717256,-0.09992686968502075,-0.0016443441241612098,-0.0016443441241612098,0.06427651358111636,0.021835882154439254,-0.030405897409835972,-0.07557061303787349,-0.009594211120660667,-0.0021329738653904466,-0.03117728356316704,-0.0026633707772997783,0.005785143517652011,-0.032625704368864986
Zone_DH483,-0.03162024969550563,-0.038574319776729066,-0.030788404596129762,0.050710099643818674,-0.1296569162653851,-0.048135637380810725,0.13367377027070781,0.10205373794020922,-0.019513596903301747,-0.00867996345769606,-0.01780052324473841,-0.023390056208106913,-0.023390056208106913,-0.06468572664654881,-0.022021076057744268,-0.04040819758858108,0.06960200218507318,-0.033728924646428765,-0.021248729461856877,-0.03433524137817606,-0.026993689115031885,-0.0378085760478679,-0.035712260697939036
Zone_DH484,-0.0494079898892423,-0.0864839980619352,-0.09130735902742723,-0.07425149167655076,-0.15148301153019275,-0.11108196610475819,0.14957268865697004,0.12073301840907835,-0.03761319124342359,0.05519097815626428,-0.04077490800870845,-0.036259844425591964,-0.036259844425591964,0.04517365604386586,-0.0218672769222375,-0.0626860523898532,0.044203962690154364,-0.043950142497720515,-0.030954159746412246,-0.10305651998122002,-0.041375486626983794,-0.0475830664151186,-0.1046740524759828
Zone_DH485,-0.04667908036292133,-0.08836516166365,-0.08352598122718216,-0.08315125985130667,-0.11647143418716088,-0.03753790895875325,0.13568614372529397,0.1050130571195862,-0.022852430236711865,0.04082910945330409,-0.050229177336733266,-0.033544326743617625,-0.033544326743617625,0.042417562245086415,-0.017343092461365103,-0.05610418062845467,0.06281772829345988,-0.04101006554493676,-0.028513485074605032,-0.0937942232430997,-0.03845851300735262,-0.0440910239962027,-0.08989954366858197
Zone_DH486,-0.042655660051142935,-0.09493946395803927,-0.07637042947256065,-0.04805325674124028,-0.13956639713624025,-0.0788021927823232,0.141789985417218,0.1116337791127412,-0.028386946493138485,0.02090616104852261,-0.0153309800319274,-0.0310252348615178,-0.0310252348615178,0.015061260941479415,-0.025838448955140814,-0.04473023456910663,0.009249232253058626,-0.03956156948484864,-0.02673266012439192,-0.08574720471060115,-0.03550111560044435,-0.04787335385075639,-0.0872873957723046
Zone_DH487,-0.04478681531402832,-0.11465345419321597,-0.1050611558969595,-0.04153678431411845,-0.07752897366853626,-0.11468058895296591,-0.05288167992915971,-0.04101284227442881,-0.03587681771329996,-0.004209300327201904,-0.007546578729202863,-0.030407306519278192,-0.030407306519278192,0.027392083811636547,-0.031535353736276917,-0.04508186677266668,-0.0002562572288447029,-0.03233328526099877,-0.026055376857121962,-0.1117121863629795,-0.03458445320815873,-0.04116401530373093,-0.11340171312399792
Zone_DH488,-0.06551330465121767,-0.09681764858411127,-0.0937230792028787,-0.0463546974286867,-0.025233593161918366,-0.1268697740965726,-0.4122080305784629,-0.26756999722251495,-0.05554200425384397,-0.008468403659254498,-0.04853247755620238,-0.03984285445999167,-0.03984285445999167,0.09248762016129908,-0.058716769633782806,-0.06730634515197356,0.008805616644875114,-0.022705558406046877,-0.033014755806219015,-0.07702672077943777,-0.044371460091768414,-0.0457395977323643,-0.07865119809418282
Zone_DH489,-0.07281954625533935,-0.0055081927755095406,-0.05796802440828601,-0.11988959369427499,0.12822329551607556,0.10303720446730438,-0.5644651455149489,-0.26499626010167154,0.050532332407837194,-0.11994898702346435,0.1615358826383,-0.024434615863388104,-0.024434615863388104,-0.13891240558694343,-0.1310340868970404,-0.023577866391399305,0.0021917445103188937,0.01070770001846616,-0.01899844906440211,0.005059319766584441,-0.02348646358770809,-0.04488579899467049,0.0029549520628262826
Zone_DH490,0.030493112847603976,-0.062266979336297296,-0.08346736593009373,-0.01495681921109171,0.022134550825472922,0.028461796059512365,-0.1946479900066017,-0.25388449166328014,0.020393786771992384,0.044112943080804046,-0.15578794292702927,0.07328952450041692,0.07328952450041692,-0.17961082011520574,0.12448536557906076,0.015200811444155471,-0.26744361648854353,0.07449283256523132,0.04843643148241378,-0.026185731239525223,0.08756873988074498,0.11070131748095957,-0.028462586941511075
Zone_DH491,-0.0766770202811184,-0.06998136620741613,-0.07770498397449946,-0.05200786563412141,0.0030501507649175474,0.12663229534456766,-0.4496660766552877,-0.5447345143452387,0.016381669781352082,0.09390056437299987,-0.16116956587873327,-0.00996905796380923,-0.00996905796380923,-0.007123035725896232,0.03951415531253233,0.024348664903896866,-0.016472519566712363,0.02578104430118827,-0.01469281502067675,0.013980997435627224,-0.008044580795435533,0.03518096771312895,0.012104361678752673
Zone_DH492,-0.055358134892910346,-0.04781857582649149,-0.028948056407981468,0.08499728049030875,-0.0894358435680152,-0.01580826377688993,-0.11766489183446982,-0.17616804576435907,-0.026568984892228135,-0.029734919526814396,-0.010028857592416479,-0.03507448866240367,-0.03507448866240367,-0.06269455932050044,-0.031087300303361765,-0.013523941591053384,0.1432328009855368,-0.031120124612533384,-0.03463204339757385,-0.09441174312850954,-0.0388909629235046,-0.032477048418343285,-0.09591559636821406
Zone_DH493,-0.035765722744635936,-0.011739463958039265,-0.006613453774990841,0.12764620968707963,-0.10035071086173046,-0.0018791158592462998,0.09348856478719936,0.057747340303479944,-0.015604671248144783,-0.037001015573737916,-0.036580349918313104,-0.0267123863048022,-0.0267123863048022,-0.1137051146043721,-0.015819122884379325,-0.04912439682133593,0.10105441199793685,-0.03668263005400284,-0.025980581378738918,-0.0007472047106011626,-0.030441484230729843,-0.029630871049208987,-0.002307395772304599
Zone_DH494,-0.00045591522182381744,-0.009115341713065883,-0.0010858725613809295,0.11488443235016366,-0.1449251655188884,-0.11462856319603915,0.10724756819583603,0.07068267583076948,-0.011157125836975364,0.07886853239838165,-0.07488124712482702,0.00013160373763712076,0.00013160373763712076,-0.12853382109445505,0.011293931830788598,-0.026344350396468104,0.01187914280129665,-0.009698621589772707,-6.74432860817975e-05,0.0006364134673033095,-0.0006676771818518463,-0.0038908137066872295,-0.0009192979978208116
Zone_DH495,0.0339018606668442,-0.005770531375259957,-0.012826265629844194,0.04015394083512713,-0.18147873785601948,-0.2978543658245998,0.0899699224253685,0.06417355096942023,-0.0031624686183399087,0.13962980634752564,-0.07136125900858664,0.025262059913955023,0.025262059913955023,-0.10274094127436445,0.034510829562903245,0.003852560240976112,-0.05729645287628804,0.01913290582665956,0.023858240652113217,-0.013888263133647327,0.027254844236320273,0.02590674243053618,-0.015372794010895446
Zone_DH496,0.058480476007699136,-0.012984211848321839,-0.006867630831882965,0.09147232970525643,-0.2431632803923232,-0.16206738002433718,-0.2923375111670027,-0.3783030524768809,0.01920915986942786,0.16592750144846247,-0.12268346855998682,0.045570862931407566,0.045570862931407566,-0.1353923082617473,0.06893454753840605,0.047855173427217026,-0.1028299643438132,0.05529408367680691,0.04180240901117992,0.013358080605496453,0.050446160042919894,0.0670446502339282,0.011873817121125257
Zone_DH497,0.0805392440877504,-0.00829996835351779,-0.009100692308061625,0.06115858268493812,-0.06734731384876486,-0.06296856277324397,-0.2414439567432607,-0.31559370810087684,0.03540838502787148,0.1709986388388155,-0.036820786754306695,0.05984445952889479,0.05984445952889479,-0.14794380844466803,0.06526197516053789,0.07879358692302066,0.036765965393994904,0.06969004166542392,0.055083557271655335,-0.011058051522193538,0.06647795359425795,0.06521187000182861,-0.012113456725696331
Zone_DH498,0.09300753270949158,0.045732979199402224,0.02305031697602461,-0.05070171985112948,0.2737729365622722,0.1198381523738759,-0.018592305710844692,-0.0017378911670759,0.04869339321389259,0.16418613580585084,-0.059558750074162545,0.06682612444758224,0.06682612444758224,-0.09564062721264677,0.06903439717592802,0.07374489683793634,0.028613297736737153,0.0710959933321425,0.06211629490991197,0.026991218168419984,0.07411427168544019,0.06826622847105675,0.027560150316863513
Zone_DH499,0.0793265935550734,0.11310848763700532,0.07518272446979676,-0.12770300531089784,-0.06785717720309709,-0.17876297685384296,0.055934916875735596,0.022069133156959242,0.03106484308990924,0.1255460631106019,-0.07962524032054595,0.0575523352801506,0.0575523352801506,-0.0277125800064556,0.06395621786431169,0.056702433188072804,-0.003340242071590449,0.0594786675938278,0.05399742140957753,0.08659503653036432,0.06371058613282266,0.06470626825380839,0.08740611237473825
Zone_DH500,0.07049991005188812,0.11370177208842136,0.08553095826301951,-0.17095253695101098,0.017928333124727858,-0.17285214594938297,0.035700697328893805,0.031453724410660966,0.026752396816586376,0.10300502839763637,-0.05545955349072379,0.0515838317559839,0.0515838317559839,0.5016048988779012,0.050876407511807685,0.05028262967027162,-0.011226474504811845,0.052235547532093404,0.04877492769989059,0.09738693386671385,0.05707282826839043,0.05641059872156755,0.09710164745774988
Zone_DH501,0.05059658187264524,0.08366075706585349,0.0762383780802198,-0.1666366249689426,0.3101489651156306,0.18753664018580318,0.0028920770820191066,-0.0007436848250805816,0.03527929074574082,0.09646224783000357,-0.0435827722089987,0.03813400310312742,0.03813400310312742,0.5027027838156903,0.03566729679679129,0.03404463402090859,-0.1259980915211445,0.036927663263916916,0.03656884232500639,0.08306920284077934,0.04166249504187426,0.04561672597769112,0.0816174701294177
Zone_DH502,0.032716638845680976,0.057704206432287214,0.05328491252960779,-0.1508391433170715,0.5423611142769702,0.12389610617279367,-0.02760855540957108,0.008158327889423722,0.025217566095414624,0.08960324945521214,-0.021512118669431785,0.02561709192105166,0.02561709192105166,0.025880699558496256,0.01487202391106739,0.019544654379081157,-0.1044790767232937,0.022336738969919778,0.025270366179667422,0.06160725775152984,0.0277413208288703,0.032246164216474874,0.0603825207830333
Zone_DH503,0.015534004415629786,0.04861758820511991,0.04612495720517437,-0.1425808342260384,0.4606767252852326,-0.055266521686723385,-0.01226753692648852,0.05827050224984354,0.00525822620281392,0.0033355517583526506,-0.04195120618815268,0.01325600931918201,0.01325600931918201,0.03187558938115387,0.007137973428847769,-0.009548761131096983,-0.03345134294186558,0.007196557860762481,0.01409000161375354,0.053696670341565306,0.01398293824048618,0.016328644269956914,0.05257442597496759
Zone_DH504,0.021161103938641717,0.06970932222308507,0.04749919882432013,-0.156162466849191,0.3570321480513955,0.1325359049783409,-0.07340175365725776,-0.035870169694720344,0.021814605912349537,0.03712772040490053,0.0028060142087127926,0.018019270294012027,0.018019270294012027,0.029419895679612562,0.005055286106260829,0.00877460144499554,0.011467625035004314,0.015129566145822101,0.01839103908083509,0.05737969752111674,0.01931773398385355,0.017419391445483413,0.057863735573618735
Zone_DH505,0.03222111820651771,0.03016842704039341,0.008979151490468684,-0.12546859153619905,0.07259416316200723,0.009171591544174795,0.07064693114923326,0.04891094308555999,0.01742130402252315,0.05425593180645005,0.31300101754563237,0.024959793079131397,0.024959793079131397,0.0023985895625996956,-0.00779321861341565,0.05465841839089318,0.1433064494462175,0.020278932201627624,0.02449506195225919,0.011860664631010487,0.02695967930479152,0.007069589181030098,0.012113542001376598
Zone_DH506,0.042989293932417814,-0.006320542302084009,-0.026479373696002548,-0.09471144436528989,0.04342031424608839,0.078406065902349,0.0024572849903956584,-0.041463254687325035,0.02599249972522027,0.11897277649048188,0.010352015675702708,0.0328779734316135,0.0328779734316135,-0.02960747835191685,0.030416269059769768,0.033110624388713567,-0.015194385019898782,0.03144332786376077,0.031448627279646056,-0.024267112482271536,0.036063942513510784,0.03236782609768881,-0.025371447838261257
Zone_DH507,0.05806905084377009,-0.001293538815600348,-0.0061233530334926095,-0.053230259041757044,-0.08750067445898732,-0.009185828675137508,0.06400618340411468,0.032960795851201485,0.027686581827950904,0.1466657074826231,0.0039613080807960055,0.04272436948419838,0.04272436948419838,-0.06795585857797964,0.03455056766473497,0.04859235067297212,0.039437717460193644,0.04085212530338102,0.04022467114714457,-0.004781573890239282,0.046890140431158925,0.03643101049320856,-0.005832351217885168
Zone_DH508,0.05954540823870575,-0.007434570487726375,0.0043829728024566,0.012401068786252467,0.1079443452280337,0.1826127639285955,0.02479968076993233,0.015234003370436344,0.03748672807123357,0.08909828163130451,0.03740020162550858,0.043684213603667574,0.043684213603667574,-0.11642401938070995,0.032197227639839274,0.04917209183198414,0.04154100021186746,0.04190193223633498,0.04073669669198948,0.008908609931721823,0.04821578238076017,0.030245784903231418,0.007804672534371143
Zone_DH509,0.06085223317385664,-0.006426925629872904,-0.00020314712900403042,-0.015429142993811706,-0.01118895462263303,0.027572055444099408,0.015050086470944968,0.01089178389559109,0.030605014940846328,-0.002312320068753815,-0.02394716048320575,0.04466273897078812,0.04466273897078812,-0.09665822814596525,0.04096280026788797,0.04458808013745258,0.061387310440470966,0.04332465268702434,0.041783296436129866,-0.006645141592990372,0.049268881637947064,0.04235012351177024,-0.007714761766718398
Zone_DH510,0.04629007742941837,-0.03789832585857367,-0.034087140497223195,-0.012128256719941444,-0.05662996398064568,0.11525122852589204,0.07204088919206031,0.033025280614908614,0.02905085671434772,-0.060328293972411684,-0.04416041539634602,0.03445719746944932,0.03445719746944932,-0.090160095740559,0.032090048709186275,0.031176236574078114,0.018648225826163323,0.030638383552489205,0.03244931606349103,-0.03566328472082353,0.03761653061749942,0.03649505537211413,-0.03682177835494718
Zone_DH511,0.0013537237776055089,-0.03631929928354445,-0.03856313706524099,-0.0915307681050751,-0.01450911509887276,-0.004740621419401292,-0.0030003707783845535,-0.02277723735543391,0.002821159151397669,0.10524965722376234,0.10215627826908052,0.003542113721977779,0.003542113721977779,0.012803123454210918,-0.014670024530734904,0.004826983043690197,0.05929691921237279,-0.0010698162862544103,0.005015684306524073,-0.06431020015924573,0.002949851166970321,-0.018268570005921005,-0.06552604617126713
Zone_DH512,-0.03710685527415359,0.035535782159768464,0.010441898024759422,-0.08904251751380499,0.027914891684246546,0.029357343281148585,-0.16740344705233312,-0.1964497586875228,-0.00806088719786794,0.12667648546870147,0.2665022916696467,-0.02032637204441207,-0.02032637204441207,0.02102865379631863,-0.06428348454552542,0.07587982543562358,0.18604768553074214,-0.016420023883244553,-0.016998994921662024,0.046951860302756776,-0.02333169924664733,-0.0599287553273003,0.04965278130166548
Zone_DH513,-0.020386165960831794,0.024554726082616163,0.027222401875069524,0.03676389465782548,-0.02651173480335603,0.09405474559739907,0.03369752537216719,0.027493680227198225,0.004524095417459469,0.01726061291897607,0.11607481950077125,-0.013230706872525906,-0.013230706872525906,0.1343188860131383,-0.03224997598962855,-0.007737324871875187,0.1655862721879059,-0.02151487852173277,-0.012043777125275825,0.040518992250971636,-0.015721620128844545,-0.036371336407176366,0.042294097893697896
Zone_DH514,0.022348563140544456,-0.018545169978148396,0.008613045667860586,0.06389463834033315,-0.05215337107077364,-0.1730834014636496,0.026999645164307196,0.056572373440303414,-0.0020779109790406165,-0.23231218925272556,-0.06252724606047622,0.017042927136293986,0.017042927136293986,0.0977036272406423,0.02146327990741987,-0.005202543941517042,-0.0823293201794344,0.00976363408218879,0.016097704930860043,-0.004894711298313759,0.018308651231772357,0.020558135822684717,-0.006053165251351245
Zone_DH515,0.03253722351569663,-0.0372148597774649,-0.02221353817833506,0.0574971227115888,-0.1014713998496608,-0.18120308049038852,0.04295340304492379,0.060455348263174,0.003445794899789169,-0.19632621951216045,-0.06836824530716704,0.024280340449660816,0.024280340449660816,-0.11516961503581064,0.028408294895819038,0.0006420008115133359,-0.08401527598359504,0.017959585756998846,0.02281557206049732,-0.02386145164722135,0.0264777537078738,0.028575356267748896,-0.025245560379054746
Zone_DH516,0.024785902071236016,-0.04829067777691494,-0.03845939703526578,0.05463897406519391,-0.0351247146937026,-0.05977178732935148,0.03419552861575048,0.03317613681024112,0.007754103142856537,-0.05719973984434734,-0.0816873744453646,0.019093720353151926,0.019093720353151926,0.09432164240450336,0.029604794317141726,-0.00036024256593085446,-0.06835456282738461,0.012675600672364805,0.01794580846340849,-0.039620302478883165,0.020401940705935248,0.025666687280581017,-0.04107626442638125
Zone_DH517,-0.006194411463255979,-0.030598410607731802,-0.012595768804463864,0.1200686565498662,-0.04032342071984388,0.006030633799349483,-0.06792426311484112,-0.01179203765717396,-0.0015151909355910452,0.004404756426958256,-0.13009269910121257,-0.0028600191170584637,-0.0028600191170584637,0.06144576699355386,0.020059291384601274,-0.04976567096149737,-0.10673307557543865,-0.010631071449634225,-0.0033820189498924187,-0.01383400624062675,-0.004022220939907544,0.011098688326888748,-0.015098780499195857
Zone_DH518,-0.0232877680032365,0.008970667746110939,0.019521843934543648,0.04755098561184645,-0.04224512321814422,-0.0182158070105454,0.002030352510143607,0.0924298875606564,-0.01107989815928901,0.01121754949272924,0.014718577997147736,-0.016701418476250236,-0.016701418476250236,-0.07190582727640904,-0.0311050362530619,-0.039400653827842386,0.12365929850223911,-0.02694142878497499,-0.015027823763327,0.022855675210933735,-0.019409058376297424,-0.03467943252980507,0.02151452636185988
Zone_DH519,-0.04158163573306365,-0.040489519823081466,-0.046607833949955976,-0.06119127759281884,-0.04360606326361488,-0.04201153937086516,0.08273102802523447,0.04563331317513175,-0.021448244038020474,0.03265358023028997,-0.06229443690288719,-0.028681728115325465,-0.028681728115325465,0.0114783797666127,-0.009996504964107256,-0.05041350493200884,-0.022299305426544236,-0.03490120332120358,-0.02469965917222614,-0.04662301400215911,-0.032799775077034125,-0.0318288331062266,-0.04835716634099667
Zone_DH520,-0.031999327191581384,-0.06597612821254024,-0.07648512073860997,-0.1132591541243273,0.07967443093918258,0.023679716265766815,-0.04543399083546795,-0.09810822182162415,-0.006926328961266277,0.025262963878865174,-0.09067015497120165,-0.018508322417225415,-0.018508322417225415,0.030594647633817418,0.003932717885159129,-0.03665704888366675,0.010019748949957274,-0.019320379330616547,-0.015005580103809531,-0.08792715475645972,-0.021306910725499565,-0.014749964251909858,-0.08944071432320723
Zone_DH521,-0.03357729767725051,-0.0819908787634672,-0.08147413713011392,-0.10937587454660302,0.14049076203439764,0.1406660304669241,-0.27920503745280767,-0.337578086220819,0.008987984078720986,-0.006940177556570948,-0.10641313400988749,-0.014278592370060371,-0.014278592370060371,0.029297665493638658,0.012620142333569312,-0.019679215555422805,-0.06365469004910684,-0.0030512568215975144,-0.01135956972096458,-0.10602549963898766,-0.016336879075275406,0.002242879960057967,-0.10747484788357814
Zone_DH522,-0.01355398181531407,-0.04365682696927879,-0.03666246609361459,-0.007466510051960751,-0.0553857557262617,-0.06723902640182977,-0.40971159630285975,-0.48284796580451167,-0.01160594473122378,0.014677503791668989,-0.12243863857891499,0.003524611153014414,0.003524611153014414,-0.09024230735641531,0.03076698554338536,0.001645784510078685,-0.1824244703303688,0.01839335544089106,0.0018534817312766266,-0.01169880914658697,0.0039393547375762665,0.03429868369314043,-0.013311787168692052
Zone_DH523,-0.032000522586250385,-0.011858795575846348,-0.0009259059083936427,0.06550086478401917,-0.10886409180228333,-0.08564475634020036,-0.22935069076755032,-0.3028824866914306,-0.025637395921370036,0.014734666706351596,-0.13641272424848588,-0.01301267971027181,-0.01301267971027181,-0.12410199493022636,0.029561100450242767,-0.04010031801623527,-0.223047319740867,-0.007957607303772068,-0.014858187777913666,0.028808964305661072,-0.014388187302434269,0.017273564859416418,0.02706350285956788
Zone_DH524,-0.06370122953710224,-0.03066334441824284,0.01534459562065002,0.1019721641399084,-0.058997133497090015,-0.1067280032521025,-0.04882425277482383,-0.09771860444220493,-0.06282825344531963,0.008107003012623792,-0.046262162815791597,-0.04541254841531075,-0.04541254841531075,-0.06050438904917649,-0.016324497306729163,-0.06869326058609151,-0.13627675838966025,-0.042007976720211976,-0.04616774095152571,0.024448939822060756,-0.04979031156357665,-0.02568450297473615,0.02247666840807469
Zone_DH525,-0.024468205663028736,-0.16119757075118232,-0.12048884720786535,0.195814383435316,-0.07350669565555311,-0.09381288496749621,0.11532141883812719,0.08886962312047675,-0.0911673575972606,-0.1451781024663643,0.05426950969187305,-0.04640949963024382,-0.04640949963024382,-0.0673077385003722,-0.04789609564495956,-0.034359248810108545,-0.05614158458962115,-0.05061038253260361,-0.05647783910534747,-0.13224378188564573,-0.04846548775952125,-0.03168593821191523,-0.13422173297391285
Zone_DH526,-0.06622066652886262,-0.08541873366916435,-0.07307488358359589,0.08086079803890367,-0.06306030423883752,-0.017311017082468294,-0.07737685154788165,-0.12873064027633763,-0.03516073386194672,-0.009185437560996101,-0.007601283162037176,-0.04424733601919566,-0.04424733601919566,-0.056843349830922596,-0.035951976154015824,-0.02822857011393609,-0.0024325444741029045,-0.03827517784054946,-0.04700279474997742,-0.054718396248391366,-0.04759875116947353,-0.03374466803678622,-0.056600821729347106
Zone_DH527,-0.04888947392387295,-0.08271556770144775,-0.07314275567622212,0.08470830781472594,-0.023485939329361605,-0.1027632235448291,0.040885181867621356,0.010237261276033527,-0.04096023743494921,-0.02170633948995837,-0.06353079576393622,-0.0354589805815183,-0.0354589805815183,-0.08413933071800345,-0.0159772827499315,-0.06916490436638614,0.13445177034245104,-0.04182964470317545,-0.0341903273266557,-0.07466414357961136,-0.040022444625060334,-0.03542459511255133,-0.07603674072837825
Zone_DH528,-0.022765954101056453,-0.054019884325735554,-0.03441731315799548,0.14921280396759462,0.0003717200197431991,-0.015482153617758648,0.05677169213495159,0.03640287482729654,-0.012091678437350283,-0.06856603798929961,-0.11165805788510988,-0.016325181602972333,-0.016325181602972333,-0.1372022853709831,0.014713620259768606,-0.0583212986482263,0.00010697813723992144,-0.026242373799683902,-0.01635216142422269,-0.03216553270986047,-0.0190320221185645,0.0006871384384383866,-0.03381656121836951
Zone_DH529,0.025204154034710102,-0.009232656344589418,-0.004341114346726904,0.09921711122860444,-0.1524245075615924,-0.2133388288710585,0.09792020206457996,0.06804214110572149,-0.003557683804522354,0.05509897765786209,0.031869395818266255,0.01879878469202857,0.01879878469202857,-0.132828464596812,0.016939506419068988,0.011643633216531717,0.031125379692652944,0.011165313970493737,0.01750710279880676,-0.004224570158481655,0.020071436968354103,0.013366622815760808,-0.0057415408419516645
Zone_DH530,0.05746416731794028,0.01774985403501561,0.007944316828193465,0.021405096815774627,-0.1841784824566741,-0.046553146320951644,0.05884960463532207,0.013500019501394123,0.025065639135128083,0.1634344905368581,0.01882577330916943,0.04219689550209526,0.04219689550209526,-0.11679254329595778,0.03783752263913276,0.04586060312519158,0.077261600052139,0.04022348747531597,0.039357285858526575,0.009809659231317353,0.046317251159264425,0.04014286931336417,0.008764927295148411
Zone_DH531,0.06999342405404807,0.022443850481469185,0.02651065374526379,0.008096773639690746,-0.07801248861672794,0.021142114131694367,0.009040570933555703,-0.03717760593930031,0.034287135403950265,0.17763658792633896,-0.09551753149065487,0.05110496233201124,0.05110496233201124,0.09847874428249143,0.06355060360885385,0.04598187571225078,0.06402056289675084,0.0522022534293585,0.04755737553555808,0.034256884580406655,0.05652133089114876,0.0607249754132571,0.033135502769860437
Zone_DH532,0.10663787862746205,0.028233372112223987,0.010687314522199301,-0.08884146742371568,0.06570861425030744,0.11020458597723232,0.003038912062363952,-0.03434627599312279,0.05442010753428029,0.14228288676795353,-0.11740256276726511,0.07623381027007557,0.07623381027007557,0.15050726844616658,0.09099120023765139,0.08247827583563573,0.011413094820245218,0.0838046996718429,0.07079073972278714,0.01709001907555302,0.08479880987436855,0.09043267936913206,0.015803767764892562
Zone_DH533,0.11197103860839261,0.09306538599227684,0.04790941494496512,-0.16130873962019687,0.08034634638075566,-0.047636255842037234,0.013848665872911003,-0.015389355362561363,0.05244054814379448,0.1162167683236488,-0.10689925204580028,0.07992131407516953,0.07992131407516953,-0.029189406071610247,0.0933995112188017,0.08995243221690612,0.02388650148672944,0.0884127907338621,0.07432565406121897,0.058582310311161484,0.08880621357280892,0.09328202794272643,0.060270496147810215
Zone_DH534,0.09732816355831846,0.14886630193300854,0.09351656744308823,-0.19598512750842978,0.2886520577688697,0.1160374789887672,0.023877338786225333,-0.0025740114720683716,0.05102510226826725,0.10909754629886104,-0.07768865846215015,0.07004585626573771,0.07004585626573771,0.25125217204316064,0.07638221193735767,0.07730641434472843,0.025081312603488892,0.07576244878871415,0.06549762728407636,0.1089110315856826,0.07789193794321608,0.07954264531296933,0.11132869969595968
Zone_DH535,0.07820561781923874,0.14140441135665271,0.09222202514874142,-0.21570257925490455,0.3833777755508194,0.05221085501063227,0.015583716238952161,0.013174023989202532,0.040267115292838745,0.10193225334314715,-0.04781145343808568,0.05704640379654508,0.05704640379654508,0.2902011878459426,0.05534491198328988,0.06265586506037807,-0.05238296872814374,0.059446309363518766,0.053845850922447716,0.10701860392203932,0.06310691070813015,0.06250603517399786,0.10885894032038601
Zone_DH536,0.06747256072460814,0.10970168929086427,0.06839952228953039,-0.24694582934930198,0.3728264353611932,0.09795148710887897,0.024018440081616355,0.011773640695131204,0.03779099302765354,0.12021867238980877,-0.018646792585450517,0.04982138284361161,0.04982138284361161,0.07409796408432379,0.04734259852101691,0.05351898967256435,-0.07739735323235775,0.0509410524365812,0.047466465292908454,0.0812993608396417,0.05484895932375555,0.05752438704939446,0.07987338996497523
Zone_DH537,0.05978218360182447,0.06970815040333794,0.037471447361900945,-0.23703645654676242,0.34044347720391244,0.18036631598600367,0.03148285302638576,0.02240071897671536,0.03851644748797034,0.10375680609513815,0.0076605748884759906,0.04451090312835129,0.04451090312835129,0.06976820347587537,0.03774542388675034,0.05173038122575418,-0.08597286816881577,0.044297857951792405,0.04265272853301641,0.04524781304308911,0.049068845382114944,0.05235292344219941,0.044001994502602365
Zone_DH538,0.03600650133937891,0.0779774196955744,0.05191810197161845,-0.19246272498213624,0.5779734622440434,0.1979230280240682,-0.06210008695157987,-0.021834129130279156,0.03126534777392971,0.08381589878955498,-0.04225135859021922,0.0283271814194436,0.0283271814194436,0.044182759207186506,0.025477550837478588,0.01370974834328486,-0.05533632819401668,0.026378758032610423,0.0278616136073082,0.06468917124757756,0.03080932696822708,0.03263689072532692,0.06315990123361762
Zone_DH539,0.03899040322085945,0.03145257853751518,0.020819811632856372,-0.11014339162069342,0.2429887551555342,0.3119803646276089,0.04972162177463413,0.02234277918963734,0.03876835962775903,0.045857725383457115,-0.03276786511342414,0.029841799778829246,0.029841799778829246,-0.023265729574486693,0.027662267488108086,0.02515307475564918,0.0020413361957554166,0.02628528070529163,0.02875107587669342,0.0281850013363196,0.03238099038459524,0.03656583143205611,0.026980528222496025
Zone_DH540,0.05154235248489052,0.028756831839821195,0.017670208583030506,-0.06951151551356494,0.05550119546399496,0.18774094432693622,0.06507306056276763,0.028674034729676,0.035321181117747076,-0.018291831325962904,-0.031001847896251766,0.03832361459762898,0.03832361459762898,-0.05694904401744333,0.0365229776898973,0.03562660519312588,0.0012247754670804412,0.03576082317423965,0.036261120572233733,0.022992881165278617,0.042143377969923054,0.0429719029782616,0.02635041008110739
Zone_DH541,0.04416169437140538,0.03226799007265169,0.00873719036627793,-0.045970440743949514,0.29786114292888866,0.1934200499555091,0.01944823770028814,0.022257874117484144,0.03290715670812048,0.022851112758046188,-0.02839989484101965,0.033181349385541584,0.033181349385541584,-0.06951675568919963,0.029752796748083458,0.027291622219902188,0.033845107622510806,0.029749736092930294,0.03143848993237009,0.013871343860575591,0.03614141393893283,0.035659661828684054,0.017863347998224838
Zone_DH542,0.032140886301829055,0.0735569543923078,0.060157472124174466,-0.09469505789507959,0.24958199320662489,-0.028874217845705652,-0.021415162528465648,-0.019313883593411796,0.014729626642861246,0.06626120851676987,-0.005242806646095222,0.025283413747814537,0.025283413747814537,-0.026837321792872848,0.014967344665246077,0.024896393517872602,0.0429094323894369,0.02218795516680299,0.02452869017344283,0.08070536117447069,0.027551611018516196,0.021873525114307596,0.08229673606407018
Zone_DH543,0.011284994217541441,0.1502741502795213,0.12755766824390022,-0.16085876757276574,0.621314571477631,0.640075378693642,-0.10774318932155946,-0.036601544763523064,0.06002364152895667,0.14862334029548097,-0.03391984406101922,0.01137666012748356,0.01137666012748356,0.023606081536223844,0.0005766231043033837,-0.0026689859046646197,-0.08243069635521827,0.00792404494647242,0.01228860984054605,0.15956318453633225,0.0118356668728706,0.012543563106703064,0.15993997427973097
Zone_DH544,0.018920520261563892,0.1295519867035346,0.0986803067126708,-0.1434247189138943,0.14368742437922694,0.09595636974705846,0.05043796418680302,0.04150067937046642,0.01832069237503536,0.16198778373622824,-0.034477130560388064,0.015804074226808528,0.015804074226808528,0.025045234300052288,0.014165515723677545,0.004812497599728252,0.022392436676573202,0.01038938038546662,0.01634469732179975,0.11567663962402963,0.016727805476744642,0.012646842646829672,0.11675887595433093
Zone_DH545,-0.003515841339893546,0.05790400729032258,0.02877830683564289,-0.11839846723347613,-0.029771336565120737,-0.0012478618812121756,0.09522890260213612,0.07409074067639498,0.0011734683367152013,0.16435217840730165,0.0015085687400216152,-0.0005383662785130427,-0.0005383662785130427,0.027057912658450922,-0.004208443344826181,-0.0062250067572996726,0.03096079515846739,-0.008213815143832043,0.0014745932395474216,0.033885013463944624,-0.0015474134612003428,-0.0163616529087049,0.035256544317323446
Zone_DH546,-0.04495618839130975,-0.03581836570499883,-0.030723336986071617,-0.12255238199861385,0.01651097243982605,0.22825887545724227,0.10458347039394456,0.0700825887730907,0.0226318360999906,0.1643714332135655,0.10971770057713567,-0.030690059719783357,-0.030690059719783357,0.05077953274970709,-0.04185191687522542,-0.031277366542074,0.0883243052906586,-0.03704020944198319,-0.0257379958002934,-0.030511393275706233,-0.03511505169537503,-0.05580576583896363,-0.032029302983514724
Zone_DH547,-0.06733957681704528,0.028832298385427613,0.04548948257148741,-0.15956411816070226,0.20211146598539098,0.28981815518462745,-0.49366268666897395,-0.5957811163877988,0.04418591633795835,0.03593837843432546,0.05836428118924167,-0.017438065146173416,-0.017438065146173416,0.09893661239737955,-0.039827494631206245,0.15394737454610202,0.12339301552955129,0.024473816541430937,-0.012087449265451605,0.052360008674747216,-0.018013179042388264,-0.022855739461785485,0.05094362173532252
Zone_DH548,0.0009199524838453543,-0.03809599270967744,-0.0018247534703876855,0.0754749381455766,-0.049379179702375625,-0.0781709388042891,-0.047822363611576324,0.07891433494320876,-0.006282858889531097,-0.10158393389752551,0.017717029711753818,0.0013035481085839577,0.0013035481085839577,0.10484175545321084,-0.014445862504627982,-0.030890560137892376,0.052800764234617326,-0.008304510805469838,0.0014384934597560222,-0.001114986536055379,0.000620999982963057,-0.0028869683795317014,-0.0025684556826765514
Zone_DH549,0.04514079411550291,-0.07487208629651243,-0.0648240726540267,0.09018608547275941,-0.09346392564288744,-0.1136037096549295,0.07558587712755582,0.0416571484240964,0.014664960112159234,-0.2966952773233972,-0.10239835104247759,0.03318938015469878,0.03318938015469878,0.0579317417279131,0.05019885128619269,0.01244574828819207,-0.07456346563340777,0.02849369494815056,0.030781538220757052,-0.0708784049182704,0.03643397645081625,0.04967989442343031,-0.0720788169711236
Zone_DH550,0.05170833514999662,-0.05736736808431217,-0.037549619208850124,0.052915585196390835,0.05678333818864728,-0.11892085114643464,0.007239205493451473,0.03891919727640658,0.018053991198931495,-0.2943603678287199,-0.08908339293423906,0.037922967273984816,0.037922967273984816,-0.12807653105903177,0.047315400326636926,0.020095555580182566,-0.041235481385913264,0.03440451579508335,0.03533371282293496,-0.03989208616204627,0.04164592761282698,0.050062428201466065,-0.041093281606370005
Zone_DH551,0.030525991200997193,-0.07600709734286462,-0.0652030194293893,-0.006476540233284922,0.01713503442903319,0.011875702359788631,0.03222014931928219,0.04426066815244922,0.016008196004682788,-0.10596340221372025,-0.052920819353356074,0.023317347586660285,0.023317347586660285,-0.08075651559980629,0.022605141169928962,0.004903956582917757,0.06417219783463846,0.01763925482958284,0.022260096680856514,-0.07114950710140328,0.025203284209863022,0.028210348096117978,-0.07253640262104719
Zone_DH552,-0.015652225742809604,-0.07492627727909838,-0.06217616905583741,0.016725273795005213,-0.013065115780242359,-0.06474344409558469,0.03952276088019557,0.0807921317313709,-0.012844366406321993,0.030377821453223652,0.13309065795566932,-0.010519253832981048,-0.010519253832981048,-0.05757879254440135,-0.0337425010944983,-0.015845089676229107,0.10908739655387989,-0.01999054986141663,-0.008926242071749559,-0.06863108111085858,-0.012749010734934856,-0.011570590586600121,-0.07020807838293268
Zone_DH553,-0.031069158274456304,-0.012208214003810586,-0.0030567711596606595,-0.04548226929204302,-0.05603444981609845,0.06338385721794348,0.10308258069478449,0.07111026250351393,-0.001789169345980654,0.014007141538984524,0.12750376761911342,-0.02125260995051665,-0.02125260995051665,-0.00968003221101199,-0.04425329313064647,-0.0020607672491096685,0.09459830043765316,-0.029402766589715357,-0.018149335463726934,0.0001086475843979362,-0.0245853180693055,-0.03079694803981678,-0.0013194028550598813
Zone_DH554,-0.008306184476826895,0.01607912733426642,0.00512241239946537,0.012237141354155878,-0.04100225190002063,-0.07143804839240536,-0.3816511024593854,0.07904511995054453,-0.009579648971780767,0.022897047056758435,0.022096659264039448,-0.00502214074136113,-0.00502214074136113,-0.060123407989720656,-0.029115650629398616,-0.06199442830964091,0.02385425200036806,-0.014320309635093467,-0.0038101292399624013,0.007369814925389184,-0.006628776501801308,-0.021366996789887342,0.005737012531378399
Zone_DH555,-0.00678400825215842,0.01496654893022939,-0.0006460740197580805,-0.006693494771147668,-0.003957113713331406,0.08066354435046291,-0.3449087827041677,-0.41012578309282094,0.007220516977920255,0.04641860569576184,-0.13480049897360197,0.005313840834459602,0.005313840834459602,-0.09533429108277641,0.03688949998183014,-0.005045193184848293,-0.062478046020815525,0.015239354344220565,0.003972316292489604,0.029021528716788425,0.0055562639044962545,0.03215950595055504,0.027630031317262327
Zone_DH556,-0.01503834669717381,0.04332239813649791,0.010459871394233877,-0.04476501810211653,0.21966404240626053,0.20242575896602255,-0.6317154700645634,-0.287135329249004,0.01892097427508372,0.05239737512895515,0.21303701853456827,-0.0029727354902779925,-0.0029727354902779925,-0.060957176809418145,-0.04620116307672251,-0.024130322238961485,0.09717696371102436,0.0019271530154834349,-0.002678773865251576,0.049139055917758356,-0.0038026192481478704,-0.02841413604279658,0.04771950932385305
Zone_DH557,-0.011169302164795641,0.007908132513437527,0.009911017851701065,0.05223013760021755,0.08097649035264481,0.047428123777162434,-0.12407337979311295,-0.17015633167126665,0.0017773580336734734,0.0413165253669725,-0.1065032835536393,-0.003023420997485069,-0.003023420997485069,-0.12032629467498213,0.021781428430856176,-0.032160916222760516,-0.10789675477605143,-0.0046223353579052245,-0.0036885207621550134,0.02906921354890543,-0.003884730860731104,0.011936732299781483,0.02768882850801263
Zone_DH558,-0.024579650913330857,0.0020640475001092173,0.02410919111505133,0.13466335444062905,-0.03709253219768216,-0.1679206059952815,0.056195617628633676,0.015320335098100157,-0.03393560184215144,0.029957920316837416,-0.08895744188763827,-0.01703907352854098,-0.01703907352854098,-0.13441187996114967,0.010947020185149939,-0.05819253967523272,-0.11515771931826257,-0.025994081716905093,-0.017083107761367813,0.040308593785593316,-0.019614709293199507,-0.005587906026430625,0.038612477722410055
Zone_DH559,-0.06230858054324849,0.031120327339123594,0.0840717597655784,0.12032381668376047,-0.058468015369329884,-0.06784119022055425,0.14472987481674937,0.13492040284445173,-0.05018919688698774,0.020220729967545314,0.07575462152834189,-0.0556538032241609,-0.0556538032241609,-0.06118925987314261,-0.052716211262339496,-0.07739901352722489,-0.1566470157749139,-0.06248606628296213,-0.05420543318901107,0.09829007046409732,-0.061858761333272824,-0.05775215052726851,0.09680126207108933
Zone_DH560,-0.03315604959235996,-0.10819442780797915,-0.07998413781052209,0.1916186537517095,-0.10045993832159433,-0.13817823103316818,0.23401722980223516,0.2208921455878723,-0.1149818003493195,-0.14258331936954394,-0.009373771431061106,-0.062421898929054614,-0.062421898929054614,-0.041928682809677986,-0.04101345647039023,-0.07904274959759139,0.05650750233768376,-0.06794488200221149,-0.06529879175537942,-0.09403830290864938,-0.06749560544683703,-0.05225917893293158,-0.09607491712639239
Zone_DH561,-0.06533260513733263,-0.10437305241487464,-0.09153268912510017,0.06999268346614784,-0.10283629266430191,-0.07198254508197201,0.1654256350225337,0.14105421109532112,-0.04948943696211415,-0.053740955854414074,-0.05698798668412286,-0.0561949700689817,-0.0561949700689817,-0.027613338192768788,-0.03280391836292801,-0.09457511517564116,0.13648001364203166,-0.0626352915286191,-0.0527036791477708,-0.10316284811056234,-0.06273731713845243,-0.05592265058790885,-0.1049116892894609
Zone_DH562,-0.05239327547844484,-0.0934025291253982,-0.08249624087228219,-0.01737178661191008,0.0919279147306527,0.12621108630651856,0.09142194079069854,0.06622090031748373,0.005707424321949275,0.022616334850635744,0.024662150088947232,-0.03779518675967966,-0.03779518675967966,-0.02247742434902289,-0.04047767924582166,-0.04573282955646532,0.11357977528402063,-0.04458005528811096,-0.0341758106879292,-0.08999361692711831,-0.042956666034083116,-0.05361369303566356,-0.09138472707668165
Zone_DH563,-0.026559425003911848,-0.08633137447786564,-0.04921572324819477,0.026416129537518707,0.11780229224668615,0.21511307773726585,0.06910596476130237,0.05001379615591328,0.019583694820460143,0.00869663775288565,0.0035915530809686735,-0.018015205123287026,-0.018015205123287026,-0.07235532594996524,-0.019670784492220636,-0.03360150809740721,0.11721839400713363,-0.026827431446578412,-0.016392009217470437,-0.05110053193819343,-0.020994398581140515,-0.023470161985630886,-0.052665931597793245
Zone_DH564,0.016738500555844547,-0.01875216757346604,-0.01566267886238601,0.05184080237180588,0.012068262728052948,0.10048605208283973,0.07342047559301879,0.041811953025028714,0.016656513018734137,0.09582462793415125,-0.007432606771457934,0.013356794235622001,0.013356794235622001,-0.11135601271999362,0.009746054775154452,0.005614025620912309,-0.016312862479432755,0.005987882932727673,0.012640258526994783,-0.014015508872991439,0.014255315252639154,0.0045358212129393075,-0.015329643205827526
Zone_DH565,0.04167825350313675,-0.00187307364317571,-0.009168690601947402,0.02807054766957695,-0.05179992034941705,0.08067179997635943,-0.0203929142464232,-0.06804323542848956,0.02494662413025454,0.1554909211681409,0.055437690378585924,0.03177529093097435,0.03177529093097435,-0.11000760237142265,0.027239958289636518,0.04210442420124937,0.04527621007960936,0.029988638322440773,0.02968882037158346,-0.0016135202927488879,0.0348266400893827,0.027634921077102234,-0.0008610442073470059
Zone_DH566,0.07328592363801381,0.01772314472677322,0.006125669178594528,-0.012269372186452077,-0.17918073529631662,-0.2506035893650058,0.06442284707916568,0.03284577268467215,0.024037720681757233,0.1427750646811644,-0.003292297379925424,0.053064198968166006,0.053064198968166006,0.5482873020457484,0.051424368946139984,0.056351816023533674,0.07283368496474685,0.05318278823363659,0.04949292305257447,0.008196385835182313,0.058776521866852505,0.05332684443252833,0.009179093214258721
Zone_DH567,0.10732628258424032,0.023711063816396177,-0.0017474273716915067,-0.10377224243133587,0.163068622668879,0.07119713996959881,0.031004227767137515,0.0005368914409578096,0.05359919202429344,0.13312867624379643,-0.10019308831972713,0.07663924821898077,0.07663924821898077,0.6096148541798099,0.0887995830744485,0.08222346709123188,-0.03445915454261683,0.08368679794832436,0.07119321052071131,0.0007939531630144214,0.08508383017214247,0.08891931531231378,0.0010196748093690283
Zone_DH568,0.11181630501005353,0.08260890076063548,0.051925948534602556,-0.1600811369119638,-0.056770398122415355,-0.23983290517029354,0.03012247689246572,0.005667811681609125,0.046808540429847306,0.0962815859117283,-0.09780181771297701,0.07974497997246242,0.07974497997246242,-0.026752695174655505,0.09155085964157703,0.087481941624187,-0.03261137194263852,0.08782059244561997,0.07417841812567352,0.060540828106267514,0.08867472485249438,0.0964565626837351,0.061498612623999
Zone_DH569,0.09600773226398777,0.12676525879954914,0.09771656624829375,-0.18199964013793601,0.09379912983256022,-0.11374676294801014,0.04074367679981783,0.009969359521585286,0.04253060247994988,0.10698205113651127,-0.0467567358904889,0.06906982179517557,0.06906982179517557,0.2428286916358836,0.0711286539302525,0.07942300019166292,-0.04816340023029542,0.07426140583481573,0.06458924801132024,0.11204307038026823,0.07672558846519245,0.08014371455233586,0.11421217865584288
Zone_DH570,0.08630625503496783,0.08428214185804925,0.05119338497934939,-0.221588372716243,0.23908422086230785,0.08501513121789045,0.01798987050146872,0.0025223179877101876,0.045219296346225214,0.11039054504208423,-0.061126217915005304,0.06260523378122745,0.06260523378122745,0.2886382227694083,0.06540297143887464,0.06698140021644551,-0.15590902874629864,0.0665238097058596,0.05887643533512186,0.06163198122119701,0.06944441170361519,0.07765419979488952,0.06126776345388221
Zone_DH571,0.09944283425416318,0.05774243686480421,0.022034742302303623,-0.2479088009540995,0.24729342950429223,0.037392029148247574,0.0321017048255241,0.006760875928647603,0.049485419776278475,0.11177917987759634,-0.11904341483846195,0.07154332507678857,0.07154332507678857,0.3058954369300465,0.08381617545478616,0.07548069683082369,-0.005175246030634573,0.0777047835247561,0.06700778969879821,0.027554456560661245,0.07957003979336294,0.09315048367727585,0.026568349475403125
Zone_DH572,0.09136378351962353,0.03571013886993288,0.0005343705143944916,-0.240979648972781,0.607162135150272,0.35065228440600105,-0.0367148738743609,-0.0034854422983344735,0.05675121998156439,0.10520939268016594,-0.08885653399614034,0.06611101640960924,0.06611101640960924,0.298805825286434,0.07014950397872666,0.06838149396199389,0.013977612676060236,0.0710396746901231,0.062079805480631106,0.004974444452541332,0.07333829851541956,0.07527246695100961,0.003638214323943234
Zone_DH573,0.07655533484373221,0.060320439345617205,0.02295499465430606,-0.1861431794666244,0.28701148978582425,-0.1387522329155385,0.035709495250519696,0.02648380062752942,0.03168440001272789,0.07392750894921296,0.01885316686835775,0.055787543867163315,0.055787543867163315,0.26595207518165553,0.04718058223378852,0.0675607698323021,0.018400576426166104,0.057468108495533264,0.052621105877693,0.02751630152760734,0.061514731622576944,0.05545778647044436,0.0265617784096015
Zone_DH574,0.07284834252147936,0.030206827387144114,0.016076839705953028,-0.07844868648924119,0.21277144768971534,-0.09692194527945133,0.0027686009631624486,0.02413965729201939,0.030779707637512893,-0.008510168232768955,0.028700170257596552,0.05299247837713909,0.05299247837713909,-0.059733929559396215,0.04436060193014989,0.057334812420538214,0.042681496768057325,0.053563551105974466,0.049666707128545345,0.0202578415672863,0.05860991967574588,0.05025592172755005,0.0191911434988441
Zone_DH575,0.07224883989018262,0.010501772088421374,0.0067730824754408114,-0.0003450236117189531,-0.06050303942429175,-0.09592906902630607,0.06201323593297059,0.02607886222764011,0.030161003548584676,-0.07791461062256144,-0.05545955349072379,0.0523723637321594,0.0523723637321594,-0.11007632382952243,0.05375264508212109,0.054027989442306024,-0.07539346329491625,0.0523962084184233,0.04879297758978619,0.009886933866713854,0.057795632749778225,0.05432796653503894,0.012531647457749873
Zone_DH576,0.05735960994089001,0.008281601065852129,0.0048730040943195385,-0.01678688363219516,0.10961692400404016,-0.04681214468938927,0.04739588944033546,0.02606279738305728,0.025069566644647396,-0.03298327262699885,-0.02893748434682683,0.0421638080906812,0.0421638080906812,-0.09203784973198031,0.04048100048407828,0.038462054911279686,-0.05910988221719515,0.04013411134022412,0.03953026871217267,0.00840641296974634,0.046262535250316865,0.0414767063950401,0.011397617076047695
Zone_DH577,0.028079477674320424,0.06386314381439306,0.051491011084316446,-0.0742548626663827,0.3713719502058893,0.08984021964827255,-0.05698214531969947,-0.006398548307670393,0.02088779523019864,0.040437351972374413,0.05902608077847857,0.022309356940994,0.022309356940994,-0.0400355835231736,0.005223201503010321,0.02206804393105135,-0.0006949160777646179,0.018303551847816506,0.021683341531778137,0.06896144315549674,0.02397008908463534,0.016490810689672425,0.07135578378043514
Zone_DH578,0.005287252499673781,0.1444572989168708,0.12913878457019504,-0.133439755361222,0.23555827611465519,-0.008626369020040436,-0.009272450875443039,0.02068021113336782,0.004371984013331526,0.07439639218129401,-0.004419786593719888,0.006330153527828222,0.006330153527828222,0.027518480316977734,-0.007473686179426224,-0.001146940419791187,0.017009430434734796,0.0007703973074528539,0.007737507229200892,0.15714139434006075,0.0061054514122709826,0.01098644252916288,0.15767459175543458
Zone_DH579,-0.001931983888114136,0.14895617922467067,0.12616891922576667,-0.16085535488180247,0.12451789692293846,0.15052985207235542,-0.044452267248573984,-0.012007744550519117,0.01654064730476181,0.11442572057321554,-0.036615340489924375,0.0017634776171057496,0.0017634776171057496,0.04878653436553704,-0.005084773610509179,-0.00874967487706134,0.02194133773574891,-0.0027598319480140465,0.0038057257616678844,0.16265771830193507,0.0009018770378929168,0.006205076457873729,0.16419172467571275
Zone_DH580,-0.035691371561109755,0.10849311767931893,0.0753724012975249,-0.10400122371133702,0.241259615356415,0.25824457082012325,-0.3527626213509957,-0.36808742142415374,0.025897449006680978,0.09976084270749297,-0.061447802539111335,-0.016507025048576672,-0.016507025048576672,0.09472645928068235,-0.02251324429109884,-0.0026886953020876514,0.07288089476277204,-0.0014752805363265759,-0.011842055470605885,0.10665491819984377,-0.018934759536068917,-0.01512841397401124,0.11177764092095319
Zone_DH581,-0.05269388156066659,0.05289816460605154,0.042705101995234,-0.176891409833553,0.18042640776775132,0.19546588178290342,-0.6282643352365678,-0.5515589315586474,0.017883241480751558,0.12436442092522837,0.06610350884430524,-0.020038601076001333,-0.020038601076001333,0.20185478398885992,-0.06582893071234791,0.04428823322337494,-0.20608757598233773,0.01622477954001189,-0.01122521350581486,0.026371014621600908,-0.02231159385852923,0.026622130886646778,0.024602618303405765
Zone_DH582,-0.043313923905883234,0.04352800345375821,0.0351006803015807,-0.12798156440902164,0.1906668325039138,0.03409073842831806,-0.2428333952827535,0.09375274455266869,-0.00883052913653505,0.04889627396189733,0.14431484986436657,-0.030047388861538453,-0.030047388861538453,0.06929853685557763,-0.08352531600163797,-0.06506925269903699,0.014417665196398421,-0.03692880915209151,-0.024813105821287415,0.04168361103264345,-0.034719064592665105,-0.047403670565500294,0.04037242513272238
Zone_DH583,0.011523590997717558,-0.02084726357334407,-0.014428920608373808,-0.005585300506602664,0.03582214805984674,-0.08848929113488813,0.08158626122337265,0.06837364941246948,-0.0006216065524296405,0.009157321632236037,0.0475287640006857,0.009594572125574395,0.009594572125574395,-0.06336352244646132,0.004480857521928859,-0.0010199429715438274,0.006765331510950268,0.00171822161990174,0.00975641792366587,-0.015260370893356662,0.00994799657755135,0.010799435530026422,-0.01640154862357976
Zone_DH584,0.04082648442809016,-0.04430514072736996,-0.015278365312528158,0.04635492795659235,-0.10956665512414077,-0.14924804034246503,0.07431167384733406,0.042354920858161615,0.01038761671214864,-0.12815311335735002,-0.09635585849730803,0.03031506987407179,0.03031506987407179,-0.11678163898767918,0.04825775288546494,0.009953369714515409,-0.05267479861461721,0.025398225177439192,0.028385359341952493,-0.014930826158258498,0.03309805150585232,0.045355815060859124,-0.01633141984329642
Zone_DH585,0.0493882811741404,-0.03567845829626645,-0.0339256204426233,0.018638037945521102,0.0781304397650101,-0.07906139727428876,-0.109836548655033,0.04001558637504854,0.019226361110273586,-0.12944295154585717,-0.11058293321939194,0.03642174970370883,0.03642174970370883,-0.10673025502631495,0.04159003190485483,0.007665615799402661,0.046232730382549936,0.03279608719011608,0.03413070012114739,-0.03591430389955427,0.039990621627862655,0.04495547748882254,-0.03716555153089353
Zone_DH586,0.029834560446744048,-0.0006268783598119554,-0.0014284207950779337,-0.01444420913785005,0.0568882839860283,0.012307764657067732,0.035168349803783916,0.02414999786225469,0.015859291173446543,-0.014920432676756912,0.04338404369412047,0.022997875073515438,0.022997875073515438,-0.07412483868751224,0.01241315464011095,0.020979447594555424,0.11628774766906014,0.0178566329560248,0.02201353123414676,0.003189087856749845,0.024691668627735044,0.02494737663102968,0.0018606308266513882
Zone_DH587,-0.012389321769735041,-0.03449186748656248,-0.018891862436327733,0.006077541516687823,0.1005843334898997,0.1628127391617778,-0.0112877096263434,0.025543778582316823,0.014559633278667071,0.02996428356780345,-0.036628530752057215,-0.0071015157597667695,-0.0071015157597667695,-0.06743328157454553,-0.002040383037385324,-0.03933092090446021,-0.046822150987879674,-0.014837258162940625,-0.005968823518974813,-0.032430786451094665,-0.008944362230445606,0.0017895548001704842,-0.03379117149198736
Zone_DH588,-0.0397134907648231,-0.03975284609278301,-0.019373570637718718,-0.06929018939113119,-0.0463862581597036,0.07113851604132443,0.03754006165046875,0.05777310780705891,-0.0025332979455137544,0.024143336800193427,0.01451724079214553,-0.02736786809329226,-0.02736786809329226,0.016069542302315054,-0.03624101944090756,-0.03952892067495026,0.030912144964444388,-0.034085642348718526,-0.023366460998648413,-0.05078825186685981,-0.03159938667255072,-0.03299546260122878,-0.05239432831298428
Zone_DH589,-0.018151209873126323,-0.022963626006250987,-0.03411526672202163,0.021674415532219493,0.0291770067742792,-0.023849431069070365,-0.11388878267018465,0.0036591548030926457,-0.009130049940883522,0.02848798276698339,-0.05715972521306498,-0.011209447183409996,-0.011209447183409996,-0.06909453715245623,-0.01652884310164869,-0.05126051118776691,0.03407694840516218,-0.018406716733777265,-0.009935383775886996,-0.029539777984953247,-0.013460950189898815,-0.01703990047468426,-0.030835566430169437
Zone_DH590,-0.021863969321399813,0.02846202727173061,0.0066749291178527514,0.021263755601456213,0.05312473176941068,0.056561792062141736,0.03584999062027017,-0.007801540581219846,-0.0005480559285071518,0.04912847456368086,-0.029262024177998863,-0.013521438939417145,-0.013521438939417145,-0.07716652806123919,-0.004391085840281195,-0.02768466610651095,0.04149106574621886,-0.020520850919765257,-0.012334964541903283,0.02165715903492102,-0.01578433861643813,-0.01553375083925708,0.02003376412807828
Zone_DH591,-0.03159264348483322,0.06908155082603074,0.03408125509250082,0.004570434457934924,-0.014103234827185368,0.10402798071253666,-0.47696977934952206,-0.5648401915703698,0.003412709514057269,0.05098198729959125,-0.08228519272793072,-0.0029703603748841706,-0.0029703603748841706,-0.061067036110763584,0.023006897839706053,0.03130479883348278,-0.060143548704969296,0.020580099785163675,-0.004716654343374031,0.05179330167059498,-0.0025944182666284704,0.021789172793672568,0.05044236318034348
Zone_DH592,-0.043928479871682496,0.0583160019380648,0.05855762747122256,0.053616117543134556,-0.13187516839293784,-0.07262042764321969,0.0644584205902623,0.025777119842375074,-0.03058293985867709,0.03560209404224046,-0.06299368345560435,-0.03164602946575597,-0.03164602946575597,-0.06164948806093762,-0.007866132473354395,-0.0689860719276552,-0.06441606050273319,-0.03844362018399651,-0.029462035515036747,0.08244348001877996,-0.03595445301657549,-0.028922609647378195,0.0809709475240171
Zone_DH593,-0.05316325728505761,0.04052841149637354,0.07285148144804701,0.17184262776671289,-0.18049686395337056,-0.20250728601575313,0.18130977033115325,0.15775460093743132,-0.07579234731935795,0.030667109910006984,-0.09746997247407005,-0.047164630892144,-0.047164630892144,-0.091441654320977,-0.006582603876162024,-0.10546032949831469,-0.10776328199922913,-0.0581942618617403,-0.045831806470328,0.07799303210213143,-0.05276037177284185,-0.033201495971600686,0.07627890864444298
Zone_DH594,0.0043834194412797345,0.08568902312369167,0.1525351149529357,0.12210098719446971,-0.045346008826565906,-0.07117895247858949,0.21478048183286813,0.20135444852526463,-0.08988941858796358,-0.0927766857021105,-0.05444207746232824,-0.04982748838361695,-0.04982748838361695,0.01607448042826609,-0.0034357379839720648,-0.08623445927082518,-0.0552515104792668,-0.04785902140520315,-0.054030404095404064,0.17680088460448748,-0.05213713993875785,-0.028959654529347734,0.17470113252957772
Zone_DH595,-0.03901424225634681,-0.09351352052065603,-0.07540426976269912,0.1209875933708674,-0.05606115456969671,-0.0570892799217578,0.20728844008727654,0.19135351607524842,-0.06499907521226904,-0.1668499368119023,0.047665781196564005,-0.06193647370272799,-0.06193647370272799,-0.01283312861580621,-0.05356078803040226,-0.05581385437291103,0.026262218376058244,-0.06328480889468024,-0.0631897126706544,-0.08659454399224238,-0.06700748581980055,-0.057009009082567064,-0.08842621403905983
Zone_DH596,-0.06378255909490334,-0.13129510392302174,-0.11783209507328046,-0.023784694876453516,-0.08484603587098105,-0.01211924162403527,0.024579418642891815,-0.01722761672285955,-0.02667678342540407,-0.06479572744728412,0.05352327963146147,-0.045189960674246764,-0.045189960674246764,0.0034233372590692923,-0.04522936755549235,-0.021739541906479032,0.07241539924529516,-0.045833234801610584,-0.04088591227242929,-0.12778984711653552,-0.05084867174981873,-0.0558057045161795,-0.1294420328008781
Zone_DH597,-0.03137295330891843,-0.09609631247280875,-0.08990770741889746,0.03197835799332516,-0.11121823313528849,-0.010613802159873315,0.12326825496305738,0.09038171562765362,-0.013400450420130959,-0.019236916118036573,0.01941423115651872,-0.02271720777625687,-0.02271720777625687,-0.05635715744244996,-0.021396832878065014,-0.03905638018420593,0.042397801034008364,-0.03262432073529131,-0.020449403005358184,-0.09998419746199044,-0.02624236565969729,-0.03838117579411651,-0.10153782061309091
Zone_DH598,-0.011311041938708827,-0.06576456236479457,-0.058539414421261204,0.05292256943257889,-0.15413982259633274,-0.10627512092913205,0.12150387217790548,0.09004456995945731,-0.015598429911329217,0.030409229035233132,-0.07120854877126653,-0.007735541586391411,-0.007735541586391411,0.13468595212314932,0.008543527879997875,-0.03537966549796616,-0.006065455150814025,-0.017935511895168836,-0.006687722449966186,-0.06498417286283331,-0.009474986694973925,-0.008519910954746898,-0.06664507438969895
Zone_DH599,0.006257942028942337,-0.02835060121965402,-0.031351511091706696,0.051589706920519895,-0.11442849250340936,-0.04471332520363955,-0.07020517720260211,-0.12335082063432112,-0.00017368150348003736,0.051299991826446956,0.0025737222126200054,0.007891545640780373,0.007891545640780373,0.09447795691012273,0.006455031622155542,0.007238614216042452,0.0824407063522018,0.004993050206782819,0.007120100896008778,-0.042245675775414646,0.007991879321677598,0.003685264396234192,-0.04367606030545826
Zone_DH600,0.05438759955769016,0.02827805193075808,0.014502329217890075,0.004045154472147594,-0.1815569573343406,-0.12136919286521725,-0.4611040675083154,-0.5664330793204391,0.019678914819961084,0.08888432153973214,-0.1780529063755006,0.045783727621342134,0.045783727621342134,-0.10171862097952167,0.0842172511128253,0.05365103203503224,-0.07737639909985594,0.06415086996562636,0.04200147417409982,-0.0024774618125844305,0.051050309531128366,0.07591205797013903,-0.003739808738501854
Zone_DH601,0.07857607322504129,0.005332287391124818,-0.00527080564226956,-0.0382116059645351,-0.06644784668016729,-0.06224562304902287,-0.17574970751843455,-0.23715538256613922,0.035015809371707916,0.12298074130148462,-0.0982045245845826,0.05812523806692077,0.05812523806692077,0.5677860074424712,0.07298032208157793,0.06485462924483304,-0.03601580413163641,0.06590743122855768,0.05404420072608324,-0.025828119327636373,0.06453769618184779,0.07137352818590798,-0.02641613729773433
Zone_DH602,0.08054173035728014,0.02856736233849283,0.020882513514483086,-0.07602018462728732,0.20601944403410266,0.12842041519240172,0.01289904065003511,-0.023083057506363858,0.04384736603661619,0.08369990022059093,-0.05991321861218939,0.05849091924363999,0.05849091924363999,0.5946162603766794,0.06474659365661778,0.05875267752891691,-0.12241957873811748,0.061261497896489166,0.05459350553438553,0.02078515159401756,0.06467460789425271,0.06853218879296674,0.021533066703485454
Zone_DH603,0.07595793292025442,0.05325385423283971,0.03719657664979553,-0.17096458569267037,0.20923215884748103,0.1694641481378213,0.03762128680516985,0.018729148296961262,0.0440276539505249,0.08698284822652369,-0.05383451227750685,0.05539892315503996,0.05539892315503996,0.0019795359019548764,0.05662619267315086,0.05817435161588233,-0.06891884559970618,0.05709485081481793,0.05218515487688963,0.04432052401287345,0.06125556571978574,0.06381315371991587,0.045389106848482574
Zone_DH604,0.07526819923439342,0.045839147650957424,0.029867107465363363,-0.1799449162722353,0.3862278987839136,-0.17626761143048858,0.027590344041409698,0.026309899855747387,0.029400527258199693,0.0932947748248838,-0.07412492096318375,0.054888236835847655,0.054888236835847655,0.26161025516179587,0.06011580752482571,0.05255667238608736,-0.10456152712845146,0.056401659878661775,0.05178558399056482,0.0356628455867978,0.060755762623039056,0.06632356271406052,0.036549902965036324
Zone_DH605,0.09250210686395224,0.030246962788927162,0.020418397373371727,-0.15096244411978932,-0.0010156602841157047,0.11961407473411295,0.04200235638091898,-0.0018200014353549898,0.04888110521307681,0.1225493412571903,-0.11873912169681661,0.06668428120428765,0.06668428120428765,0.21083903566203466,0.08349902343504448,0.06518658852096865,-0.025188828736068092,0.07135871181831947,0.06231036950867291,0.027074926608269267,0.07401820528365459,0.09030129485674562,0.027099668592653947
Zone_DH606,0.11141675487050703,0.02051456021796097,-0.001235933439340392,-0.17916993745797405,0.23757799685311143,0.2603525566687709,0.021132988123031216,-0.009447846300102536,0.06135279379094971,0.1124164914907686,-0.11522456829179795,0.07956906179927924,0.07956906179927924,0.22030351790395497,0.09393374438288553,0.08485790262043913,0.060959507003548796,0.0878884504646581,0.07404496593421475,-2.8454670970207152e-05,0.08845511493199686,0.09993011501923313,-0.00045634042834115374
Zone_DH607,0.1070086076517903,0.0010491061282006942,-0.024166900324745347,-0.20316196794482277,0.43724078833903623,0.6478488427804416,0.013857852538494031,-0.01488932394371123,0.07129563423594791,0.12955446075367782,-0.07346123180334961,0.07667327865865954,0.07667327865865954,0.2409704544790836,0.08145980971950893,0.08671567757540466,0.04368892516263867,0.0843494060817574,0.07147417502848899,-0.02560466990542462,0.08540517092619446,0.08475995591457922,-0.02680296748959289
Zone_DH608,0.08778343789883739,0.044688582055355475,0.0028322469455808463,-0.18527071328670286,0.17926657772028265,0.08421612005762819,0.011405621395861654,0.0010490213109953794,0.045675597777772775,0.11001902674637232,-0.013005899390199721,0.06353723578160657,0.06353723578160657,0.2485940612087445,0.060078286811219184,0.07281597985428438,0.052654371083354023,0.06749841676867378,0.059584691170170255,0.007430466950154285,0.07039054045046171,0.06696423429111101,0.006149136878173922
Zone_DH609,0.08724296071557601,0.03656171720623591,0.017367796825146886,-0.07578464836383303,-0.015523192776760675,0.008328794266418804,-0.14932696777468202,-0.20534896533456526,0.042038446099079446,-0.005649296050267538,-0.06058162422753824,0.06379022545600331,0.06379022545600331,0.1596188787687659,0.06715300908862498,0.07870355355358558,-0.018597520490371222,0.07208534629662001,0.05941041934704291,0.03804354252783154,0.07097109328992418,0.07532474727119923,0.03688846916181501
Zone_DH610,0.08007757575566458,0.007726155117345007,0.009816862858050918,0.005120015875373363,-0.02819552307779727,-0.06301991828606585,0.057834533809775324,0.022420937213270098,0.035451406036086,-0.044842666270947684,-0.005542291088095702,0.057755291918096106,0.057755291918096106,0.09303347099469822,0.05328872738756477,0.06545761407227346,-0.0046554667491210955,0.059086443168563346,0.053682165465041655,0.013461133300801426,0.0640089492339559,0.05563863611624177,0.012135913700556972
Zone_DH611,0.06906108138783905,-0.04707594406661156,-0.042087952202183046,0.0021782556243378215,-0.17526951751828845,-0.016690747799813277,0.0613160175490135,0.01567206123064424,0.032056183647611605,-0.009339915286321943,0.03869285167369646,0.050233737911940565,0.050233737911940565,-0.11180365329209851,0.04299310606845493,0.056974726190575996,0.04756325275494799,0.050004021744964586,0.04680580261676268,-0.04847796942624216,0.055415497324446096,0.046055137964037166,-0.04967162332805934
Zone_DH612,0.035906350431265395,-0.02847457124001447,-0.015649501295983304,-0.04725469800448434,0.2075083307278307,0.23805947529258387,-0.03910948189504537,-0.023635667657767145,0.033057829329611516,-0.0017743811331413228,-0.024798554818567853,0.027782254945459172,0.027782254945459172,-0.06566104025336095,0.025131378321336745,0.019514138348135958,-0.006774910613828511,0.024725174506483136,0.02646858294697729,-0.04093652261134627,0.030271635259573635,0.03026259186445472,-0.0424518458903769
Zone_DH613,0.02033893508283578,0.03049722915518005,0.026760200838838955,-0.08422045235023534,0.3001949203745584,-0.019713774334220502,0.04217437076725461,0.048800373117797835,0.009825327766295234,0.022865578680954846,-0.020999890100279334,0.016448822548151866,0.016448822548151866,-0.018931133180515813,0.007978737659925371,0.009631107520049184,0.052398521875882786,0.01041808594362692,0.016536778645384304,0.03278330426828066,0.01742730926269647,0.015864155344570932,0.032966572523949245
Zone_DH614,0.011009604781946146,0.06243764968907359,0.04706797894298237,-0.09239560711969863,0.7209106065446573,0.1413266601334498,-0.11264754876997629,0.04497385908130935,0.01892430190212116,0.01453503656550037,0.05939044099289395,0.009995702003679417,0.009995702003679417,-0.011534861195665269,-0.017618577453859703,-0.003545332702209643,0.09241711450301293,0.003452487224406664,0.010688929030549663,0.05709574469160042,0.010353993775577188,0.004715859097177318,0.058488012195817146
Zone_DH615,-0.012239560534870238,0.09794122910806508,0.10918062584129556,-0.02472217735434401,0.7073681580240081,0.1619613248211872,-0.11921199180174802,0.03945455099695461,0.01463375751810024,0.057555961194989735,0.06518344715730573,-0.007065758649233717,-0.007065758649233717,-0.040026694448925426,-0.041914756970663825,-0.01647662204336181,0.16921691455596932,-0.014943998666917285,-0.005463658346512284,0.11188727547686717,-0.008658986071595851,-0.013942835607309967,0.11397496752092792
Zone_DH616,-0.024574113218985658,-0.006944190203705597,0.0015710993080865487,0.0004363844538339823,0.17323290200512032,-0.018383185751022074,-0.3087923962255611,0.0857882110134871,-0.01115272129542657,0.06695822528713358,0.0330632041706822,-0.017107220747659573,-0.017107220747659573,-0.04122708887658838,-0.04753381043904514,-0.06266838755113255,0.04847085808209117,-0.026649029804510074,-0.014833273859850173,0.003418202704725898,-0.0199336655785334,-0.021507625669410363,0.0018376587768745567
Zone_DH617,-0.01590314036991613,0.031362594852744785,0.03502626623495389,-0.11403995599377681,0.10094030464561587,-0.14459345948939023,-0.08714964441251727,0.07888412521305299,-0.020192186184983994,0.1289060604789951,0.016666602860157587,-0.009682085040530907,-0.009682085040530907,0.04095374898879417,-0.027873143259422126,-0.03513379083040506,-0.009568175517993827,-0.017484177237392963,-0.0066969342961651235,0.040962332106000504,-0.011812966660714184,-0.018562098125919968,0.03946091304232524
Zone_DH618,0.017331218698875286,-0.015481551072890593,-0.0252517869432244,-0.0859202044010513,0.14621535862661889,0.05952663872826203,-0.04783552528857782,0.05782781925786595,0.01448824848389449,0.10501305069426448,0.02890783265757646,0.014283931546150676,0.014283931546150676,-0.016946013592378406,0.00407407685649553,-0.002802146080920269,-0.014244141675088584,0.007804640161008486,0.014571689942696723,-0.02658238046956793,0.015044696842971633,0.005074354979880791,-0.02774748726682834
Zone_DH619,0.02512704766935602,-0.012604323597404404,-0.020826183298285686,-0.056567556054910595,-0.09611618139504907,0.01540882689916978,0.06167458930244629,0.04841743663828979,0.014326691039338809,0.009582319992963217,-0.071770239637029,0.019706292364164407,0.019706292364164407,-0.043126571227664834,0.02713632393435536,0.0032061212973855113,-0.021131999968147408,0.013812826103793488,0.019294490091386233,-0.02096937258774778,0.02101962463269276,0.014613405561567226,-0.022399037124591625
Zone_DH620,0.026503809250818106,0.005325428346688449,-0.019488496480334294,-0.08603228771101801,-0.01946971209161169,0.20628191713891275,-0.07724018487268436,-0.1194735042558075,0.028523784188544135,-0.00027525583371212914,-0.10271716885336646,0.02195616154115334,0.02195616154115334,-0.011918896627611753,0.03906721682944893,0.004947585472146049,-0.0042756390755129825,0.021553043212732832,0.02157310942906471,-0.03093344985561093,0.02380257891210103,0.025157384370845,-0.032067929616691415
Zone_DH621,0.015490272405126349,0.027647832426533958,0.012690156421142379,-0.01467960606783536,-0.00753958040920194,0.17740912900591665,-0.5085436998239052,-0.6173666577798227,0.02283461272048104,0.03949315679821097,-0.09588117011241723,0.0247724499059795,0.0247724499059795,-0.11736037953222062,0.05163504323349545,0.0563643878075242,0.02910654223645437,0.04596912188729177,0.02125005600723008,0.034984491127008466,0.027627198158313153,0.0533284011798633,0.033395356794172576
Zone_DH622,-0.01031125604779887,0.0005106600417378038,0.005111644880319399,0.0008569315683901735,-0.03912265462637013,0.12238035557003057,0.0008096633244443208,-0.042267078309061956,0.010671643305858923,0.058367936201281445,-0.0247783571478791,-0.004642915971864187,-0.004642915971864187,-0.06838135372465864,0.005229044482991149,-0.01939080993314779,0.019264237925254002,-0.010030135699152815,-0.003790245984136336,-0.014194539982197635,-0.005887831606032734,-0.004200560626196559,-0.015452802218591022
Zone_DH623,-0.04455652760735388,-0.0750471398744767,-0.08273562755462502,-0.09143660750475713,-0.10008734590014871,-0.0016674383246540747,0.11960394042848765,0.08689666272273011,-0.015568957638926885,0.0839927175528905,0.0917052527532353,-0.03139711344537876,-0.03139711344537876,0.04280258446765767,-0.045434258009659986,-0.01715535155378592,0.15522841022814637,-0.03839074878459739,-0.02653594839880935,-0.09182628085666632,-0.03611317041083899,-0.05824835631478159,-0.09342223693925988
Zone_DH624,-0.0677901192223998,-0.029144546799208693,-0.05245561147082431,-0.11462111480850412,0.03047605142059276,0.2167813114026219,-0.25329508830380765,-0.32735826473513874,0.029213295726879876,0.1027464294241025,-0.029949182875427943,-0.0343630047375689,-0.0343630047375689,0.05310787129912692,-0.020672015537867933,0.0042482992053874125,0.11175761550611141,-0.015796277711814133,-0.029592591652547698,-0.05109176720736955,-0.037793857299963575,-0.03264053781205503,-0.05270219932897474
Zone_DH625,-0.05925833651122117,0.03869876929544663,0.02980866862225573,0.03800192339372499,-0.16521914615115046,-0.1675260520331807,0.16215185075390393,0.13614691783304533,-0.06392927003187224,0.009167976867344052,0.27910330650052695,-0.04786749523634036,-0.04786749523634036,-0.01355278380169922,-0.08847239735136109,0.01064739286609473,0.22132202490233133,-0.05565824464724663,-0.0435238819454208,0.03329316565603166,-0.054060291337424654,-0.0874748959064827,0.03154162031928326
Zone_DH626,-0.0693161888312303,-0.0450590308911937,-0.05245878132592563,0.040781596509255835,-0.09333156211744928,-0.06434319200691598,-0.17766657806888808,-0.24119434958547714,-0.05035001074535116,-0.0022189502948423145,-0.0036074778522326434,-0.04200983159323663,-0.04200983159323663,0.011200366609023182,-0.03753363906540466,0.002094575613085403,0.13025305663439168,-0.025511728190264177,-0.03992420889366281,-0.0540166729189947,-0.045762301486207024,-0.03689729871762204,-0.05579812337962792
Zone_DH627,-0.07096877971293503,-0.05168923605681111,-0.06327429697078742,0.02218302587028964,-0.09085238974367352,-0.08505246394903429,0.19425968869261723,0.17493362775977483,-0.06713859684677892,0.03172143067732924,0.02343427777227086,-0.06785745949231492,-0.06785745949231492,0.03644068884135765,-0.057565570873277294,-0.0665937640213386,0.11918057704940288,-0.06757011734119209,-0.06178948799324341,-0.07264836778913289,-0.07509544798712577,-0.07901411438009179,-0.07440897647402286
Zone_DH628,-0.022885732192807567,-0.12918660420229205,-0.12302925765143294,0.06341313656914727,-0.034358443134837685,-0.07810743326893935,0.21318028100852482,0.22060170691284464,-0.09111561481646423,-0.10622705501540353,-0.027085627296172088,-0.06256509897624389,-0.06256509897624389,0.05668766519386631,-0.03660909626150882,-0.07699369646640875,0.05270587291391238,-0.05590229312280803,-0.05940850859727931,-0.1416108503722857,-0.0670626990041499,-0.05161986960020287,-0.1434505623192875
Zone_DH630,-0.05308042260973536,-0.1345040043617618,-0.11968225642021477,0.010537535905636108,-0.012466116592157461,0.023353666789775962,-0.1714211610719587,-0.23090845787010572,-0.009362275863252001,0.05874307852094629,-0.15838882451658065,-0.018233785751055,-0.018233785751055,0.012674738294529087,0.057279600730340996,-0.052004010614936536,-0.05693165263711264,0.0005678793700013562,-0.026023882959769803,-0.10640945791571961,-0.01588090729456207,0.0361238929702154,-0.10818384907592239
Zone_DH631,-0.057705199090917,-0.08818076690856075,-0.04596774210107182,0.004192720779852888,-0.11304961019327403,-0.05748953201042656,-0.418511720654807,-0.512018326753438,-0.03494975809948607,-0.016361745496438873,-0.019909222706263607,-0.015526991339793211,-0.015526991339793211,-0.04951621790023497,-0.0034432230073156156,0.05060274662695596,0.005676380483408905,0.009325245999962983,-0.018197064549630403,-0.06820895218410629,-0.01592408303383379,0.008721849113774549,-0.06968116904236442
Zone_DH632,-0.021783438560210637,-0.06151467726505165,-0.035434823873916846,0.10135596725822027,-0.2185069657438155,-0.21035572158157786,0.14040129721492145,0.1089947782054862,-0.03657195975608798,-0.05877605619621851,-0.0415881630737413,-0.016551854961086163,-0.016551854961086163,-0.09516085925802703,-0.006449792254826919,-0.03951639775539942,0.023548636364444486,-0.028004129901278416,-0.015325034088426089,-0.040707001335427984,-0.019246325875939302,-0.024895946341298048,-0.042083756547731124
Zone_DH633,-0.0026283170937206404,-0.015433368272213505,-0.002866573239788228,0.09048015568895063,-0.18238462771450253,-0.11321701178472204,-0.10592572249209709,-0.16704437633429237,-0.011913520221642916,0.008147806568222227,-0.0713767249221108,0.0018635516447863022,0.0018635516447863022,0.09467264371080086,0.02291971907400181,-0.014976015141879614,-0.001912115109272583,0.00011793468328959167,0.0012315867328760444,-0.024390898256139437,0.0016362947573351355,0.011985380999885331,-0.025931711189963097
Zone_DH634,0.026685569823642622,0.04699567640259558,0.04623052237228131,0.0361709938218534,-0.15493971080681376,-0.13843732694698413,0.09663444106279206,0.06261258548062743,0.003248719160344308,0.11214642255706586,-0.0022444728372305878,0.020223954577531608,0.020223954577531608,0.11435159471119988,0.016633306260177762,0.012444183884706611,0.08323599384708269,0.01335157388174979,0.019216273901838235,0.05253062741225212,0.021742429114080558,0.014088676339939626,0.05095096287540837
Zone_DH635,0.05812041193853297,0.04264142535320267,0.015889853356769845,-0.03446102405977691,-0.06773375991791863,-0.12444259165911015,0.004568010438865233,-0.029482628334903116,0.021827454779047663,0.09417967094935376,-0.13600519374664924,0.04296986520958706,0.04296986520958706,-0.07282826536845421,0.06140204761888087,0.02865227587842786,0.012530670705063973,0.04255030023877217,0.04038040385682525,0.018670664427693245,0.047461551743567906,0.05292203129065026,0.017519425030430413
Zone_DH636,0.0745087985914395,0.007241977828314677,-0.0105449916832034,-0.08770155028476234,0.2308257737818219,-0.0981705724927642,0.04374678429544576,0.02622176479624072,0.031825694692243695,0.08883583092353353,-0.07147479103399508,0.054147945283959754,0.054147945283959754,-0.05406813362230939,0.06309376413092053,0.050623066723101275,-0.022576779126603497,0.05500391046925879,0.05075847838147497,-0.00927571012448311,0.059727047597537095,0.06221524508714058,-0.010092895546347014
Zone_DH637,0.07451738040350003,0.004923998975824129,-0.006895447547442174,-0.1102437150021296,-0.04388464599775299,-0.1367933543861084,0.05312671534442304,0.026201324913319723,0.030256466503632194,0.05479775837194967,-0.05041879929738213,0.05420523362849142,0.05420523362849142,-0.03747043282634244,0.055733524623228684,0.05634032906223324,-0.04112865764376594,0.05520285971560379,0.05089908721719154,-0.005215474591269337,0.05991797990694524,0.060198860241127514,-0.003722077265446072
Zone_DH638,0.0551015647290216,0.02798448554133756,0.005594928349231421,-0.13783598396821672,0.24759854203363618,0.1076181015313567,0.0521981170960264,0.03159748237576654,0.03267570781965502,0.09224003498015387,-0.039224499655510975,0.040959996960266885,0.040959996960266885,-0.0074652899141609,0.040040680205831236,0.03561534380686716,-0.038124792590825796,0.03927694124260422,0.03900140055983882,0.008688214217489443,0.04484809263682336,0.043202992892672,0.010167307363507821
Zone_DH639,0.06084396577674546,0.04481430443812606,0.0365150824841011,-0.12108118632516518,0.06616321151002158,0.06516619016232944,0.03583413649888245,0.01762038015441658,0.03282291286459055,0.11838752569999944,-0.08355285629185412,0.04491084769930941,0.04491084769930941,-0.02236802932532339,0.052556773030033505,0.03848411138535167,0.014554726274433882,0.044211906090772315,0.04250816349474791,0.04067889347873099,0.049573191241420046,0.05358271622847658,0.04072740817703871
Zone_DH640,0.07570910812535842,0.006877268481898791,-0.0062335639725766695,-0.08906457919028599,0.13172187891703607,0.208666007610401,0.0014150150393902328,-0.008796723710571275,0.04511178326806661,0.1341179247912202,-0.11604096478595852,0.0551573254768746,0.0551573254768746,0.16547683337932023,0.07045497264923295,0.04720196458719281,0.01970379909813169,0.05693874548214864,0.05162872451536737,-0.0054560369009572784,0.06110173790205694,0.07237953753243029,-0.0054651296494148405
Zone_DH641,0.07876757656637996,-0.004804653267953499,-0.019514501871952805,-0.09460604109572246,0.30545775501670946,0.5910833886674877,0.022714779107191774,-0.006681689237507005,0.06186572649251561,0.1214574388486338,-0.08876421950642863,0.05728468574690497,0.05728468574690497,0.16009042348646468,0.06824665345454546,0.05516148732681414,0.010530994265033677,0.05948216835077108,0.0535470292190032,-0.025634931105471187,0.06334304568044978,0.06658129824132011,-0.0257510800792531
Zone_DH642,0.08289055646304953,-0.03284054122097574,-0.04602932509483114,-0.1217922810185379,-0.051309089465733426,-0.06583761601704002,0.047619762454625514,0.020895782022963716,0.037385742749526316,0.13047702852548626,-0.033609440787601946,0.05998604654632095,0.05998604654632095,0.1964584878302471,0.05921454780462528,0.06563590982004322,0.039941563876243924,0.06241078849560222,0.05616905761413277,-0.04898626242651814,0.06662264986762012,0.059587224539304165,-0.05029629862383139
Zone_DH643,0.06673723496227305,-0.007857603111777675,-0.026565239443217495,-0.11715170471155945,0.08056594467556188,0.21482877744945134,0.032159301029618725,0.004831832427607319,0.042292588686268354,0.13223111731451476,-0.014677450122246138,0.04903968405367687,0.04903968405367687,-0.03531194908679658,0.041907306348830275,0.05846113759900055,0.05154366230375507,0.049299584823318574,0.04619179776918598,-0.025758256118022627,0.05416565295494985,0.04845550307333285,-0.026814621648884804
Zone_DH644,0.05985006161788329,-0.002153996624772128,-0.01738105560593614,-0.07247721513390115,0.008729691977429954,0.1432064766888217,0.036996578695684956,0.0036948459533401312,0.03614777402367897,0.05723295649885296,-0.00014315833444231152,0.04418777869358908,0.04418777869358908,0.1647195550182758,0.03677856388384543,0.050109886387130174,0.020708871390336614,0.043328741981633875,0.04160096583766238,-0.014738461296093602,0.04861167814048441,0.04343001464416363,-0.015813984289772848
Zone_DH645,0.06689151298552884,-0.015162914662181184,-0.017867350155402778,0.024520648552677105,-0.016237327436123605,0.10043754207709299,0.062250550108997715,0.027168444691322846,0.036347514574728096,-0.012878757788005069,-0.02322378401261979,0.04862971900482647,0.04862971900482647,0.08492441788210969,0.046720788700744253,0.05398474338279593,-0.06131230183528602,0.04765976026131116,0.045245391784153925,-0.01762935200733773,0.05371217175613442,0.0479361809145563,-0.018924307699350704
Zone_DH646,0.06544213571635402,-0.015214778656461286,-0.01498799602174615,0.004656430072998097,-0.05434779773076387,-0.1679049184264801,0.06791970004947989,0.03603368484466718,0.023247170386189595,0.002614711138772652,-0.0321457929944694,0.04760732956326404,0.04760732956326404,-0.10682644748153813,0.04802733125513629,0.04470125948354092,-0.06316003897944844,0.0463738519515139,0.04444056859311734,-0.014961196531123003,0.052660303566209446,0.04687350228974583,-0.01608436264758889
Zone_DH647,0.06168061396093259,-0.023523104260566627,-0.023303370150083796,-0.06235557704516048,0.04640227605454411,0.026581604943577197,0.058463399490169654,0.029627506640291013,0.031008649032665505,0.005818923931486419,-0.03797000617202856,0.045265268179755964,0.045265268179755964,-0.06503777750118139,0.04444536106110114,0.041711769310139285,-0.028304475770699722,0.04403953716451842,0.04257049680159724,-0.023775140078183613,0.04971889392993815,0.04595111968918514,-0.0249961806782691
Zone_DH648,0.0529077279670213,-0.03166357485245207,-0.025756533177406796,-0.041859512277443334,0.17221980547358517,-0.08223605839954709,0.04457282028883136,0.041309870026676854,0.021246691579875215,-0.09672677786132555,-0.020907776180073195,0.03905896176821057,0.03905896176821057,-0.07006610709266953,0.03315221369078583,0.0375716075035653,-0.0238177004562512,0.036269126344255484,0.0368472145439345,-0.026728349200430657,0.04302701138741248,0.035418390142118956,-0.028138123332304824
Zone_DH649,0.04791804696756211,-0.020258459757525896,-0.007480903313735007,-0.05704300245919203,0.09817854920783953,-0.001784459740565958,0.06006425490932277,0.04160324554925776,0.023403725000878076,-0.1983782221536481,0.013290903952086791,0.035663397140258186,0.035663397140258186,-0.05809263384218544,0.024907110550025594,0.041338652214457886,-0.059455911896457936,0.03234176108271673,0.03381978229733028,-0.006546495222493065,0.03921020434362573,0.03709739937665976,-0.007594021736638007
Zone_DH650,0.026757742954535695,0.02429897461745778,0.03978165080739898,-0.035672423763341565,0.059515544553983335,0.014419404855582019,0.06456990618966307,0.03890168808510097,0.014729463582868453,-0.07743745104477895,0.0778032992060528,0.020828417778439922,0.020828417778439922,-0.05877653911008418,-0.0011163017403008763,0.034117128603838684,0.036838814911701045,0.015142676282411179,0.020170966311190676,0.03790024472752204,0.02255262582563982,0.013437546823387256,0.03647915604738852
Zone_DH651,-0.0057893825755043204,0.03743543403539243,0.05499062916540784,-0.009561680047388443,0.28901368536134475,-0.07410437962174882,-0.31651022851010113,0.03356709433711769,-0.008198189277595837,0.04825433633980525,0.11412374870464231,-0.002438058773978794,-0.002438058773978794,-0.053648546883457604,-0.03715963785592501,-0.03725989233504263,0.14555351209837453,-0.010190678010026787,-0.001352213159917074,0.060865873378904534,-0.0034715081804574215,-0.024963576922655294,0.05931270733621652
Zone_DH652,-0.02318622889367578,-0.07312692096583384,-0.07183645888574493,-0.05155303544258916,0.11094286800502495,-0.21347705409558568,0.0759538046003293,0.09669752178341673,-0.03438326525752742,0.09878464072941795,-0.05004266429931381,-0.015887575744760577,-0.015887575744760577,0.0045113466641878985,-0.004901791234696071,-0.053063271344906515,0.11533171397770225,-0.024995748741600085,-0.012899668725128726,-0.08004096854753036,-0.018802899520130936,-0.01849054363219227,-0.08172644299457492
Zone_DH653,-0.009919065040637203,-0.05291412205134936,-0.06001013494809433,-0.07066495047774801,-0.021900100930669825,0.15892473623941344,0.10238894918004993,0.06817211164841686,0.015047157841604507,0.12079821585625161,-0.06410001011147187,-0.005328383535772061,-0.005328383535772061,-0.011616014758997983,0.010559884531299676,-0.03206631835552717,-0.005811188102607279,-0.013529574567873182,-0.0034012979610826173,-0.06597834943370753,-0.006870298125357775,-0.008454507082574725,-0.06732468289627769
Zone_DH654,0.004475940079098198,-0.061085630850182274,-0.07247683135105798,-0.08506955392208537,-0.13517360855687596,-0.007165860981955929,0.09680375914030792,0.058497349939253596,0.003787616111175115,0.0885182918900762,-0.046850010869152525,0.0051276391295423645,0.0051276391295423645,-0.006028198826183662,0.010588132955004666,-0.00846148368019857,-0.05489937682722956,-0.002119299163814335,0.006288725299142759,-0.07940420605712611,0.004737430199882426,-0.003164276400990748,-0.0807762870439288
Zone_DH655,0.0002002988830594292,-0.004800680857979189,-0.019499863029208572,-0.09129098705110317,-0.18980229018504507,-0.19610197708798363,0.1130313330990167,0.08385719405774572,-0.01565374359715127,0.08576147706896464,-0.03789622911490917,0.0017728289813926622,0.0017728289813926622,0.011190616711556634,0.006399156764094534,-0.018143723738065783,0.053265832670953306,-0.006241194616901945,0.003415883146740139,-0.021663722106887967,0.0011064662193946175,-0.010218549958396946,-0.023242988261247016
Zone_DH656,-0.015867082569187473,0.04034317303072121,0.0128424844014349,-0.094056797422292,-0.03577791258900678,0.163530204367401,-0.21477645115153177,-0.28797475742523937,0.014597719521013124,0.06384667726251836,-0.0873073810660219,-0.004414882561302288,-0.004414882561302288,0.018873413167602215,0.01347717005877605,0.0018890854401517748,0.056848819194176836,0.002244345060124761,-0.002370192504310472,0.012301190853413052,-0.005457103520464933,-0.0025807335317295788,0.011003212831308062
Zone_DH657,-0.047844382266715654,0.07352840472577055,0.03024190569008134,-0.07154828289085902,0.00339267428799947,0.1950132581831343,-0.28706631882839906,-0.3665015178070494,0.0178363327925673,0.03836868322101872,-0.04527535132183583,-0.021310803237717467,-0.021310803237717467,-0.001235332139051637,-0.004764107415028737,0.013209021801480647,0.025305588348016772,-0.006851492374821216,-0.019129767067241475,0.026540100726826332,-0.023582642336394156,-0.011083406085740655,0.033468340229408505
Zone_DH658,-0.06380986969852726,-0.015364419014880615,-0.04937779082592646,-0.0784806513074392,-0.03172313814734684,0.09868353548522762,-0.21845817958959646,-0.2886760780734664,0.0003826000335538787,0.08465940005052486,-0.03794207795084442,-0.033680205884919094,-0.033680205884919094,0.018083271076258733,-0.014835900284638076,-0.019238847869083364,0.06293372670695996,-0.019759263319990256,-0.030261108313382586,-0.02907821478197034,-0.03711095293466694,-0.023110247773030168,-0.020403841307106152
Zone_DH659,-0.08904402674265802,-0.12589904440214417,-0.10285078576809081,-0.15872985978463894,0.06648291581152488,0.20031777311737486,-0.052430103627533975,-0.09919276545354039,0.08657598313376338,0.053099411491074,0.2019799404003264,-0.057229540624551545,-0.057229540624551545,0.12864043705639228,-0.09570005142788593,0.09642278898330903,0.11489657334887138,-0.032951807082742646,-0.04698486558041001,-0.09667757121142767,-0.062041788981844356,-0.08239961187192374,-0.09855150932685258
Zone_DH660,-0.04391391569811112,-0.12569343908488387,-0.12546470233329118,0.0009235053409740734,-0.021337823502586527,-0.006478785881868079,0.032560680233954864,-0.0027589364148224993,-0.02958625738906119,0.02155791496518522,-0.04422099828810033,-0.045407296056528906,-0.045407296056528906,0.057094840677719916,-0.016184610740121785,-0.03103542676185267,0.09939664862628272,-0.030206964909364087,-0.044342715339653796,-0.13263301609654243,-0.04742155199893108,-0.02748917787838079,-0.13449359351798318
Zone_DH661,-0.06251968575053382,-0.1494700551339629,-0.13367632319616882,0.03331269960806438,-0.050256686355356316,-0.029722096438902737,0.17682715868758914,0.15662231467005006,-0.04484029312660581,-0.0014713050701741226,0.007629427348845141,-0.06674147922640344,-0.06674147922640344,0.031108082741948317,-0.038294306569436165,-0.07160462550235286,-0.05335498284277462,-0.06313010020419338,-0.06249427950455033,-0.1514500378854226,-0.07302470625418789,-0.056932038168616805,-0.1535366119752575
Zone_DH662,-0.07460213424106282,-0.14852318487131294,-0.0737940702940108,-0.02706196829298957,-0.06137789480809105,-0.03866068102822291,0.1303434307742043,0.10416130923772537,-0.04800425067584724,-0.014311914382934887,0.05212862187192385,-0.06757422894905707,-0.06757422894905707,0.07414511343194474,-0.052715703461429175,-0.04592242512153266,0.013568493467039033,-0.059973508310482315,-0.05986262735259292,-0.19361086057516508,-0.0743665825607647,-0.058583467581777765,-0.19545512984837327
Zone_DH663,-0.0631048443036615,-0.12107044905482404,-0.07354613436883455,-0.08735462039502107,-0.004232115837025097,-0.008489857759778188,0.05438420430610025,0.13790781433605814,-0.031523207740740744,0.016079618932734463,-0.0045100238507220225,-0.06976486457631625,-0.06976486457631625,0.15100309793970312,-0.05989001636052474,-0.08118650132025829,-0.03344358398922809,-0.050857756473870586,-0.056830700539401174,-0.07838174216531651,-0.07575938283454865,-0.045520343510721484,-0.08057005139931772
Zone_DH664,0.4030510087045714,0.2904703646858484,0.287317178015348,-0.1448806806030914,0.13190491401937907,0.024006141695579818,-0.4058097976078761,0.25039944592091445,0.04085457603430567,-0.16404712255648946,-0.008969022088675338,0.13309562721414664,0.13309562721414664,0.05063062312602851,-0.019103061945605126,-0.1762258949971225,-0.05063367870842467,0.13378430422864673,0.17818493613463043,0.3492426926373985,0.1419823536681148,0.13602285653221147,0.34713393341212073
Zone_DH665,-0.03402010304845593,-0.06598876663846376,0.024102034603167122,0.09288338430242027,-0.0666796982921443,-0.08832573906215266,0.22667334877671652,0.21346682234298764,-0.09150323420928633,-0.005717238742466657,0.03067410862640252,-0.06434070244983496,-0.06434070244983496,0.02492218595293544,-0.04555809273001665,-0.06331478653774802,0.08332538086953811,-0.06156537798905201,-0.0628154395318081,0.02470639099439978,-0.06941904167486246,-0.0580989793133474,0.022573608886970187
Zone_DH666,-0.06732493476480901,-0.011983528643587898,0.0275721228615588,0.024860881598081752,-0.048878947529643876,0.03949091262827739,0.13047306893872268,0.10179653272768285,-0.01447037227870486,0.003642582336239042,0.017571983995526175,-0.05394918014697686,-0.05394918014697686,-0.0157444101633335,-0.04397949085744726,-0.057696595640294224,0.09976739812992641,-0.05859291834358213,-0.04999991803082259,0.03829823880231284,-0.06027443268190531,-0.06026507682140858,0.043493532885010344
Zone_DH667,-0.04601486715156848,-0.05281320359786497,-0.05331029452633966,0.07473400425507237,-0.08794083045829897,0.00809522876353988,-0.04040204334575115,-0.09095258696906483,-0.017143062438301035,-0.004138998845209518,-0.07553184887188996,-0.031113273746896764,-0.031113273746896764,-0.06078282711490107,-0.006467131423294886,-0.043851672434643635,0.047146545952712615,-0.03294863788901542,-0.029502492746438687,-0.03997330976854177,-0.03502430595778232,-0.02577094217073722,-0.03644454897307936
Zone_DH668,0.00620389580815367,0.08141462931464982,0.07516837512517249,0.07447568405174454,-0.13346211205047484,-0.005790259008320531,-0.274274218035523,-0.3553950850319967,0.003274374837795486,0.1254430744240781,-0.043250533664701524,0.011309354337304098,0.011309354337304098,-0.11350990933794725,0.01932103579876958,0.021295075421862694,0.03350879578407817,0.01797386795787377,0.00965540800468606,0.13008191181171447,0.012143602121233006,0.01011023835900876,0.12862485928058437
Zone_DH669,0.0683088278918755,0.04885374092406963,0.04088834855469417,0.051364511068202945,0.00235141610953854,-0.01576616665903252,-0.012787460147386964,0.011755922903837757,0.03149469103275102,0.10703837616474332,-0.06994038405547638,0.04961583144878023,0.04961583144878023,-0.1418618748308762,0.05309351181412593,0.03922611289012928,-0.05822299921073126,0.049016062517565004,0.04601477495996501,0.05017663580393322,0.05468208031906387,0.04948621206875978,0.049164640386028
Zone_DH670,0.09293599940982308,0.04310391754005197,0.03596426495114258,0.017837490657297006,0.15668614058219565,0.043365382343232506,0.03588412312856637,0.0003578788366869201,0.045759711739648934,0.06209969029347273,-0.07819544220210876,0.06663504329053924,0.06663504329053924,-0.13840276893209566,0.07646080119330409,0.0683298329140402,-0.050289373166506834,0.07050467295251273,0.061708058984779435,0.04432299751303076,0.07394245447060777,0.0740922297766283,0.04312530221347738
Zone_DH671,0.08279873719301531,-0.004267058628305495,-0.01916245631579451,-0.06249428227003395,0.34140181312646134,0.049992304575204205,-0.032311859850953306,-0.006919641470528037,0.04169954054036164,0.05746897928148964,-0.022192139302847635,0.05991757359231881,0.05991757359231881,-0.08156723750643441,0.054994605383664116,0.0636110787256226,0.003939815040670758,0.06263135527297584,0.05586783927437762,-0.017152614607961983,0.06645675527065807,0.06567900854180875,-0.01832426017675151
Zone_DH672,0.04523332967165901,0.00963266770290408,-0.0028355544187294995,-0.1570143582665242,0.23667810458108618,0.42229284381290005,-0.0002649492464850134,-0.03638403213588881,0.04663898167564869,0.0769395206357184,-0.0085978392654735,0.03465019676648804,0.03465019676648804,0.006960347847618065,0.029772579183697658,0.03747887807735003,-0.0766329295125997,0.03369324600853131,0.03334206304657888,-0.013420206267627438,0.03802562924165772,0.04273397819208153,-0.013116348243205844
Zone_DH673,0.025185116527359594,0.021498974617457783,-0.002522579615643311,-0.13052359247491496,0.5889273092598657,0.0528809433171204,-0.03252706725073229,0.03366464288113158,0.017498956552617052,0.030283505838189173,0.0778032992060528,0.02016629169157492,0.02016629169157492,0.01174747835716472,-0.002578173238125373,0.024292931957705086,0.08573715275476246,0.015300745864122785,0.020201049461016776,-0.011599755272478057,0.02146841910355812,0.005895921320823359,-0.011540843952611485
Zone_DH674,0.01771933537197841,0.024218176610614733,-0.00043950984601745513,-0.07829946868009052,-0.050106997092283584,0.09779212489813255,0.07788401389398247,0.04247553057413256,0.017635014269282805,0.025383249336262237,-0.044012888331763256,0.014666554528241262,0.014666554528241262,0.20619094525682535,0.017742520612610446,0.006592452613825399,0.08718597404216344,0.008534937697724086,0.014835500251157959,0.002990858571515126,0.015638249419301926,0.005922313255478186,0.0018264603241676391
Zone_DH675,0.03805022418946931,0.02825694101128598,0.007741446313253658,-0.03065173818979272,0.14689559252793127,0.198159874216837,0.042973526226151804,0.023051031382204212,0.031066939434789678,0.04351736680901441,-0.08063814363283889,0.028883042214054955,0.028883042214054955,0.14398440935115814,0.03848189425461329,0.010970033209337086,-0.003838378021751243,0.024598946367948682,0.027426819639904315,0.013100692873287911,0.03161307829405857,0.030765031342264777,0.013870566876733575
Zone_DH676,0.058393449120227994,-0.005693538815600349,-0.024575198218011116,-0.026199571898938512,0.08896991377630681,0.10619878670947785,0.05844719637508444,0.026759031793869736,0.03343860568819801,0.05985865978172045,-0.05447445910676457,0.04291698798219538,0.04291698798219538,0.12947863923861425,0.04767286174491117,0.03881607693730753,0.03595878433301947,0.041010194885092624,0.04024873766700547,-0.024781573890239286,0.047251542671852824,0.040891208877042555,-0.02471735121788507
Zone_DH677,0.0518231747719289,-0.058651928024128844,-0.05851258033195986,-0.0034520384158952533,-0.1008509430344621,0.07276672501587955,0.07368602908680821,0.032935704812280586,0.02879928866851087,0.07507657935135725,0.006412421572469684,0.038258547107516805,0.038258547107516805,0.11741598550998888,0.03578509421181335,0.039819221670644424,0.07979322843119385,0.03514729277539785,0.03589066647153778,-0.06316043004896928,0.042018820136342915,0.02847823948072828,-0.06436438433999142
Zone_DH678,0.034610584095328724,-0.0752213420840809,-0.07325301908448013,-0.004943539929468721,0.013256429197469721,0.04721984210532826,0.05017242090308727,0.035688331100517945,0.020110936409474093,0.01840046364744674,0.0985746926155768,0.026255828080910662,0.026255828080910662,-0.08615949025413694,0.008429348527305147,0.03112905818164223,0.06260855911954466,0.021073633593498557,0.02491638665849314,-0.07998494385814359,0.028533270384345253,0.008531560319112945,-0.08107057282961475
Zone_DH679,0.014501763256492037,-0.0903004676146929,-0.0894390576453912,-0.07375054063554642,0.2472359272358532,0.10038441635803041,-0.14235149549278225,0.049705584594088914,0.016741654245286924,0.0366174222153024,0.11010854741690054,0.01233146225219167,0.01233146225219167,-0.02765439036978834,-0.017017850395672676,-0.0008107593552868567,0.05817063289933566,0.005708808159800995,0.0126702896871776,-0.09847754092596331,0.012930055648835191,-0.008440647115316696,-0.09971630793851274
Zone_DH680,0.036026892990469496,-0.03108044998576967,-0.03557493698172397,-0.003681626170236929,-0.08610575667011158,-0.06922810024820578,0.08290218133526606,0.05256090647567746,0.013332330515981684,0.04482362306758925,0.08164013237398943,0.027082052962233618,0.027082052962233618,-0.08316460635566192,0.013037505646088063,0.03585343554537965,-0.0010774828947107684,0.021739954265996918,0.025718426315465854,-0.03858771796040586,0.02943097973385855,0.011722246257607212,-0.039744503976384044
Zone_DH681,0.04550594446835077,-0.006520700581120642,-0.014418507623270876,-0.026888846580385484,-0.016870370468584195,0.03876531280451917,0.03632742430713831,0.003272426253003613,0.02442388414596787,0.019864337199405835,-0.018042983229184184,0.034123362975537044,0.034123362975537044,-0.07861414957759577,0.032257295770890135,0.03355050528839801,-0.09177367610332632,0.031240890429900674,0.03222199022711634,-0.021326594554843495,0.0374602795380539,0.029508344631454894,-0.02255166812730268
Zone_DH682,0.0482246786607589,-0.02047845829626646,-0.022674495330111996,-0.07047114111246744,0.09773828290226505,0.2670924488795574,0.03766190718190321,0.0012890152614876138,0.038399773977763986,-0.05298542397101125,-0.02461604811333895,0.03619903456539973,0.03619903456539973,-0.05591147773373856,0.035060195258737936,0.03345182800942306,-0.04402625686136208,0.03397253948678938,0.03431119902010409,-0.030414303899554282,0.039629219387168756,0.03284508893588104,-0.03166055153089352
Zone_DH683,0.04634736449613443,-0.07055083969643414,-0.05155045538225711,-0.03689169880280885,-0.07659854412122377,-0.00042332641272102567,0.07316219320119244,0.0399071942661694,0.022476528410070994,-0.33660896869344287,0.004837980027462968,0.03451666499488859,0.03451666499488859,-0.07131034115349133,0.032802576591056516,0.030591907921447323,-0.08103780554273188,0.030928605848231726,0.03266362284244713,-0.07155497231740196,0.03795985516730299,0.03274850840850022,-0.07278741808493888
Zone_DH684,0.039955838210040076,-0.06234467934566677,-0.03960450494521159,-0.007109849709243998,0.30229475842537923,0.004675841537209846,0.0034673917635438256,0.033197471607419926,0.019696171702079785,-0.46706476747807507,0.019818853179172147,0.03000503897853487,0.03000503897853487,-0.08744493763913974,0.024162391340224222,0.019938232837848867,-0.07403622315133951,0.025635403008461406,0.028365927286205628,-0.04145986293508941,0.03264460959086159,0.03091494516457237,-0.042980737535952815
Zone_DH685,0.015360681716295468,-0.041448842205273354,-0.0255017097548864,-0.035099157084894195,0.2667174995744164,-0.015101688196585139,-0.07980339591337526,0.059528797710178494,0.00745300418846799,-0.2325525239601286,0.10973113827991046,0.012597122855193054,0.012597122855193054,-0.04930206685194494,-0.015270085648657106,-0.0007330618857766744,0.05669759512571493,0.005533134088408179,0.012688148850410311,-0.02693962772725539,0.013050231468656347,0.0017141369678670693,-0.028308027949179998
Zone_DH686,-0.03750652950732607,0.08184734054263926,0.09880786918904619,-0.07307888030337029,0.16636447498126905,0.0687790975525635,-0.1064561095053459,-0.14299905908921418,-0.0024741316168404026,0.027652466688364075,0.271272256337802,-0.021451056708093913,-0.021451056708093913,-0.006780356165641377,-0.06283353458743922,0.05547338033217497,0.1373194580926923,-0.020747131363825555,-0.018629984774503342,0.11609315352840666,-0.024468714379955767,-0.0557935168083096,0.11433560422445585
Zone_DH687,-0.06308259990308467,-0.05121667076473668,-0.06804025144275339,-0.021851573765365728,0.031630821346468746,0.1407863718045051,-0.0779824342353761,-0.12551016302146167,0.01096667664000564,0.08741044524377761,-0.05300501721553447,-0.042439568450116406,-0.042439568450116406,0.03440448128866869,-0.02383750372398641,-0.047521506553645315,-0.044468957817752286,-0.03650757607346264,-0.037420426222520814,-0.07743849045704523,-0.0475665412877567,-0.04258911092326442,-0.0696172769470952
Zone_DH688,-0.049094215666275885,0.0032436424490685234,-0.024443650271235212,-0.024656512119274665,-0.09003659368649707,-0.03205076305340965,0.12585215643102354,0.09909757718002432,-0.024040458531737294,0.14519471461825606,-0.034776922424849144,-0.03624061023725318,-0.03624061023725318,0.00047718102153815334,-0.02398793360986351,-0.06308522071721925,-0.06250077203787174,-0.04407453843889586,-0.031981153007654015,-0.025344050363054205,-0.041341954887999355,-0.04265360930697655,-0.021364201807698935
Zone_DH689,-0.030171958925992358,-0.012508613529090967,-0.030420114712641055,-0.07418870710328762,-0.1366661588219813,-0.05376926143933569,0.12720491303973103,0.09445720584416684,-0.017350710764146352,0.11111876089233497,-0.03399617105923983,-0.020760275408941868,-0.020760275408941868,0.019512026359500112,-0.013573082774611361,-0.0473946635915868,-7.311946206201014e-05,-0.029335117375151543,-0.017155050048644073,-0.03323069457406294,-0.02429820109487822,-0.02925590658244867,-0.03059735348996845
Zone_DH690,-0.02355937633819727,-0.031439808482602305,-0.05399260600498998,-0.0999074054601955,-0.12554268004427066,-0.09905004160798841,0.1149468413985375,0.08969370864174997,-0.019307531388108062,0.07554851641852056,-0.03422371973221486,-0.01553910760547884,-0.01553910760547884,0.03537794791459836,-0.008640289597496326,-0.04223548156033645,0.07206458016833261,-0.0238448817855893,-0.01211949722756098,-0.05968323787619115,-0.01839178288252594,-0.02809844389790679,-0.061140251463669054
Zone_DH691,-0.037966511353572416,-0.005361374521914569,-0.0377711776015089,-0.10766503615676315,0.028152527606794986,0.26031757207044054,-0.00023027750163551186,-0.047282144000265536,0.026504293001528526,0.07856617012191947,0.004670331196895666,-0.023746479055230613,-0.023746479055230613,0.03408005983734547,-0.019918532574996206,-0.023223906667388827,0.030301576142844122,-0.0262526754950691,-0.019736872118204275,-0.0276194906195866,-0.027171887102027958,-0.03682926530199185,-0.02899425990401669
Zone_DH692,-0.06082974472655742,0.05912442275228885,0.005459817849871984,-0.10410726005500737,0.09846593399560266,0.362235199087424,-0.527743795269427,-0.6341066649805692,0.05669521839290359,0.032844632445530375,-0.12651091611212956,-0.007467282790371163,-0.007467282790371163,0.003904257857185345,0.032549259981518947,0.046872733241044906,-0.03308049798809176,0.03108916757043309,-0.008303115532561307,-0.007456677477267443,-0.0065336365364920684,0.03192521137801668,0.005988220775776487
Zone_DH693,-0.08011855088415465,-0.007731468825182275,-0.052681501432750966,-0.07656767468114634,-0.02992822915383246,0.05472240477685955,-0.3027543652879141,-0.3804977550340223,-0.0076304513909069005,0.0011451131049559082,-0.08674189764248036,-0.03190098041296112,-0.03190098041296112,0.03392053488492103,0.010285742482298105,-0.0064185729305440975,0.008401785583386667,-0.004085663029847891,-0.030232413161241742,0.023108226868580134,-0.03349653893201664,0.0016918394708082263,0.04011847302328697
Zone_DH694,-0.06230821455637281,-0.23333363979208568,-0.1840218841271043,-0.177466495235635,0.05421618061575141,0.12235281811192247,-0.32677371415796963,-0.4027363177096145,0.09719764325521432,0.08286567828387381,-0.10195386361926342,0.025518283683283294,0.025518283683283294,0.19571754864061508,0.079003124313621,0.08774697265379988,0.13019417703664504,0.07554515740547452,0.03792417994143296,-0.21065639298651426,0.03314993665706373,0.07525244599632847,-0.21266556898604755
Zone_DH695,-0.033188581027760705,-0.2339673238608603,-0.1844018736956463,-0.06209820283701095,0.016550424780187645,0.046675485695385655,-0.09351089931249645,-0.14241772641211026,0.024786367620525135,0.0690317631406745,-0.04664159619511676,-0.013573992952705172,-0.013573992952705172,0.09687398912865558,0.012505476761885348,0.02975001962472923,-0.030295064089311152,0.010985564171556161,-0.01339168932892465,-0.2111217644051152,-0.010609242182688161,0.008129276472468916,-0.21313544263287548
Zone_DH696,-0.038626100737458174,-0.22918660420229206,-0.18153510823649144,-0.012749480911419364,0.004857243139672118,-0.0011843563458624612,0.11657743974848778,0.0913293805622385,-0.024434745621747522,0.009408240787489919,0.021384650729342702,-0.05283184549932958,-0.05283184549932958,0.07371823287945573,-0.03349533156451784,-0.03218577517794596,0.06816779792357586,-0.039281665301525104,-0.049354719925390214,-0.20761085037228563,-0.055859229542639305,-0.04407100645320278,-0.20959056231928738
Zone_DH697,-0.061405224659006,-0.0714083308598065,-0.03567787992876703,0.0005265118074242459,-0.04062404175336894,-0.09890301036236873,0.004912449475127478,-0.034648824356954044,-0.09052495513232084,0.05948006238776671,-0.09022832370257447,-0.055808969461338995,-0.055808969461338995,0.08736682312414706,-0.00883162545486496,-0.0599383101757589,-0.2616249268136488,-0.036895408580681965,-0.049270638206850556,-0.19984226928540336,-0.06014685500731615,-0.010035413078598177,-0.20174682422091886
Zone_DH698,-0.04866376329411176,-0.03717829040975057,-0.008144091514905055,-0.016747685907734455,-0.022597827740527786,-0.0844145813877866,-0.018176432267329123,-0.059430956841744154,-0.09137104196896317,0.06628613038674858,-0.04737572207108359,-0.047345710220351514,-0.047345710220351514,0.11714714438638218,0.0002359788089956738,-0.03271784813282175,-0.08270649530757201,-0.022193033600379386,-0.039545409088885014,-0.20525469591847523,-0.04983638944908231,0.008973920660168944,-0.20721161328750087
Zone_DH700,-0.0013800815857124005,0.03228423608071834,0.10791966232268835,0.008575541722346758,-0.014475298348224336,-0.023664972200636764,-0.2438926567275495,-0.30974424201422585,-0.04570452163083816,-0.05607350910242492,-0.07929806748722318,0.031165955439088094,0.031165955439088094,0.12995102929188768,0.06726209807716022,0.07872559198644019,-0.014386576137263352,0.06225187548647598,0.030513411007337538,0.3419191737739034,0.039781877641872354,0.06930836888270453,0.33993670539251564
Zone_DH701,-0.0802354854246018,0.0745487972139354,0.09915417837596788,-0.06316382271459964,-0.015938308615372695,0.06596669433966698,-0.34221347283844533,-0.4237616232731057,0.00020617041576084794,0.10605173897223874,-0.08958707431891855,-0.0271113385709391,-0.0271113385709391,0.07872740688545576,0.0049015114802052895,0.04290389442998299,0.004122227339979911,0.010008468755399569,-0.023296296917065182,0.22690770986245895,-0.027656859722635097,0.003079481088484659,0.22526731818364815
Zone_DH702,-0.04064259188052538,0.0373528601255233,0.00727337334546499,0.008100241442996037,-0.04126381648838401,0.11371717705996132,-0.1668691911342054,-0.23270091169843854,0.003604455228563515,0.11708253276561065,-0.09981050978117861,-0.02172104358505736,-0.02172104358505736,-0.05523235003015908,0.007504060514216912,-0.035354998398799534,-0.04674298521058584,-0.01720683353062359,-0.02066371755275085,-0.021326280856666324,-0.02454829870863439,-0.009209696437025378,-0.023032236939259987
Zone_DH703,0.019593961499816535,0.10796724920029313,0.07705762252211226,0.004704445170974125,-0.08968730061968078,0.09749906662379931,0.02637768539820262,-0.020794459067012938,0.01766747409034572,0.13966233441551368,0.14283648752003184,0.016164893693403792,0.016164893693403792,-0.08609565332855995,-0.006094040698423578,0.03783506239238216,0.17864429938760507,0.011263746650710324,0.015491973373540767,0.08560033603189582,0.017430875885258428,-0.008586523237554017,0.0841519969224597
Zone_DH704,0.07170678984547338,0.028760813813302866,0.02715076627022453,0.08945248860001598,-0.23565049561615725,-0.1333271504235074,0.07449667659613646,0.03029241233318447,0.027778869867645252,0.05437876005975317,-0.05291103474425346,0.051732601952836625,0.051732601952836625,-0.16066942003988127,0.056524905960638805,0.047301653434910995,-0.06737019733867433,0.051079247047324555,0.04784641565801272,0.03198965936937237,0.057259171591777416,0.04917745826983937,0.030965529534739328
Zone_DH705,0.08838783038390591,-0.007862416407909481,-0.013249735237518212,0.06212731470406696,0.1413985808261895,0.0852993148901125,0.04132339338770297,0.012861877447271075,0.04498123294416188,0.02024745870766531,-0.050406444479617146,0.06337643432736152,0.06337643432736152,-0.1593072306386197,0.06861190697759456,0.0655347814753964,-0.09739718519318907,0.06597915124141837,0.05858936120783066,-0.011974180963738174,0.07019210955692788,0.0661340690081387,-0.013344425795385917
Zone_DH706,0.06968997951419698,-0.018501156663818963,-0.020380980467225543,0.016658331017303962,0.3341068908315572,-0.09395743513945379,0.037069072553859606,0.026635807488930907,0.028935422674350668,-0.0031452814552445085,0.015554678392842941,0.05056302640753407,0.05056302640753407,0.09234579580352364,0.04599184973419841,0.0512169264763863,0.027635886132280296,0.05005206316630706,0.04706490062096662,-0.020349607257143493,0.0558223748613255,0.04822620188209419,-0.0215570193212416
Zone_DH707,0.01754871831986454,-0.016781557325705992,-0.025311755837396407,-0.060253073424722636,0.04842074864050544,0.0981847771142792,0.040034019186960146,0.009784835067253916,0.01751912364296775,0.03967800558690837,0.02951063373242485,0.014707325750482838,0.014707325750482838,0.191030737109806,0.006478909647008972,0.014679559565902958,-0.05885103482114851,0.009351159663957859,0.014722508681836072,-0.03465582408924378,0.01553470252325616,0.008327363107940446,-0.03343164141560909
Zone_DH708,-0.006230900900156447,0.02110114388284351,0.009335626137294911,0.00337383446034345,0.09375289563138478,0.08039894732003527,-0.40825096405245376,-0.49900179675621037,0.007442172461315677,-0.031786030284697175,-0.051342309734784985,0.008070548341385531,0.008070548341385531,-0.09410756124634756,0.01398356400438698,0.042280473898097026,0.09472714643359315,0.023086386154691788,0.006172186822577717,-0.02087962605872032,0.009122199915711095,0.021875969419250033,-0.022405167181728275
Zone_DH709,-0.007944466836111202,0.0070858779486506485,0.0011959856639668642,0.008341576972754505,-0.04150794406792471,0.08200165931633646,0.04074595968035877,0.0020199617035436823,0.006951716853108608,-0.02334302465370408,0.12276260573249265,-0.0036610296624849607,-0.0036610296624849607,0.14984686733707175,-0.025604700174112725,0.007005599187575831,0.22495804266662378,-0.010725782970955784,-0.002793618334595016,-0.015478349433707628,-0.005063286921888375,-0.02876333737066923,-0.017154682896277584
Zone_DH710,0.009581725346613806,0.006206127103427023,-0.01700692070228743,-0.036574532281745786,-0.08048795679871645,0.10489296749881694,-0.11197431504457656,-0.1746455574063268,0.015095176694760744,0.06166387851218613,-0.04019914086626661,0.010721902514874168,0.010721902514874168,0.19412548194340695,0.02315919699838942,0.0014994535002366277,0.008810250092714189,0.011117972157259834,0.010911176458159207,-0.03616179546548366,0.01120539187331151,0.010017100609587631,-0.03778185677120677
Zone_DH711,0.02024870248915871,-0.030789221470060635,-0.047338880720370624,-0.020131152878510084,-0.14959566022121704,-0.018757472568155298,0.09941251002332796,0.06062650349502652,0.009237262477812255,0.05315642773274121,-0.06136355360248619,0.01598132871185018,0.01598132871185018,0.16008176854491618,0.02294128965626334,-0.002547027172151911,0.041547378174452865,0.009054373401895452,0.01567360605199679,-0.0515739403409855,0.017017733326222147,0.00698217534426035,-0.05285412824248405
Zone_DH712,0.026283133307956546,-0.056928327756475355,-0.05117348816251438,0.06059624422221488,-0.154147227717472,-0.09933883638084362,0.037736927618692406,0.06130830217661121,0.005697669131899353,-0.08879568046122654,0.02753753727356939,0.019849698218977252,0.019849698218977252,-0.11476007485733059,0.008507499275571762,0.005619261192083225,0.05847769371793721,0.012719837402784775,0.018691515427647746,-0.05620731809177637,0.02134960071758208,0.006410241961760578,-0.057499284628532446
Zone_DH713,0.00758588882658312,-0.058575528913684824,-0.04519792386968284,0.09472497011364978,0.002790356255500781,0.1857117350646188,-0.06159279110428961,-0.010540876567199486,0.020779311756106165,-0.3734608844521123,-0.014088550795978955,0.00729444341193825,0.00729444341193825,-0.14089242100340355,-0.0006510734511754046,-0.010314494095126546,-0.015183496342016767,0.00021186090604037588,0.006368935273437513,-0.0561171043761933,0.007315213346185328,0.005864556562052356,-0.05773624504432445
Zone_DH714,-0.02896155577431321,-0.05728256182311971,-0.04282524462242658,0.0341202102579129,0.1211071668653233,0.3716154987922698,-0.13761202472949452,-0.1124838772333755,0.041857875056508884,-0.34745244015029747,0.011844646653451724,-0.016098342309175753,-0.016098342309175753,-0.10672636902106297,-0.0246798195094199,-0.02894321829496646,0.005750747775291387,-0.019600244536685796,-0.015982498896561476,-0.04959283078653358,-0.018357313997439503,-0.012178450606953509,-0.05135783042521687
Zone_DH715,-0.03517193510200285,0.015387458221993361,0.020523482191359882,-0.09447337763568209,0.06455827920441748,0.2580591089810589,-0.06878857421219697,-0.10944916145787742,0.025839774256571274,0.054618631584834154,0.6342486306175529,-0.020309882724645283,-0.020309882724645283,0.0036746130142991107,-0.08386979591140896,0.12753930876954483,0.10783726745941424,-0.02093127970890979,-0.017243902847153013,0.02072420097708158,-0.023413378744591998,-0.06726788749879897,0.019087593973293487
Zone_DH716,0.005728849786233614,0.010744609269536742,0.0019186582123761342,-0.05182631593147846,-0.11612891066407882,-0.0460800230432635,0.00563611773501127,0.04055035354752168,0.0005451386117424004,-0.07773099115147775,0.029603150369180986,0.006001327422074728,0.006001327422074728,-0.03193490884055822,-0.012392778516249259,0.0009062413336959202,0.08236931900679734,-0.0009590989844066242,0.006783387169168743,0.0067648800480993865,0.005634795166180959,-0.011399934640110791,0.005389434882073968
Zone_DH717,0.0249973291553374,-0.019128920583788525,-0.028311802559274568,-0.1064059658920079,0.07968079749007445,0.28409818786641733,-0.028330466604723825,0.012742726744170763,0.0335275709874522,-0.2421584336588294,-0.017647979477128595,0.02018527573893895,0.02018527573893895,-0.017587437797749628,0.014082882156990426,0.010212011813649495,0.1090737469234716,0.01563586483340238,0.01995743333400247,-0.026267119292377447,0.021660719460116454,0.014078212822448387,-0.027709827133001838
Zone_DH718,0.030460068070418143,-0.06791956132070237,-0.06290030330456585,-0.02447988423284919,-0.04190259969506227,0.20401130967417525,0.023308306754573738,-0.024816718988254438,0.029147666428406903,-0.5888638231361177,-0.08048496230267668,0.023942763060831564,0.023942763060831564,-0.07780851670266509,0.03732764130289794,0.009754097195129798,-0.03614744089652222,0.020225260257195753,0.022802049695806074,-0.06458522149786715,0.026129858760011643,0.030763807311390022,-0.06610149508748431
Zone_DH719,0.025525928095420015,-0.06845529089858275,-0.04731914704316703,0.06349516894888185,0.12116229668207179,-0.02177299035847563,0.00836857805570601,0.047468383030508265,0.01091123912066979,-0.6437695380522674,0.0014789711834141406,0.01944528050262017,0.01944528050262017,-0.11968869011769828,0.015689036606172567,0.0018499788618948354,-0.0857170923020153,0.012648206169735048,0.018239466448873486,-0.05044743664417578,0.020949884274746963,0.02053397017142347,-0.052016726203965025
Zone_DH720,0.0011283474812121726,-0.06264562654792583,-0.025977051282332436,0.059571598790740254,0.02843982123419153,-0.19404774309816444,0.0800016664299269,0.07140259648324643,-0.017161557294746322,-0.37409011312412266,0.08096665204824566,0.0015986273134630004,0.0015986273134630004,-0.09373025094274184,-0.013415298024881304,0.0026306131341776035,0.07734385332598348,-0.007571357048368685,0.001886377256102247,-0.02793112006125298,0.0008424107229752179,-0.003798719588893426,-0.029147810394651516
Zone_DH721,-0.053513640215361716,0.026687802746556383,0.05035087924584139,-0.0726563351706202,-0.027896810436571717,-0.06784688834712216,0.07454623132593974,0.06160888034718226,-0.03223836262093449,-0.09112815008512087,0.15672817089172839,-0.03835422440720794,-0.03835422440720794,0.04078150682720638,-0.06378483373074134,-0.015955705972044154,0.06492914799408211,-0.043362037673985235,-0.03303030858720255,0.06716023414267167,-0.0437753316287555,-0.04511693264360886,0.0655004496646579
Zone_DH722,-0.08461370672108554,0.0005492252074688619,-0.06858629297575573,-0.15668768397349542,0.05947571097143378,0.13352236098696085,-0.07279175480205469,-0.10482600509371431,0.06126194495588835,0.1561682608297802,0.12592292915446424,-0.056463681636244295,-0.056463681636244295,-0.09841083349793489,-0.09627207761488171,0.12738332048604573,0.02483464837974625,-0.025547306837314154,-0.04278216644415453,-0.044460951918252306,-0.06102372503807496,-0.08555995889578444,-0.02008149228884576
Zone_DH723,-0.08138561331499271,-0.010204750158337134,-0.051491562931603826,-0.07784252454193108,-0.04646235893133227,-0.0039705479445515945,0.15344236768292507,0.12967695783339483,-0.03035832941932229,0.1759471171687086,0.14674580010090216,-0.07055191039525059,-0.07055191039525059,-0.14876728215693677,-0.09388299935642053,0.01574158474780374,0.10033013625487686,-0.06306899832814014,-0.06066649302513631,-0.054701980775492653,-0.07821302032406018,-0.10486190117121774,-0.04112761986397309
Zone_DH724,-0.07122799590965107,0.009866565529925458,-0.005282025254292305,-0.06198020210668542,-0.11320599142421281,-0.15724018653777636,0.16810882552732653,0.15740544261961875,-0.0695633078339223,0.15451121728193584,-0.02468548904549908,-0.05705151751025932,-0.05705151751025932,0.07642174093048343,-0.039993551045185316,-0.08073666630294768,0.10303605401934268,-0.06107489983053488,-0.049302117849631316,-0.008049313915023865,-0.06443302619432785,-0.06565928717751199,0.0030819667420576013
Zone_DH725,-0.05173200043175078,0.025278930820883283,-0.008010684960159775,-0.07032371785249925,-0.1675759165820435,-0.18517993894529425,0.14706962469852936,0.12295452766489479,-0.053401197177719704,0.09678225629045711,-0.03271987437634319,-0.03840504583664295,-0.03840504583664295,0.05092127692770143,-0.0301062022259566,-0.05185662649764443,0.07112710115529153,-0.04583088368313809,-0.032804283757910314,-0.009611891036588938,-0.04363655506282091,-0.05568830565432964,-0.006849633701477287
Zone_DH726,-0.05955330803006022,0.055924422752288844,-0.00039076720863381875,-0.07891834317843305,-0.13682818365145613,-0.09930326245103756,0.14736429614502655,0.11906312553762288,-0.04236741475579692,0.1037155678416054,0.11490984467735435,-0.04455537264690046,-0.04455537264690046,0.06050906135063522,-0.060837768878026846,-0.01903232778693839,0.10453063459791534,-0.050461780069665826,-0.03824186623951541,0.0005433225227325644,-0.05062470990114687,-0.08015333153940542,-0.0013017792242235315
Zone_DH727,-0.08014415051975629,0.2073026840231101,0.06728958446976671,-0.10224160567283946,0.000887848713519046,0.12489436192876757,-0.6988973259435071,-0.8229011175315916,0.014855022468857504,0.08318704545505118,-0.16486507769251146,0.041673649812121905,0.041673649812121905,0.10406554795779643,0.06961241085466552,0.21022331554066004,0.0013777464836209896,0.11655668090781385,0.04148714444050161,0.0021302353290305887,0.051476305134165956,0.09363725001419376,0.0005748806136057216
Zone_DH728,-0.06168736487826962,0.19932955094517596,0.05291651189579194,-0.07971669076147914,0.03498357043748469,0.10689475762483722,-0.3110265430688227,-0.38621015699801015,0.05859183273646415,0.022668932784618123,-0.14255337566738804,-0.003413811344388562,-0.003413811344388562,0.16355768309254148,0.07185548411992787,0.02506965032257591,0.1517129680014948,0.044281992584190244,0.006277731165832134,-0.20488174216531652,0.0004964899518626609,0.05125420024626742,-0.2068350513993177
Zone_DH729,-0.0423493062694727,-0.2339673238608603,-0.1844018736956463,-0.10080246328499454,-0.003057418357067264,0.00821394723384715,0.1932092983403756,0.177455481967162,-0.013347420193705772,0.038198071692458035,0.0051634369585533135,-0.06540943656213508,-0.06540943656213508,0.1759132904386992,-0.027520003420794636,-0.045282512658723684,0.2161293657522042,-0.04309237190614157,-0.05028566427567746,-0.2111217644051152,-0.07060201413787426,-0.051436537237801006,-0.21313544263287548
Zone_DH730,-0.05884221182187274,-0.22350819277550954,-0.17813004060990612,-0.04044970853406793,0.010576236692546148,0.026114127544227483,-0.037473175162879624,-0.06281875183265284,-0.006135754511634395,0.11980892731545567,-0.10710578629031303,-0.045749056532376306,-0.045749056532376306,0.07386052017724876,0.0203030828592784,-0.08055452056124551,-0.1158987077509876,-0.026021451640227955,-0.0423670398493317,-0.20344068023341555,-0.0480618159548927,0.006369389491684807,-0.2053800479371737
Zone_DH731,-0.04678821751061793,-0.22119757075118232,-0.17674447277042155,0.06039009915265847,-0.03429100938104331,-0.09381288496749621,0.17708794138290784,0.20945947979081858,-0.0911673575972606,0.10761519362302108,0.05426950969187305,-0.06819946721616223,-0.06819946721616223,-0.1926898345702412,-0.059258529650206754,-0.07696271621699985,-0.21404649375081175,-0.06349953170364533,-0.06388431059253806,-0.20174378188564562,-0.07412504684878765,-0.04666605278382663,-0.20366673297391275
Zone_DH732,-0.061465634661414276,-0.0829852551803153,-0.0468854915238924,0.009003749445449905,-0.023029362765350836,-0.10052107535203406,0.06485909216787245,0.20439152606814803,-0.0904477140150526,0.08455497604797968,0.19462956154055483,-0.07244246544186575,-0.07244246544186575,0.0786149839149351,-0.1221270464527916,-0.045103734201630385,-0.10834094449382015,-0.06573277902822738,-0.06453731780305719,-0.055737810509405655,-0.07955359669757793,-0.0786272381400551,-0.057456517618315134
Zone_DH733,-0.004149197006946048,0.09620311829794376,0.06112814312071971,-0.08196752795101936,0.0749164583958017,0.023605889606911,-0.44173966804730375,-0.3767596074921161,0.011040237416368476,-0.005071608507893122,-0.16762937245705012,0.051356624792437716,0.051356624792437716,-0.036379977075430836,0.032722539052044586,-0.014086008255058402,-0.011691105313868744,0.10378128754627386,0.0723166045076308,-0.21687171555446547,0.061153938600810975,0.10918786121123897,-0.2189410215911839
Zone_DH735,-0.012786215983457527,0.03153063391516314,0.09249512257796075,0.000784167057621965,-0.03908843426478585,-0.0661494757106493,-0.3332913710638085,-0.4097511276294226,-0.0887767117474036,-0.0401715723206989,-0.11752277986115048,0.05283568043041492,0.05283568043041492,-0.13059516019992268,0.0810498871260672,0.10963429856242368,-0.03615614639655429,0.08591829975190812,0.04864737179046105,-0.2120779715542424,0.06406129039888014,0.08669206614030922,-0.21410090059252862
Zone_DH736,-0.06070501828639984,-0.02454679534991369,-0.022755215198613288,-0.06409425424096271,-0.035679690443098766,0.0955034874240881,-0.0003101731192307611,-0.04551828334431596,-0.0005750876992192538,0.0825304223461929,-0.022520779115751066,-0.041288275267409164,-0.041288275267409164,0.02881777522379636,-0.03060296400359648,-0.04307703502641311,0.08526192199590266,-0.04059119159520501,-0.03627564102380888,-0.08239024769107622,-0.046355860555573496,-0.05084953023176139,-0.08395938124789556
Zone_DH737,-0.011346652834008646,-0.03050181663666965,-0.04047031252180662,-0.02099332978009738,-0.07781864332971217,0.08433651997958658,0.06650088544175514,0.025673207555654498,0.006274009089380278,0.06926326681443173,-0.09268384487866546,-0.006226477049003717,-0.006226477049003717,-0.04647035537906674,0.016347780127284342,-0.03738610771283649,0.005649611111088193,-0.013581787234370729,-0.0047993632564253645,-0.050350580788843205,-0.007828052801574923,-0.005666721559111063,-0.05173035263948483
Zone_DH738,0.029995982064271676,0.01666119601481142,0.004024933185080709,-0.018581222714511347,-0.2178369414063434,-0.14171153251674817,0.0959282775324104,0.0562292346138239,0.005352438970826302,0.08583467050696558,0.12439383584495525,0.022862952468939303,0.022862952468939303,-0.06746538263575552,0.016100888463608437,0.021820888048945053,0.06467192010764866,0.016979880175752554,0.021978889651222765,0.005753768821098737,0.024535289655517076,0.007403769088880165,0.004370937545938841
Zone_DH739,0.04171633196236066,-0.011923401914008855,-0.021110224565221866,-0.03402879126968317,0.10420756124527641,0.19536900398807366,0.05365782037498368,0.009837763572548508,0.03212665080798174,0.022055788092845252,0.015016645639666149,0.031564274304357647,0.031564274304357647,-0.0804751397214073,0.025481394718060997,0.03247662443348249,0.031706523833920475,0.028045691390521654,0.029852215587703054,-0.018856724774815536,0.03455641406388789,0.016333217465864996,-0.020276764325348418
Zone_DH740,0.05348075453561475,-0.04620114357206476,-0.047891231679654506,0.033369538914456154,-0.10195351855763848,0.03341900007362608,0.07320700588453999,0.032341566340027494,0.027198238498968626,-0.01766204405558569,0.003855641371762447,0.039290755529072796,0.039290755529072796,-0.12096348526010481,0.03965557842129225,0.03421294372537629,-0.02678327173185968,0.03623780283882242,0.03665738084497757,-0.051329378330490824,0.04306817532206516,0.03324283850763057,-0.052755129867042005
Zone_DH741,0.040509490898355136,0.0023364421326191875,0.00622879983631619,0.05288584218124259,-0.1483948682721311,-0.18739815029943035,0.08815547508138921,0.054788475203857434,0.007783312923105749,-0.016244883313795144,0.020520023130693094,0.029962257104724888,0.029962257104724888,0.09183170454222783,0.025882496938824648,0.026015139391424955,0.039692252009220996,0.02465911112041954,0.028060460465061818,0.00795283383445658,0.032729281361681406,0.021550449882640668,0.008586114619908825
Zone_DH742,-0.002512490385869731,0.04667801005424002,0.031433311429623384,0.00855463733370998,-0.04735886970599959,0.0003759465273799334,0.09594169086940363,0.07279031615432607,0.0006653400605394315,0.0002218667625161208,-0.07578297818533741,-0.0006385900754399976,-0.0006385900754399976,0.15524387471203627,0.011236510589130014,-0.025122193242875956,-0.09738403535635165,-0.009543903359691464,0.00020815327810433208,0.03677840912519334,-0.0016631936918775955,-0.0014887359982805742,0.04153407139475426
Zone_DH743,-0.024458466847793153,0.05678011567426444,0.07764389296261662,0.09691194537763248,-0.1368831819410411,-0.13086676900237404,0.13015032091815115,0.10462227945794733,-0.027856484572842382,-0.02039958619156279,0.08129242487885924,-0.018443985080940032,-0.018443985080940032,0.11700077139757586,-0.03282851381349769,-0.01856371484764459,0.12863422978006944,-0.029740635034284993,-0.01714033994966699,0.08633446729013955,-0.0215618378034218,-0.03299323994561272,0.09327343878163061
Zone_DH744,-0.04460551889100453,-0.06551953980117257,-0.050044461558059375,0.04676452317489033,0.04517153233953841,0.19707338751559894,-0.02138825217249507,-0.060868741581535546,0.018453959717099594,-0.06881074259293174,0.00506709098187641,-0.028982224669679445,-0.028982224669679445,-0.08950587190742076,-0.02078924321465289,-0.040470932974065565,0.05596190467113482,-0.03349326931120855,-0.028173608017189627,-0.03972949954427041,-0.03252733242954406,-0.023057619487689918,-0.04138870552700499
Zone_DH745,-0.03317628375666482,-0.028824603208757404,-0.026168500641760545,-0.047220809870539004,-0.13197983187839246,-0.050002662694558275,0.12287906071102639,0.08988502046030811,-0.01880172348079899,0.05705030794684296,0.03626547525878954,-0.02330030016047654,-0.02330030016047654,0.0037220351183828715,-0.03284482011842471,-0.021829535081059212,0.10952599639565419,-0.03196593645454543,-0.019788146487156846,-0.068137778765047,-0.026951312011730538,-0.04757580471538471,-0.06947305049409297
Zone_DH746,-0.036224742329451026,-0.006991404733835083,0.008145081350313638,-0.10262579833850205,-0.012946430901338984,0.18188082977219228,0.09043809930205582,0.05376805932745321,0.014776991913964074,0.12230997883456074,-0.019995352907281633,-0.02419183677545119,-0.02419183677545119,0.03202048164603061,-0.01982594462993513,-0.032957665813107495,0.033728449913215885,-0.0308046853203279,-0.020126990274096077,-0.026054032293876678,-0.027909334424864145,-0.03991506829774416,-0.027573331060923217
Zone_DH747,-0.015155946653550509,-0.10309896086320922,-0.09129278373073785,0.017039388222978236,-0.15087601188640576,-0.06519032005522163,0.11537650571563307,0.08049134983993678,-0.012470014106558756,-0.16283690066503176,0.16696474463427757,-0.010148171612613674,-0.010148171612613674,-0.05815618187871863,-0.037678149654140514,0.01742487798229822,0.11107105127635974,-0.01962796904592176,-0.008587436990064083,-0.10146414214529784,-0.012219853931232276,-0.03655527666234014,-0.10278452436906227
Zone_DH748,-0.015010636809134795,-0.07520659849475032,-0.05562326516361239,0.11988352420214798,-0.16728549882676896,-0.10108120465893561,0.12217700461980197,0.08825143494824095,-0.01845815820068492,-0.4633082247257893,0.10530697703591141,-0.011088226133434617,-0.011088226133434617,-0.11810003360733587,-0.02036345721423507,-0.01728875553366352,0.06424888679872731,-0.021994586523051182,-0.01059378169452484,-0.06192445850733447,-0.013095414881971103,-0.01748185704950285,-0.06316913129613844
Zone_DH749,-0.03440365194272397,-0.08610008590919126,-0.05927478235038383,0.19262902872009158,-0.05927461626592467,0.03807771128618426,0.0821133461466177,0.049292110582544235,-0.009400961768621333,-0.574336523422905,-0.010820035719387333,-0.0261214023533532,-0.0261214023533532,-0.1552102746583462,-0.01948988818335,-0.04998974139864236,0.002128401228909338,-0.03684117388691513,-0.026842575736635475,-0.06180579807576346,-0.029682276616228204,-0.01655175763378701,-0.06322139323990118
Zone_DH750,-0.05427902012139438,-0.06756770161457239,-0.016616728049574703,0.08219531414069825,-0.033182651661667784,0.020587385953858145,0.03209395323219977,0.013507748000293751,-0.01759508067951085,-0.19780320586591804,0.0832973922055665,-0.04004365168454812,-0.04004365168454812,0.13632744209170267,-0.05366237009141504,-0.03828616485574629,0.09208261738498225,-0.04576090383088777,-0.03869298697167161,-0.042639991325252785,-0.04475694485373636,-0.045256248991953796,-0.04431137826467749
Zone_DH751,-0.015531546264303312,-0.05567307862983595,-0.05200341773119013,-0.014441145484372031,0.04464993321360777,0.12667331571828333,0.06078166500855431,0.0427071168501274,0.010057920091311928,-0.1443338037753924,-0.030191266707406628,-0.0094971298350166,-0.0094971298350166,0.1741275785499442,-0.009860704406828694,-0.020712142576394338,0.06338660888707193,-0.01764806958004654,-0.007884286507103627,-0.054298256429431646,-0.011332633437784824,-0.013264432742358404,-0.05575703379453356
Zone_DH752,0.006022132628222765,-0.045540823543966505,-0.03536637678204295,-0.05092630994428804,0.04045361408693615,0.14600244434519727,0.08265973481009403,0.060312762233281636,0.017776845357989984,-0.4010968864436852,0.09086228096425722,0.006086408930737487,0.006086408930737487,-0.03686390415370866,-0.01062547333554515,0.010059545143059692,0.1406647909707729,-0.001588411897972812,0.006816098838099355,-0.037650982924109816,0.005901489526897095,-0.003534146904195172,-0.03929561410782713
Zone_DH753,0.017403917973886646,-0.06633379559433362,-0.06107653138027018,-0.020141316467541692,-0.20561967113116558,-0.17035353524443303,-0.0090589063398957,-0.058306206375278724,-0.0039386703882892254,-0.7880308595903065,0.01711602108802468,0.014940152221744059,0.014940152221744059,-0.058041621576906455,0.009017966721169925,0.021669061499380582,0.05020201005062397,0.011256944335748004,0.014650603192064042,-0.06741450444880166,0.015798954049230755,0.0016327870715241374,-0.06883782437410209
Zone_DH754,0.013272727458526937,-0.06890155049084003,-0.04371439912951221,0.08943260323501367,0.11438630120097781,0.02700204561543612,0.02917215829598896,0.06434388470092023,0.009088736285099888,-0.669387402455574,0.07807154135717465,0.010406918174614825,0.010406918174614825,-0.1262120150934711,-0.006331117067951544,-0.0004369969231591206,0.06468058822932143,0.0016335608689014847,0.009697505890095045,-0.04780023867771724,0.01090583190831639,-0.006010569573423295,-0.046561802108172276
Zone_DH755,-0.005585334910554306,-0.03913799057099358,-0.017179918176357736,0.1555683930985451,0.0776650373030448,-0.2244642000250557,0.07386943134112789,0.09032402439441967,-0.0266704926294971,-0.3287561311338954,0.05896365884632698,-0.00436893687500595,-0.00436893687500595,-0.13988704744340444,-0.017383709342758555,-0.01667382528373179,0.0043377297530293735,-0.015579701892913078,-0.004538256385864758,-0.019436512408466722,-0.005792750067078816,-0.010582070477565583,-0.014242278361291022
Zone_DH756,-0.045198011654043746,0.040382486911785365,0.04533600572552807,0.0056837071917544835,0.121885814898477,-0.15046055633078168,0.06494237254317492,0.11997076936442419,-0.044088257444423906,-0.0715360321858931,0.1331150652014743,-0.03417206796354237,-0.03417206796354237,-0.014449157751491915,-0.06218177447775494,-0.028370901483726396,0.03712707361422962,-0.04347522522181542,-0.030344742089415275,0.05078606204770211,-0.038843974137603196,-0.044835652670927664,0.05987684385721101
Zone_DH757,-0.06640509042077736,-0.21945077479253114,-0.17569700404686284,-0.040601987486401314,0.13790708352045336,0.21044543791003772,-0.5286286911825366,-0.6297708783020937,0.11196497009436296,-0.02425001735386112,-0.04752311373203777,0.1195535095647019,0.1195535095647019,-0.3223191304411664,0.047269883711383354,0.22447513709612654,-0.6137428545193648,0.10931455071348845,0.05122767676246856,-0.2004609519182522,0.14208433423189254,0.12388118638907114,-0.20237149228884566
Zone_DH758,-0.05742251675847376,0.10442170959024946,0.07736445934018046,-0.06319821541668602,-0.002989984603272877,0.030970033996828794,0.034819244076092826,-0.0003074728285136219,-0.00019081188800879056,0.06904361498780853,0.0916370353060928,-0.052215346622839914,-0.052215346622839914,0.1045379740807052,-0.06283179199892042,0.04714015259708104,0.10902137481225782,-0.03164352154303901,-0.04520705788616071,0.13974530408152475,-0.05525742305949061,-0.06358165540204586,0.159168386712499
Zone_DH759,-0.0720116378718888,0.0329916691401935,-0.053229635104284634,-0.06875655203158326,-0.04062404175336894,-0.021979933439291846,0.1915708806054549,0.17359263099034472,-0.041100157518345545,0.09249825462383587,0.24425537089589777,-0.0739391855853131,-0.0739391855853131,0.12459389735995496,-0.11381213743378985,0.05257731084986511,0.1668636700166567,-0.06248713299025327,-0.06273585606902166,-0.059342269285403454,-0.08146958720825574,-0.10756267185695614,-0.05114682422091896
Zone_DH760,-0.08305013468708429,0.060145755488942076,-0.011410335941949262,-0.1006490939437521,-0.04532232824008392,0.019647630244593373,0.13621573290162925,0.10945803188688108,-0.020480358461829842,0.12720383798524892,0.18278074663706873,-0.0665541234784073,-0.0665541234784073,0.1067664033342664,-0.09354518253305735,0.016423756561344593,0.18229815208122602,-0.06201614747136408,-0.05690938775275815,-0.006156962844043545,-0.07436991786540324,-0.10182005177942172,-0.001868956746652356
Zone_DH761,-0.08467840023929335,-0.025170399658525883,-0.04379174905353064,-0.10654014903776199,-0.036232969263386705,0.026953131658509044,0.11527122899874187,0.08658411850997394,-0.016800503074834897,0.14320113195001727,0.08028734878314997,-0.06799510331192214,-0.06799510331192214,0.11665402735698854,-0.07449440462641682,-0.015679513698438452,0.15151680109878485,-0.059825761626222745,-0.057736356490756195,-0.04088607105101269,-0.0754310945337397,-0.0922645529533122,-0.042884467666621934
Zone_DH762,-0.06124911963925897,-0.23209895829396124,-0.1832815055806365,-0.15778997152243596,0.03158842498480374,0.08146404852780048,-0.2879965402811496,-0.35963898828440066,0.054279956889550784,0.0744423663107886,-0.10868922861414512,0.008596458288971431,0.008596458288971431,-0.07797247932614584,0.04669852838784366,0.09270998756464432,0.10200248171655102,0.05817128157949458,0.021991544556175496,-0.2097496548994836,0.013978543984893788,0.04336080845174228,-0.2117500586761283
Zone_DH763,0.14560221270382995,-0.2614367579738571,-0.20087395959939386,-0.08847973093619255,0.044522339031419916,0.023753918878444746,-0.07644249507972056,-0.11973617402708636,0.03515167928642779,-0.06764398115148595,-0.13466972817123896,0.11424815223675647,0.11424815223675647,0.2131132860942418,0.1734353430565596,0.04980812075048702,0.06724908282028319,0.11782012254794577,0.119331591128994,-0.2312950497238555,0.12819289989417293,0.14265259117864615,-0.23350389407261773
Zone_DH764,0.02216772177330656,-0.24692020890552793,-0.19216908995061036,-0.09079110476247404,0.009016252673646447,-0.004783821214595502,0.09029270872658268,0.06435499602339356,-0.02296158019116165,-0.08998320327329556,-0.018291949108834527,-0.021877918469457414,-0.021877918469457414,0.20412759010520598,0.021501269099999498,0.006201545326639968,0.16122688187612066,0.0077019742953943204,-0.00559093657406054,-0.22063423723699246,-0.02052299242995248,0.004835437682626786,-0.22273994372858785
Zone_DH765,-0.05293359821092833,-0.13129343908488386,-0.07100925678873668,-0.04620414558939079,0.03748570590917817,-0.006478785881868079,0.032560680233954864,0.17695440426874987,-0.02958625738906119,0.09908978718979489,0.002465573506075569,-0.06836200362252332,-0.06836200362252332,0.114627591769423,-0.0631091742840266,-0.10764572871305239,-0.05097057209269684,-0.054427889175895305,-0.058734494216469396,-0.07913301609654244,-0.07416531781027919,-0.04441259998142305,-0.08132859351798319
Zone_DH766,-0.03734932723742079,-0.22447587912169537,-0.17871031512727287,0.06661897368028269,-0.045880424752652554,-0.12582967462667288,0.10874269616627841,0.23301198057837003,-0.1206394708481988,0.11617953590505903,-0.011163681184792884,-0.06877930400752326,-0.06877930400752326,-0.181326511367344,-0.05909861316424961,-0.10629516286925128,-0.051412896994845636,-0.0628872710498656,-0.0637219602586456,-0.20415133967693933,-0.07452838744148822,-0.03377694790875335,-0.2060975826439357
Zone_DH767,0.002002114141153699,-0.23526936608483684,-0.18518264519881686,0.0609667189928349,-0.03908843426478585,-0.0661494757106493,0.23866662770086122,0.22834148538050036,-0.0887767117474036,0.057916094202721924,0.11994280624145132,-0.05498252382344426,-0.05498252382344426,0.0695685952585926,-0.05955969385448798,-0.009428329308803773,0.005397777066916798,-0.04683682714427906,-0.05270877660370035,-0.2120779715542424,-0.05809266695565546,-0.03832557561800415,-0.21410090059252862
Zone_DH768,0.30341605081179446,-0.276648517531377,-0.20999571322372743,-0.16478965719066085,0.08172884354986285,0.05365835681110892,-0.18053845027823928,-0.23385310480847205,0.1402666128967709,-0.2041265192117574,-0.13518655577098704,0.3308257013681993,0.3308257013681993,0.040597000672386474,0.29766838833527326,0.23863503635113759,0.10612195213033765,0.27539793736638407,0.35842547150092435,-0.24246641803423258,0.34178846401383844,0.26175876301597956,-0.24478333960417972
Zone_DH770,-0.05065665991867796,-0.08979378360944687,-0.08418498867670159,0.10123208244201254,-0.08574547895963651,-0.10364971163061018,0.19052297166925813,0.1721036392001839,-0.08995720444849606,0.1324601184944727,0.09893209550651322,-0.06456842112771265,-0.06456842112771265,0.0014835800525855314,-0.07722356823502696,-0.015380305262764793,0.11640604370042806,-0.06374320408867115,-0.06312786537978081,-0.09506904926213254,-0.07042786799803463,-0.07573726915954956,-0.0969614492093477
Zone_DH771,-0.042023960638254164,-0.04701007744033914,-0.05889069392665243,0.007379999228579015,-0.15704480321918715,-0.11555221281324686,0.14282170422894958,0.11290014566027062,-0.035572725843630415,0.07684677878355084,-0.010187960910069654,-0.03139777517844273,-0.03139777517844273,-0.02195441733761927,-0.02967142298988386,-0.04651427842373734,0.0793074007636595,-0.04074157385581406,-0.027901632423691012,-0.06638657478675672,-0.035720755423264305,-0.04962482675697823,-0.06780295142387212
Zone_DH772,0.008284089634613166,-0.002686186130227558,-0.008091052529178883,0.005523799392156081,-0.23516818933242686,-0.20104516273549064,0.10589285020755146,0.06853147626900158,-0.012364941005491598,0.03964742570262303,-0.08172456787981666,0.007159645835998851,0.007159645835998851,-0.06498375116074528,0.019764544661417333,-0.015110206973608237,-0.07164158631800777,-0.0009591130811693396,0.007475667638644611,-0.007817101628040807,0.006959813800384827,0.0018373356463348076,-0.009158502682584807
Zone_DH773,0.033822235499490275,-0.005158306597176754,-0.011798914725656626,0.00014291144508238318,-0.22121350557767022,-0.1444254196446575,0.09555767306660823,0.05563286910867782,0.007199812541230829,0.049555327743784905,-0.05902233772713908,0.02547871558181543,0.02547871558181543,-0.08218453478618948,0.03116711603815213,0.011425495486918798,0.03401493322009719,0.019846229049756497,0.02425319287917298,-0.01173240732015049,0.02774887008481761,0.017080097122125854,-0.013230430372863478
Zone_DH774,0.022339194102394877,-0.019566145790569436,-0.03334397206347081,-0.018425129454617606,-0.01435392240966954,-0.25114476832705146,0.06868589762033495,0.07047721775695315,-0.006876378381911448,0.03819409744509572,0.019725282821379198,0.017303488341487677,0.017303488341487677,-0.057840376341151634,0.004922317843726643,0.013434012275502866,0.020304881947702302,0.010377197405848741,0.0169526588601558,-0.03696948156498779,0.01857232159620606,-0.0012368386522857017,-0.03834382163988036
Zone_DH775,0.02385666555980286,-0.03438526756834048,-0.03311557788652439,0.014099483712491145,-0.054501200275721,-0.17497045088268448,0.07832565070574837,0.06602126845508682,-0.0007101494082345887,0.01970731356527633,0.04568005229611244,0.01827924091821282,0.01827924091821282,-0.08247570202312449,0.0031295481504050246,0.016006974030187922,0.08725787015919428,0.011283713380936922,0.017595293739026872,-0.03668976830198013,0.019458946092225232,0.0014300512584115022,-0.03780140229545505
Zone_DH776,0.01648734988942578,-0.00579729113052227,-0.010619311929822114,0.018286542730553745,-0.027526236467631193,-0.05366456969535918,-0.06530953114118054,0.061496586446390444,0.004555369337319905,-0.021669453582189635,-0.052459517758028984,0.013094374747062197,0.013094374747062197,-0.08383179339105618,0.01175898073452046,-0.024053090896458514,-0.046050878503136605,0.00554119188592813,0.012760019345841114,-0.010401769119205428,0.013893038730468047,0.005273359098192855,-0.009204803078641577
Zone_DH777,-0.015219222767182974,0.05299762871727465,0.04623904714941682,0.038144669296334865,-0.09131036969656414,-0.06459385269559537,0.11574168308595112,0.08975923904114935,-0.012756642643568641,-0.03739740724983376,-0.08094895220214796,-0.010507171599069673,-0.010507171599069673,-0.07052295698270561,0.008711717780375813,-0.04640776891638549,-0.07743829634176691,-0.020514148121571096,-0.009122003368833679,0.052813036192763424,-0.012564743346480646,-0.009902717031989833,0.05481049828445139
Zone_DH778,-0.04998629754259038,0.06472248424468083,0.06729287795432537,-0.04038535301913404,-0.011308879793009596,0.08357203437644817,0.12172365226885007,0.09919353061032321,-0.002510118010884417,-0.06596028600892956,-0.01151016048416853,-0.036501765574868006,-0.036501765574868006,0.004263967943414992,-0.023574557219382494,-0.04674686864876029,0.13240811367128213,-0.044301859611194316,-0.03213442995972876,0.07956697222970235,-0.04162399209998585,-0.04566776036815913,0.08359095997457719
Zone_DH779,-0.08077392338492659,-0.110978223264213,-0.11280783533323177,-0.13380171021169063,0.11335181005966055,0.3514977185096648,-0.0189257937949473,-0.06458630279294775,0.08502568463474697,0.022652058542732667,0.14992056646919244,-0.05312260749601951,-0.05312260749601951,0.06181497192986357,-0.0792809675754976,0.02580386776482202,0.18005751053801822,-0.045556243412188696,-0.04649127750789861,-0.1178135235873765,-0.05923949790450762,-0.08437429831793,-0.11938382247372703
Zone_DH780,-0.07826057048108388,-0.15137757906568072,-0.13456044137492879,-0.12684530597901356,0.04963489687259884,0.23218008406606905,-0.09120325143379193,-0.14548616529970992,0.04358244926160362,0.04816104575498015,0.018860812405564698,-0.04918057935955151,-0.04918057935955151,0.07820758413710527,-0.050831876783478586,-0.013107148192533724,0.1696042931067927,-0.03711259983861717,-0.042178430864680296,-0.1448442699408597,-0.054582313401133516,-0.06311288946191931,-0.14634535455668216
Zone_DH781,-0.07911160635296849,-0.1522590308911937,-0.13346688213600663,-0.07652291853638193,-0.034508032705684574,0.05104142337769943,0.12918950593358236,0.10114302637924155,-0.00965976788212157,0.09833970892303467,-0.0036074778522326434,-0.06236418943627053,-0.06236418943627053,0.07282700416360838,-0.04354739404537686,-0.0692515789419873,0.14300914476736415,-0.06062131446256877,-0.054466403519608915,-0.1500166729189947,-0.06961484937200392,-0.06593110937360594,-0.15198312337962802
Zone_DH782,-0.06497114220509143,-0.1880360888695017,-0.15685914218794098,0.01966174245497876,-0.056577283263472486,-0.04361964162213011,-0.4506311767941167,-0.5469169127345515,-0.03698199256500428,-0.07533558006143859,-0.19371016072390304,-0.020523092503116333,-0.020523092503116333,0.06658681098117847,0.045520620249686033,0.0027448864105732163,-0.12382957818833618,0.0184474989576163,-0.01693530350704031,-0.17739031203113334,-0.02114429156909771,0.02856280759490812,-0.17907765587103486
Zone_DH783,-0.050354227219780445,-0.10531595116482023,-0.0909630518494161,0.1577173608775353,-0.11125142003328786,-0.13296732761169108,-0.25018733179330044,-0.192656044429926,-0.05299047993611032,-0.3644746705433359,-0.11541672446157963,-0.02972435758942999,-0.02972435758942999,-0.1375436740217795,-0.012056321787310281,-0.08368497337938782,0.031739501115865876,-0.028748969083255138,-0.033325281815058255,-0.08074886435347828,-0.03245296802650209,-0.0032704525253493544,-0.08231130458324555
Zone_DH784,-0.05120198668394681,-0.0796678646382875,-0.05657751287565496,0.24459940046634343,-0.11140964569124415,-0.07887331073672267,0.07923619988472386,0.0444344066717377,-0.0484038103950727,-0.45960960079998864,0.14724733286049038,-0.043796187630326805,-0.043796187630326805,-0.14823281952365955,-0.0613034617505725,-0.021822104083965815,0.047922313777960746,-0.05273630537688814,-0.04717925364010305,-0.0790886722894667,-0.04843395412637613,-0.04784615648845017,-0.0808576096462142
Zone_DH785,-0.06057482209869022,-0.08983457024876498,-0.07620747024644024,0.14008528377134621,-0.06004587398064459,0.00781369514517849,-0.1495766561015226,-0.21017766185380682,-0.02462745970640219,-0.3143935249880677,-0.10855527162456421,-0.032832370086614854,-0.032832370086614854,0.06292015748614804,0.013277860886471704,-0.06407004482556569,-0.1531228811083617,-0.03005381887982897,-0.04088739902891802,-0.08573617259697922,-0.03505890770174484,0.021687574750161726,-0.08755039763618028
Zone_DH786,-0.03041184627032832,-0.1052246032087574,-0.09412529632132854,0.033600402989350964,-0.15158767501564735,-0.12692573961763526,0.13251463822801213,0.10780122773704448,-0.02987969535979349,-0.19771262000044265,0.03626547525878954,-0.022424487927396042,-0.022424487927396042,0.17173513555506414,-0.029413632806691903,-0.027174782787210708,0.10314795232916796,-0.032761466972339934,-0.019998728535939647,-0.10563777876504699,-0.025867105289648938,-0.02937493836934571,-0.10719305049409297
Zone_DH787,-0.014476515806515017,-0.1148193199131491,-0.09535600994405799,-0.0789839139834484,0.10040688908527307,0.4319008888357428,0.04628536831981467,0.003215267014396117,0.04493049180289621,-0.43119542839076064,0.1897773193983307,-0.007587387830196661,-0.007587387830196661,-0.017587358588859903,-0.034280729805006495,0.02186292209765149,0.1113005063530953,-0.013791814603270225,-0.005635263041354574,-0.12137750821858248,-0.009498287390409674,-0.02134121832771732,-0.1226573778200805
Zone_DH788,-0.009143207817835359,-0.12530416854284465,-0.1047688061837167,-0.07741949839100792,0.1535677803522264,0.3504265106515461,0.03637964641203473,0.05456414200720883,0.03553480966238923,-0.8031523213298611,0.06898235517829307,-0.004449351001243511,-0.004449351001243511,-0.0162911720084033,-0.01924551407319805,-0.006455501308549064,0.012948907642451157,-0.012400594022196267,-0.0026624373023301454,-0.11617728356316703,-0.005915990943544778,-0.022870500216538282,-0.11774570436886489
Zone_DH789,-0.009392829276365592,-0.09840798514896515,-0.08697886622386389,0.012272126739710232,0.15626760987476518,0.31413493911999735,0.07867642899441363,0.058072086344691964,0.03158662823677172,-0.5992972827220161,0.11089596278721148,-0.005301386607925167,-0.005301386607925167,-0.07614284766807855,-0.020708664558627264,-0.00633839576287186,0.028466573285578223,-0.014489072140797747,-0.004361668798851592,-0.09598791574595003,-0.006678490898712395,-0.025134263442347406,-0.0905941789995275
Zone_DH790,-0.03186864123838623,0.03083267590017827,0.04200315081139627,0.05392712417296597,0.10610927143984633,-0.0092946762904281,-0.016355068926526717,-0.024365487869234537,-0.013866381116538755,-0.1740528519560397,0.04382510277134666,-0.021291886167765964,-0.021291886167765964,-0.07400948904824617,-0.030599967272797388,-0.02407448236791694,-0.026392682575807846,-0.027528591891748555,-0.019826989779033816,0.03902301812358569,-0.024551754846840197,-0.029640675410845113,0.04997962753767571
Zone_DH791,-0.0524660409810713,0.124938168908308,0.10585654723047627,-0.05884758655384137,0.14796140618626996,0.04704553812823331,-0.20924184487097586,-0.2264982274622842,-0.009670107468416518,0.016683676704612127,0.1088839159937404,-0.03092624144837484,-0.03092624144837484,0.04220950043125382,-0.05182154341128248,0.02018279548717583,-0.01257646797833245,-0.02236488180237936,-0.02641537907650177,0.14634410061747394,-0.034880267112089997,-0.0339653399888646,0.16437109495268293
Zone_DH792,-0.07552161981552402,-0.10698062355864676,-0.06740917881176756,-0.022473358495957885,0.10740628994198645,0.22439220132701,-0.6456881022555394,-0.7620179163519627,0.07583314657909968,-0.16014910492091217,-0.25474155370056856,0.08950290367162331,0.08950290367162331,-0.04854247973315173,0.16867728944626686,0.08850056560873942,-0.317284236653792,0.12452221982947798,0.05354500149602989,-0.05230299410324338,0.10714468509582631,0.20561910154469437,-0.05423493595977161
Zone_DH793,-0.08361362053531926,0.07456601568335128,0.11828393213974628,-0.17742605821747603,0.009416368295956323,0.0636434308247189,-0.35954644434094896,-0.4406631577506167,0.020635814218787435,0.0213355655260965,-0.10960149881763137,0.00971895333495476,0.00971895333495476,0.11133991246962904,0.04161970929828307,0.09000579748795362,0.09250701238910508,0.05259180628699073,0.010812014029436157,0.22440757384789564,0.015564654268368533,0.04199351634261639,0.22232157532258806
Zone_DH794,-0.07223624622952948,0.3063241208783047,0.17052460836507632,-0.12630646170879134,0.09137447720813174,0.14340109460409634,-0.24666187455639,-0.3145348771945077,0.0836638951509491,0.07818354679175132,-0.011163681184792884,-0.011123170161744467,-0.011123170161744467,0.09924117422217577,-0.006607277506029519,0.0922162778040288,0.10262653091392893,0.023156998798232187,-0.009403824932604499,0.06084866032306058,-0.008030375153812025,0.005411277891277766,0.0779924173560643
Zone_DH795,-0.06961612349652616,0.317320451037991,0.17643111942598788,-0.06519976354642998,0.0017009220432236405,0.05744220105121833,-0.31397882028326213,-0.3902445662047144,0.01177014141722657,0.133804156256342,-0.08321751897964574,-0.011896359340434953,-0.011896359340434953,0.12057728372219895,0.014484662020703531,0.0725700719536217,0.06584002892604701,0.030613568516915157,-0.006794443435291536,0.1797241605007878,-0.009257116612230554,0.015126646200406824,0.17774557375540914
Zone_DH796,-0.04887963985031249,0.16909455939942275,0.026255071118978984,-0.0862147624373753,0.009061352071149997,0.0406562018927481,-0.04927659592514799,-0.09347436266866627,0.014277011479763957,0.17063302311314021,-0.01577009929196732,-0.034566995219779434,-0.034566995219779434,0.12740227427648848,-0.0232258947084103,0.03752194014948623,0.06173029826538068,-0.006583529839886748,-0.027313727268701432,0.09912685288959416,-0.034923655276473564,-0.026192094263005783,0.09710492887331171
Zone_DH797,0.012647337572913087,0.24267979109447205,0.11566169312769745,-0.11858016789727543,0.04823193894815625,0.0721392557084814,-0.5115602869497609,-0.6070893259170697,0.08632687315353377,0.07969162841270927,-0.2045729216164929,0.25304285212492117,0.25304285212492117,-0.06879817408693381,0.22423067171927585,0.29682450629895907,-0.16231389895109233,0.24876845162407024,0.2418489873757368,0.13636576276300752,0.27691105166112095,0.23659928781996103,0.13440505627141214
Zone_DH798,-0.010164301924588781,0.034805505046483276,-0.06577943989678578,-0.2438854866744336,0.11653160034880553,0.1951402383001497,0.03946084704325692,0.008158847658150004,0.29383664134692766,-0.05443556753698775,0.00908084157583433,0.0049899080416441755,0.0049899080416441755,0.2065257603891988,0.0010411433620250987,0.1029495630152103,0.12791435076345037,0.033445101168913416,0.019754966872170543,-0.04497947523974821,0.009489722018346136,0.004989479008302322,-0.04704270794016635
Zone_DH799,-0.002793070149096022,0.10937546459642739,0.0889549985120345,-0.10548780909686589,0.07889754319870941,-0.011655882982124804,-0.24245335954041414,-0.08296309923964007,-0.03233048016751636,0.013496940599254548,0.017529182206548144,-0.0025554036698260396,-0.0025554036698260396,0.16888517711822987,-0.05253904444120544,-0.03420605564348467,0.07926263746379025,0.02690792704063183,0.006612291933957876,0.19843295139332368,0.0017090721449696533,0.009714190787081356,0.1965170811264157
Zone_DH800,-0.05918284366095128,-0.09889895829396123,-0.10722389982006049,-0.14860820504807176,0.11001979753382335,0.04300251006626199,-0.4973850517079562,0.0375495453429423,0.01806351036206888,0.05095002996929021,0.04277069615998347,-0.057893039488391765,-0.057893039488391765,-0.06967553609470473,-0.13781686229029633,-0.16193024040095447,-0.002752060223920383,-0.02547603149674682,-0.039997793975526094,-0.10974965489948371,-0.06191592656082362,-0.0485482288329831,-0.11175005867612842
Zone_DH801,-0.04574417880599105,-0.039978290409750566,0.03461018391263776,-0.0012822326426549235,-0.022597827740527786,-0.122876119849325,-0.035841657715136255,0.23591082926630447,-0.12183546463619799,0.06431649852884858,0.1379746210984849,-0.07345454569104792,-0.07345454569104792,-0.1363463053952773,-0.13479603336966792,-0.08048961711490227,0.08157645792010482,-0.061435750738749906,-0.06298619943339721,0.03274530408152476,-0.08019417766736921,-0.08171919235926778,0.030883386712499128
Zone_DH802,0.022298530298820785,-0.2442669793362973,-0.19057807700120083,-0.04074160293850981,0.0025267076882180273,-0.04846128086356453,0.21721118232199632,0.2383977575098183,-0.08101226350495691,-0.07675083001760585,-0.03612452053763837,-0.05037155121370118,-0.05037155121370118,-0.08992741400166862,-0.014247751100741946,-0.052071895721056916,0.033870647137278054,-0.028887265178778765,-0.036229585388216634,-0.21868573123952512,-0.05265532950848523,-0.0292457753382116,-0.22077258694151108
Zone_DH805,-0.04232421514110013,-0.07399757075118232,-0.07368416673981855,0.08747495600919009,-0.05389885251829821,-0.055351346505957716,0.20797120265529823,0.1922323574093412,-0.06453761750352391,0.11567277849624846,0.09766010258031382,-0.06388661865944663,-0.06388661865944663,0.012113658879540523,-0.06861709844130165,-0.025902698301204063,0.09983058394536137,-0.061993983720457724,-0.06290359990820657,-0.08424378188564563,-0.06906541547907315,-0.06890371531417952,-0.08614673297391275
Zone_DH806,-0.06762121348768227,-0.031198554878101775,-0.05410521788213783,0.016397614127230398,-0.030212713289826526,0.07719564027959025,0.09081654024397745,0.057503574276035696,-0.003184488528996235,0.015881198661081175,0.10010515950448926,-0.05201997210649806,-0.05201997210649806,-0.01958532774163202,-0.0680746235396282,-0.012603884021416517,0.10930846044459808,-0.05480401233808524,-0.04848928322396613,-0.05341904020753371,-0.05793266544363886,-0.07411472667134422,-0.055156010945211165
Zone_DH807,-0.043780385006342994,0.00471600193806479,0.006802451953670879,0.05716423379134017,-0.13187516839293784,-0.07262042764321969,0.12116008828637126,0.08903511322715996,-0.03058293985867709,-0.009305512317879794,-0.01859490878423284,-0.03303649424817227,-0.03303649424817227,-0.05799228282076302,-0.024121625288158796,-0.05216144397532739,-0.019769752037329225,-0.04213363796034621,-0.030478845979159546,0.011443480018780067,-0.037400061979350994,-0.0433074279644088,0.009825947524017109
Zone_DH808,-0.02607553257800318,-0.04557612821254026,-0.03328080030656677,0.06820938681443378,-0.11640400043336645,-0.014781822195771704,0.1182472939082011,0.08449927542203639,-0.012252276980013577,0.022756159696083245,0.0062704010798278476,-0.018917636725469214,-0.018917636725469214,-0.08376124756268921,-0.01711650421350107,-0.04005588914923336,0.02161619270720505,-0.02905850208589894,-0.017418248719864332,-0.03592715475645972,-0.022029715206887367,-0.030614880856151855,-0.03732571432320732
Zone_DH809,-0.018268570461087312,-0.008721345271136133,-0.012157638086848166,0.02904351325744292,-0.02926075644657214,-0.13892398988529808,0.08426519775334929,0.0855511200658835,-0.023450290087000857,0.03625625876618499,0.1258690559968702,-0.012713526356668751,-0.012713526356668751,-0.0598811889237274,-0.03231387616122924,0.0012143061087053347,0.011057759864599892,-0.022400746498879104,-0.011029112536420022,-0.012155605479531484,-0.014912302512805248,-0.031430282564054335,-0.01376751449596178
Zone_DH810,-0.019398260829444958,-0.03207889937925559,-0.03724445146187677,0.030416294861292048,-0.008289189450510354,-0.06090483054274071,0.08713979220444923,0.0863512667596058,-0.014355706621993872,0.028959919767384545,0.09342562869926693,-0.01352585582533332,-0.01352585582533332,-0.06302951455160766,-0.02894985368786139,-0.02086720837303245,0.05043003829216974,-0.023330578808386085,-0.011850127084067918,-0.04056506779526266,-0.015848798396141266,-0.029028111123478445,-0.04225593814821264
Zone_DH811,-0.019081269695789972,-0.0010398084826022946,-0.009888195563945879,0.052607423498933215,0.03132006505376855,-0.2144346569926038,0.09271089328241655,0.09589547269908172,-0.03379410999910086,-0.04173410784734377,-0.03422371973221486,-0.01376340582706834,-0.01376340582706834,-0.06969847129937556,-0.008497773321489835,-0.047503315334191956,-0.06883221148222785,-0.02404182093657431,-0.01217966352721328,-0.01068323787619116,-0.01622336943836254,-0.018349336842289093,-0.012335251463668956
Zone_DH812,-0.03896770089564741,0.05342787560759665,0.05433322138170782,0.06494809829986725,-0.1777238374961175,-0.23179778972502113,0.14977533158140532,0.1290066193872832,-0.05466401670145405,-0.04536201521391636,-0.03416142688978924,-0.030271563194886837,-0.030271563194886837,-0.0534482162532412,-0.011857547959635908,-0.06407710400793672,-0.07671740398216054,-0.04101591433195538,-0.027537845096929484,0.058435053673293824,-0.03470126972483362,-0.030664776867840318,0.06183678862548864
Zone_DH813,-0.06792736363861389,0.028759192247476417,0.030507582119472937,0.002800729575648808,-0.11049746261258861,-0.15506322762200672,0.16927483291846213,0.15940426266692775,-0.07074785354368954,-0.081827814557899,0.0661991027701457,-0.056406034080336835,-0.056406034080336835,0.02650676465831736,-0.04935106442515709,-0.0703741053979201,0.15277150423706698,-0.061916001920543,-0.050394272096441664,0.03163744191368012,-0.06339679432818354,-0.06384071956444456,0.029960854853241486
Zone_DH814,-0.08359124591414521,-0.11780833085980649,-0.12298661080185433,-0.14432330266130616,0.03780733079565066,0.13186622040686208,-0.31120861290906043,-0.3873224737505595,0.05796247563035495,0.015933292584013437,-0.09022832370257447,-0.015693157589418305,-0.015693157589418305,0.12241049124641784,0.01947297069503623,0.05778984895779493,0.03466421118403196,0.02683513719989672,-0.009879761824529862,-0.09584226928540336,-0.013525965957803948,0.018703463566608958,-0.09758182422091886
Zone_DH815,-0.06951895266241487,-0.22210400436176178,-0.17728801699627236,-0.08669710020931198,-0.051681802866667265,-0.05356941013330094,-0.2981660653338488,-0.3723086783772724,-0.0638999835752247,-0.05861116872156913,-0.026665996954441773,-0.022152368319682814,-0.022152368319682814,-0.06510910450023083,-0.013006835391056903,0.12513012561146614,0.12919126966671401,0.03192266525050075,-0.004989744601347212,-0.20240945791571952,-0.02130194090497048,-0.006929234958768904,-0.2043388490759224
Zone_DH816,-0.054377788747302175,-0.22701610844384465,-0.1802335673150514,-0.060585830527932316,-0.05927511066801942,-0.08237435948784047,0.1029516606496933,0.07584049457101216,-0.09137585215853042,0.01858746824150237,-0.04095710289498272,-0.06363404606431938,-0.06363404606431938,-0.10753796059088863,-0.03469630533173845,-0.02768999861205773,0.13598192214523164,-0.04035040568233106,-0.05059199221257832,-0.20601685939168665,-0.0688767694016836,-0.062355383937259756,-0.2079811502988488
Zone_DH817,-0.037321188217390305,-0.23090544060057727,-0.1825658109692298,-0.03293884900057786,-0.010546491066104911,0.0021946634312095953,-0.00875775713577176,-0.048270393539669554,-0.020661207523218567,0.018828124101537447,-0.1150760049106419,-0.03831101727459743,-0.03831101727459743,-0.1417025292169613,0.023564789909548967,-0.04837803367723198,-0.05693997618378821,-0.014354852389937833,-0.03276479401719433,-0.20887314711040583,-0.03926048216480027,0.0007301336287046101,-0.2108650711266883
Zone_DH818,-0.01564082396142044,-0.22350819277550954,-0.17813004060990612,0.20512868858410316,-0.06785513585647344,-0.08927048784038791,-0.30096916033891424,-0.37524984334312694,-0.0913509228115918,-0.2746904280777547,-0.24142662075461951,0.04788761080644868,0.04788761080644868,-0.13787528768301333,0.1575592126786497,-0.0882885410353873,-0.3319791097610379,0.037538068035548044,-0.0010869416579306068,-0.20344068023341555,0.06072025849396881,0.14321877049214443,-0.2053800479371737
Zone_DH819,0.12607061910556366,-0.13142453540357263,-0.1027641734051572,0.3102376587940363,-0.019141672487565084,-0.0501174214436633,-0.07012476164047587,-0.11507445535871397,-0.08196831570224154,-0.2272278839244527,-0.15987203536683584,0.08199207829476224,0.08199207829476224,-0.12057988838395353,0.16348971793449757,-0.10874829968906297,-0.3150164502826341,0.03576759753033665,0.012677054938903587,-0.2180670486066763,0.09964907937301443,0.15059855856074572,-0.22014791887358431
Zone_DH820,-0.03387358465179097,0.11280550504648323,-0.08738160011280736,-0.3058014694484647,0.17535512976057022,0.31052485368476507,-0.3134730627776202,-0.3855842614928975,0.47641013942958654,-0.17358038919577579,-0.12202156642757805,0.1558011629812553,0.1558011629812553,0.1490475944503341,0.1441749898979079,0.1812519123437365,0.0747639835427315,0.15366349632213727,0.13913693864214274,0.008020524760251696,0.17537335049684272,0.15706324508039654,0.005867292059833551
Zone_DH821,-0.0844530335897603,-0.15981528990733326,-0.11777810609263387,-0.12269211018371373,-0.0679605354773839,-0.02124953973665028,0.16176798816053195,0.1378006997495732,-0.036122153877849214,-0.07839842263201835,0.07573536074059584,-0.0679613737352335,-0.0679613737352335,0.13400167792748757,-0.07370629100133158,-0.025446902777167713,-0.0011025579646967154,-0.06403249384979864,-0.057136683270665324,-0.13274708662980883,-0.07618405586763412,-0.07036563358290163,-0.13470027794976844
Zone_DH822,-0.05924149663286601,-0.17872476307213975,-0.15127559220358366,-0.08981101897270871,-0.09895973600734448,-0.02346301807363166,0.14684768572109397,0.11841380028103865,-0.025695509357100285,-0.43185303470620184,0.3262215719449753,-0.043871268570168084,-0.043871268570168084,0.06164190831950861,-0.08389780286461024,0.01905890403161753,-0.0005391429939091141,-0.0498319536986251,-0.03758982714625417,-0.1705521649024651,-0.04970390351894231,-0.06864104383360355,-0.17217335319908966
Zone_DH823,-0.04023590004822696,-0.16835684787110852,-0.1450584568548306,-0.07276740585680375,0.01293624003067853,-0.005383518616061983,-0.008579772762418836,0.10116561938484314,-0.014799378479965104,-0.7137813264022432,0.20234900506079295,-0.028524689389476315,-0.028524689389476315,0.025475294712711538,-0.06126803714879896,-0.01216010629042208,0.045882360458523674,-0.036779487359414026,-0.024215407286244835,-0.1629380687892893,-0.03279707515448958,-0.05670238838619861,-0.16448559463679538
Zone_DH824,-0.04777376260755233,-0.1544378943394653,-0.13337375886074418,-0.02216479006478178,-0.09179388577507312,0.004998365592357584,0.12951269932073328,0.09840041308045322,-0.01667916951013583,-0.6086083581035538,0.27355735161747,-0.03512752782219829,-0.03512752782219829,-0.005316890314604139,-0.07118318372721812,0.005332403306142319,-0.027836931344310423,-0.04324454234670455,-0.031071267215469604,-0.14981641796639464,-0.040030887962442,-0.0722743819766634,-0.15139646483999167
Zone_DH825,-0.06694227122850326,0.026143986973631544,0.004033611769744927,-0.07407264318689022,0.11162596373133715,-0.08872599115082143,0.06313384275977207,0.13757568513723395,-0.04590214888176116,-0.04807391205957745,0.0807073873246841,-0.05163644757235614,-0.05163644757235614,0.06798800496544971,-0.0772427107971579,-0.04714808508408794,0.05191619547012427,-0.05657800841155859,-0.0445667116062043,0.004091982802535893,-0.05845128760591775,-0.07781937015349426,0.006078653883665491
Zone_DH826,-0.059503411978154216,0.005800889108551116,0.02452749148936592,-0.08647949633074536,0.19582893949760666,-0.09984676111469,0.02832726189039092,0.12941723496531776,-0.042125158606080695,-0.09463047916586054,0.16085133383634564,-0.044573807133550594,-0.044573807133550594,0.06705190338718692,-0.08666699451367868,-0.03156750596273697,0.0012588397128827644,-0.05076520667889385,-0.03810039091361331,0.027246356726603388,-0.05070394426095406,-0.06460459052865837,0.02866321923075324
Zone_DH827,-0.05761185644754944,-0.0878025291253982,-0.05009300054824979,-0.12844678458054581,0.07232007159339782,-0.02763506753963524,0.007048870994528,0.05147448355893913,-0.02497003626603543,-0.43974579091931126,0.18748350803225633,-0.04050689405179466,-0.04050689405179466,0.0880575101487936,-0.08133450437187295,0.004645208479579999,-0.04084620074999579,-0.04344506386532926,-0.0339110789694593,-0.05049361692711832,-0.04620928620032812,-0.036759028554765455,-0.052009727076681736
Zone_DH828,-0.06856300966227925,-0.10056441901488061,-0.06782963601044485,-0.1649625992503443,0.06631607753892765,-0.09362415682246479,-0.005734275945371459,0.11085534419775744,-0.04435536332392381,-0.41827714199216237,0.21340539577826476,-0.0502122904083237,-0.0502122904083237,-0.12280100839972388,-0.09887731637818059,-0.02302844417385838,-0.04356028179709881,-0.05237083194032796,-0.04135577396925538,-0.07507821478197042,-0.05698807617283094,-0.04455900705983268,-0.07659884130710615
Zone_DH829,-0.09162763756196375,-0.10013146882518228,-0.09678591187379507,-0.20746878786876322,0.06811098653244205,0.05472240477685955,-0.10374262964863057,0.1097172394532987,-0.0076304513909069005,-0.25211373233266043,0.04032778322920905,-0.06953682912316962,-0.06953682912316962,0.20630044754867638,-0.0957290921664317,-0.08633555570410092,-0.23106477800377995,-0.06141050379417917,-0.05593545637267815,-0.10739177313141995,-0.07794901453736533,-0.03418516399964239,-0.10914152697671303
Zone_DH830,-0.01716612702532072,0.25563267613913965,0.17743430992271547,0.005613939304317861,0.016550424780187645,0.00821394723384715,0.14910800124340207,0.1282548204456624,-0.013347420193705772,0.12668825934465677,0.057007246334643935,-0.04643952417345498,-0.04643952417345498,0.06434123803695246,-0.043270211257030455,-0.00537378737127836,0.025947688133340585,-0.03593518855060934,-0.04583335810141176,0.2298782355948848,-0.048195075214852945,-0.04768924683093678,0.2280395573671244
Zone_DH831,0.017017381244989138,0.22735998163486645,0.08321383368441937,0.02005602971810827,-0.026930695652946965,-0.05637778808707609,0.13808742951299813,0.11679105606859075,-0.0850324251174855,0.08262733743407269,-0.005187684534289583,-0.035452288310059615,-0.035452288310059615,0.10506899340993886,-0.016080299061452363,-0.009147024478688648,-0.02091848230278537,-0.020192592974429824,-0.03222502006273403,0.12177162974230454,-0.03533034949854538,-0.030379826922141973,0.11951338498108041
Zone_DH832,0.13681912076319797,0.07441647159537351,-0.06516953530885022,-0.04934542642541051,0.01842495090873665,-0.019923540770524252,-0.23006756688270125,-0.29147621298167603,-0.054215578377601825,-0.08560341422726736,-0.07545394565068458,0.16691311975796527,0.16691311975796527,0.21147094574282582,0.1088915570899549,0.26080614087233034,-0.0036711256332867537,0.1638235351703971,0.16604875377772127,0.031153456273611824,0.1846041117856438,0.1409725028877532,0.02887846271445893
Zone_DH833,0.06545441523160711,0.002298884800481571,-0.08189416292329887,-0.08849219371033534,0.0432528188202481,0.006973900853875087,0.14019807016051133,0.12082327534994841,-0.0029858284202977647,-0.048694766975019954,0.024680481856235004,-0.0035972361201772884,-0.0035972361201772884,0.1893253845603533,-0.004021385445009906,0.07043329288506006,0.12972354090584015,0.017774411720318628,0.008428056097719738,-0.08152655666508854,0.0002490150840968042,-0.0014522098480524437,-0.08349475657961619
Zone_DH834,0.016421929961259796,0.11238622470505155,0.16481009783959694,-0.09128929041174388,0.08523057557103504,-0.045027296048790834,-0.18442240129538823,-0.13888235848767772,-0.07877603559368318,0.009884471204226863,-0.02448661424118509,0.022783246870526547,0.022783246870526547,0.16590275523170206,-0.0018117827346460502,0.02069814055143121,0.11485807864413788,0.04951786122696156,0.028651929296414247,0.3455314387930814,0.030014942464683503,0.048557707262981975,0.3434071723734218
Zone_DH835,-0.026840756448099246,0.1841330206637027,0.30942192299879917,-0.1955044750167309,0.1593894527862572,0.10538487298258936,-0.7239870882153725,-0.4834875787636108,0.12201287496969157,0.04461430391736043,-0.15578794292702927,0.0946792067701851,0.0946792067701851,0.025902280321475568,0.03578409912760805,-0.10644596721466665,0.026912780882929255,0.16039458065932694,0.13369207808963615,-0.21868573123952512,0.10708446087821516,0.1553630118858984,-0.22077258694151108
Zone_DH836,-0.01610772729001697,0.10331374032227097,0.1871761772068289,-0.08451061888567368,0.030049212322212193,0.019063492479802643,-0.2464497065354878,-0.312309380278788,0.002915323721453922,0.05564684803029807,-0.12231131017915658,0.036204649384322024,0.036204649384322024,-0.10162028815479851,0.079022232293955,0.07309809745793927,0.09812400006628419,0.07169312108876075,0.04079969476222231,-0.03667481720669555,0.04520997044634506,0.07172240152919263,-0.03865770662792295
Zone_DH837,0.10728018349308927,-0.029432312987610842,-0.0628014089462571,0.038675978683429646,-0.018184898264960614,-0.07205030903067342,0.28819857553779626,0.2857952384314355,-0.13224401034242644,0.049276742957788944,-0.04979969780403837,-0.026948680764585592,-0.026948680764585592,-0.11122703017759178,0.007833738028473036,-0.03309657675141209,0.14811030590469598,-0.014869874059918464,-0.020093223895049334,-0.07724163871295961,-0.0258137587654802,-0.011923595895242556,-0.07932224495151427
Zone_DH840,0.12858701360449448,-0.24785018886041485,-0.1927267537758878,0.19476985353715404,-0.008316948712749558,-0.04141713410272955,0.18431690044215088,0.16937427629723767,-0.07626131712233056,0.10151631710816178,-0.0747820672813033,0.010670577592201053,0.010670577592201053,-0.018604615632357824,0.05263638096093143,-0.07446060687555456,-0.13715045619004645,-0.0074173927503948245,-0.01774244076170728,-0.2213172054733773,0.01778921170616199,0.047121269035978186,-0.22342951933007743
Zone_DH841,-0.01938787251621857,-0.12478660420229205,-0.11132808753442124,0.08034117210447955,-0.05396628627209259,-0.07810743326893935,-0.03783886661346403,-0.0809418432525355,-0.09111561481646423,0.1064215626611471,0.11832520678037212,-0.027643967222181598,-0.027643967222181598,0.03993002327246892,-0.06320349709933173,0.09367821960214323,0.02989953352465835,-0.012148114644111141,-0.032123091704989115,-0.10561085037228564,-0.026585648046434013,-0.032657241177249385,-0.10755056231928749
Zone_DH842,-0.04796285247451729,0.0969761861786326,0.15390048719681315,0.12997057000973888,-0.048413064918750824,-0.02824030008270463,0.08502087287072602,0.054300479793614076,-0.04416426693358948,-0.11544483371538983,0.2527145869810711,-0.052358141596719435,-0.052358141596719435,-0.04408036495095641,-0.09946068953516946,0.05196072113649225,-0.031114125436041973,-0.05087128166099786,-0.05680944112444791,0.15399640906357748,-0.05598642121172746,-0.0737802433943503,0.1520194796337458
Zone_DH843,-0.05004659514049234,-0.06372318487131295,0.001813490462064804,0.17669740983869708,-0.08098573794534594,-0.0771222194897613,0.18704509847031314,0.16741930262251037,-0.06760373938483753,-0.04951460740685698,0.20071910618694194,-0.06023064871291876,-0.06023064871291876,-0.06570204814010766,-0.09068549432959089,-0.008771110374915903,-0.023346852493533077,-0.0656821523844277,-0.06267239354635251,0.00288913942483493,-0.0656929287841112,-0.07683318802776137,0.0010848701516267267
Zone_DH844,-0.06841546549342657,-0.087758298724249,-0.04516798091149152,0.047933162583193356,0.12015160792487917,-0.027652381584990504,-0.11611555590552347,-0.1726456206753818,-0.03693653123280889,-0.009999416994256105,0.08236351193114189,-0.04027217890359026,-0.04027217890359026,-0.07380041507221036,-0.05303395981000847,0.011526190376660972,0.017604515747945082,-0.03373243612766455,-0.04330792400382,-0.009855183973689202,-0.043665538907102286,-0.04188067766781725,-0.011490234870270288
Zone_DH845,-0.0654263432938601,-0.011390524320495171,0.006535742971584435,0.049730853629157634,0.06829604123571278,0.03911148999943306,-0.354457943624389,-0.43178975414203574,-0.014578602125970647,-0.1182284770238905,-0.0405637820027219,-0.023323273176034456,-0.023323273176034456,-0.0404271979799769,-0.0016177642163026362,0.01635967103892705,-0.1741644729653965,-0.0003319574153446414,-0.026524842917549037,-0.052560020699448984,-0.02404632719585048,0.014401863114355845,-0.05428335535060447
Zone_DH846,-0.07167293465281664,-0.07033031678999391,-0.08151214137587406,0.02269364107926719,0.09701044734437739,0.17757508542701994,0.05234538231431052,0.047035954976188954,0.04491194446275948,-0.1321383886048535,0.06788869321657082,-0.056737564527591405,-0.056737564527591405,-0.02977602569023069,-0.05891855180992159,-0.048739079964519344,-0.058715957859531875,-0.056267715271659635,-0.0555385089279094,-0.08418161013939819,-0.062216781744052985,-0.05259755778883035,-0.08580835421749043
Zone_DH847,-0.06542980904065532,-0.015208537300072517,-0.04459110103072436,0.024865233508331808,-0.09304710503901363,-0.10951833666605312,0.20127972776099678,0.1837086528892995,-0.08866264532905827,-0.20593834630752728,0.19169506429983346,-0.07037874114825796,-0.07037874114825796,0.0554217486350837,-0.08894308466359022,-0.006230697514984618,0.05399047085620767,-0.0664505611040083,-0.06378145718426131,-0.051376713399005625,-0.07757337228648628,-0.08655125266107727,-0.05318290362853814
Zone_DH848,-0.04254149646199326,0.06728902312369164,-0.0283829768562453,-0.08339182177603499,-0.00613032255205611,0.0057441244444873946,-0.08342828901333321,-0.13133573890582695,-0.016391335929250378,-0.197775969472344,0.04738428261367328,-0.026963070738558748,-0.026963070738558748,-0.11482071607828412,-0.04432927184778268,0.11379945540427605,-0.0032607876342725106,0.00541561024084547,-0.01821340591242626,0.02780088460448757,-0.02611617860879764,-0.038198507652210334,0.025891132529577726
Zone_DH849,-0.025935996432424502,-0.2380247418438387,-0.18683491025868965,-0.09702081351388597,0.006866636775809877,0.016190329175729254,-0.4258266618598563,-0.5126210574950402,-0.00170805106301819,-0.13607130336319317,-0.18482367159956678,0.10797151010025746,0.10797151010025746,0.151132242367158,0.1390589358940172,0.14188561122178756,-0.20117917398888918,0.1399237633073217,0.10212758513059611,-0.2141014927202786,0.12450662425502956,0.14584034474138552,-0.2161439982812036
Zone_DH850,-0.03729679450810608,-0.23662055343009095,-0.18599288664505587,-0.11910851287310376,0.0034321266283611554,0.013429868421277677,-0.49652572868307987,-0.5916809950650179,-0.005999762018385202,-0.1068922015775563,-0.13714979020894366,0.11216188463974613,0.11216188463974613,-0.032105941262286664,0.1367009615872799,0.23421045586907618,0.07483465344814011,0.17090017303620264,0.13208637563145958,-0.21307027040258253,0.12777535365984888,0.1460544024533954,-0.21510279941995225
Zone_DH851,0.09466531112401372,-0.26741766426784763,-0.2044604187106962,-0.28820676717692223,0.11797459145253136,0.15089625633153073,-0.36057048756796634,-0.4359250060566505,0.36041077149188905,-0.18822347208426582,-0.10061582836286417,0.3498055099907613,0.3498055099907613,0.03488313295113599,0.24656202289576112,0.41763519250739645,-0.10109229448552093,0.30751920480347644,0.3756041727205486,-0.23568736915195157,0.36327643613970045,0.25977220951921665,-0.23793870692364605
Zone_DH856,-0.0334636695821198,-0.23090544060057727,-0.1825658109692298,-0.015171182902693148,-0.04976217734061471,-0.07472841349186729,0.2342317425553957,0.22281560425525881,-0.09053764552918366,-0.02088681645139201,-0.06540366399009451,-0.06823008740879842,-0.06823008740879842,0.1259830603026894,-0.01835658861152084,-0.08294151125852578,0.12222507986568998,-0.05398108261180534,-0.057830074452317026,-0.20887314711040583,-0.07359369503072007,-0.04022588682487849,-0.2108650711266883
Zone_DH857,-0.07322389223423692,-0.2190270749927349,-0.17544293184898155,-0.08032022462490107,-0.00038414750246029694,0.01730480419821806,-0.08434512616554657,-0.11804704677372613,-0.015586095152364698,-0.11594444155009742,-0.12998468722222725,-0.05111412086801402,-0.05111412086801402,0.12266969248343196,0.010630206259643615,-0.06875844365636091,0.02713446464169833,-0.024475607031303415,-0.04199365729340551,-0.20014979090504664,-0.05461638504538159,0.0033910273213291764,-0.2020573209534742
Zone_DH858,-0.07410566550432676,-0.21738070607112225,-0.17445568434346292,-0.0721416940920625,-0.06323453735002013,-0.06285483040541293,-0.1975590472973877,-0.2606944393522066,-0.06634731768761461,-0.5933336942655667,0.02641553552829179,-0.038179312949606595,-0.038179312949606595,0.13213094489664107,-0.03667667013042872,0.07758171712039791,-0.11295443564879204,-0.0024333100348730707,-0.029206875850188732,-0.19894071357717097,-0.03958042811098783,-0.027519723671705465,-0.2008365464266374
Zone_DH859,-0.0701992935670658,-0.22547044905482405,-0.17930671042644025,-0.1254900988490174,0.054591413574739595,0.14535629608637574,-0.17180480125288677,-0.23089042160660989,0.08863017956219915,-0.45634553505666536,-0.05049862364133034,-0.026672494977534544,-0.026672494977534544,-0.13120214223496948,-0.0015533540485221375,0.03276680701943402,-0.09683747652884933,0.00789230183048334,-0.01997884200240488,-0.20488174216531652,-0.025885873618791466,-0.00047143512844360913,-0.2068350513993177
Zone_DH860,-0.07952943885523692,0.10612994486603711,0.022489293365487384,-0.09081719936541954,0.06739037246817309,-0.029722096438902737,-0.02897889443162016,0.17109309747049106,-0.04484029312660581,0.01689998844078433,0.165913967268966,-0.07543037928448995,-0.07543037928448995,0.13913210020919725,-0.13197716466857135,-0.06764914219980084,0.11208761476062701,-0.06465378731970856,-0.06319822521048153,0.027049962114577303,-0.08350537123431079,-0.0936250860492536,0.03414838802474249
Zone_DH861,-0.0695583427860082,-0.00900760927760122,0.02116679867500354,-0.013710404446334756,0.04775162463897467,-0.19241050438602536,0.012189029014124109,0.16766436878875868,-0.08275925318940368,-0.25310302405981,0.1268873614240366,-0.05789649383752109,-0.05789649383752109,0.04568949066194766,-0.09955327270816629,-0.0775098890501324,-0.043822331383368995,-0.06267490750842888,-0.051112163571189896,0.020221188384850375,-0.06507762122270495,-0.06578071849147873,0.022915574286411222
Zone_DH862,-0.058513942196795135,-0.08725231493279773,-0.04868246552964958,-0.1241471876392346,0.0739093853402798,-0.06481920746792524,0.027737250696163396,0.08125633662984777,-0.033070376717610026,-0.4694050154543027,0.19322443998705985,-0.041987400208493515,-0.041987400208493515,0.09058854638089042,-0.08398975961053762,-0.0009346469541572922,-0.02329256550870462,-0.04594281135654499,-0.03521058566996248,-0.05147081330600317,-0.047721885189670424,-0.039519529235347794,-0.05294654008417973
Zone_DH863,-0.0713020831718783,-0.0983445467992087,-0.0650568715968369,-0.17610373987283068,0.05008389455784765,-0.12937253475122426,0.00019472021997257727,0.12399234165956896,-0.05451060712782822,-0.4198506197092594,0.22628409487865336,-0.0526798200314777,-0.0526798200314777,-0.10802749987991236,-0.10167524374745324,-0.013464745779480009,-0.07997025461371843,-0.05436525564944664,-0.0431119591844058,-0.07309176720736965,-0.05983939398229107,-0.045937900052540226,-0.07455719932897474
Zone_DH864,-0.09007755194826494,-0.0961999039000785,-0.09244520363164052,-0.1678105876551148,0.017281735752451233,-0.1311599484065459,-0.08241878728349905,0.17983282899063335,-0.08182426832486869,-0.2533638033233735,0.06393419494943303,-0.07444232002375964,-0.07444232002375964,0.20979739720542157,-0.10610100994587718,-0.11957798785784493,-0.26095512029223855,-0.06767853749753655,-0.060122805101301996,-0.10629208007041377,-0.08338900302306948,-0.04165560245989289,-0.10810005564618336
Zone_DH865,0.22154667007719114,0.28416324202614285,0.37608373617018315,0.0573722232362297,0.0641301821686748,0.023753918878444746,0.11367486131311444,0.09236415673366338,0.03515167928642779,0.06084763896024592,-0.058629556004811345,0.09891993332583357,0.09891993332583357,0.045154770810398925,0.08983443181612805,0.03552340705301338,-0.17009146607805453,0.06066630788841726,0.05855761185026759,0.5262049502761444,0.11482101698849895,0.08585698587634782,0.5240711059273823
Zone_DH866,0.45897912864622437,0.24495148246862297,0.23104839118671358,0.026402347359595124,0.062121000412607943,0.015196818349570422,0.2555331988879128,0.2526408312444498,0.01478727757508358,-0.14980049142204244,0.14694923855992936,0.1552629694359648,0.1552629694359648,-0.0985405539127665,0.010273521080547021,0.29495182890760363,-0.10705933894040054,0.10524769352461949,0.13280184780502885,0.27853358196576744,0.17120660640632135,0.059931619678050274,0.2760516603958202
Zone_DH868,0.30341605081179446,0.35495148246862307,0.010526338981493077,-0.16478965719066085,0.12094452982437265,0.05365835681110892,-0.03514005620782534,0.009393863217988851,0.1402666128967709,-0.06994087245627834,-0.04115421640148831,0.2112096141120196,0.2112096141120196,0.2661974373536091,0.12671363725290524,0.12556277228852808,-0.013707966694555929,0.17387321372902154,0.21957970179345293,0.07803358196576743,0.22577834475109904,0.1605240208751566,0.07573166039582016
Zone_DH869,0.25156169153365115,-0.276648517531377,-0.20999571322372743,-0.22852032537407946,0.12094452982437265,0.09211989527264731,-0.10777748672048759,-0.15267890414695062,0.26553291029770826,-0.04566068337161988,-0.04115421640148831,0.30346484566052184,0.30346484566052184,-0.011422649982635535,0.22552924062579055,0.25259534880851375,0.02436702364174087,0.23809351608244433,0.30372828848707406,-0.24246641803423258,0.31865872060942946,0.24366465192537512,-0.24478333960417972
Zone_DH870,0.19970733225550785,-0.276648517531377,-0.20999571322372743,-0.2922509935574982,0.14055237296162754,0.09211989527264731,-0.39845074181622575,-0.47696225585588115,0.26553291029770826,-0.21555038398757753,-0.32329001073240465,0.5887960441388358,0.5887960441388358,0.08606643298679689,0.5354524761771233,0.2664266380453968,0.19502802093590405,0.4348460931348873,0.6162801819205241,-0.24246641803423258,0.5763385182241746,0.43925475517037293,-0.24478333960417972
Zone_DH871,0.17150911424453624,0.055514429371397,-0.03354706648798836,-0.007941348018007166,0.021609621275527804,-0.017363886791943846,0.07270909539934078,0.0464825577966016,-0.05060780133308912,0.02726028941750447,0.007335040135373783,0.0626116396271521,0.0626116396271521,-0.09623837825824136,0.04705732762083792,0.10696669907525591,-0.011658222629358783,0.06495747000652641,0.06107218369245743,-0.002802750875515486,0.07315249040985755,0.057831840561079595,-0.005226995245194099
Zone_DH872,0.3398157701043209,0.11811681611993652,0.008762272186675385,0.06231208623276663,0.02400907695402188,-0.03813723040639749,0.3159849656474061,0.3190801750196349,-0.12188042168885291,0.00489819258580293,0.08718225056206935,0.05974660678338395,0.05974660678338395,-0.09230643992024942,0.004859958231549333,0.13210824633246,0.013528988376448892,0.04797106310914295,0.057347531484719466,0.0010894894392018961,0.06955477183968056,0.02621255676477552,-0.0010786815941765393
