zone_id,density,transitivity,avg_clustering_coef,avg_degree,n_scc,n_wcc,gscc_pct,gwcc_pct,wcc_fragmentation,orientation_entropy,path_length_p90_norm,mean_in_degree_centrality,mean_out_degree_centrality,hub_dominance_ratio,mean_closeness_centrality,mean_betweenness_centrality,betweenness_gini,mean_katz_centrality,mean_pagerank,mean_local_clustering,mean_strength_norm,global_efficiency,local_efficiency
Zone_DH004,0.34199200103195865,0.09555297333757529,-0.05316477771136313,-0.044120650580055654,0.12297991221713109,0.06842212843875672,-0.06700196270670167,-0.10822323605634332,0.13241709168066101,-0.2974068813324753,-0.30781237953799556,0.5184639280818713,0.5184639280818713,-0.12230612434778654,0.44437544170644827,0.0836276768649632,-0.2660508139729833,0.29942844838545635,0.48642401104647853,0.055432077849635275,0.5112817923604992,0.3669461685665749,0.05324575154102568
Zone_DH005,0.1308116775035501,0.1468531940439461,0.030456299816385035,-0.0162351445220158,0.06331818384358204,0.026068155179705954,0.2705902384882918,0.22781568530713092,-0.005180084404545537,0.006998173359290427,0.046385087465860675,0.045155945583152945,0.045155945583152945,0.14419188892100177,0.014718536678876126,0.09094880935515937,0.14654850774282485,0.04297175598119429,0.047877598947891675,0.033352198169103064,0.04928646407446596,0.027731114353362507,0.03113401259855575
Zone_DH006,0.08878239743006094,0.042177793122083584,0.17763876761496045,0.04420983944432694,0.04058219382423081,0.009927833074579506,-0.36448216485768464,-0.40784864448330865,-0.03814719711473494,0.050153380809494275,-0.29124965214974863,0.30264485730871704,0.30264485730871704,0.09026260532914329,0.27468562250796613,0.14056757700974154,0.10368372803849513,0.22570707599624185,0.2716347171917988,0.2988302281533426,0.30731992352828363,0.2689558166869328,0.2968277928524366
Zone_DH007,0.002643955702081091,0.08735268053957479,0.05463367255996493,0.1410130250824883,-0.019966903773110084,-0.03305608526651904,0.2623374923482741,0.2173946304307096,-0.08989395200696024,0.05218681421438254,-0.06784133808581366,-0.06678458051576214,-0.06678458051576214,0.009589062642050755,-0.0008178426948307616,-0.10392178674584546,-0.13789358535001217,-0.052788553267091975,-0.08289092490940758,0.04972396222280201,-0.06514858367619356,-0.026821558875432472,0.047171849768709695
Zone_DH008,-0.07500750686044357,-0.017055934552360985,-0.046894137219803456,-0.1570728065697538,0.2800195913810065,-0.03182133602241294,-0.09764525306980087,0.13984831556164679,-0.06148362382907421,0.0963430566082284,0.08449598157737698,-0.11208759402738813,-0.11208759402738813,0.12716703345691044,-0.13584259366877577,-0.16887479716123843,0.14232150798400733,-0.08263522018275304,-0.10439053154896423,-0.10511218344329432,-0.11414345959484569,-0.07822238029300471,-0.1019166342062186
Zone_DH009,-0.06856801378481485,-0.006703913290671604,-0.0021386688102115192,-0.10346959513803977,0.13489066830069674,0.06808292540646432,0.03334202873728598,0.09250189897060102,-0.006248290586792327,0.028296448464009694,0.3251933304507304,-0.0937049468972872,-0.0937049468972872,0.035737723745352445,-0.15163993082021351,-0.007344679689772704,0.19664210235280644,-0.07879818713176479,-0.09180419058519679,0.010354976556246842,-0.09578038713272878,-0.0822514709473797,0.008317852831564665
Zone_DH010,-0.04933166534589264,-0.07611292876526349,-0.059754054411141594,0.01943670483829052,0.021257424898047717,-0.13749326037724027,-0.012936851881514833,0.13627732427281702,-0.06823900202477265,-0.07656413342829826,-0.0914063567426773,-0.06841905912231644,-0.06841905912231644,-0.04969443635558912,-0.06995196008664958,-0.11174565853559133,0.01429094894613181,-0.06989246385664766,-0.06871919399413232,-0.05367744192371418,-0.07030826209855048,-0.05091166778416015,-0.05602087958077276
Zone_DH011,-0.03508000183660938,0.05658783637933806,0.06738010514951764,0.11326491165329367,-0.06833273158055594,-0.12600121350314752,0.11807214085896334,0.11806611097196162,-0.049721092486170564,-0.10933321261493878,0.27128256349602786,-0.04838632956945485,-0.04838632956945485,0.118818704087444,-0.08114953248861521,-0.02213968455542517,-0.033362944445602616,-0.05577767906486991,-0.050001795691439276,0.06223727104311216,-0.05004099294485539,-0.05250039446586187,0.06465997986023908
Zone_DH012,-0.03998101765495877,0.13254876749467787,0.13154971294463064,0.14875129421052413,-0.13259736364469235,-0.1492775511036741,-0.0780837389764375,-0.12851133905156753,-0.06250421857038811,-0.02910107879382917,0.04179230030197428,-0.04664118754053691,-0.04664118754053691,-0.14095640805958615,-0.03670485369358306,-0.039046201771279015,-0.07273199417156351,-0.0421574714360525,-0.0513406040578407,0.05009301479301009,-0.04776401033362477,-0.039527750280922924,0.058775379366442504
Zone_DH013,-0.05632287064078324,0.17014922844167968,0.21439954781445036,0.1450503793406851,-0.09398143184415185,-0.007944383694972634,0.1433319350697687,0.09442017802820868,-0.03878522315301042,0.03272382677534302,0.16292557326691182,-0.08058991044468004,-0.08058991044468004,-0.10370004616330414,-0.08257817854218943,-0.047175412773478365,0.011454427759289398,-0.07704243400792135,-0.08714674874687586,0.21308653404976863,-0.08202517204881761,-0.08244272488118129,0.2255789298348096
Zone_DH014,-0.062222476264608056,0.021407305338655036,0.05946018999540609,0.059064352728357306,-0.017395911639031425,-0.16200177966838838,0.1064481175673262,0.17538754878862584,-0.11373660158530692,0.13378615557032125,0.34465531457211873,-0.09510303288782712,-0.09510303288782712,-0.02431927051946442,-0.13554916614365625,-0.05642415439545251,0.1129631830941702,-0.08734600546199367,-0.097202643831546,0.050770253882819194,-0.09676859245438907,-0.11522675826283946,0.04855886151946692
Zone_DH015,-0.04299637312810413,0.20757779024347084,0.2050432511341802,0.20741751704688072,0.017307033247735415,-0.20696431751131897,-0.4040882851859496,0.14461320733462224,-0.08579359753288379,0.12639942476425692,0.34920353524868597,-0.06257831696346253,-0.06257831696346253,0.09178187436681307,-0.12340101842416636,-0.07421734224553869,-0.04005393694014425,-0.06907644968443341,-0.06673587321179507,0.18179478050998113,-0.06425114587065174,-0.07810465010613388,0.18668775151116632
Zone_DH016,-0.046470843440127044,0.16190371025657552,0.20175702676630053,0.40065715161818993,-0.03676014606299982,-0.14241515279718903,0.10067776954728125,0.1326669213999011,-0.0922873495188379,0.09560015925253751,-0.09404301623744243,-0.07399872590400434,-0.07399872590400434,0.005052334233501932,-0.03410633504008495,-0.13079296955238875,-0.17689924610359326,-0.07992870027947604,-0.08809602247839082,0.18870826148116931,-0.07490456717429841,-0.045780916257780274,0.19068855459249906
Zone_DH017,0.29000720284196096,-0.17413158359715353,-0.19533172551024983,0.2368212571480906,0.06822614426434866,0.010138636932308626,0.26793038005306635,0.22579409036607945,-0.07257635818015429,-0.06990239479511062,-0.2782271539401815,0.1859687633411532,0.1859687633411532,0.02590912069992729,0.2457044159492835,-0.09540412755979788,-0.32903837298149624,0.08854150140388084,0.1214909127764946,-0.17647194819782863,0.1920333986817805,0.19957367701768292,-0.178867871426869
Zone_DH019,0.15407496326895948,-0.5075874439915632,-0.34945692979156384,-0.3058534493915141,0.1414391477244752,0.12035375164102569,0.08198417766067512,0.0402225147308205,0.3306517131169904,-0.04068610202618983,-0.020343704642623806,0.1886911354126986,0.1886911354126986,0.3119393336660879,0.11067938570190361,0.26519068266163204,0.16289895921606168,0.17846324176031236,0.263101604040632,-0.3226828373497813,0.18926656497578942,0.12345176208526787,-0.3252018880754381
Zone_DH020,0.06250472123475703,-0.47906403694327593,-0.3345762160983946,-0.07485468177353066,0.0994057232359955,0.10992783307457951,-0.25397279717618576,-0.29733927680180977,0.1939151235084713,0.05742751673683899,-0.20488115494901893,0.24157841537991953,0.24157841537991953,0.050113724982569385,0.19660891189717755,0.12852334059985904,0.05274539023688657,0.171882914612547,0.19539739779431958,-0.3078704273455649,0.2476425041734449,0.2056745780872159,-0.3103122020475671
Zone_DH021,0.11620840309395986,0.06143447006562841,0.023044298343489755,0.0633970964511959,0.030561175034266655,-0.016599795611679152,0.09166384761448454,0.04854695882896709,-0.109081261006785,0.06776604501393313,-0.08986300610078046,0.07722695997593221,0.07722695997593221,0.11331462184931612,0.08607268218608999,0.05440716709787019,0.1316362210200024,0.06749524550620523,0.06961446360320456,-0.2213176247468276,0.08155630752698512,0.07108754360792857,-0.22377871420731296
Zone_DH022,-0.008671856913514131,0.10069046776218626,-0.013357779911484291,-0.04058368634723969,0.011425425043842731,0.008643076629884922,0.11652579211807923,0.07188973666472731,-0.03144730278808755,0.05230380817423064,0.18041546288742316,-0.047203256255623355,-0.047203256255623355,0.09993465391997589,-0.06352302989219688,0.07623085378543215,-0.03658316027872677,-0.01528516092630805,-0.04690500570532449,0.02067219145330007,-0.045355295008087604,-0.05023353286464943,0.03583741070413782
Zone_DH023,-0.048698308926219985,0.19876535134410112,0.1518421331555021,0.06191755718585423,-0.03260488944882134,-0.0032004379087890444,0.22630263007132767,0.18000976933498614,-0.043900935023114235,0.1497395387820485,0.2879396570929871,-0.09775082285893741,-0.09775082285893741,0.007625819310272952,-0.10842562801114941,0.006462054322052491,0.15113767205565853,-0.0773494309626288,-0.10476857480096458,0.14230094399860144,-0.0980437236000829,-0.09868250753917668,0.14984338276439024
Zone_DH024,-0.03735644148320544,0.1232681327897408,0.10963456366015284,0.12765403234526995,-0.04266339499137425,-0.02975467851126254,-0.1414867571690236,-0.18753100302452652,-0.07094049889724749,0.1231926992633513,0.1596649612841991,-0.03174273798627214,-0.03174273798627214,-0.026201934033613872,-0.07158702587060722,0.11871568880562222,0.08039577752581151,-0.007595431455612089,-0.0516743180772547,0.1582145390858239,-0.02861152919237772,-0.026300358134354718,0.1560901258856544
Zone_DH025,-0.04151983830677186,0.035127666525039125,0.00587573482378978,0.0960365802030233,-0.005418224431651131,0.03551311534085752,0.21555986399826876,0.16946431620430524,-0.006125064677889147,0.12617212073092,-0.016554383398254713,-0.08985124427679253,-0.08985124427679253,-0.01586860583957206,-0.0444210921229064,-0.07908907517113672,-0.0461020707033058,-0.07234264273236768,-0.10166545267047492,0.01083663419261871,-0.08970018403509339,-0.059332393549539064,0.008462217347973533
Zone_DH026,-0.07094386290601107,-0.1853665838816958,-0.1737133402893388,-0.22516368624761518,0.0649141276371783,-0.006501284938405516,-0.1860199438385568,0.12855799114020827,-0.038449992599753,0.06701594946315126,0.13365828771830812,-0.09604018393415341,-0.09604018393415341,0.12267030566993128,-0.12956527311582902,-0.14850279618917292,0.013881539729583836,-0.08069808019714361,-0.08938573137710136,-0.15520967200870334,-0.09841324045557764,-0.07927400880683064,-0.1543081190398926
Zone_DH027,-0.05012410211828339,-0.010867403980142132,0.010721540171620247,-0.13740173581626253,-0.02653992894470017,-0.11025206900177154,-0.07002022214389125,0.11351385773049705,-0.05658069615225027,0.024054473539614984,0.41840918121090875,-0.06641521937581826,-0.06641521937581826,0.034363868675522075,-0.13294763322460296,-0.0034615900434916136,0.16019570233962044,-0.06517312980211737,-0.06326890919148229,-0.01374199513117852,-0.06805090088021877,-0.09490549387350447,-0.015829114753565132
Zone_DH028,-0.032736907122149175,0.01654900188387287,0.02879141675566732,0.03686747805213264,-0.01832382856975212,-0.13225873337480343,0.03379511385400624,0.11947880087579332,-0.04652334534479616,-0.03878981936428827,-0.020479428103391317,-0.044336335558618774,-0.044336335558618774,-0.08641817194327064,-0.053863820339057455,-0.06531866764179367,-0.03351939280693261,-0.05180478933727707,-0.04439313178853223,0.026482157471337142,-0.04595620580981335,-0.04885261617327852,0.0243645028948348
Zone_DH029,0.004267847908624469,0.13736058632683745,0.1373798440642253,0.12371047502661059,-0.2046051607855252,-0.2476489998961175,0.12807434896162806,0.09092314856983374,-0.02542985844891347,-0.06834453569166898,0.22359875037663302,0.00446169093666649,0.00446169093666649,0.061800481594036005,-0.028550003697029716,0.01078348676119864,-0.06760411201329919,-0.009262023996896879,0.004742422292193009,0.12381985353928218,0.004343190255825854,-0.019537237699790308,0.12430645975907265
Zone_DH030,-0.00040448991538737447,0.24678098943399573,0.222778895118121,0.0739308283941904,-0.09938102466762283,-0.042548411359287774,-0.4450704685460995,0.08544196966412121,-0.004211325922867479,0.013044098100194579,0.08705628597703441,-0.0010964779222821155,-0.0010964779222821155,0.08833178546673215,-0.046312222797077265,-0.04387676839719373,0.044709310114688816,-0.013937483452084592,-0.0006124055983625053,0.202938180856941,-0.0014666707514398754,-0.03575582660993725,0.2081415676707771
Zone_DH031,-0.027031782732022863,0.17877128422950417,0.16312121599594193,0.0020612591537199076,-0.1493188434053559,-0.10840113913603225,0.1559999257124215,0.1113595208713013,-0.035495778015198036,0.01927603574494341,0.06928879832118112,-0.036033902604262445,-0.036033902604262445,-0.0787375101194403,-0.03144765334278443,-0.04965349264800978,0.1232332721365168,-0.0444396151055796,-0.03537147839606171,0.14767947755168334,-0.03769685248398027,-0.041963627217152286,0.1522909498117718
Zone_DH032,-0.03666280389405883,0.08058717482702632,0.07203790958752199,-0.014011118837092718,-0.01193721809710746,-0.09439153324698604,-0.020570009483644958,0.11709493981203645,-0.04160257627370708,0.1034131624272725,-0.030459828012791623,-0.049095566841060256,-0.049095566841060256,-0.057587363880279296,-0.05615156068566675,-0.094499122727479,0.07537047821273857,-0.05479713681524265,-0.048448988357459505,0.06646238439549151,-0.051030934353652475,-0.04576026852208376,0.06881647392583295
Zone_DH033,0.0017337908424150325,0.08565115357958564,0.07734463566165856,0.18973980981724847,-0.2576157725293479,-0.24352239870341336,0.13607189404679543,0.09380271083080494,-0.028750943997148865,0.07367106560587511,0.022998628005425292,0.0008087996480746901,0.0008087996480746901,0.030096798526796475,-0.010206287260415704,-0.008536960926967596,0.008848626115412372,-0.013454553598174462,0.0003146992201540043,0.06925476344102091,0.0006032046233078424,-0.008392273170663364,0.07325750538590714
Zone_DH034,0.014530126617302675,0.05140836185550873,0.07191004655577979,0.246910940910523,-0.22013256194499625,-0.22533859786931928,-0.3939484976315291,0.08064476148403577,-0.013413392690032064,0.008851710497971732,0.15470330300704832,0.017207612219600647,0.017207612219600647,-0.014952072218965107,-0.023662030436003473,-0.010481209444112433,0.03108906683135937,0.002194240958777835,0.016749812194923636,0.06564286125883209,0.017028864338906748,0.006472613338696601,0.06902106273061273
Zone_DH035,-0.053844188641542404,0.052145876284192094,0.04091338710087622,0.14218430487299794,-0.0877282952022447,-0.11742491497031535,-0.34029211824153155,-0.38091573071534435,-0.07654381085112008,0.002381280396702934,-0.05364907724677337,-0.042716250142528486,-0.042716250142528486,-0.12323498469274136,-0.02583410866457342,0.01990966674762562,-0.25217452170084664,-0.01691884933803134,-0.05407284174708829,-0.04153389736166502,-0.04230798956335079,-0.0029862876832310314,-0.043709851773788055
Zone_DH037,0.0016048732811969613,0.14119699299315847,0.014036130404561087,-0.06637380975016,0.06197619313395136,0.08335653921069522,0.12447311808208983,0.08013216896328046,0.09534848219918468,0.1415830501127724,-0.14354391375815817,-0.030544703535382745,-0.030544703535382745,0.09293274275566937,0.047859094767435384,-0.051162579468547464,0.13991244758139953,-0.005319885051087714,-0.03353620216836983,0.04780998572736822,-0.027567522711600845,0.00846655100818905,0.04566722612282026
Zone_DH038,-0.056248548066338014,-0.09390138516686264,-0.09217183514222776,0.12588044930062592,-0.14595232912424821,-0.16132075300912585,0.2530933723479636,0.20589147956810072,-0.15269095823847234,0.16899459285193363,0.055507451596474355,-0.10328375186299159,-0.10328375186299159,-0.02145822380278964,-0.08116730049600451,-0.07514009734708738,-0.01672990767579796,-0.08957874941177613,-0.10924995913467735,-0.08747332054316337,-0.10460055844122454,-0.09568869445856659,-0.08949490095151047
Zone_DH039,-0.049935175199969595,-0.07937712962969662,-0.11987075514218484,0.07244947189131257,-0.05672133742317861,-0.03973443830142462,0.23636812435977583,0.1899578830990566,-0.07626738652622488,0.14324367040246921,0.001089272254135687,-0.10018675259247797,-0.10018675259247797,0.00717668395840565,-0.050828970800373074,-0.07801185663236637,-0.025174183543991535,-0.08019947194588811,-0.10660377767902568,-0.10861855060786624,-0.10034353839128468,-0.07068250556725103,-0.11117093055335261
Zone_DH040,-0.0294261506805219,0.046242815856800956,0.09381460842233458,0.050184654474918766,0.018231893833820678,0.05230237880834496,0.21481382870330856,0.16933400647942565,0.02092525075376314,0.06381877779262246,-0.1258663353443094,-0.08046315974477056,-0.08046315974477056,0.017860495607254112,-0.007485711991060462,-0.0847416994673586,-0.1616363009109184,-0.05942316522495811,-0.09099216478086572,0.0954666884459604,-0.07922058978003033,-0.03403370642487963,0.09340551813358883
Zone_DH041,-0.03959764479520897,0.27233591195688445,0.32779748778243634,0.19015512432658876,-0.03622498618250647,-0.005770351393254103,0.2044597327166071,0.15807262356678708,-0.046087378410900076,0.11814999303694818,-0.10363842400773066,-0.08632948897630391,-0.08632948897630391,-0.06422481801537588,-0.013199674549887797,-0.12113087608998613,0.038654985474182224,-0.07539157797138724,-0.10352648440675877,0.31287223786132745,-0.08583915015809271,-0.037969896769861844,0.32021985288224064
Zone_DH042,-0.04981303803953899,-0.06292303471533184,-0.019107704808529358,0.14049135987419625,-0.030111599715307025,0.01798324175269403,0.17583097319433072,0.12909253886580196,-0.026355691808171322,0.13059819720738408,-0.13845595322901427,-0.08982357731988189,-0.08982357731988189,-0.0547009425658295,-0.011998053987500867,-0.11326245904424592,-0.06987607721729877,-0.07617706428718335,-0.10316831135916103,-0.0072645023029403455,-0.08954166429142094,-0.040710824699688286,-0.009185985710442768
Zone_DH043,-0.0595506883326514,-0.056663503298511886,-0.020416227479657933,0.029965035654338612,-0.01520315617005584,0.047980462471134355,-0.31112411352661884,-0.35798489567854286,-0.003659130045877368,-0.043882217375539656,-0.1500404550044508,-0.02903284706112924,-0.02903284706112924,-0.010060743706421238,0.029199322314041154,-0.0009651705844316849,-0.14958256780575235,0.010493788380525448,-0.04147152219171965,-0.01269022463488878,-0.02634320299911544,0.025904101307237082,-0.015008679780082801
Zone_DH044,-0.06223873217912969,-0.11796891363630468,-0.0854783389915571,-0.047090261564151525,0.11580179466033114,-0.012134968583812356,-0.4589724762001714,0.1317454545814215,-0.03950632738691573,-0.04717747233422531,0.0013755020423898423,-0.08687074886618176,-0.08687074886618176,0.0011327483841003239,-0.12215381475039716,-0.1696071707563957,0.14027978090727788,-0.07973610978577095,-0.08624143865313297,-0.0753711457716002,-0.08868605987636767,-0.08684495731472724,-0.07725366310176443
Zone_DH045,-0.06750407573034266,0.09521204960545265,0.08407192061790708,-0.07639991243225819,0.13534064790969724,0.001735700111113625,-0.03727853943841164,0.07078063373597798,-0.0364674146000227,0.024228650237744564,0.17419092980155704,-0.09247581783550587,-0.09247581783550587,0.03149288442561074,-0.11410931057784823,-0.07586453787873101,0.14933949265396873,-0.07675669331795229,-0.09087697370971497,0.0976467006920061,-0.09458185255500691,-0.09864899937626906,0.09584166735475919
Zone_DH046,-0.06118525003983416,0.16431661446724688,0.10538599307335617,0.06461042422374674,-0.0337058988150719,0.03484533064425377,0.17123647995127655,0.12389398300895371,-0.017203181024646214,0.030961917710970233,0.08449598157737698,-0.09652297809377694,-0.09652297809377694,-0.02995054540696168,-0.08733111992327347,-0.05181083024392841,0.06296493961939587,-0.08073956553817713,-0.10329752338555952,0.1104741239128601,-0.09720797572387799,-0.10343214550189442,0.10821050141725602
Zone_DH047,-0.014277398048395975,0.15981986736504056,0.18521502710835702,0.2611596700048687,-0.2254512294209972,-0.12068872901534836,0.14597667883090848,0.09415262067970831,-0.02930593380460922,-0.0034714267653330744,-0.024343604262273666,-0.020582992966481754,-0.020582992966481754,-0.2097719331360341,-0.017641472498096555,-0.04288044173959368,-0.10922127111473345,-0.03359023201439698,-0.023127414204637518,0.1700471025407197,-0.021757802430648197,-0.034065040454662035,0.16804167692950414
Zone_DH048,-0.0048188190634757475,0.26028237626756034,0.2639933140359511,0.22592051367894161,-0.18598930596578128,-0.06776690285684758,0.14093948075324558,0.09183148801153462,-0.012368413951352738,0.010940047650185747,-0.0062907366821120525,-0.0077796391980573705,-0.0077796391980573705,-0.2071247043592235,-0.010850609100632722,-0.027399746226092092,-0.0073922472756712265,-0.02167021165526077,-0.009172934193153045,0.2395212592898099,-0.008767165345485411,-0.029686888891407123,0.23785278674176702
Zone_DH049,-0.022851334665064046,-0.002791087785403712,0.0018225217005987115,0.15641865651491138,-0.2112633217040028,-0.11061670662462811,0.16148232044368838,0.11002764131500475,-0.03431256842520786,-0.09368752850755258,0.03608177801263063,-0.03168813786696696,-0.03168813786696696,-0.15536592558564138,-0.027490877866348518,-0.04168288521050702,0.07823902034109731,-0.042611666832039916,-0.03322933392659512,0.002763018358044489,-0.033209989316142545,-0.04092344503947819,0.0006933644509771741
Zone_DH050,-0.034940396882845476,-0.05871149632013012,-0.037722622726095,0.12431377583021774,-0.00928606178579261,0.007490527608039033,-0.07195217255579334,0.09930053436792619,-0.019524014365288833,-0.05433607465072787,0.05695129674842658,-0.047523351539269156,-0.047523351539269156,-0.13255687273810896,-0.07125063418660273,-0.08288437557291348,0.10545051831330243,-0.054836705897138835,-0.04972438394216164,-0.030314528809108926,-0.04863357098305909,-0.06514607255560681,-0.02768199749731337
Zone_DH051,-0.0047732967463308025,-0.09128032420059146,-0.04802923729622971,0.25219760309467454,-0.1854371272823671,-0.03404157683692777,0.12950294135324536,0.07718918394554941,-0.007802787140334437,-0.07125434572015343,-0.1319436164980175,-0.0075304196955400145,-0.0075304196955400145,-0.0032084477174639248,0.021087979731183426,-0.04618546472732338,-0.14521641363070292,-0.021192887461644577,-0.009379448353925504,-0.03956263111579203,-0.008469193516934412,-0.002504328378699794,-0.04158553750331592
Zone_DH052,0.025433470016127953,-0.007306122396913917,0.019225948150012245,0.27695708298252664,-0.21841622835453545,-0.27137314750273106,0.066466118250041,0.017028002122510988,-0.006849565827693985,-0.07098451852376886,-0.1195413168481935,0.03181402778462115,0.03181402778462115,-0.04977246073214747,0.04764778828702779,0.0008266204924009535,-0.19466885285657087,0.018203304058649117,0.03134551427541366,0.002935639901416931,0.031891553506196504,0.031129077027349836,0.003101304637084329
Zone_DH053,-0.031168678869693475,0.009102769027043711,0.030295167359845165,0.27019524655775295,-0.12870693508386838,-0.19376870662585827,0.02845869990060934,0.0118724859120799,-0.0638959257639067,-0.07426465882382471,-0.05497671094204187,-0.04118081290269722,-0.04118081290269722,-0.19910054646522424,-0.02923719347899821,-0.055491615083956364,-0.09727186560822942,-0.047537744741981414,-0.046557125477005704,-0.014593306297075476,-0.04216142483192219,-0.04101610270621889,-0.016754818980372038
Zone_DH055,-0.017981325011391547,0.38525808114220167,0.22730766069668162,0.12236647310580595,-0.05658829977601597,-0.07846737179962424,0.25831507951133703,0.21292927352813573,-0.138424197283203,0.0807313576242602,0.07259913884602387,-0.08369938404531882,-0.08369938404531882,0.01905104478848771,-0.05952038624599498,-0.03409941526186833,-0.070073437790094,-0.06421091756530956,-0.09424146484054843,0.20603373563752764,-0.08254598343141006,-0.067479624827815,0.22883426942693186
Zone_DH056,-0.060651187726529665,-0.027676849585040686,-0.0045488603468393785,0.07312911802403077,-0.07292158508958169,-0.03182133602241294,0.21880673756251756,0.17146424062019472,-0.06148362382907421,0.1791132541720385,-0.10050747819490713,-0.10116958538712824,-0.10116958538712824,-0.019272651697766485,-0.01944417028234119,-0.12085925764734912,-0.22416642767282924,-0.08633774002719385,-0.10652531311811413,-0.0031456867207889094,-0.10204668540129729,-0.058627756119297214,-0.0050749890931078845
Zone_DH057,-0.05735534108300533,-0.1599132714044733,-0.16482839329422416,0.011771119731167734,-0.04315843951878262,-0.010692422965818682,0.2247429568315079,0.17817533676583608,-0.04983714175118656,0.1470233391995165,-0.06959998511285326,-0.10375897871225903,-0.10375897871225903,0.031115787698107078,-0.03703741917579917,-0.10174648031553318,-0.058143021239565607,-0.08063467200887464,-0.10654425037810604,-0.14940921188282652,-0.10445440376504694,-0.06778447765558493,-0.15143600661944226
Zone_DH058,-0.06272652765969126,0.02027993310917553,0.03328464263741876,0.055993583450619444,-0.12043393756361367,-0.10437782163890447,0.224071565650674,0.1765130668487357,-0.10453879474621043,0.1072047998470177,-0.03214886580431775,-0.10268592794754361,-0.10268592794754361,-0.004923302766062204,-0.0526738106828159,-0.09709814186728855,-0.08443088306084462,-0.08773066576101485,-0.10584012816286903,0.029437952986453075,-0.10408402887727326,-0.08137892326874976,0.02748536652711603
Zone_DH059,-0.06014826980289115,0.00013900437422259548,-0.00426903186562122,0.03581253890325076,-0.07597583233750962,0.024251513869477687,0.18645060327093455,0.13749713217273463,-0.02545668121215479,0.17385092325202112,0.049568986027135886,-0.08600246141182835,-0.08600246141182835,-0.04528630753841825,-0.06691885836829237,-0.08102422557033268,0.09495061984814945,-0.08070560792069564,-0.08828388325647603,-0.0013864216943587637,-0.08780779298075,-0.08642648236847789,-0.0034755924331102417
Zone_DH060,-0.06072873321180611,0.05299776750174223,0.10286585387128744,0.09747076509883601,-0.15229680385912295,-0.1269973303897609,0.21914617634933975,0.17075813490858727,-0.09843738235253532,0.1632850097181051,-0.03758432478933077,-0.09387192387793143,-0.09387192387793143,-0.046912523437519754,-0.04882232454603508,-0.10923649765863502,-0.0052224579540086635,-0.08671839042339419,-0.09776663555415367,0.09099118351964075,-0.0957105016377033,-0.07678747026212271,0.08865906947773045
Zone_DH061,-0.06486093346819982,0.09324998808347018,0.04842012814490193,0.004087170435963183,-0.03512418961528391,-0.09400080615648063,0.11689164849081213,0.06849125499092734,-0.08255269871124443,0.03723735034560949,0.23528030484178852,-0.09023511602873699,-0.09023511602873699,-0.02040471438513,-0.10626131842561123,-0.031683258035642425,0.16001986097718612,-0.07656011804612489,-0.09255782469748515,0.06488523635515736,-0.09204779770197094,-0.10022588466499893,0.0629239775748765
Zone_DH062,-0.06777610569851092,0.052127917548850544,0.06832446233614392,-0.09263232793011161,0.07428361340720857,-0.03318320268970468,-0.09195447718965499,-0.029181790060182844,-0.05184398116123615,-0.07332580656801024,0.052612167717029645,-0.08804462266089909,-0.08804462266089909,0.05571229576336989,-0.0985936696976247,-0.0322007731124716,0.041899961415687415,-0.06572885690919422,-0.08485390044573,0.05812514588105966,-0.08929929849434351,-0.05566667633152017,0.056047493651103286
Zone_DH063,-0.05155799456403701,0.17773498341494925,0.0785863076086466,-0.007060378528442657,0.03282399592953075,0.10148871672353618,0.01806441575032136,-0.028056476012230824,0.058050401386827044,0.14576051479077456,0.3727456733932951,-0.06951169626724887,-0.06951169626724887,0.011084849043621198,-0.137754038917934,0.145951139947069,0.14655809734390646,-0.0413622467481754,-0.0788952187142481,0.06788046357993588,-0.06864246697140322,-0.09185482947553453,0.06551860692298095
Zone_DH064,-0.05655358007541185,0.21932560083610503,0.11320604767804959,0.12344251913371018,-0.08781707942439862,-0.06180936407199475,0.1622963309497215,0.11507651896060833,-0.08295848489443035,0.07442117296881157,0.2418860396837833,-0.09353316518410872,-0.09353316518410872,-0.046518868793032214,-0.11986095057815668,-0.020168335366953838,0.0987156471133237,-0.0787440204627341,-0.10285820307250783,0.12026672726340631,-0.09428932918027969,-0.11549647761120324,0.118080921804543
Zone_DH065,-0.04135021522538765,0.06447530668402407,0.09259829584710355,0.2734443361339678,-0.25692479711653043,-0.24010031689316136,0.19821545417654918,0.14812441786891117,-0.09499210833448808,-0.026844379058739598,-0.039974969884328304,-0.061483556352696846,-0.061483556352696846,-0.16531117915453683,-0.04122275063959202,-0.0858641263137058,0.05537889611392777,-0.06943951717056887,-0.06698599083585798,0.08048981880070263,-0.0628942176375758,-0.0640181109231821,0.07847154031807349
Zone_DH066,-0.011046297109621864,0.11690815584054925,0.13946534949956985,0.2726252083807016,-0.19237283313597045,-0.05837893606293451,0.1493819575411336,0.09739811640977636,-0.016346551761588723,-0.05564216994576232,-0.016909917388838125,-0.016396449608622233,-0.016396449608622233,-0.21844610396431,-0.015714523092098115,-0.040229138602287176,-0.06640469400292848,-0.030160853604004237,-0.01883478071218654,0.1270936353725021,-0.01691266338260183,-0.03326450121729746,0.1251541946990404
Zone_DH067,-0.010168859449135228,-0.006897220671352011,0.06354135549071532,0.2422153563444046,-0.214562349143413,-0.09354500382566494,0.14473876247813444,0.09268770806767579,-0.02083953613305119,-0.08414000867986793,-0.155632143292813,-0.014940788071769774,-0.014940788071769774,-0.20752104975852909,0.016078107856453625,-0.05533996960111637,-0.09320294260046613,-0.028305285392674698,-0.016904618974983545,0.059250792696200205,-0.01614820488885751,-0.011875385333384544,0.05721928528360379
Zone_DH068,-0.03069268159529128,-0.07919027209375623,-0.04174618067841587,0.18763865909988708,-0.09466320949318224,0.06922637541744642,0.1561703914476451,0.10519894113268247,-0.004815684297138398,-0.092435831940477,-0.0935027586936571,-0.042384494487780144,-0.042384494487780144,-0.16614826880813016,-0.01530725159792648,-0.07832128996283942,-0.16213643002181993,-0.05172677084838728,-0.04545572728254575,-0.035200446604354785,-0.04385038113107927,-0.0384874969386593,-0.03701292513101001
Zone_DH069,-0.029906922156571238,-0.01974536081818523,0.0159693579680516,0.23618225834022766,-0.2511032229385458,-0.19714019325338156,0.17657850322517243,0.12561805863478637,-0.06166758539144071,0.014030123985249277,-0.11874107847965373,-0.04281648068789533,-0.04281648068789533,-0.17406308348150823,-0.0066772927534428095,-0.0897717080586116,-0.048070283825954796,-0.0531843781140173,-0.04614350523345436,0.013496222890567178,-0.04423965820034655,-0.03194116822795606,0.011451499145432392
Zone_DH070,-0.017101454369341785,0.03346368460342586,0.08430651590325644,0.2811283491215416,-0.2974206162129046,-0.2494346864978936,0.16644391191933405,0.11478809013040026,-0.054363844550340754,-0.015191096066272447,-0.12552053821595052,-0.02518959082209832,-0.02518959082209832,-0.20751948449114457,0.009687272895977192,-0.06894742096812147,-0.21741946313449206,-0.03845441011926071,-0.027985457505500792,0.07526777467004214,-0.026095489517286956,-0.013721844371102701,0.07312896887433859
Zone_DH071,-0.05000992593307391,-0.05850644349371392,-0.025310643109338227,0.29224421253711996,-0.21714675307702774,-0.2118618085650424,0.21788642559236526,0.16883100181604693,-0.1168340773599857,-0.08589109856896548,-0.0682499205559502,-0.07925105368126452,-0.07925105368126452,-0.14780379000717314,-0.030250698828208966,-0.11870271186693473,-0.13711028175364426,-0.08261927170053276,-0.08780022053472192,-0.02593702571156134,-0.08097587777496057,-0.053894765970633196,-0.027694502155753226
Zone_DH072,0.6191061751526227,0.40575321427763444,0.6351686219719576,-0.012594318879526223,0.14630211197717813,0.06556491335493017,0.23379447461202818,0.1936908753830745,0.08108170037291912,-0.1283535925377861,-0.19520650289279012,0.552469344809215,0.552469344809215,-0.07178690591374054,0.3272989366433,0.2386727869648868,-0.04729701829644711,0.30362629444936107,0.5535445589181756,0.6620132843844968,0.538684676349708,0.29331335347992893,0.6594143936558605
Zone_DH073,-0.00958422159775943,0.543524865507583,0.3468182935213848,0.12925864848179264,-0.009813337150106759,-0.00643436062412342,0.244635247348016,0.19944624544370404,-0.05061528120536296,0.14634837675635148,-0.09519018882641567,-0.07156845433353559,-0.07156845433353559,-0.0001786667325431035,-0.015829027917786842,-0.09589143608134293,-0.21103109365510803,-0.05688845712631463,-0.08763679233238117,0.3222070432380931,-0.07015218708804014,-0.04023148390861614,0.34709863985061673
Zone_DH074,-0.06371591532083956,0.2842163822331136,0.17020040394811087,-0.03806772185671825,-0.07091392291042772,-0.04980978145005263,0.23271614140087493,0.18593639933293082,-0.08027783962461263,0.1514645615455551,0.2617965958724988,-0.10947845123870116,-0.10947845123870116,0.06400227840244066,-0.11757304232081878,-0.026434317407963037,0.1061279297819605,-0.08390004370296539,-0.10797423466533725,0.15480649741095143,-0.11066123747823903,-0.12095322568898653,0.15275058573571793
Zone_DH075,-0.06156999938136974,0.26779926212952193,0.20362396765279722,0.015276804563083224,-0.05820147666964692,-0.021371503351044152,0.15948774015748923,0.11252847796464105,-0.05658175523612742,-0.023296702203416064,-0.11005156816610906,-0.0989029597845945,-0.0989029597845945,0.014258109354450127,-0.032463369712544654,-0.09652117931890097,0.026791596533384032,-0.07649473792789108,-0.10250419538880724,0.20890337538358938,-0.09947282609690249,-0.06765028989104216,0.20715015779372048
Zone_DH076,-0.03083675059894962,-0.04946664786884586,-0.03053281506636532,0.04230114643991778,-0.19867313387088675,-0.10167890858647013,0.15453509684145483,0.10340820045338805,-0.03829368772628639,0.18775740077880065,-0.13234575269664486,-0.04133108678018527,-0.04133108678018527,-0.09495789198013957,-0.0025269615814429436,-0.07349436335143994,0.03847585127406461,-0.04898911011429613,-0.04153499913777206,-0.02502569857509815,-0.0423844467462307,-0.03581885611780333,-0.027126540583963465
Zone_DH077,0.004072921035111195,-0.00599414395242176,0.008942873236722215,0.0570773448597236,-0.22515549134138782,-0.08165140682173386,-0.036765264630746475,-0.08960259497876255,-0.005144715000170896,0.20269503063298788,-0.05252918412274013,0.0072196272245795105,0.0072196272245795105,0.09639121653726385,0.014375605968064198,-0.011776878474745789,0.12052723140285793,0.0004671014458129119,0.007776478684894306,-0.007053448029601839,0.006823993336811576,-0.002886873237469223,-0.008910926307778982
Zone_DH078,-0.02017137611267515,-0.12033764303887615,-0.09499246113690765,0.20923468785386923,-0.19540384540141376,-0.07994434596185745,-0.5139661633923125,-0.5655184304180307,-0.026986585837443955,-0.052744703542053295,-0.09341675790530571,0.0007275104592205442,0.0007275104592205442,-0.2308588271495402,0.017498797674790983,0.03019238099471494,-0.05581070395252974,0.020583444990516564,-0.009226064586388985,-0.09466108440239279,0.0016933482135736005,0.027419796269001068,-0.08996070910656559
Zone_DH079,-0.04150590533079316,-0.10966713423613947,-0.10023379871380791,-0.061370758184927654,0.2711732368904601,0.27838075179833366,-0.15492924216621218,-0.0818822972072194,0.04266789248180933,-0.030478004934590963,0.3500694023767228,-0.04843626805876463,-0.04843626805876463,-0.05816878981110496,-0.10476030336834152,0.006044699009172871,0.17988552799430613,-0.04408685642431007,-0.048519626500881104,-0.0652474711859359,-0.05007997028206326,-0.07274684550954175,-0.061955811741406935
Zone_DH080,-0.04031626445192354,-0.033789802080511244,-0.04646539351598372,-0.1515015995901441,0.08786302737091256,0.1401919584427639,0.04104441172023621,0.0326779256623283,0.01015761493125407,0.03743008685679772,0.16161710281916392,-0.05016504880535845,-0.05016504880535845,0.005657202017720159,-0.07086996401647463,-0.025303370914809414,0.051003221855187575,-0.04990677509173269,-0.04762551044832421,-0.05195059479403591,-0.05184614629016956,-0.06270950692053888,-0.04948439684439154
Zone_DH081,-0.062191474315705125,0.20286364503149695,0.10267728888149757,-0.05576335683604461,0.0565775996351241,0.12384548854070215,-0.17415446683986058,-0.2001861072051786,0.06551489653882853,0.13389922995617998,0.46119745746371654,-0.05971705225334051,-0.05971705225334051,0.05095642905210032,-0.15561311457877386,0.2315255150831692,-0.02492925148238534,-0.01753648985920686,-0.06175481300222424,0.05484436663366371,-0.058436297066071896,-0.08997141386524182,0.07017153196973713
Zone_DH082,-0.053705356594130976,0.4918155273761715,0.4149313831393534,0.08894537470303354,0.028711929696457694,0.11798324175269403,-0.47478378090403006,-0.5215222152325588,0.05400511179986478,0.1402396554779476,-0.18934605828028175,0.026379567491786216,0.026379567491786216,-0.0335892212893637,0.057960440465984586,0.06692243445553986,-0.21035865094384032,0.06270294565723444,0.002955950006415964,0.15442522821417543,0.03061962603115964,0.06639127805972739,0.15236732746576204
Zone_DH083,-0.058563275812575685,0.3070606064976629,0.2395927716320344,0.09462313288449631,-0.1473250326191014,-0.16229523780362587,0.25241454532512586,0.20517691451501574,-0.1518098723376613,0.07518609312434454,0.521235727104419,-0.10486280178954846,-0.10486280178954846,-0.005802417295193957,-0.1573009959226914,0.044632773354349675,0.13132296562179802,-0.08965873967365084,-0.10909074517066959,0.20928771301963078,-0.1057558442421244,-0.13804074094916421,0.20724846915132022
Zone_DH084,-0.03600586885456131,0.03651690671519453,0.07357692659038256,0.22062173512359584,-0.21713236937823086,-0.15361053178873893,0.18031476443660732,0.1297282576287534,-0.06022654614498557,-0.1483332403619445,-0.11428508243255267,-0.051504691092236425,-0.051504691092236425,-0.16035839301067137,-0.012457266077951057,-0.09724670409921389,-0.06822191119111942,-0.06049331552544948,-0.055275815822877376,0.06612636156241025,-0.05262728387765021,-0.04221865500940408,0.06857730099235612
Zone_DH085,-0.02491807518199378,0.06416710430498562,0.09417364776336834,0.18233157488796692,-0.20589033991112032,-0.10680241673761229,0.1317915831847536,0.08047678844228401,-0.036121263651970915,-0.08542581881886002,-0.07277870465331585,-0.03402048808432051,-0.03402048808432051,0.06270908070476466,-0.006661386303134981,-0.06706689812477805,-0.16528851437581088,-0.04383744468067098,-0.03632190352856612,0.08086009068540886,-0.03493195195710009,-0.03143834400390111,0.08271486902571762
Zone_DH086,-0.052022140481618864,0.1233096550413269,0.1380159373478862,0.08395571939421198,-0.14125310739612468,-0.06091632372437497,0.17605096062957415,0.12641898186256784,-0.0509591658980155,0.033161950673870955,-0.05713237987730285,-0.07338267892943495,-0.07338267892943495,-0.07852908583057772,-0.03879105348324258,-0.0863136851822372,-0.006235505687297915,-0.07355369704615744,-0.07584941821950741,0.08280772053403856,-0.0750990162791135,-0.06950529761594898,0.08076948635654874
Zone_DH087,-0.058700757115034335,0.009702285494097906,0.024852031042125633,0.14089963733048305,-0.09013968279508433,-0.04404449598896021,0.2075110424079627,0.15972027612058115,-0.06478212858697334,0.0747533313181894,0.11535847503856289,-0.09541211040323372,-0.09541211040323372,-0.06473197018142082,-0.07844743228780207,-0.083037203565691,0.06571546350387936,-0.08628537037133074,-0.1032777606423272,0.02502678584081952,-0.09667508264065315,-0.08597740289915393,0.022631520592753973
Zone_DH088,-0.04624500419704303,0.2082368126854422,0.16058133303503647,0.26923458541250733,-0.12425607058978193,-0.12650484965479905,0.24578304068174728,0.19863551933236,-0.12984119034840855,0.04110091663528603,-0.08073311205740424,-0.09411583509093661,-0.09411583509093661,-0.09539292882347147,-0.013470790147599776,-0.1498060797753101,-0.2911947755109766,-0.08822648510234571,-0.10890892006740864,0.1407211182892953,-0.0944269244244136,-0.03943199005500031,0.1459046086057837
Zone_DH089,0.11601737741160684,0.5187613989601655,0.30272579191475346,0.11533720483787141,0.00606590714172478,-0.05340272097719401,0.3282691747906652,0.28502504298843667,-0.19286507909023098,-0.03727814021641429,-0.19266760366738617,0.0010657223092102042,0.0010657223092102042,0.09705934588031517,0.09538152618970241,-0.09834446842253908,-0.037253213008440145,0.0030241124482744963,-0.00765608775594806,0.2620126875573958,0.004605333203719975,0.047839876510823554,0.2837877861097199
Zone_DH090,-0.033199608865317476,0.2417330023351924,0.2271344520335683,0.05792114494983569,0.1496956962308463,-0.01847540033780329,0.1203223892295654,0.07469179701627848,-0.06268853711375677,0.13511938230501042,-0.08052931113847062,-0.0640364661029097,-0.0640364661029097,-0.02175695821543469,-0.015372591779838851,-0.06453843578423396,-0.11286767150670868,-0.04713420163988946,-0.08214372774101983,0.25709135720767645,-0.06259746978110228,-0.032046381691114345,0.254594552155686
Zone_DH091,-0.059930701863814384,0.23237989177500312,0.14639387690922284,0.009681295207666363,0.18477878060680325,0.08408490163760016,-0.023625842910471984,-0.07038499816719823,0.02622568295251368,0.139460463137144,-0.19111160775208746,-0.0690053938436366,-0.0690053938436366,-0.044224426179077514,0.012644545598815948,-0.10376518306305921,-0.1700802230041586,-0.046111044965065684,-0.0833074531972896,0.1640847993132185,-0.06784101448194366,-0.01658449103229448,0.16183428643855186
Zone_DH092,-0.07036066222792503,0.2915296016222846,0.17204396387432597,-0.17758167447736628,0.08231709001932924,0.19486502312807774,-0.021532091024758504,-0.06789589859615497,0.1353799645648241,0.08345758385139623,0.006638919607576066,-0.08343402988446608,-0.08343402988446608,-0.17717643464573657,-0.06328788364962251,0.021130014684372034,0.04350897615988358,-0.03928481978428461,-0.07803130250783918,0.09852752187358466,-0.08343753025547646,-0.08124488631452947,0.09626681779325935
Zone_DH093,-0.05725705015847818,0.1658856925866501,0.17416848979226934,0.025642739624907596,-0.031054428156301717,0.11438236900373783,-0.25514322186417404,-0.30445863170140397,0.00765680345746067,0.1533055178540067,-0.2287496170725067,-0.05567867457701574,-0.05567867457701574,-0.05438484428402671,0.02187531194825018,-0.06161476246763886,-0.06328941384902098,-0.0293139518921898,-0.059704264498363774,0.24011886507826885,-0.056457481703270126,-0.012602680960786594,0.2482377707302561
Zone_DH094,-0.002685799512166357,0.03972573765551829,0.006368946044117696,0.0031467141063427073,-0.13606198670650457,0.0592509941460756,-0.5528626684288247,-0.6054224125388714,0.00810187088325389,0.2004561069438321,-0.19087444404688503,0.014656566922047753,0.014656566922047753,-0.11493286680559184,0.05058798640087589,0.034586437043456986,0.0028311794330035944,0.03908093307282587,0.013928955498205473,0.022431052569083232,0.014747587789781844,0.03946520329968187,0.02029385756286403
Zone_DH095,0.047740748860934525,-0.031946222580819666,-0.04801226521845503,-0.011338910189056861,-0.23736968514247309,-0.03208122022745491,-0.6139029167213799,-0.6685896983969322,0.03307161026359452,0.14273997185132792,-0.15594069929705323,0.07073712957979979,0.07073712957979979,0.043927320046615426,0.08338632225043441,0.09940075139855557,0.007799322380847906,0.0887356243431793,0.07111479917396239,0.003461943218893676,0.07223985828255139,0.07829563896693177,0.00618665415176281
Zone_DH096,0.06490676670848454,-0.11175304653112361,-0.09728480178506937,0.05347137608161412,-0.2430387535293098,-0.01669201395761799,0.04148360437944043,-0.013861256066938665,0.04642586484329522,-0.10322530521360529,-0.023654913885850393,0.08135539238675833,0.08135539238675833,0.022963495056649075,0.06883346352195024,0.07649232533389756,0.023696989102668375,0.07099891449829046,0.08344095887172034,-0.08223385649981627,0.08261315311501428,0.061129085152420076,-0.07995197302531057
Zone_DH097,0.07038427322173985,-0.07488738533974632,-0.07800002108482329,-0.08292409187746241,-0.1736534804387319,-0.05644719032175799,0.08150662961385102,0.03002461663534628,0.04936218159200883,0.02711496683624559,0.12235797048250158,0.0879892763431669,0.0879892763431669,-0.14610587194277688,0.05515256169107151,0.09529393704690117,0.11099278539415958,0.0775841472351135,0.09079494247771257,-0.06622176656488377,0.08933044958727636,0.06259537859071658,-0.06723900317524573
Zone_DH098,0.07767203356741612,-0.0950056488468333,-0.09726969010583086,-0.18465913844677273,0.030776753367347698,-0.031104541468488844,0.06188878905396955,0.026507170181644724,0.05617699974979133,0.1064282835660979,-0.0764723516054024,0.09705159695580953,0.09705159695580953,-0.09966122024007973,0.08314862768089244,0.09125545745012723,0.0037396021862324824,0.08788645731734247,0.10029111177539049,-0.08391023688250573,0.09888924625650532,0.08216976719990178,-0.08470147726977896
Zone_DH099,0.052664690314842506,-0.0823941635017573,-0.07144436695683817,-0.016733310115363276,-0.20566077443397016,-0.03741029432992943,0.09023027851039023,0.038275460070606226,0.0366599102476327,0.053447182401641924,0.04408594984665887,0.06610609092928213,0.06610609092928213,0.08038100326062653,0.043757762179623357,0.06413228694844136,-0.03993413203335816,0.05403463522368694,0.06840796336224808,-0.06756738892612837,0.06705578053244782,0.043405925442820195,-0.06755285842315631
Zone_DH100,0.007117469285340346,0.0024112318808525712,-0.005554155392650306,0.12155018511623106,-0.03311703734284899,-0.15118606102967094,0.07189263026003556,0.05715269611184948,-0.011161694055568334,-0.03663896340971229,-0.04232169862428334,0.008653488388117882,0.008653488388117882,0.0541782204504237,0.00371409326618298,-0.016714485607566568,-0.06794924427597171,-0.0044140051382163675,0.008901103849688247,-0.0068109727082451554,0.008124895881495753,-0.008917627517781149,-0.00252177233783088
Zone_DH101,-0.04903617329738613,-0.009793786641244528,0.02954694128568186,-0.04813585263852893,0.05486803067331941,-0.008138984239387276,0.12173278513062424,0.12413827079449069,-0.029790966606883504,-0.0931217330025561,0.37213195440680774,-0.06615203922916817,-0.06615203922916817,-0.025061167277773716,-0.11477190576011045,-3.5695269684471453e-05,0.1573344895023553,-0.06685709028369827,-0.06524700194118792,0.02851432539671328,-0.06756611721056507,-0.08459151432659318,0.03191641596628256
Zone_DH102,-0.027964136946002117,0.0251264389011302,0.05354834409426146,0.0012682004699566818,-0.16705288714531566,-0.2070709254172985,0.09340196367395659,0.06008083458675573,-0.055148682722896025,-0.3469320257794506,0.0747189386279104,-0.03661982297030787,-0.03661982297030787,-0.06365882887412189,-0.044670504898978655,-0.030008450994721658,0.08583418457553771,-0.042214562479471154,-0.03565708627756116,-0.007177206173287265,-0.03780945794236395,-0.031152354626687737,-0.002050420884720572
Zone_DH103,-0.0425577724207213,0.20479065937734386,0.21072069345009103,0.02657342719377931,-0.03530688978557098,0.0835242489973897,-0.5985066987335487,-0.6043109349927974,-0.0038030476068876967,-0.11859258309465259,-0.07386077450474221,-0.019457194250513954,-0.019457194250513954,-0.06340717378375343,-0.04469535982500607,-0.00309855114564192,-0.11471533524886068,0.02214782975011942,-0.022726873019117355,0.13548779559200252,-0.018848716775316063,0.02418162087375461,0.13327047347638177
Zone_DH104,-0.06509907382688264,0.09179724209451151,0.07112537618025427,0.023114965560125933,-0.01786001056426928,0.08492173371063982,-0.4537570813999318,-0.5017080058371743,0.007637097401153814,0.08538189263458218,-0.031504646625771404,-0.03326672671824679,-0.03326672671824679,0.02714435860332365,-0.03622704192452225,0.15116819408712234,0.018974400238408462,0.021956111521728272,-0.035116574594312555,0.13575485868092935,-0.031332802715936886,-0.023973187348961256,0.1335561236552183
Zone_DH105,-0.05729439445981141,-0.08962001509922202,-0.09683411176996823,0.004892898093754927,0.017361913360614295,0.09051215520736886,0.0203712942842611,-0.026152149359745303,0.03681460953595844,-0.07072350494675983,-0.06481373961749365,-0.076800167302426,-0.076800167302426,-0.0020059237455078704,-0.03249616747595058,-0.04526372747684332,0.24236297371868698,-0.050401902818914324,-0.08568144482925563,-0.05440545128330637,-0.07617823254994291,-0.04702317297452402,-0.056534234669001066
Zone_DH106,-0.01631925544753926,-0.47906403694327593,-0.3345762160983946,-0.43204824542710374,0.2366606251967798,0.34326116640791293,-0.39214609928391414,-0.43551257890953815,0.7355305396626328,0.06569162382589322,-0.29124965214974863,0.24393208900890462,0.24393208900890462,-0.062278733373645104,0.24011135296079456,0.2278270679682156,0.02942099345404464,0.24095666312532393,0.2942292453196808,-0.3078704273455649,0.24683605256054164,0.21244835269358697,-0.3103122020475671
Zone_DH107,0.2904142542318065,-0.5171921247016404,-0.3544677093074543,-0.16097662155339534,0.12297991221713109,0.06842212843875672,0.04145822464692828,0.000236951297286625,0.13241709168066101,0.014864456850281926,-0.06569122460310217,0.34530188144876356,0.34530188144876356,-0.035113495145272636,0.22586292285725673,0.2626159387436192,0.01947197423076996,0.25002600134836006,0.4008107309972933,-0.32767061697920663,0.34112050203791844,0.21694543894845708,-0.3302156888436597
Zone_DH108,-0.03979238371895455,0.06440541861574856,0.16227197690364198,0.1820176314068428,-0.03532996880420014,-0.07180164353858898,0.2259796185771148,0.20113220444834157,-0.1057024462592841,0.060602162683230265,0.11452090992021374,-0.09379019385200046,-0.09379019385200046,-0.042146841626028164,-0.07637780735705318,-0.05630039979542717,0.1276912817899104,-0.08054971421363488,-0.10725219262636228,0.14586910963760508,-0.09392140122321835,-0.07949672130409591,0.14340535555144673
Zone_DH109,-0.06116708726212157,0.23125555124972258,0.16033714566059848,0.09016326447548295,-0.052823098200030644,-0.025978983258268168,0.13905930498991081,0.10227184202673711,-0.050567638726842265,0.13179459680564787,0.04530563864505649,-0.0896453166123376,-0.0896453166123376,-0.057849686678243945,-0.07180646753621545,-0.07955979481901032,0.12935586891982476,-0.08010675314050741,-0.09487320236335159,0.13288973819537386,-0.09138630613969226,-0.08463985998014062,0.14828123434099744
Zone_DH110,-0.05714795480248438,0.013981103075416668,0.008614620384068183,-0.08905968585686075,0.0348964048968643,-0.027810922806766614,0.041524501195934316,0.09185488928348229,-0.04009297292293253,0.16497281769069327,-0.02573020850565283,-0.07639767640556676,-0.07639767640556676,0.012096648716507119,-0.06306037000191178,-0.11382939581246901,0.06558379272715875,-0.0707605916869388,-0.07455290063129125,0.01660665228311109,-0.07802915643500019,-0.07229050080301216,0.019778229966956218
Zone_DH111,0.023779482973815637,-0.09845217663651754,-0.051046493066939896,0.1532191807700023,-0.15859907972591172,-0.2040011086839698,-0.45309521205493425,-0.5067521902062566,-0.0013372705206028332,0.220363138977536,-0.06625477727982068,0.04067993449944503,0.04067993449944503,-0.2456740581337746,0.047507578242670476,0.06058488269323013,-0.022430917782029547,0.04979822711742628,0.03844408856102251,-0.0978129594959059,0.041460439342689406,0.050125624254900844,-0.09940092058831534
Zone_DH112,0.0583159509045358,-0.03966399834546941,-0.014236264054129949,0.09280982464792731,-0.13482445997004994,0.02386462630780628,-0.007056061800794988,-0.05935498591236832,0.04399491230638533,0.2196142776040555,-0.0837555551069201,0.07361105125580968,0.07361105125580968,-0.22287347191365364,0.07153496751695533,0.0616614554492729,0.022437960930577705,0.06401843523094644,0.07527607163347518,-0.024955696128980936,0.07485622451277604,0.06033245592078501,-0.02683441346970239
Zone_DH113,0.06565420695817137,0.010237881350006084,-0.012032951542244624,-0.11439005815137426,-0.029677570967109546,0.04832406555949337,0.010767059090567965,-0.03468517301514207,0.05119828528655125,0.10719179672574963,-0.0675515415903776,0.0826266691929762,0.0826266691929762,0.37920469772926063,0.07097573107152097,0.07567255546034603,-0.043077065763390654,0.0737883623651178,0.0854988951516438,-0.021223570485541604,0.08394778787075971,0.06585310411481567,-0.021847807767611083
Zone_DH114,0.07586981961894519,-0.03695528413984436,-0.05168234042388073,-0.05254095305116668,0.15186026580548379,0.3380016700867826,0.06783290899313099,0.020392045482721,0.07160144783714122,-0.042320182237009285,-0.04547611240779545,0.0947160205290789,0.0947160205290789,0.31119776049178555,0.08231516032407142,0.08773270152520153,-0.043465961883551896,0.08497725975712284,0.09742104497106127,-0.04176442238544556,0.09653120194557611,0.07980082581134518,-0.0385605994500787
Zone_DH115,0.08314752139330232,-0.004819932626188489,-0.040839436763711184,-0.16057167579009923,0.10146194342168041,0.36339642899978963,0.051032398794756184,-0.0009443328392880757,0.07713913809157671,-0.02197827392348828,0.003304331127579746,0.1038188532049407,0.1038188532049407,-0.1235708027990737,0.081769864967464,0.104971376193704,0.006989886352005259,0.09577648892920618,0.10697071337021169,-0.030337247065200273,0.10602240319059232,0.08531621975705042,-0.028945252633010732
Zone_DH116,0.1049992634337914,-0.07775912599628768,-0.08784592056405158,-0.19384372395062188,0.16821069911722697,0.007849939228664449,0.03248492267142189,0.0028200145696593015,0.07877310375842729,0.1523972426659005,-0.07942278344410762,0.13028113427733212,0.13028113427733212,-0.12326990058804402,0.11345053159552095,0.13357281731892853,-0.05160703921253296,0.12516459517725242,0.13369096029278582,-0.07380139109171847,0.13241721091605219,0.11501341976379632,-0.07487131166135719
Zone_DH117,0.10318666053580589,-0.12919782263819896,-0.1106687073181974,0.00873038340199761,-0.12244469719706452,-0.12302553578497827,0.056152572597596095,0.008281550496683332,0.07245077635201787,0.031624971282893544,-0.010573938874268246,0.1278313293321051,0.1278313293321051,0.011680811608228148,0.10423525145156032,0.13205169002142314,-0.015946783799193565,0.1217031091604229,0.13069521199244652,-0.09429833792298097,0.13003541103567498,0.11025430664059144,-0.09487633228101942
Zone_DH118,0.07022271143500065,-0.09686759907541914,-0.07838523719785787,0.11331005011848383,-0.01519503166633146,0.07801893605320698,0.021405804567895093,0.02543957425560117,0.05530803010100363,-0.21287980187584454,-0.03911307095681485,0.08749313415739852,0.08749313415739852,-0.0141501759878086,0.06799445916826366,0.07736819367868905,-0.012187774328229706,0.07636335583035275,0.0894786932021099,-0.06587688238510953,0.08866748000627853,0.07738560835472053,-0.0641637397407753
Zone_DH119,0.012211873200388986,-0.0038587660536318347,0.003656610992335496,-0.029024004012684346,-0.1423245036344625,-0.15911442315366556,0.08012850796155868,0.07417275234428211,-0.006043241406266473,-0.1365146857678886,-0.012107235288611295,0.015511235530773831,0.015511235530773831,-0.11058743066097951,0.000588697456296472,-0.000592015503190442,0.04471837674090262,0.0027087691802910596,0.017310663658233055,0.005341077891720586,0.015183495239032986,0.0004060137284967111,0.008000813240457344
Zone_DH120,0.012932282821818632,0.02054874034598203,0.040674420314244786,-0.05180992052870459,-0.18308470258809512,-0.02687754227809963,0.1144935237705762,0.0623909997320955,0.008478257543756113,-0.3272459401940189,-0.01573088122823088,0.016697974037397305,0.016697974037397305,-0.10395769766834467,0.008084800080092054,0.005503041437364409,-0.09961376751462936,0.0044592232864972894,0.01861500833073209,0.04067216635754439,0.016605776644670812,0.016549289076584497,0.03871158885328607
Zone_DH121,-0.0005596812966939153,-0.007371432528360644,0.0033002240538062833,-0.018558593950496416,-0.2186478943027407,-0.11036498476967443,0.11662850533652436,0.06542429906453873,-0.011781717382152206,-0.08901652120017689,0.0023953709105836163,-0.0005939166740825605,-0.0005939166740825605,0.14606855057668477,-0.007831607073048169,-0.009165075259431832,-0.09191807735089663,-0.011917946501602286,0.000845082788507593,0.008134413735273738,-0.001587953462171254,-0.008741094799317312,0.006019269588930148
Zone_DH122,-0.03276176627995818,-0.12142699581471658,-0.09086539361580775,0.030760088503965832,-0.195001659137573,-0.09907252176337236,0.14566569664008033,0.09463438628028753,-0.03942025471283083,-0.023370649410173416,0.367459534214879,-0.04359635936061197,-0.04359635936061197,0.15861692653068205,-0.07285025755057072,-0.005107856925741255,0.1981913161396356,-0.050200004541935475,-0.043745544542604445,-0.0790761994708638,-0.04495891282668497,-0.07719328520685792,-0.0810897901313086
Zone_DH123,-0.04763022381469222,-0.14387328020055376,-0.12720312534846193,-0.07218947784736907,-0.1266992729047143,-0.011757152053497893,0.16004960256800616,0.10977555797376204,-0.029389608554115168,0.020670903703998267,0.05897861807912885,-0.06334598318297285,-0.06334598318297285,-0.015697481640506744,-0.058224991449484426,-0.04946714013947057,0.16412168755701628,-0.06402107908562737,-0.06194190110763914,-0.11301402821049186,-0.06529210594112192,-0.08056581310825672,-0.10981992208677621
Zone_DH124,-0.06214143354737198,-0.13793373125317307,-0.13650315611579308,-0.07750766880084281,-0.10440978703477631,-0.01534749267153751,0.07347937205428234,0.024296115104236682,-0.039881738487976756,0.02431998019306092,0.09253143791406626,-0.08172199239311997,-0.08172199239311997,0.02154576166396463,-0.06588990846150439,-0.05615197091237298,0.08754488212198797,-0.0687936260846703,-0.07994944297473794,-0.13619194362463793,-0.08371242961128796,-0.087944725499704,-0.13817651339387615
Zone_DH125,-0.05195166986571048,0.00918097850966726,-0.034540552009385495,-0.12344966832111859,0.01357726130927589,0.048998046418895075,-0.09954886227151605,-0.1451498668181478,0.01489279124383705,-0.03628684470091148,0.28756984509161176,-0.06111442669876302,-0.06111442669876302,-0.12407311203305253,-0.09614704669339025,0.1792381300166742,0.06298839495262443,-0.002780230952710072,-0.044893944616314435,-0.04106957292238975,-0.059611739828555,-0.07320481212552271,-0.04365089586327495
Zone_DH126,-0.05001255777450733,-0.05447584365451913,0.014660180883803386,0.05687126466734038,-0.05403618920910266,-0.037828246530654835,-0.01245039068631315,-0.058790724710362285,-0.07553085592295705,-0.0055544329897416755,0.06363162846539827,-0.06617948866953141,-0.06617948866953141,-0.015063331645373879,-0.053730351360149864,0.01992518279885319,0.09233693954790756,-0.04031822378988231,-0.0788425729675376,0.07573256603225037,-0.0649129607073663,-0.04958462663458402,0.0737693289718499
Zone_DH127,-0.04133260518367533,-0.1120510269246501,-0.07553321314896572,0.20819802843163104,-0.1444540246520959,-0.17710830565487307,0.17648121268692019,0.13898960495241952,-0.07403947168592807,-0.0651160611360746,-0.1706540580784623,-0.05971469563372231,-0.05971469563372231,-0.1446246512365869,-0.0038441232767824907,-0.11328515232609157,0.18648886024665656,-0.06671521278653092,-0.06378007538116218,-0.06903106718789381,-0.06135338413970091,-0.032267303758256705,-0.06692486013519916
Zone_DH128,0.009502276071400511,-0.008496013288544269,-0.00198185664750411,0.08818109932539209,0.1778912621450443,0.11215970236473399,0.08538724845170165,0.057205852132890755,0.020131202195012757,0.09899880963361041,0.041192651648378875,0.011965012095522106,0.011965012095522106,-0.1715998025970065,0.012534418987977053,-0.00821962749951774,0.016439261242122694,-0.0010904661608403532,0.012478400232874385,0.003781463258780149,0.011626208769095295,0.01104808650564762,0.003322064353741494
Zone_DH129,0.06788459144216472,-0.032871530392234116,-0.024536269292072782,0.04054085125930329,0.046574927828363866,-0.019889387685576576,0.04262282137702322,0.005603324135959098,0.04890678415963576,0.2027651506608089,0.1863150925127262,0.08486022924345016,0.08486022924345016,-0.20239106062808862,0.05264441688751356,0.08784832184256695,0.1948425319257937,0.07446477088094827,0.08710077907103958,-0.02069998664912684,0.08595422761501678,0.05945997004846829,-0.022152063240916148
Zone_DH130,0.09433418765288365,0.07597299423879506,0.0354255223986481,-0.09759988398082542,0.2034119897024299,0.11891975691969214,-0.037526314366639,-0.06766347067204814,0.07450432331241627,0.183190733555036,-0.09511300098697838,0.11753676436511723,0.11753676436511723,0.08591030964666274,0.10710122957064955,0.11555295023457453,0.01571296066529293,0.11227457575592757,0.12059944749520207,0.0382563070902982,0.11967071738533439,0.1051453124905452,0.03839237592111777
Zone_DH131,0.0671379327293692,0.22243346788580998,0.14342643910324804,-0.23715351762242198,0.18295883489109205,0.07949229139703295,0.054194440365773144,0.025056248230854172,0.05438589169081112,0.13932012280023776,-0.09916760076673263,0.08434247056737963,0.08434247056737963,0.47533752825126213,0.07496982930866707,0.07381665285620408,-0.06441270560114642,0.07454461821069927,0.08773078666111171,0.1295457302201029,0.08594984118723996,0.077909776021214,0.13030779161625777
Zone_DH132,0.04436051444719097,0.13575728982893537,0.09945844720073807,-0.22797775542968213,0.3147059760050431,0.003421611098317956,0.06735074637597871,0.03762643234991081,0.03398007516754013,0.08977890913049102,-0.0918066584516977,0.05642742804799092,0.05642742804799092,0.49749449665721307,0.04870787797236886,0.03723671729089947,-0.1333257727682482,0.04521049155967003,0.059723399411776214,0.09522575211551673,0.057328883954417875,0.061354516797275896,0.09622838784199125
Zone_DH133,0.036694951317306754,0.09279065725895774,0.04697485057537551,-0.22254739444968463,0.14987264097091807,0.04501625238111473,0.08627888335822897,0.04880719134347855,0.031840620480249604,0.04729124336271717,-0.05337136235956441,0.04689440443262993,0.04689440443262993,-0.03555337878391651,0.03626284617367661,0.03823595676004437,-0.032956592530693274,0.03525706865110093,0.050174549492906374,0.04654439411754224,0.04741904358445324,0.04176477463298198,0.04874139634219282
Zone_DH134,0.06066883795101503,0.009372049259493975,-0.008877345203324921,-0.1379162418342872,0.2912158050836447,0.05341256121808485,0.062174707602247525,0.03696178301930719,0.04823750975396516,0.14420472350915747,0.05382697229642763,0.07618785170475484,0.07618785170475484,-0.10888307467919997,0.05240367926608151,0.07022560263205783,0.07511863416740017,0.06517903827723838,0.07913469963744808,-0.0040093799082895065,0.07734716172722453,0.057170742687247866,-0.0026473960603965174
Zone_DH135,0.06818340158193499,-0.019349369654657833,-0.008014720102687112,-0.034199600188247414,0.26128814450541343,0.17941983672760264,0.05663225877314371,0.024271268937192336,0.05937145118765994,0.07424523068746647,0.0292224923542046,0.08527670314907392,0.08527670314907392,-0.17134936332988196,0.06177223926159461,0.08373580394904892,-0.01437359603466526,0.07462139116539138,0.08782262179456572,-0.0022578576543229034,0.08685027857066371,0.06693761088689455,-0.002201888592119755
Zone_DH136,0.04423949096942583,-0.06556980656281747,-0.037956473609503744,0.012865742756299703,-0.11415173314376953,0.0718735673223298,0.06595972033637054,0.030299708646938983,0.03769594888649319,-0.09185214960353083,-0.11678411446007993,0.05578331719262725,0.05578331719262725,-0.17102779422251047,0.054299150152446754,0.036014867389298266,0.03523336423785983,0.04328025966577115,0.057716747269848684,-0.028466692638326574,0.05662596935966748,0.05641813498610708,-0.028243421528802687
Zone_DH137,-0.0028613576008278477,-0.02253465541035332,-0.030752220473972913,-0.07888830698656535,0.07822368613369435,0.02492337105147996,0.004992717757576592,0.04197496362705955,0.004080814355519283,0.04428077740741698,0.13075608185557563,-0.002750612308600504,-0.002750612308600504,0.17748474705273426,-0.04602137114463199,-0.005283128647765534,0.1173460375738814,-0.012643406167159213,-0.0008985120537683446,-0.020203977592721828,-0.0033174915425132658,-0.04577124339760462,-0.01858679368629615
Zone_DH138,0.0313179801037298,-0.06860206635863145,-0.028290244533170777,0.062204327231454415,-0.07386626062251278,-0.1801140113281933,0.05466879338867159,0.03184220114948255,0.008433609099907336,-0.21203916930887412,-0.06086814755986075,0.03957598366589866,0.03957598366589866,0.05831660147975304,0.03731173729054111,0.017023723474904676,-0.12086747639726447,0.02685100436911495,0.04100692426505122,-0.04363218114450132,0.040004102858427946,0.03654535341618273,-0.045623888126583356
Zone_DH139,0.029658773404089137,-0.088495081487696,-0.061438536172214675,0.04206517491033779,0.16380972100445595,-0.011756454939388983,-0.007092441313489961,0.05123197072063346,0.021254925161026873,-0.13932727308875115,-0.12136642921828579,0.03742624754277216,0.03742624754277216,0.06843739468632604,0.03864901825336349,0.007891924262227637,-0.04009959355959625,0.02417123703611336,0.03893206162475776,-0.05148786477088285,0.03781073734244624,0.04082725989876353,-0.05341208855178797
Zone_DH140,-0.006230090182943446,-0.03357904516354199,-0.039192713937203,0.016929078180115464,-0.0706615558119722,-0.06941338444654907,-0.017116124973485025,0.06661948086395797,-0.011699746573510313,-0.010942016171622049,-0.07478682621662935,-0.00798648932449448,-0.00798648932449448,0.12745753487380201,-0.016545531818911968,-0.038223506785994996,0.027447656537608278,-0.019030195841029315,-0.0071202016446116,-0.030860958766990215,-0.009050759410284801,-0.016882966873755997,-0.032484210373787764
Zone_DH141,-0.010988541109597686,-0.07881776935947868,-0.08704697401623743,-0.09180790449359322,0.03333156436693996,0.16814663689168496,-0.40351607243571935,-0.45399313951757997,0.019739022328285435,0.016014879780448465,-0.23301450620690597,-0.0018802993025428157,-0.0018802993025428157,-0.0324564246250863,0.049747338392962415,-0.0021081199596803685,-0.10186658306042085,0.01617108737440287,0.00026291538603485237,-0.10730989161325413,-0.002436703335717001,0.029464582842774922,-0.1093513450983445
Zone_DH142,-0.015194153680914518,-0.03334766639944442,-0.029878730128833353,-0.020238653154069808,-0.03566347076458004,-0.02515448941592391,-0.590740731434292,-0.5453925002770598,-0.011328052052020969,0.011898520979925165,-0.24012632052243307,0.0018642940808571151,0.0018642940808571151,-0.15290389620664474,0.04440251688626884,-0.025002157968569735,-0.260381150398959,0.0233881610326436,-0.001516046512104928,0.0615806025248615,0.0017769678768181987,0.04300477584779461,0.059452291844860006
Zone_DH143,-0.05354784185060685,0.021276623330813926,0.04022925626344398,0.12404836907149563,-0.09164089329230832,-0.1535358090515106,-0.18209816404586432,-0.23145947152265967,-0.08715259490017303,-0.01752963288633691,-0.23204759606164482,-0.05403804739905717,-0.05403804739905717,-0.13819261099857505,0.02966454012776809,-0.08156233128495913,-0.2804788901800162,-0.038912165142465344,-0.06412953874961748,0.06137279753203356,-0.05402761143293772,0.00532077639029041,0.05959217827890401
Zone_DH144,-0.05345532831335803,-0.16432649115579293,-0.11552287272272954,0.14604193684460365,-0.14030187348361206,-0.1573094839153686,0.255887626165042,0.208832841741319,-0.15508775742152087,-0.10980575276926152,0.07410713655623197,-0.10243295736191627,-0.10243295736191627,-0.027893605833235413,-0.07758194354656611,-0.06739392251888399,0.0759255960740588,-0.08950215593795235,-0.10977428505614328,-0.10849609348642478,-0.10335222946029206,-0.09467914416290252,-0.11083720461472352
Zone_DH145,-0.017581094399888468,-0.1400500224320287,-0.08682743196703696,0.16276449502013546,-0.20224027638625364,-0.28479754118453604,0.15507698384650093,0.11534907378065073,-0.05826889881911823,-0.06119367264139153,-0.10819048913224855,-0.024920490401479967,-0.024920490401479967,-0.15830641895512737,-0.0039675515363686575,-0.06448692880154999,0.1394386438440991,-0.0370758165170164,-0.025993732271018213,-0.07845164616234918,-0.025882217229569456,-0.026315451731203712,-0.08071763396184767
Zone_DH146,0.030268381332233807,-0.0204548200123591,-0.014901708915207396,0.07991627844181404,-0.1308045500135604,-0.04544234255602703,0.027790774662339368,-0.021186969964159585,0.01870366039635335,0.12949551033987916,-0.040536707271655176,0.038835553159175897,0.038835553159175897,-0.18787375041056834,0.03763275721299253,0.022282342457330552,0.0835671343818003,0.02756981690252816,0.03995957912101968,-0.004026938161559246,0.03907451056384243,0.036622864729188735,-0.0044414477259298035
Zone_DH147,0.07731292398287791,0.03592073014639352,0.012347150197234369,-0.05484649723632817,-0.007121608209858188,0.003163963146738502,0.06707770097300803,0.02602194744290154,0.057381479882439426,0.15181696732050043,-0.061823701460573866,0.0964177119263803,0.0964177119263803,0.558958449331258,0.08690277746619197,0.08783227363081274,0.08914728001049166,0.08674956322590442,0.09919118841108922,0.014826377951216219,0.09767617339055325,0.08448203973747764,0.014699818067259812
Zone_DH148,0.0922461978061375,0.1312302085152796,0.06823127237043988,-0.20886027236904747,0.46072427430523966,0.08729751700147181,-0.024039283119833055,-0.043135935424159166,0.07213722038952726,0.14614357687268864,-0.12423955671567485,0.11503504612534776,0.11503504612534776,0.6852161522222708,0.11057198352055136,0.10841912286953817,-0.07132110145572945,0.10931437447293632,0.11844774223987786,0.06681039053084406,0.11745114431549095,0.116696801894138,0.0686651308636449
Zone_DH149,0.08907512468324483,0.16119585892273558,0.08678552853750385,-0.2895378248943081,0.34717698243225864,0.05687461594232057,0.046489297695289644,0.010959569265506008,0.0686857285002996,0.14680553601981694,-0.09504312647261377,0.11110281985926129,0.11110281985926129,0.22107263203901117,0.10513641798396814,0.10379061782266268,-0.07126085952577377,0.10397066480206815,0.11474173767781431,0.07966352591129025,0.11286937743322727,0.11568980843099685,0.07996580755917196
Zone_DH150,0.08232194759534109,0.08819946602168954,0.0299459829501581,-0.3227130785815576,0.5134813456973142,0.19691057178206572,0.03783867869551272,0.015874432826368245,0.07000558851197751,0.13253095607923215,-0.17210855692763238,0.10296042522345131,0.10296042522345131,0.2534733228181187,0.10427225386265396,0.08686691997506335,-0.0193147506490291,0.09505684667171274,0.10669030553090038,0.0315097794891023,0.1049814116162224,0.11101217330649713,0.030029325158986958
Zone_DH151,0.0679089855487031,0.07558685952306138,0.035230963219253064,-0.1420493859621048,0.31975512362028097,-0.12083327899921215,0.056602308143601454,0.03213601686459211,0.044020151392299985,0.025581771611979387,-0.04861899294214386,0.08505716505721286,0.08505716505721286,0.14264621227403157,0.07189236155190676,0.0734056893023892,-0.08628702768110663,0.07467614817087169,0.08809220716808741,0.03570109167071109,0.08637216020118814,0.07725080238471753,0.035296353641990214
Zone_DH152,0.053805832728051076,0.001028515557280285,-0.0033819515944950584,-0.044358783894864695,0.43943938067757354,0.26119924327390376,0.010221868453280769,0.022911606868064816,0.055547280935377856,-0.010547672060358004,-0.07288435965335471,0.0677323151644699,0.0677323151644699,-0.15432416916910757,0.054207634622677255,0.050798454321467165,-0.10851211275102679,0.05623288807851662,0.07011911742947381,-9.01654906494409e-05,0.06885944178314468,0.056879624151713,0.002425930129196452
Zone_DH153,0.02618352987556352,0.14609909227571494,0.11855183379311576,-0.13430167046029584,0.2847349976391594,0.12390409138788372,0.08074064123712776,0.048400986423097536,0.03145088546139476,0.1383942969196449,-0.09863733398903882,0.0336987929295592,0.0336987929295592,-0.07753167871498526,0.03243980149372907,0.010380401775372639,0.04150207540784934,0.021685634094361715,0.03634099971883189,0.11232743777168464,0.0339855029772309,0.0404322335624253,0.11176449816712553
Zone_DH154,-0.001125138259315742,0.1590481214686092,0.14203401399255797,-0.12977220295282732,0.3291401574888995,-0.21123926872848872,0.08411081320452185,0.09156892303569164,-0.02370135573104424,0.12108927846021555,-0.020610509990464237,-0.001175769127743715,-0.001175769127743715,-0.038607411332588076,-0.01076960672898885,-0.016879822533273303,0.11417493813642521,-0.012506305057003508,0.0014579543843764187,0.12860515663071492,-0.002066764818275616,0.00043809785020448855,0.12884052633080825
Zone_DH155,-0.01752275133901253,-0.011545948140120055,0.0037628649919193013,-0.09394025294391328,0.08430479770320692,0.10982667501251264,-0.07056474770172128,-0.017691213173177567,0.008912269509338107,0.06967770775091986,0.033501621064217946,-0.020176571427633593,-0.020176571427633593,-0.05500030522796981,-0.040033652388408336,-0.02850162742978772,0.019794118895339108,-0.024909809436953395,-0.018462725763525995,-0.008897068123879609,-0.021328285365785293,-0.020197690256123543,-0.01118964095698316
Zone_DH156,0.03698723896091392,-0.09278201241157796,-0.06996096351515915,0.006018231960411735,0.053847865913789095,-0.05355369242496638,0.047023304708777025,0.05585698560833341,0.02357755834308253,-0.09661055172109023,-0.11156340477789535,0.04656207062363167,0.04656207062363167,-0.1560070721645331,0.05284578295472336,0.016952284805106656,-0.017409842558804955,0.03340950178347381,0.04849860345120349,-0.06027616584253445,0.04717692710836747,0.04959960484449754,-0.06185412091494158
Zone_DH157,0.02895511361379937,-0.07063647852145546,-0.05579833826720959,-0.027676194216023298,-0.16927454124214117,-0.14491297223948268,0.05245695840948239,0.060290196874338564,0.010024945250257497,-0.07619641264290444,-0.03892839759462363,0.03663360074763161,0.03663360074763161,-0.13008931346537447,0.03244711921955463,0.01528066411607737,0.06495782901825486,0.0235963860749491,0.03865671537591299,-0.04717772389046629,0.036774925893178316,0.03989038465478488,-0.04912997002113445
Zone_DH158,-0.010825874022378949,-0.03679559502470764,-0.038427797147700976,-0.03814918843429893,-0.22057309026087757,-0.19781204025749985,0.11688343691193426,0.1006829199541861,-0.03297163107606266,0.0349911622798168,0.048363072582697286,-0.014261499331844733,-0.014261499331844733,-0.07630360008147619,-0.026622321573251936,-0.018872556157222165,0.09664824004134531,-0.025223610946433578,-0.01267461804198113,-0.03398800043526709,-0.01545185781923367,-0.023104394959366864,-0.03565687248794494
Zone_DH159,-0.021685474572470314,0.04257063013296458,0.00499079593945595,-0.07195201673605667,0.21035835304619427,0.18246112937983328,-0.3658806491017031,-0.026634857521043664,0.019506620639208022,0.0365578064657871,-0.013286552350896652,-0.025288201521238434,-0.025288201521238434,-0.06516432040932177,-0.05537315058623238,-0.06768593549222858,0.07721167651469629,-0.02907742297660096,-0.024079880334669117,-0.0007205013918644698,-0.026650144858170906,-0.043391301575956234,-0.0025831273671781674
Zone_DH160,-0.03545539221049124,0.07323634171033849,0.06184079540909776,0.08181595838429967,-0.010176188315361934,-0.12647470822390283,-0.09712889038749206,0.07790626289886227,-0.049292979574691025,0.014273370117676487,0.02756665304876693,-0.04722675301691575,-0.04722675301691575,-0.11295894295756825,-0.042924637869473245,-0.09495846272150052,-0.10127559852014778,-0.052854584656131604,-0.0486843621066226,0.06531087643684536,-0.04862033983855666,-0.054540702472786876,0.06350237959362534
Zone_DH161,-0.05339801790518889,0.1160829849047526,0.12847608912874414,0.2567633220029625,-0.15992745568085975,-0.15182803306647227,0.23019206766793,0.1821158497397677,-0.11883521072286225,-0.02147369863102,-0.12731084077703023,-0.09128067401490986,-0.09128067401490986,-0.11197353253319325,-0.013992966681307228,-0.14765863923162847,-0.18603840860094156,-0.0884213482235465,-0.10191722178783674,0.11214802178578537,-0.092223700321617,-0.04551025865401126,0.11023134379954375
Zone_DH162,-0.06232049160896082,-0.162538518156821,-0.13440779796164765,0.05734173706561285,-0.09770138891066024,-0.06882625397910833,-0.4649569807265122,-0.5124341285151748,-0.083994198270465,0.0390895437162565,-0.2948490886313059,-0.00922853122901976,-0.00922853122901976,-0.031106511083811017,0.10746148040298265,-0.0399159251961676,-0.2077977481185912,0.03586500841224238,-0.02372155470915127,-0.12280599527278771,-0.0061549965391641814,0.08298357375046739,-0.12498702406236828
Zone_DH163,-0.021176941845452647,-0.08725265760832515,-0.060579088706093076,0.12245809361037252,-0.21588745806476045,-0.11389938973001004,0.04253869164511004,-0.00903637584547945,-0.032574524356153114,0.018446578213668352,-0.11909901141541535,-0.026875993566343907,-0.026875993566343907,0.10218577867684936,0.005837477920529216,-0.05802945708648516,0.02943363862099313,-0.033017161685235455,-0.027873107969805987,-0.06094735930044343,-0.02814535112313655,-0.018783224176678798,-0.060278470363303666
Zone_DH164,0.04411199101290928,0.06316452605189687,0.04247949213062399,0.06922753896408396,-0.034962612136197724,0.13907816104584725,0.0792150028901476,0.02966956678851329,0.04171962421685543,0.08807063128415304,-0.07052084737970671,0.05549146427515822,0.05549146427515822,0.034664698550412876,0.05247814444180651,0.037734829423886895,0.1265548419746747,0.04282529051195575,0.057103246348084065,0.0318027861564924,0.05592818839786819,0.04290989439288006,0.03029635660537308
Zone_DH165,0.07036388488434928,0.009217073953243837,-0.0006623867279502149,-0.07196630161707496,-0.016691612150079915,-0.08971015591551995,-0.017097747937235286,-0.0643324495863572,0.04765854180484255,0.09313693049733873,-0.18153509163618542,0.08845469745333889,0.08845469745333889,0.5899692749305833,0.09809032607096307,0.07287819705066068,-0.054598656570268966,0.08061431113823922,0.09118394356593106,-0.007250684213962161,0.09004562252517631,0.0938312314615637,-0.00773141785833828
Zone_DH166,0.05916996293473839,0.009413206721410938,-0.010096432514016013,-0.20664869159730048,0.2536767598415454,0.1546028118425241,0.042951144096382565,0.014122619904415101,0.05290139536659155,0.12402266853831667,-0.09058467061257379,0.07463974409023794,0.07463974409023794,-0.0709271761203526,0.06663812918750062,0.0629528243599389,-0.1058954850085373,0.06448108363820056,0.07786517156344441,-0.013880594665491602,0.07580320848128483,0.07233322214922876,-0.01297553094001258
Zone_DH167,0.07585051175341533,-0.005587902417355017,-0.03522790046655461,-0.16663397029682248,0.1903808848207314,0.17084157386461085,0.05212033304244579,0.014029055109328503,0.06425750704065852,0.12777336512498938,-0.15694820968577788,0.0948985530700578,0.0948985530700578,0.14457651543722017,0.10099772285679834,0.07820699208147516,0.010847273783787248,0.08577855107119788,0.09802938077996541,-0.026302423063641056,0.09636481062604475,0.10025012821057991,-0.027041568522609694
Zone_DH168,0.08116974822878201,-0.03631867349447432,-0.0602316307570232,-0.17689504311458903,0.14342215959251686,0.19867810927188212,0.04843762846937072,0.014389492918032265,0.06881746366201141,0.11833536344074558,-0.06188759496464913,0.10136688484971088,0.10136688484971088,0.14586779840819208,0.08805590023546324,0.09639343939362016,0.026969114771426828,0.09277668279670631,0.10458660608247031,-0.04920506118179577,0.10349507279601157,0.09150281891679693,-0.051290474645743545
Zone_DH169,0.06484009603964075,-0.03042807691860741,-0.040864962775616326,-0.08948536401913809,0.10894589440850272,0.0826289446367251,-0.07462173500249503,0.029259087023567276,0.05236987724505586,0.05939157894542235,-0.009908032096861558,0.08125594854865403,0.08125594854865403,0.10825434184908639,0.05335326107868339,0.07426058638070282,0.0520297487207485,0.07046411316015941,0.08401130268806793,-0.03247741836319071,0.08268753127095549,0.061707353177446085,-0.034243523780033425
Zone_DH170,0.06002989377819479,-0.049410322690353836,-0.04674138365408109,-0.04313709670851673,-0.040440887217278176,0.08793614517585746,0.050416015290761895,0.020855640981697898,0.04921135846622255,0.002127088974764768,0.0038985652180860975,0.07535343867451083,0.07535343867451083,-0.15940115256796988,0.05697092006225242,0.07146282319113591,-0.04879092736778645,0.06430350474877895,0.07783101505833802,-0.03645889036833211,0.07660966009418803,0.05732059975578946,-0.038504655562066475
Zone_DH171,0.045039021240992266,-0.07354890057991229,-0.05046000068128967,-0.08563385163303572,0.19739575038558993,0.10366072962383055,0.05844237511337935,0.030483270745910063,0.04073394451022141,-0.15394250579041313,-0.046852099635539074,0.056991113284377934,0.056991113284377934,-0.12342075283364104,0.04582071455517623,0.040308371460439245,-0.11129663365569331,0.04521637347119531,0.059505711771906736,-0.03959663107420827,0.05782515902462602,0.05131680710306752,-0.04169130563354839
Zone_DH172,0.015617323545616705,-0.014261588821079363,0.014006725808803966,-0.04067429320780014,0.44014272001011207,0.10345747942833966,0.06937211019078182,0.05858234339194168,0.023079316744480112,-0.15960679658620025,-0.025537874290900126,0.020103368111857086,0.020103368111857086,-0.11407550314805434,0.005471477044802678,0.002587452600662399,0.0023556127352373224,0.007607744575955894,0.02193712924130658,0.011097139196396683,0.019688634454195213,0.02178424685235547,0.00890597040992655
Zone_DH173,-0.011496593486924073,0.019643111633891597,0.006394991029353203,-0.09398063717834759,0.1322251144839398,0.0687531305119613,-0.11767204274292242,-0.05351913908061656,0.005250518313330101,0.1071799083911058,-0.10258207002699471,-0.011741736488241374,-0.011741736488241374,-0.07104229703509576,-4.59283917923492e-05,-0.050228323383123705,0.031367795010479926,-0.01654428927406891,-0.010206253017503868,-0.0019070310428540849,-0.012900845901987507,-0.007397599121897497,-0.0003740765789949918
Zone_DH174,0.0075855906333242695,-0.029586351447079384,-0.053205754638371794,-0.11737561723980872,-0.21459298621551964,-0.054739375966509796,0.11288928469416504,0.05981646098238991,0.001891154005195024,0.09729300258383344,-0.07239713196857389,0.010246393396979638,0.010246393396979638,-0.061206790754534945,0.016579440512335716,-0.009740286633182042,-0.06831567419713991,-0.001055112340602446,0.012704665286443,-0.055863099701297686,0.00950833055770265,-0.003712526581946471,-0.055627669367096094
Zone_DH175,0.006089525662301459,0.08172878102059977,0.02015246423189071,-0.08170191145784333,-0.23111056421223766,-0.08587892426052621,-0.35103919706066833,-0.4040315664066766,-0.002962397761292399,0.0482471226221215,-0.12277155220521854,0.015676890783609995,0.015676890783609995,-0.05073041570083184,0.03903790527577648,0.02048987925568506,0.031073628146175425,0.025874981914949052,0.017967934825667397,-0.015819092397036244,0.015533593821269967,0.02207114786476587,-0.018058590774756023
Zone_DH176,-0.05041365945986691,0.014904058216939187,-0.026117655508362786,-0.1357460062364313,0.09191176061877865,0.35698580654154477,-0.1101668139912022,-0.16036471313488931,0.07000411314604976,0.09697201018977308,0.03814748771756399,-0.055626080689579534,-0.055626080689579534,-0.01467221783074324,-0.04869259777558152,-0.021458600118176463,0.12341065581105337,-0.041892264271535945,-0.05461694664548397,-0.018305340789501745,-0.05669507971043224,-0.061507914047925244,-0.013546335325581388
Zone_DH177,-0.08030145057222363,-0.32581161750166154,-0.26172808977546885,-0.24809612923216134,0.1908480846667963,0.42722088918685913,-0.16794473654609088,-0.21556685049317337,0.2205228088700581,0.03862794566561745,0.09368338053588238,-0.07798441988589946,-0.07798441988589946,0.08146375328848826,-0.0682088219789401,0.05900896578564235,0.054851168831311914,-0.03442457294448664,-0.07343009314041099,-0.22707611929506977,-0.07844683788254175,-0.06552564211402312,-0.22895693504909978
Zone_DH178,-0.061686578192958696,-0.20532807137401402,-0.16485016300555277,0.03014181892620449,-0.06330780369766975,-0.12499649451862707,0.1352998044404362,0.19959518798089637,-0.13038496991741014,-0.010824995510530955,-0.12307935852356333,-0.10773517826586854,-0.10773517826586854,0.028377915937029236,-0.05209018235486029,-0.19188451268828663,-0.09538456977046478,-0.08812359866604147,-0.1090787542922809,-0.1518506364869404,-0.10928673799541251,-0.05973691730339398,-0.1543135587127443
Zone_DH179,0.00642812846849411,0.02580509963509503,-0.07133529423450319,-0.17022435879851527,0.0978974764716928,0.06160414777848289,-0.1723483456979059,0.0392974828612942,0.06888734862536433,-0.10140693416307789,-0.01821233561303459,-0.018142600694116717,-0.018142600694116717,-0.10249438958421186,-0.06873640999783937,-0.07037160099110729,-0.2424999618248876,0.025089838124565444,0.002934505787606456,-0.028215017322682667,-0.015170577836086496,0.037672527385131827,-0.03027801115419354
Zone_DH180,-0.05951798471902009,-0.057321879831917055,0.004332109050531885,-0.034023646530539575,0.039560015910492796,0.125684318572735,-0.11959484758839356,-0.16605085440457557,0.06959236543688685,0.06451863380929823,-0.2169693891741089,-0.05742212346703027,-0.05742212346703027,0.013614045831657873,0.028148618932005542,-0.06555159025571083,0.1040217564137752,-0.02284358985972723,-0.06570793461945051,0.09792185390077263,-0.05598285611978748,-0.005308069653189196,0.09560682619953365
Zone_DH181,-0.01601434020816296,0.08863104122328108,0.061843281038036435,-0.031007322455964048,0.024392546534949655,0.3090537893885441,-0.2954883864547153,-0.34744413332315816,0.04036138589076792,0.11871257453522244,-0.2381941823439192,-0.009231946745657114,-0.009231946745657114,-0.11363003113703551,0.04966857716285322,-0.029978551326608732,-0.029744076574368394,0.0008723187465037863,-0.009934517981060507,0.03142281852032469,-0.009841853052252277,0.018476178915319386,0.02926131527826084
Zone_DH182,0.05813333893680782,0.03470923093886508,0.01916535225462529,0.051711882837319645,0.12001953197534537,0.0904901407866242,-0.004889178102202241,-0.03918609853904442,0.04772215718855728,0.07396220230768791,-0.09755829755582261,0.07332133879401952,0.07332133879401952,-0.20672320143013612,0.06903092474581035,0.05992107263061837,-0.07305832079017327,0.06331095089320887,0.07520868360482633,0.018029828842948542,0.07410315413967378,0.060001717370625034,0.015997701399778658
Zone_DH183,0.058936081262128806,-0.030774244598112566,-0.02770438131632963,0.015866858181339705,0.21656113226996715,-0.07723968586517155,0.03886671077334436,0.04141604615443739,0.03884332086009684,0.013904866175223907,-0.059442461065621455,0.0737295773645289,0.0737295773645289,0.05429992928500421,0.06070544228245867,0.0581986643232507,-0.09992056784577241,0.06178303201009856,0.0759755612772488,-0.021668560422582944,0.07467579805193926,0.06776617046873609,-0.02331122977357053
Zone_DH184,0.015963756809322438,0.02223232780830353,-0.010138285880698483,-0.08153166475977158,0.14484468380995558,-0.03071381437798343,0.05298042360922306,0.04772198653149573,0.010306828111761986,0.009821618817969169,0.16762847823603033,0.02079675572279041,0.02079675572279041,0.1593165357289239,-0.018648972517135844,0.030172640663038486,0.1251182074707874,0.008858723720221319,0.022965074219393367,-0.0031858554253889892,0.020775608714638343,-0.014216787523760176,-0.00162818002487361
Zone_DH185,0.022717898931528955,-0.07103161259299232,-0.08175125054705615,-0.0442292240059573,-0.022337796981986457,0.16196018583060234,0.10847431497135263,0.060207159031175794,0.032510827776242014,0.017811590459143267,-0.06833668704382789,0.028997211925416447,0.028997211925416447,0.12558906224057803,0.027555669861849784,0.013494218490964958,0.07691291658042632,0.016036841607705216,0.030969792719243362,-0.06989757204322986,0.0286657470545836,0.008741474698408837,-0.07210178450356627
Zone_DH186,0.026105072298221604,-0.1146589733953029,-0.09611532603995618,0.017196799535351026,-0.08575204347258786,0.12536789380301971,0.09346992924747988,0.04274133463426366,0.030537384385337846,-0.0448503974134139,0.005938829368762749,0.03320237725915294,0.03320237725915294,0.08301144628569951,0.02318611392523027,0.013715450370311896,0.07800457313681664,0.020310232062439676,0.03475890563497814,-0.08700272471785091,0.033699610736050496,0.013913040780268934,-0.08853686654921328
Zone_DH187,0.006977016944372413,-0.1414658127645879,-0.11347908540621102,0.021360578186248258,0.024127180546341942,0.31435944941476923,0.09760460602180276,0.0459383089476707,0.041922526345709574,-0.17739650714189303,0.4685131606134567,0.0093095678444132,0.0093095678444132,0.0945996414655132,-0.0388081631913266,0.04251984553490891,0.223879271160502,-0.0028012293789800996,0.010236760148114905,-0.09747297873701774,0.008772770570103875,-0.03307900590890799,-0.09930978556781896
Zone_DH188,0.022658558460877817,-0.03332516506194638,-0.04829854704083547,-0.07183688788554343,0.016608298909360164,0.36176880311021076,0.05345223880642824,-0.000237626725937079,0.050724047939720726,-0.05285066384125048,0.08456556727913372,0.029762692491280267,0.029762692491280267,0.1297103234585406,0.010877496112686784,0.027261163692147858,0.03376670190966036,0.018888650283761736,0.0317247148297671,-0.03851450827937955,0.02972045392255513,0.005769738743523378,-0.04038754365571384
Zone_DH189,0.03947432810717741,-0.13746778748494237,-0.08933698217053768,-0.013455141632837675,0.5007592698494376,0.6435577251787331,0.021299171705378872,0.031490617635589246,0.07661979064744971,-0.5475387136669658,-0.0730305015866074,0.050071904196364675,0.050071904196364675,-0.1630841082365539,0.04585173037665943,0.026631162025800962,-0.026556735691757205,0.03760856520482208,0.051971974612245335,-0.07532169371666692,0.05092389944793991,0.04442789795595169,-0.0770746581081328
Zone_DH190,0.013195119902348668,-0.08959515125054857,-0.02644867776614332,0.0655126474142026,0.2889444681634023,0.37414538051501434,0.03309250961055599,0.00956965457303871,0.0493737943585949,-0.4562703463264195,-0.012356816720918762,0.017418664602506306,0.017418664602506306,-0.17133303125371252,0.016435462340156068,0.001954624983431824,-0.10122247455752187,0.005761918008121425,0.01806991318049586,-0.024495649376693934,0.016891778683159494,0.01987831603780356,-0.022115145752724247
Zone_DH191,-0.04863583178784069,-0.047385246168606954,-0.053481918144190066,-0.08695741930623246,0.031750109113935665,0.022702537815915358,-0.22543626821465046,-0.2532743914863411,-0.020567911742183767,0.0295467164415385,0.1223984599947891,-0.05296913885970137,-0.05296913885970137,0.031198174686970143,-0.07362075514292103,0.025539404957219625,0.12967264034327952,-0.03160575509576813,-0.049860642213800106,-0.050030403015425134,-0.05384995210914253,-0.07991891183440727,-0.044464227313127075
Zone_DH192,-0.04901146314163765,0.004366085930498198,-0.052909226569912704,-0.1416258789924123,-0.10787708730294315,0.0210184415167447,0.16624773157921402,0.11595323256573631,-0.02068524301356775,0.13111232267595374,-0.0014836687415171745,-0.0645020631758656,-0.0645020631758656,0.02449746238957823,-0.04123413500645126,-0.07607210586980126,0.027197841358763575,-0.06416095378209416,-0.06164485294899409,-0.04581867954492819,-0.06618152782616504,-0.0681932104737723,-0.039687336294038256
Zone_DH193,-0.049378601172707454,0.014744894828397692,-0.054664198278920384,-0.14731516499309477,-0.10735387739949237,0.021389869211914325,0.06273012185620419,0.012449244496219203,-0.020611067350493423,0.0830948608122224,-0.058363273992503406,-0.06230598138829879,-0.06230598138829879,0.03583598249954573,-0.032311869134897336,-0.06985574846404191,0.06870329668045294,-0.056494728356706686,-0.05905862439878715,-0.09547099112077301,-0.06424397655370793,-0.06503455111858236,-0.09723967864639557
Zone_DH194,-0.0767661426826384,0.1605464200775113,-0.02330489305244854,-0.2043162446773586,0.15974029560883923,0.3468963454265815,-0.7411825891663069,-0.7880831299762914,0.2244633518923581,0.07115764754884546,-0.40164631124580263,0.09119624257326658,0.09119624257326658,0.17455995195332105,0.20816284830916176,0.14938640219192323,0.12138295259884901,0.18189873088147146,0.11871324929698934,-0.2752511485327663,0.09683727087002736,0.17717733306721728,-0.27752274916043373
Zone_DH195,-0.04922945188295519,-0.43429760319783783,-0.311221485630805,-0.03409203167642899,-0.05616149876763868,-0.09208402970669524,0.24063298151648282,0.21977707537133417,-0.13800273845039238,0.09543536821076615,0.12494780019304597,-0.10827625918613576,-0.10827625918613576,0.10083523261697988,-0.07986619080187923,-0.05362466790934067,0.03299593213645707,-0.07581487897028694,-0.10401744274707478,-0.2846228969947391,-0.10843129794262826,-0.07387021617049633,-0.2869433898320892
Zone_DH196,-0.05251088317233854,-0.17293989594210085,-0.09608900478394902,0.027647412324699472,-0.05403618920910266,-0.10449491319732154,0.11767256013335892,0.2122865586620033,-0.13621146272902515,0.07394455551798451,0.17189104848175368,-0.10695118992001551,-0.10695118992001551,0.05010232824845742,-0.11480919696847486,-0.07550479755412531,-0.2218721757335937,-0.08183616813665828,-0.1080634630860607,-0.09032715720154424,-0.1076548961912373,-0.06776671013208141,-0.09242498088935738
Zone_DH197,0.09028505946290499,0.4218237398976634,0.38419310861634587,-0.09385169556805606,0.09447582966656509,0.05368107043082329,-0.3207775141002111,-0.3637618565727005,0.0692827566440804,-0.031004584184760375,-0.07418367622489497,0.2541402839367548,0.2541402839367548,-0.057439643111306685,0.15864329575738023,0.3575154955486751,-0.09740818767644926,0.2395549263808444,0.3053586936887548,-0.3113975418160185,0.2559003472085669,0.2762590564218219,-0.3138577173981727
Zone_DH198,-0.06638222033126018,-0.09800603143369158,-0.08981534839246388,-0.04700578325298033,0.01801528552648407,0.11038967392475457,0.12516657945548082,0.07814966037454729,0.04078067790398199,0.07240751203656315,-0.01839439472424048,-0.09735106830883847,-0.09735106830883847,0.0242058806889896,-0.06007909256164201,-0.06317996094800371,0.08317661164316004,-0.07243431140578899,-0.09977714789739052,-0.06660232653762002,-0.09823992952689861,-0.08265522021966709,-0.06873469708810681
Zone_DH199,-0.008379108067732736,0.016177368178834917,0.0038869392500018307,0.010539237507566801,-0.20421199451727137,-0.06678357900947571,0.14308816530280521,0.09079609423750223,-0.01284748763142756,0.06359957681062267,-0.15152609566554226,-0.01112409218375806,-0.01112409218375806,-0.10861446805183847,0.021098794715031108,-0.0521994285901873,-0.013878578813594666,-0.022587209697167168,-0.01016310763771026,0.004665463880114046,-0.011655603332447851,-0.00988967242125792,0.0030640790601217938
Zone_DH200,0.023552350683415883,-0.03634446536732361,-0.04328282010861853,-0.005580646367247533,-0.042752633095030135,-0.0052793666683821905,0.10500147167084728,0.06520276720630735,0.017448649917981347,0.007047140469895741,0.015078025606616308,0.029803930946837212,0.029803930946837212,-0.13747520903124885,0.01591181822381764,0.021348149695367684,0.04988879525364087,0.016554557174935695,0.03155929031898576,-0.03620037396126244,0.03021532698197666,0.005582204118704179,-0.038115733515982936
Zone_DH201,0.016645800515065222,0.03267176051476489,0.017454330874295543,0.018022797053560802,0.007981979058320376,0.03623127382559488,0.10352566036946498,0.0678324691876725,0.016615157315873243,-0.044215398858622135,-0.009569057032129485,0.02105268064002553,0.02105268064002553,0.09775811963947945,0.01469403591241019,0.0016161470414036982,-0.0780022263413338,0.007790741159807935,0.02247555335865168,0.0185698630834277,0.021220901234802615,0.006948160466988616,0.01896849701787412
Zone_DH202,-0.02504108637166551,0.09583222442171824,0.09821845113693106,-0.009400254880811532,0.0423763617548894,0.22182053365971288,0.08577027917032498,0.04072301796260536,0.02635823774454739,-0.06526146780177966,-0.08786728627468779,-0.031263026957537104,-0.031263026957537104,0.14911754913396347,-0.005685761800871353,-0.05637939134266866,0.05776190401517034,-0.03790454580626483,-0.031103011685975547,0.10503284059612325,-0.03204760742509521,-0.026972327142390118,0.10669205405652471
Zone_DH203,-0.049621266668835484,-0.17144522393768108,-0.15113760351804498,-0.13045602851727378,-0.04694713802473857,0.12251379294432885,0.017260120783039956,-0.032979538057609226,0.006253009496341652,0.01953077609370457,0.004240952280856358,-0.060611880874555046,-0.060611880874555046,0.007192038087105779,-0.05065253909129698,-0.04076175690150452,0.13880870246983368,-0.05337111508592074,-0.05848502418610908,-0.15266134213571234,-0.062476086325132296,-0.06932144819576819,-0.15456721130358542
Zone_DH204,-0.03996747500146196,-0.1876708675854079,-0.1529804163765719,0.057241956641820635,-0.19680798855216108,-0.11976852700155238,-0.5397641498203443,-0.5903320017288027,-0.052486382296469916,-0.180520542235457,-0.22412606347718833,-0.024996065311621976,-0.024996065311621976,0.012249550985654223,0.048070284140004915,-0.004253422144892882,-0.04476718584154338,0.019205622834002622,-0.02270334753048603,-0.1321521590893444,-0.02506130899946206,0.025866418520121448,-0.13440077944745205
Zone_DH205,-0.04469785774488608,-0.17972154741702268,-0.13176349800438883,0.20782833544746593,-0.11455508338078238,-0.003135969054423121,0.03388299559245034,-0.016074877727982217,-0.02980442578879254,-0.6103146465427345,-0.02663797474310048,-0.05729795643093129,-0.05729795643093129,0.05249566291488361,-0.0347661361790344,-0.07002444223622936,0.08426536777715021,-0.05775043597744134,-0.0647057078074889,-0.11666061171129519,-0.05873328030147658,-0.027706736270317167,-0.11893896493298503
Zone_DH206,-0.029226111771867437,-0.14668354167908879,-0.09684093081214032,-0.006951220487247389,-0.12555003280959243,-0.10544726050606637,-0.008511486311464034,0.10620702419003747,-0.036936531670848795,-0.3032690372148454,0.031515988148505536,-0.038775805554390516,-0.038775805554390516,0.17926984396598605,-0.05052959189412837,-0.06286491361088593,0.1332700136740662,-0.04642515377217672,-0.03807369886017685,-0.08565834993613725,-0.039915621685144,-0.036363343848803895,-0.08790397708237391
Zone_DH207,0.000732281146906013,-0.20200631625824028,-0.16249667998540368,0.024815249188471444,-0.22000192587900982,-0.21132621433403018,0.13396242480001286,0.09150516802218112,-0.023622743373404288,-0.781414141767206,0.23794272473580413,0.00042211869535721015,0.00042211869535721015,-0.12163027785067815,-0.029494933477431297,0.004950192082198546,0.1309510921333945,-0.01251894905213817,0.0015510782947881982,-0.1444899572664956,-0.00034107866495839377,-0.02462827996241379,-0.14679926375550642
Zone_DH208,-0.012395844122161298,-0.0765362849975823,-0.05665512371007464,0.03322953033814513,-0.019828914758170668,-0.12783315305164603,0.1317785548635817,0.0993060668938125,-0.025306287280866844,-0.3394873207446571,0.17093300935657846,-0.01668133261409442,-0.01668133261409442,-0.11241257965259044,-0.03993057032509956,-0.010074596033046793,0.02350841099712009,-0.028278515640175805,-0.016035970169373255,-0.049675822152471766,-0.017329004530486053,-0.04180872765255034,-0.04422260995695548
Zone_DH209,-0.04272160713026975,-0.01901024424807679,-0.004934133983222011,-0.1900807263095985,0.3853526269955894,0.009252380582130737,-0.1605960584991465,-0.11574243802063577,-0.01988699132834941,-0.1943867430463635,0.5804628049950689,-0.04945137817565119,-0.04945137817565119,0.0499075725927125,-0.11744143576101916,0.0723861750144611,-0.07642319884039128,-0.039415369953916674,-0.04548484666068696,0.0258989931719317,-0.050918987652761705,-0.06647798869194978,0.03200775049843835
Zone_DH210,-0.07372774384915742,-0.06821176705653031,-0.0852460505828567,-0.26442222674872234,0.03029338494946185,-0.0032393258382031886,-0.28606030643657454,-0.29410864476262666,-0.03770927434286797,-0.0998234083169609,0.11228318473988902,-0.07749442768520393,-0.07749442768520393,0.18422545757296516,-0.09768055840022805,0.031215734713542886,-0.16763513976309025,-0.029709866126496953,-0.06503368705167145,-0.08275229388693114,-0.0784509961631567,-0.01993215425750139,-0.08485595293648204
Zone_DH211,-0.07556345979547137,-0.06672343887587318,-0.1420377822437449,-0.2259778686591961,0.05829832280953329,0.1584003664940447,-0.34558105527500016,-0.39205970027378967,0.09721075811228208,0.13807693552285838,-0.006950701008262894,-0.031792634579429185,-0.031792634579429185,0.12016732696960927,-0.022453419641310257,0.12899597769107607,0.08390996688144836,0.030734478784306685,-0.02246899939562108,-0.027142320897039385,-0.029375682544638376,-0.013619549763226213,-0.02969404431651035
Zone_DH212,-0.012488921376313522,-0.21666308419571922,-0.22550075314744172,-0.23185973549168404,0.11182200066596712,0.12423621563120751,-0.08645861682793288,-0.13052281310357117,0.18200634851703545,0.0500330636370101,-0.11397578956470023,0.020456292894221906,0.020456292894221906,0.18515536996222298,0.06351076807603234,0.0725192715883759,0.22165042618822856,0.06164968807386928,0.0416070614546214,-0.1747007347934147,0.02393393635980301,0.05265033446527756,-0.17735150607368955
Zone_DH213,-0.05536739800329943,-0.21997889851977528,-0.17586522052404727,-0.07437729541336452,0.03777079824405613,-0.09499953900322708,-0.21982887834593445,0.13333007265394436,-0.13782668894321654,0.10204789193096508,0.05291758273680491,-0.10335059934620863,-0.10335059934620863,0.11955568597660862,-0.14641545269320116,-0.17847857977132303,0.04311670525071443,-0.06491271641626495,-0.09641116155834015,-0.1547212184028391,-0.10384294531701305,-0.07443906917075632,-0.15700158274448003
Zone_DH214,-0.0299037756949036,-0.3051189730123809,-0.23004437058857963,-0.04480941013215245,0.011101142247009421,-0.03884011041741964,0.13462566520803942,0.13660182882918614,-0.09368438337772131,0.09437606737865367,0.03898456918751714,-0.08223763237239404,-0.08223763237239404,0.11038695733686563,-0.05393815656380868,-0.0842836057273948,0.08830766057768025,-0.04524381006764128,-0.07789948623663609,-0.20687606045720008,-0.08103283674422432,-0.03347569265793299,-0.2090000147629466
Zone_DH216,1.3600961167092862e-05,0.12182984659556884,0.16911355972160497,0.10876421905952166,0.04026900351625767,0.06794656444696459,0.024452800906819117,-0.02045329006676566,0.05393094393699527,0.086552077356021,0.07205437497962575,-0.00730275176473022,-0.00730275176473022,-0.03723311347330707,-0.014334342796102184,0.024320940154342052,-0.017813038889022026,-0.005536449168532909,-0.04110749268152497,0.24384924340413172,-0.0035459614971527498,0.009402024734746661,0.24173068808579745
Zone_DH217,-0.05902038930543736,-0.04229193736069964,-0.007765709648770824,0.13922574989122982,-0.09058725065786005,-0.02494853666993993,0.19115299327101498,0.14284008881787102,-0.05026931049776796,-0.029468949559955715,0.2880892999981256,-0.09044503058137802,-0.09044503058137802,-0.0796421741460217,-0.10148687203675086,-0.061794894827597924,0.03097417862163665,-0.08412273196522083,-0.09735767634207211,-0.003657172032661138,-0.09191651532927035,-0.09830367146171348,-0.005637565275662004
Zone_DH218,-0.04699540335691025,-0.06725886017205529,-0.03376473553970866,0.10948822435691552,0.06076023075413234,-0.07062276697923889,-0.3542761306260872,0.07787877589202707,-0.049153100406914965,-0.007839629592459207,0.21438329797701877,-0.06415123924218671,-0.06415123924218671,-0.10408754370760653,-0.11444661288264046,-0.09106255497914195,0.026086177008956324,-0.06533493137670099,-0.0671843245946075,-0.039179794432624204,-0.06573394963041801,-0.08833877377482593,-0.041489673423907386
Zone_DH219,-0.047437106925060486,0.03562239939519968,0.041160694202560466,0.04905513891579494,0.018142858576731702,-0.1397042968705283,-0.08956488399283591,0.1383152777194231,-0.06705988915964149,-0.11738923917630317,0.20217383952423723,-0.06614417303536951,-0.06614417303536951,-0.066951658566685,-0.09999048809032025,-0.0688032130355978,0.02426241972029608,-0.06887175312736224,-0.06704390530761026,0.036655839731963596,-0.06824663122478275,-0.08694109613881211,0.03452782036236049
Zone_DH220,-0.0694146283994533,-0.14768632491043254,-0.1444153160819987,-0.056645824675729095,-0.08723766212418393,-0.07531767938625814,-0.15771076387732996,-0.1984002155777308,-0.08427500102565141,-0.1289771712182708,-0.13631956706763848,-0.07496199292999907,-0.07496199292999907,0.030373294864460637,0.009638381252372485,-0.06406957368491067,-0.13989607596099796,-0.038343128055701114,-0.07564338243012465,-0.08419205615448849,-0.07515389175167814,-0.016562199808198064,-0.086225825014172
Zone_DH221,-0.01885964393492298,-0.45943644689039,-0.3243364664229984,-0.15680070674728097,0.017773311314021413,0.013149453040157383,-0.43668752085967216,-0.48115831050552843,-0.024451657631489904,-0.08203762338217857,-0.3022084557522307,0.14251602760335547,0.14251602760335547,0.16621684800485356,0.20277879161854662,0.12799587742755403,-0.11191161604699629,0.17070689262724748,0.16144205184662314,-0.29767767895594066,0.14799273282795344,0.1814233136851362,-0.30006627830933735
Zone_DH222,0.16710623416210052,-0.5041602312969011,-0.34766894665236436,-0.20398062413251414,0.11442483541737883,0.08176255190463785,0.05138945867831857,0.009434969970567364,0.17714405994390775,-0.2835584142155646,0.06230231909507378,0.1953285787275751,0.1953285787275751,-0.04439836909830312,0.057659928871884536,0.3423568883912802,0.004266852460365178,0.17261531892040693,0.24542935563615076,-0.32090306119895023,0.19689334478935056,0.0923744642758656,-0.3234128268707979
Zone_DH224,-0.06997563053813627,-0.42877793491207034,-0.3083418645777266,-0.19666160238814018,0.02994929092687801,-0.06721870843486732,-0.2724379747841129,0.20332179466070543,-0.10492608357602812,-0.19383230667435558,0.24867531841833596,-0.12125218996566116,-0.12125218996566116,0.1974578677204555,-0.18140827840651552,-0.15603790172941062,-0.009199056100454739,-0.0786046502955407,-0.10604182769503284,-0.2817564936370459,-0.1224468763085897,-0.11511913805692647,-0.2840620325098751
Zone_DH225,-0.06743444454061348,-0.3843646845186628,-0.2851713905116904,-0.09882322018140705,-0.0660311453861531,-0.1353554008139709,-0.13723226944493871,0.16565396342321626,-0.09539043113008763,-0.6698286836387262,0.6415597090314746,-0.0966836266578632,-0.0966836266578632,0.05763230255557672,-0.16505840555317755,-0.024653574710661597,0.04093036571719244,-0.08507956248766224,-0.09337232078671433,-0.2586923739358694,-0.09857837003273456,-0.1303258432394148,-0.2608775877934517
Zone_DH226,-0.0718224855373792,-0.10097822133065393,-0.11968385335213422,-0.13493605092396338,0.10696016826186888,0.14276096702118551,-0.20405147882752517,-0.2227593937858504,0.03283864305716158,-0.22094898417441988,0.2141984963751673,-0.07822407112507539,-0.07822407112507539,0.08052240141268116,-0.11532707550300067,0.07285972766698612,-0.01001862210386173,-0.03887836870973288,-0.0732499375223253,-0.05208008994290492,-0.07875311955825955,-0.0700127749392829,-0.047695803668821146
Zone_DH227,-0.0642553226780845,-0.09375770478687218,-0.0517059022756271,-0.20413860475403667,0.14330366953622498,-0.053783958675063276,0.0864643376910279,0.13325903501867786,-0.052077880520649905,-0.41388852020430816,0.4061535853529294,-0.08638770340514268,-0.08638770340514268,0.097948171631175,-0.13873795964290098,0.008281059429240567,-0.10144747684806915,-0.07678829347649774,-0.08101281339588108,-0.04487969380830589,-0.08838313940717463,-0.07625115398297108,-0.0436128830563392
Zone_DH228,-0.08167260418715518,-0.15043857762915014,-0.04444774568220822,-0.27131392145405514,0.1326308558826907,-0.10568203018980776,0.07064548834672224,0.1831679649222695,-0.10458959955905014,-0.3797288459718336,0.22886339627002172,-0.11901095374241662,-0.11901095374241662,0.21413053964631318,-0.15841295815418488,-0.07888531484367856,-0.1923060314403509,-0.08826656060594884,-0.10594612471885143,-0.041497123008787384,-0.12174709193550069,-0.0751684743015657,-0.04398080724972536
Zone_DH229,0.10580236772008283,0.21309161777129104,0.13355883278630976,-0.05761081975962029,0.07749538512012774,0.055546265635354,-0.04737634383311684,-0.09029228256753596,0.07538640782353173,0.023918962126865062,-0.15861398037332852,0.15867132669479994,0.15867132669479994,0.12006943930307992,0.1311112925760417,0.11779230927639284,-0.01346284748526666,0.12664984997806972,0.14843640302361694,0.258983475377743,0.16315829781353358,0.11542105647590095,0.25693307331664444
Zone_DH230,0.1590409880408412,0.006460683735778683,-0.14815754600089856,-0.22720984009717735,0.15364052169188863,0.11509588523797115,0.008356671793072645,-0.03359781691467856,0.29809526945600284,-0.08711370195283497,-0.04557967121756373,0.24205279651071826,0.24205279651071826,0.21547105551576726,0.13717738956852088,0.25110120439107975,0.08871725460513757,0.1875497035207655,0.269765865524459,-0.08710845085663424,0.24366753833773774,0.16869251940581065,-0.08989856509527061
Zone_DH231,0.03924006665280627,-0.13791193516312977,-0.17076677657507702,-0.2585779784817587,0.18742392013230585,0.11673353772165415,-0.505672217959286,-0.5487891067448034,0.2254820846266713,0.03565654559500331,-0.35947362445644504,0.4467081647531304,0.4467081647531304,-0.10073138461843668,0.39921934009379256,0.23148638411118905,-0.032170749489381145,0.34271588727631164,0.4663251921614586,0.03651194553722198,0.44526598494633995,0.36335213232219554,0.03431024430057383
Zone_DH232,0.22294258921041243,0.06087918615331267,-0.0873639683278375,-0.15830557494920008,0.12571002165306086,0.08977392685269234,0.21665988553973692,0.17499920414620018,0.21664099768790251,-0.09076020203843027,-0.11977510918065276,0.18367387530626172,0.18367387530626172,-0.07222336865350193,0.157067186912339,0.11288416365660525,0.12575626205195428,0.14229824710395023,0.21268053802921316,-0.06360032726110282,0.18569480591220688,0.13325213064687458,-0.06593699300653388
