zone_id,node_id,lon,lat,bc,tier,degree,is_master,is_art_pt
Zone_DH400,11416870915,90.366961,23.7734323,0.00101937,4,2,0,1
Zone_DH400,4894744581,90.3488662,23.7749758,0.0,4,1,0,0
Zone_DH400,4894744582,90.3491739,23.775115,0.00203822,4,3,0,1
Zone_DH400,4894744584,90.3515135,23.7743064,0.03117364,3,3,0,1
Zone_DH400,4402528267,90.3681513,23.7909377,0.0,4,1,0,0
Zone_DH400,4426768399,90.3454742,23.7901957,0.00106355,4,3,0,1
Zone_DH400,4402528272,90.3683801,23.7909955,0.00203822,4,3,0,1
Zone_DH400,3015655442,90.3668884,23.774739,0.00305395,4,3,0,1
Zone_DH400,3015655443,90.367694,23.7752076,0.0,4,1,0,0
Zone_DH400,4425416723,90.3482132,23.7938392,0.00101937,4,3,0,1
Zone_DH400,4426768405,90.3455218,23.7903698,0.00096687,4,3,0,0
Zone_DH400,4402528281,90.3690883,23.7911388,0.0,4,1,0,0
Zone_DH400,3009478682,90.3650262,23.7754804,0.01193456,4,3,0,0
Zone_DH400,382017584,90.3631545,23.7796597,0.00192801,4,3,0,0
Zone_DH400,4426768433,90.3456085,23.7907967,0.00102093,4,3,0,1
Zone_DH400,4426768442,90.3456228,23.7909152,0.0,4,1,0,0
Zone_DH400,1813536828,90.3628795,23.7729274,0.00286317,4,3,0,0
Zone_DH400,3731849282,90.3572398,23.7830151,0.00159065,4,3,0,0
Zone_DH400,12018434124,90.3511072,23.7917647,0.0,4,1,0,0
Zone_DH400,3713294413,90.3634347,23.7844835,0.09267698,2,3,0,0
Zone_DH400,3713294414,90.3635482,23.7841668,0.08793933,2,3,0,0
Zone_DH400,12018434126,90.3519179,23.7917794,0.0,4,1,0,0
Zone_DH400,12018434128,90.3514385,23.7917775,0.00203822,4,3,0,1
Zone_DH400,3713294417,90.3642784,23.7840779,0.04103203,3,3,0,1
Zone_DH400,3713294418,90.3646472,23.7840017,0.03936445,3,3,0,1
Zone_DH400,3713294419,90.3649271,23.7839452,0.03844956,3,3,0,1
Zone_DH400,12018434130,90.3508497,23.7919095,0.0,4,1,0,0
Zone_DH400,12018434134,90.3514378,23.7919212,0.00407279,4,3,0,1
Zone_DH400,12018434140,90.3514847,23.7921329,0.00711374,4,3,0,1
Zone_DH400,382025821,90.3556785,23.7911053,0.12035976,2,4,0,0
Zone_DH400,382025822,90.3558184,23.7901331,0.01954473,3,3,0,0
Zone_DH400,12018434142,90.3514946,23.7922916,0.00914104,4,3,0,1
Zone_DH400,12018434144,90.35203,23.7923073,0.0101469,4,3,0,1
Zone_DH400,382025825,90.3558947,23.7896167,0.01929782,3,3,0,0
Zone_DH400,4402528354,90.3678681,23.7919336,0.0,4,1,0,0
Zone_DH400,12018434141,90.3514867,23.7925096,0.0,4,1,0,0
Zone_DH400,12018434148,90.3520147,23.7925983,0.01216952,4,3,0,1
Zone_DH400,382025838,90.35778,23.7886943,0.00950544,4,3,0,0
Zone_DH400,5762998385,90.3636934,23.7720224,6.24e-06,4,2,0,0
Zone_DH400,4505911411,90.36204,23.7794217,0.00550958,4,3,0,1
Zone_DH400,5763121271,90.362595,23.772634,0.00500535,4,3,0,0
Zone_DH400,11993227408,90.3612495,23.7786056,0.0982952,2,3,0,1
Zone_DH400,7030546577,90.3528634,23.7829198,0.0,4,1,0,0
Zone_DH400,11993227410,90.3618841,23.7786692,0.0,4,1,0,0
Zone_DH400,11993227411,90.3616372,23.778981,0.00203822,4,3,0,1
Zone_DH400,11993227412,90.3618352,23.7790598,0.0,4,1,0,0
Zone_DH400,11993227417,90.3614729,23.7799868,0.04554797,3,3,0,1
Zone_DH400,12778217626,90.3640997,23.7792659,0.03715599,3,3,0,0
Zone_DH400,11993227422,90.3612503,23.7808882,0.0,4,1,0,0
Zone_DH400,11993227423,90.3623294,23.7807405,0.0,4,1,0,0
Zone_DH400,11993227425,90.3627114,23.7805323,0.04016471,3,3,0,1
Zone_DH400,11993227427,90.3640207,23.7813899,0.00112645,4,3,0,0
Zone_DH400,11993227431,90.363314,23.7798735,0.0,4,1,0,0
Zone_DH400,11993227433,90.3633797,23.7803828,0.0,4,1,0,0
Zone_DH400,11993227435,90.3633671,23.7816084,0.00327903,4,3,0,1
Zone_DH400,11993227436,90.3633654,23.7818945,0.0,4,1,0,0
Zone_DH400,11993227437,90.3617136,23.7813096,0.01294509,4,3,0,0
Zone_DH400,11993227438,90.3638962,23.7823122,0.00511088,4,3,0,1
Zone_DH400,11993227439,90.363845,23.7819855,0.0,4,1,0,0
Zone_DH400,11684626618,90.3652545,23.7731344,0.0,4,2,0,0
Zone_DH400,11684626619,90.3652084,23.7731184,0.00193945,4,3,0,0
Zone_DH400,5762752707,90.3650201,23.7735962,0.00360859,4,3,0,0
Zone_DH400,4590231756,90.3538043,23.7779722,0.00298065,4,3,0,0
Zone_DH400,4590231757,90.353804,23.7782023,0.00150904,4,3,0,1
Zone_DH400,4590231758,90.3540497,23.7802849,0.03436845,3,3,0,0
Zone_DH400,4590231761,90.3538726,23.7795731,0.01903791,3,3,0,1
Zone_DH400,4590231766,90.3524971,23.7793962,0.0,4,1,0,0
Zone_DH400,4590231776,90.3536,23.7796129,0.00203822,4,3,0,1
Zone_DH400,3731914980,90.3545268,23.7844474,0.0,4,1,0,0
Zone_DH400,3731914981,90.3568556,23.7845446,0.0,4,1,0,0
Zone_DH400,4590231788,90.3534476,23.7786937,0.0,4,1,0,0
Zone_DH400,3735404789,90.3644884,23.7934377,0.0113638,4,3,0,1
Zone_DH400,379896062,90.3526173,23.7732564,0.0259484,3,3,0,1
Zone_DH400,379896067,90.3537339,23.7738127,0.00494349,4,3,0,0
Zone_DH400,379896068,90.3515112,23.775018,0.01685102,4,3,0,0
Zone_DH400,379896071,90.3509177,23.7759824,0.00101937,4,4,0,1
Zone_DH400,4611334417,90.3670519,23.7888343,0.03539302,3,3,0,0
Zone_DH400,4611334419,90.3677533,23.7878486,0.00512595,4,3,0,1
Zone_DH400,7281598740,90.3569108,23.7840789,0.0,4,1,0,0
Zone_DH400,4611334421,90.3672121,23.7877697,0.0,4,1,0,0
Zone_DH400,4507533592,90.3678601,23.789116,0.02228107,3,3,0,0
Zone_DH400,4611334427,90.3687668,23.7879494,0.00343705,4,3,0,1
Zone_DH400,4611334428,90.3693867,23.7879025,0.0,4,1,0,0
Zone_DH400,10658062620,90.3663376,23.7897001,0.05751814,3,3,0,0
Zone_DH400,10658062622,90.3666941,23.7882909,0.05759221,3,3,0,0
Zone_DH400,10658062621,90.3664168,23.7897103,0.0099556,4,3,0,0
Zone_DH400,10658062623,90.3667785,23.7883189,0.00347032,4,3,0,0
Zone_DH400,4611334433,90.3686578,23.7874858,0.00671504,4,3,0,0
Zone_DH400,7281598757,90.3564047,23.7838318,0.00841485,4,3,0,0
Zone_DH400,3735036198,90.3622662,23.7842511,0.00101937,4,3,0,1
Zone_DH400,7281598758,90.3563607,23.783844,0.00804422,4,3,0,1
Zone_DH400,7281598759,90.356567,23.7838386,0.01051129,4,3,0,0
Zone_DH400,7281598765,90.3569873,23.7832825,0.00374999,4,3,0,0
Zone_DH400,7281598766,90.3570665,23.7832324,0.00406084,4,3,0,0
Zone_DH400,6349144366,90.3649867,23.7809029,0.0097929,4,3,0,0
Zone_DH400,6349144368,90.3657802,23.7790653,0.04669496,3,3,0,1
Zone_DH400,7281598768,90.3570117,23.7833204,9.877e-05,4,3,0,0
Zone_DH400,11672273202,90.3646427,23.7857714,0.0,4,1,0,0
Zone_DH400,10092462386,90.363298,23.7907665,0.00203822,4,3,0,1
Zone_DH400,9993314612,90.369998,23.7808118,0.00141443,4,2,0,0
Zone_DH400,3720741173,90.3669267,23.7911924,0.0,4,1,0,0
Zone_DH400,7281598772,90.3568519,23.7833488,0.00435246,4,3,0,0
Zone_DH400,6349144372,90.3644889,23.7790207,0.0,4,1,0,0
Zone_DH400,7281598770,90.3569236,23.7833684,0.00011436,4,3,0,0
Zone_DH400,7281598769,90.3569412,23.7834032,0.00133646,4,3,0,0
Zone_DH400,7281598777,90.3570174,23.7834347,0.00101937,4,3,0,1
Zone_DH400,7281598773,90.3571573,23.7833788,0.0,4,1,0,0
Zone_DH400,3734765885,90.3591598,23.7916762,0.04933408,3,3,0,1
Zone_DH400,4611334462,90.3692229,23.788127,0.0,4,1,0,0
Zone_DH400,3713302847,90.369373,23.7807155,0.00731231,4,3,0,0
Zone_DH400,7281598781,90.3570208,23.7835924,0.0,4,1,0,0
Zone_DH400,7281598782,90.3569891,23.7835171,0.00203822,4,3,0,1
Zone_DH400,7281598786,90.3569388,23.7835349,0.00563433,4,3,0,1
Zone_DH400,4611334467,90.3690218,23.7890989,0.00581419,4,3,0,1
Zone_DH400,7281598783,90.357114,23.7835083,0.0,4,1,0,0
Zone_DH400,7281598787,90.3570262,23.7838808,0.0,4,1,0,0
Zone_DH400,9742598470,90.3637979,23.7888085,0.05378947,3,3,0,1
Zone_DH400,7281598790,90.3567905,23.7839364,0.02677543,3,3,0,1
Zone_DH400,7281598791,90.3567167,23.784107,0.0,4,1,0,0
Zone_DH400,7021764937,90.3525749,23.7767589,0.0,4,1,0,0
Zone_DH400,9742598473,90.3643447,23.788873,0.04929198,3,3,0,1
Zone_DH400,7021764938,90.3520616,23.7773629,0.0,4,1,0,0
Zone_DH400,7281598792,90.356814,23.7840986,0.02951333,3,3,0,1
Zone_DH400,9742598477,90.3658273,23.7899273,0.0156835,4,3,0,1
Zone_DH400,7281598794,90.3568186,23.7841328,0.03101769,3,3,0,1
Zone_DH400,7281598793,90.3567217,23.7841428,0.0,4,1,0,0
Zone_DH400,7281598797,90.356593,23.7842336,0.02025585,3,3,0,0
Zone_DH400,7281598801,90.3564131,23.784226,0.00775104,4,3,0,0
Zone_DH400,7281598798,90.3564147,23.7840185,0.00104848,4,3,0,1
Zone_DH400,7281598802,90.3563563,23.784025,0.0,4,1,0,0
Zone_DH400,9742598476,90.3663184,23.789861,0.06240445,3,3,0,0
Zone_DH400,7281598805,90.3565906,23.7839907,0.01115743,4,3,0,0
Zone_DH400,5769519446,90.3654203,23.7725135,0.00101937,4,3,0,1
Zone_DH400,5769519447,90.3655158,23.7725389,0.0,4,1,0,0
Zone_DH400,7281598806,90.3565926,23.7839983,0.01174119,4,3,0,0
Zone_DH400,9742598489,90.3657646,23.7912754,0.02572644,3,3,0,0
Zone_DH400,7281598810,90.3563871,23.7839157,0.0,4,1,0,0
Zone_DH400,7281598809,90.3567947,23.7839635,0.02719441,3,3,0,0
Zone_DH400,9742598493,90.3614093,23.7891805,0.0419334,3,3,0,0
Zone_DH400,7281598813,90.3563344,23.7836648,0.00717456,4,3,0,0
Zone_DH400,6784205158,90.3543312,23.7932919,0.00610529,4,3,0,1
Zone_DH400,6784205159,90.3545988,23.7933201,0.0,4,1,0,0
Zone_DH400,6784205160,90.3537068,23.7932679,0.0147655,4,3,0,1
Zone_DH400,7281598822,90.3558972,23.7836504,0.00778067,4,3,0,0
Zone_DH400,7281598823,90.3559405,23.783722,0.00782018,4,3,0,0
Zone_DH400,7281598826,90.3561798,23.7836053,0.0040468,4,3,0,0
Zone_DH400,7281598828,90.3561802,23.7835505,0.00374479,4,3,0,1
Zone_DH400,7281598827,90.3559989,23.7835598,0.0,4,1,0,0
Zone_DH400,7281598829,90.3563998,23.7834822,0.0,4,1,0,0
Zone_DH400,7281598832,90.3561755,23.7834703,0.00244628,4,3,0,1
Zone_DH400,7281598834,90.3565515,23.783504,0.00428176,4,3,0,0
Zone_DH400,3808575859,90.3618888,23.7800264,0.04480411,3,3,0,0
Zone_DH400,7281598835,90.3565453,23.7834029,0.01178901,4,3,0,0
Zone_DH400,7281598837,90.3568023,23.7840119,0.02839467,3,3,0,1
Zone_DH400,7281598838,90.3567216,23.7832391,0.00044185,4,3,0,0
Zone_DH400,3808575865,90.3633196,23.7807315,0.0,4,1,0,0
Zone_DH400,3808575866,90.3628843,23.780818,0.03891246,3,3,0,1
Zone_DH400,7281598842,90.356863,23.7833428,0.00312568,4,3,0,0
Zone_DH400,4948296060,90.3571968,23.7829353,0.00078597,4,3,0,0
Zone_DH400,3808575871,90.3629251,23.7811234,0.04120383,3,4,0,0
Zone_DH400,382026114,90.3598435,23.7893533,0.10670147,2,3,0,0
Zone_DH400,7281598850,90.3569336,23.783105,0.00022404,4,3,0,0
Zone_DH400,13450559877,90.352871,23.7752936,0.03631206,3,3,0,0
Zone_DH400,382026118,90.3595693,23.7901641,0.11130241,2,3,0,0
Zone_DH400,4590551429,90.3488327,23.7866725,0.0,4,1,0,0
Zone_DH400,382026120,90.3592235,23.7908002,0.10666561,2,3,0,1
Zone_DH400,382026122,90.3590654,23.7913603,0.1091701,2,3,0,0
Zone_DH400,7281598858,90.3564508,23.7832675,0.0,4,1,0,0
Zone_DH400,7281598860,90.3565809,23.7832635,0.00246499,4,3,0,1
Zone_DH400,7281598863,90.3565923,23.7833328,0.00347292,4,3,0,0
Zone_DH400,7281598864,90.3566002,23.7833997,0.01124736,4,3,0,0
Zone_DH400,7281598865,90.3563181,23.7835243,0.0,4,1,0,0
Zone_DH400,7281598866,90.3561788,23.7835314,0.00309501,4,3,0,1
Zone_DH400,7281598871,90.3567456,23.7836629,0.01805908,4,3,0,0
Zone_DH400,7281598872,90.3568608,23.7836503,0.00623473,4,3,0,0
Zone_DH400,7281598873,90.3567549,23.7837229,0.02540883,3,3,0,0
Zone_DH400,7281598879,90.3569502,23.78355,0.00550178,4,3,0,0
Zone_DH400,7281598880,90.3569068,23.783477,0.00271658,4,3,0,0
Zone_DH400,7281598881,90.3568847,23.7834271,0.00362835,4,3,0,0
Zone_DH400,7281598884,90.3568609,23.7834331,0.00455883,4,3,0,0
Zone_DH400,386040231,90.3696529,23.7866723,0.00661472,4,3,0,0
Zone_DH400,4421755304,90.3503538,23.7884429,0.02923522,3,3,0,0
Zone_DH400,7281598888,90.3567387,23.7833876,0.00890037,4,3,0,0
Zone_DH400,386040234,90.3689282,23.7866317,0.00591556,4,3,0,0
Zone_DH400,7281598889,90.3567745,23.7835283,0.00398182,4,3,0,0
Zone_DH400,7281598887,90.3567586,23.7834465,0.00555116,4,3,0,0
Zone_DH400,4595581357,90.3597518,23.7917957,0.04631861,3,3,0,0
Zone_DH400,7281598893,90.3565566,23.7837019,0.00089565,4,3,0,0
Zone_DH400,386040239,90.3687934,23.7875091,0.00118623,4,3,0,1
Zone_DH400,4595581359,90.3592895,23.7925158,0.00167278,4,3,0,1
Zone_DH400,4595581360,90.3590753,23.7923236,0.0,4,1,0,0
Zone_DH400,7281598896,90.3561726,23.7833967,0.0130896,4,3,0,0
Zone_DH400,7281598894,90.3565512,23.7836635,0.00044289,4,3,0,0
Zone_DH400,7281598900,90.3574726,23.7829323,0.00024224,4,3,0,0
Zone_DH400,386040245,90.3679293,23.7873309,0.011579,4,3,0,0
Zone_DH400,7281598895,90.3561826,23.7836709,0.00660328,4,3,0,0
Zone_DH400,7281598897,90.3574788,23.782968,0.00125173,4,3,0,0
Zone_DH400,382026173,90.361218,23.7912762,0.01141838,4,3,0,0
Zone_DH400,7281598909,90.3575774,23.7829113,0.0,4,3,0,0
Zone_DH400,382026175,90.3616688,23.7910973,0.01207699,4,3,0,1
Zone_DH400,4590543295,90.3522602,23.7812208,0.03697067,3,3,0,0
Zone_DH400,7281598912,90.3575026,23.7830449,0.00234543,4,3,0,0
Zone_DH400,7281598914,90.3572992,23.7831484,0.01021395,4,3,0,0
Zone_DH400,7281598915,90.3568041,23.7842422,0.05237815,3,3,0,0
Zone_DH400,7281598917,90.356715,23.7833892,0.01372066,4,3,0,0
Zone_DH400,4425400793,90.3502061,23.790047,0.00615312,4,3,0,0
Zone_DH400,3713311194,90.3657224,23.783965,0.03439132,3,3,0,1
Zone_DH400,12019909082,90.3513603,23.7913932,0.0,4,1,0,0
Zone_DH400,12019909087,90.3514693,23.7912944,0.00407279,4,3,0,1
Zone_DH400,4948296179,90.3568263,23.7833604,0.00534375,4,3,0,0
Zone_DH400,348365344,90.358645,23.7923908,0.03855613,3,3,0,1
Zone_DH400,386040360,90.3646966,23.7868572,0.05741339,3,3,0,0
Zone_DH400,386040361,90.3649795,23.7869888,0.05193085,3,3,0,0
Zone_DH400,386040365,90.3647491,23.7879166,0.04497253,3,3,0,1
Zone_DH400,4512285243,90.3616566,23.7823922,0.01696018,4,4,0,1
Zone_DH400,382018136,90.3625679,23.7795744,0.00354777,4,3,0,0
Zone_DH400,382018139,90.3631776,23.7782923,0.03835054,3,3,0,0
Zone_DH400,9288204905,90.3600828,23.7942834,0.0,4,1,0,0
Zone_DH400,12018238069,90.3524552,23.7926226,0.0141833,4,3,0,1
Zone_DH400,382026359,90.3504153,23.7876017,0.01923388,3,3,0,0
Zone_DH400,12018238074,90.3527373,23.7928072,0.0,4,1,0,0
Zone_DH400,11409244797,90.367764,23.7897917,0.00914104,4,3,0,1
Zone_DH400,11409244800,90.3669792,23.7896131,0.0,4,1,0,0
Zone_DH400,11409244802,90.3672773,23.7903558,0.0,4,1,0,0
Zone_DH400,10727604875,90.3636192,23.7783516,0.04178681,3,3,0,1
Zone_DH400,10727604878,90.3641248,23.7772636,0.0,4,1,0,0
Zone_DH400,11409244818,90.3662371,23.7937366,0.0,4,1,0,0
Zone_DH400,11409244820,90.3651615,23.790016,0.0,4,1,0,0
Zone_DH400,11409244821,90.3637306,23.7895693,0.0,4,1,0,0
Zone_DH400,11409244822,90.3641274,23.7904811,0.03653818,3,3,0,0
Zone_DH400,11409244824,90.3639372,23.7909265,0.00823812,4,3,0,1
Zone_DH400,11409244825,90.3639435,23.7914235,0.00917015,4,3,0,1
Zone_DH400,11409244828,90.3636023,23.7919403,0.0,4,1,0,0
Zone_DH400,11409244829,90.3630842,23.7917554,0.0071231,4,3,0,1
Zone_DH400,11409244830,90.3635937,23.7918402,0.0,4,1,0,0
Zone_DH400,11409244831,90.362671,23.7914769,0.0,4,1,0,0
Zone_DH400,11409244832,90.3630752,23.7915408,0.00768451,4,3,0,1
Zone_DH400,11409244833,90.3630423,23.7920826,0.0063257,4,3,0,1
Zone_DH400,11409244834,90.3633174,23.7921371,0.0,4,1,0,0
Zone_DH400,11409244839,90.3618261,23.7913744,0.0,4,1,0,0
Zone_DH400,11409244840,90.3635923,23.7908965,0.0,4,1,0,0
Zone_DH400,11409244841,90.363597,23.7911781,0.0,4,1,0,0
Zone_DH400,11409244842,90.3639348,23.7911835,0.01052896,4,3,0,1
Zone_DH400,11409244843,90.3639264,23.7911027,0.01148491,4,3,0,0
Zone_DH400,6559294124,90.3668176,23.7905271,0.0,4,1,0,0
Zone_DH400,6559294126,90.3667506,23.7909902,0.02045078,3,3,0,1
Zone_DH400,11205354159,90.3544399,23.7890413,0.0,4,1,0,0
Zone_DH400,11205354160,90.3550339,23.7884213,0.0,4,1,0,0
Zone_DH400,11409244847,90.3646419,23.7909264,0.02759051,3,3,0,0
Zone_DH400,10635510452,90.3688842,23.7765824,0.00507657,4,4,0,0
Zone_DH400,123044552,90.3498989,23.782477,0.07463947,3,3,0,1
Zone_DH400,11409294036,90.361117,23.7875709,0.06832988,3,3,0,0
Zone_DH400,5344289492,90.3656368,23.7810956,0.0,4,1,0,0
Zone_DH400,4590232293,90.3534904,23.7785835,0.00921278,4,3,0,1
Zone_DH400,7048569575,90.3657329,23.7734788,0.00101937,4,2,0,0
Zone_DH400,12019909352,90.3518824,23.7910041,0.00833428,4,3,0,1
Zone_DH400,4590232296,90.3539755,23.7786843,0.01030128,4,3,0,0
Zone_DH400,4590232298,90.3538515,23.7790901,0.0090849,4,3,0,0
Zone_DH400,12019909351,90.3519132,23.7909057,0.0,4,1,0,0
Zone_DH400,4590232300,90.3538749,23.7782056,0.0,4,1,0,0
Zone_DH400,5770207981,90.3647506,23.7723291,0.00404524,4,3,0,0
Zone_DH400,4590232304,90.353193,23.778173,0.00724162,4,3,0,0
Zone_DH400,4590232305,90.3530262,23.7780932,0.00462952,4,3,0,0
Zone_DH400,3713336051,90.3647107,23.7805701,0.03970987,3,3,0,0
Zone_DH400,3713336052,90.3647649,23.7807347,0.03871389,3,3,0,0
Zone_DH400,3713336057,90.3638653,23.7810027,0.00057648,4,3,0,0
Zone_DH400,4590232316,90.353813,23.7771102,0.0,4,1,0,0
Zone_DH400,4590232318,90.3540357,23.776408,0.0,4,1,0,0
Zone_DH400,3732390656,90.3592038,23.7803585,0.02033642,3,3,0,0
Zone_DH400,3732390659,90.360519,23.7804052,0.0735047,3,3,0,0
Zone_DH400,4395606833,90.3575467,23.7771695,0.0,4,1,0,0
Zone_DH400,11411800896,90.3488456,23.7938469,0.0458726,3,3,0,1
Zone_DH400,12019909440,90.3521895,23.7907063,0.0,4,1,0,0
Zone_DH400,123044675,90.3612755,23.7779991,0.16450525,1,3,0,0
Zone_DH400,12015518532,90.3577245,23.7931758,0.0,4,1,0,0
Zone_DH400,4611400546,90.3697505,23.788515,0.00149448,4,2,0,0
Zone_DH400,4611400547,90.3694377,23.788558,0.0,4,1,0,0
Zone_DH400,4364084072,90.3482954,23.7732613,0.0,4,1,0,0
Zone_DH400,4611400553,90.3697638,23.788067,0.00170241,4,2,0,0
Zone_DH400,4362322793,90.3501109,23.7738084,0.0070732,4,3,0,1
Zone_DH400,4362322794,90.3503449,23.7738411,0.0,4,1,0,0
Zone_DH400,12019909487,90.3515229,23.7909039,0.02447627,3,3,0,0
Zone_DH400,12020630389,90.3516189,23.7881084,0.0,4,1,0,0
Zone_DH400,12020630390,90.3509199,23.7884112,0.03286305,3,3,0,0
Zone_DH400,12019909501,90.351875,23.790475,0.01786727,4,3,0,0
Zone_DH400,12019909505,90.3518911,23.79014,0.0,4,1,0,0
Zone_DH400,4595598216,90.3632921,23.7900866,0.0,4,1,0,0
Zone_DH400,4595598217,90.3646719,23.7907109,0.03752376,3,3,0,0
Zone_DH400,4595598220,90.3636537,23.7903122,0.03728309,3,3,0,1
Zone_DH400,4595598223,90.3636267,23.7904257,0.03984996,3,3,0,1
Zone_DH400,4595598231,90.3620946,23.7906789,0.01700177,4,3,0,1
Zone_DH400,4595598233,90.3626644,23.7903143,0.0,4,1,0,0
Zone_DH400,12019909534,90.3520245,23.7905836,0.01911276,3,3,0,1
Zone_DH400,4595598239,90.3622795,23.79068,0.00407279,4,3,0,1
Zone_DH400,4595598242,90.3624555,23.7913212,0.0,4,1,0,0
Zone_DH400,4595598253,90.3600838,23.7889218,0.0,4,1,0,0
Zone_DH400,264881070,90.3471862,23.7829511,0.09083863,2,4,0,0
Zone_DH400,4483679149,90.3491205,23.7912896,0.0,4,1,0,0
Zone_DH400,264881072,90.3477309,23.7863375,0.0341808,3,3,0,0
Zone_DH400,4595598256,90.3600445,23.7893553,0.04871654,3,3,0,1
Zone_DH400,4595598265,90.3607318,23.7890673,0.0,4,1,0,0
Zone_DH400,4595598266,90.3603992,23.7890514,0.00407279,4,3,0,1
Zone_DH400,4595598267,90.36042,23.7887054,0.0,4,1,0,0
Zone_DH400,4595598273,90.3603722,23.7893605,0.04926859,3,3,0,1
Zone_DH400,6782616517,90.3623195,23.7785116,0.0,4,1,0,0
Zone_DH400,12019909574,90.3520212,23.7898817,0.0,4,1,0,0
Zone_DH400,6782616519,90.3617321,23.7777049,0.1609489,1,3,0,1
Zone_DH400,4590240711,90.3478579,23.777509,0.05461286,3,3,0,0
Zone_DH400,12019909576,90.3522357,23.7898952,0.02042271,3,3,0,1
Zone_DH400,3713295325,90.3660308,23.7840265,0.0,4,1,0,0
Zone_DH400,3713295330,90.3671851,23.7822768,0.01576304,4,3,0,1
Zone_DH400,3713295333,90.3671853,23.7826573,0.05922965,3,3,0,0
Zone_DH400,5254366204,90.3506122,23.7893564,0.05782327,3,4,0,0
Zone_DH400,5254366207,90.3499479,23.7893354,0.05717662,3,3,0,0
Zone_DH400,4611400722,90.3681903,23.786657,0.01172767,4,3,0,0
Zone_DH400,9742582806,90.36678,23.7891094,0.0,4,1,0,0
Zone_DH400,9742582807,90.3672923,23.7856592,0.0037136,4,3,0,0
Zone_DH400,9742582808,90.3672211,23.7856432,0.06598523,3,3,0,0
Zone_DH400,4611400738,90.3695885,23.7848471,0.00075322,4,2,0,0
Zone_DH400,4611400743,90.3694605,23.7855371,0.00364238,4,3,0,0
Zone_DH400,386040872,90.360938,23.7894281,0.04734109,3,3,0,1
Zone_DH400,3720725544,90.3640444,23.794683,0.0,4,1,0,0
Zone_DH400,4611400746,90.369577,23.7849156,0.00512751,4,3,0,0
Zone_DH400,386040877,90.3620839,23.788994,0.05521949,3,3,0,1
Zone_DH400,3720717360,90.3630586,23.7932453,0.0,4,1,0,0
Zone_DH400,8950416433,90.3615211,23.778963,0.0,4,1,0,0
Zone_DH400,3720717362,90.3631558,23.7936933,0.00203822,4,3,0,1
Zone_DH400,386040882,90.3633229,23.7888567,0.05619935,3,3,0,1
Zone_DH400,386040883,90.363503,23.7888329,0.05498193,3,3,0,1
Zone_DH400,8950416436,90.3589748,23.7817736,0.0,4,1,0,0
Zone_DH400,8950416439,90.3597326,23.781673,0.0,4,1,0,0
Zone_DH400,8950416440,90.3597432,23.7814493,0.00366006,4,3,0,1
Zone_DH400,386040891,90.3653613,23.7889904,0.03983956,3,3,0,1
Zone_DH400,386040893,90.3656512,23.7885196,0.07336305,3,3,0,0
Zone_DH400,386040896,90.366085,23.788545,0.06287515,3,3,0,1
Zone_DH400,386040897,90.3658395,23.78945,0.0,4,1,0,0
Zone_DH400,4611400770,90.3694066,23.7833763,0.00079688,4,3,0,0
Zone_DH400,5895627845,90.3630194,23.7726028,0.0,4,2,0,0
Zone_DH400,4611400775,90.3690239,23.7845984,0.00818821,4,3,0,0
Zone_DH400,5895627858,90.3627421,23.772302,0.00101937,4,2,0,1
Zone_DH400,4493714516,90.3579722,23.7927815,0.0,4,1,0,0
Zone_DH400,4493714517,90.3583482,23.7929093,0.01660515,4,4,0,1
Zone_DH400,386049109,90.3672807,23.792787,0.00282678,4,3,0,1
Zone_DH400,386049111,90.3670248,23.792723,0.00879952,4,3,0,1
Zone_DH400,4611400788,90.3680139,23.7854579,0.01639826,4,3,0,0
Zone_DH400,386049116,90.3666621,23.7932706,0.00407279,4,3,0,1
Zone_DH400,386049128,90.3654286,23.7941269,0.00506513,4,3,0,1
Zone_DH400,4611400823,90.3667035,23.7875129,0.0,4,1,0,0
Zone_DH400,4611400825,90.3667028,23.7871129,0.00349059,4,3,0,1
Zone_DH400,3713279099,90.3630644,23.7847921,0.06010269,3,3,0,0
Zone_DH400,9938871425,90.3626392,23.7730573,0.0,4,1,0,0
Zone_DH400,9938871426,90.3628903,23.7732882,0.00586617,4,3,0,1
Zone_DH400,4611318915,90.3687098,23.7857706,0.0,4,1,0,0
Zone_DH400,3713279108,90.3643675,23.7846964,0.01667428,4,3,0,1
Zone_DH400,9938871427,90.3632031,23.773376,0.0,4,1,0,0
Zone_DH400,3713279111,90.3648517,23.7847481,0.01530819,4,3,0,1
Zone_DH400,4611318922,90.3699941,23.7858187,0.00331126,4,3,0,0
Zone_DH400,4514825355,90.3488387,23.7868559,0.0,4,1,0,0
Zone_DH400,4611318926,90.3696836,23.7862145,0.00459469,4,4,0,1
Zone_DH400,3713279120,90.3663372,23.7853504,0.01197718,4,3,0,1
Zone_DH400,4514825362,90.3478552,23.7867467,0.02540363,3,3,0,1
Zone_DH400,348357787,90.3590635,23.7929305,0.02389979,3,3,0,0
Zone_DH400,348357791,90.3598505,23.7932504,0.0086888,4,3,0,0
Zone_DH400,4611318943,90.3685093,23.7847452,0.0,4,1,0,0
Zone_DH400,2320057505,90.3568562,23.7789696,0.01710105,4,2,0,0
Zone_DH400,4611318944,90.3681458,23.7847368,0.00789763,4,3,0,1
Zone_DH400,4611318945,90.3690487,23.7831029,0.00565097,4,3,0,0
Zone_DH400,4611318949,90.3687736,23.7845051,0.01001226,4,3,0,0
Zone_DH400,2320057511,90.3479266,23.7827451,0.03367501,3,3,0,1
Zone_DH400,4611318952,90.3686237,23.7851684,0.00765384,4,3,0,0
Zone_DH400,2320057523,90.3531154,23.7807662,0.03571375,3,3,0,0
Zone_DH400,382026932,90.3528696,23.7941547,0.01680944,4,3,0,0
Zone_DH400,4611318972,90.3680889,23.7851426,0.01590963,4,3,0,0
Zone_DH400,4611318979,90.3682778,23.7856974,0.00655702,4,3,0,1
Zone_DH400,2320057546,90.3566946,23.7777619,0.00812947,4,3,0,1
Zone_DH400,2320057548,90.3658082,23.7746393,0.00911089,4,4,0,1
Zone_DH400,2320057555,90.3564294,23.7790792,0.03314168,3,3,0,0
Zone_DH400,3556812006,90.3658033,23.7745334,0.0,4,1,0,0
Zone_DH400,3556812007,90.3657443,23.7745819,0.00203822,4,3,0,1
Zone_DH400,3556812008,90.3657044,23.7746178,0.0,4,1,0,0
Zone_DH400,3556812009,90.3660279,23.774741,0.0,4,1,0,0
Zone_DH400,3556812010,90.3659712,23.7747826,0.00203822,4,3,0,1
Zone_DH400,3556812011,90.3659201,23.774831,0.0,4,1,0,0
Zone_DH400,12018517224,90.3512584,23.7945362,0.0,4,1,0,0
Zone_DH400,4483745032,90.3446597,23.7864055,0.0,4,1,0,0
Zone_DH400,8974099735,90.3566238,23.7790295,0.05216087,3,4,0,0
Zone_DH400,3718079771,90.3649871,23.7945625,4.16e-06,4,2,0,0
Zone_DH400,379938095,90.3655785,23.7782299,0.01217887,4,3,0,0
Zone_DH400,1158350137,90.3577718,23.788922,0.00589892,4,3,0,0
Zone_DH400,5927773501,90.3535855,23.7926989,0.03861954,3,3,0,1
Zone_DH400,12020032836,90.3504289,23.7888523,0.00445382,4,3,0,0
Zone_DH400,12020032839,90.3500713,23.788961,0.0016707,4,3,0,0
Zone_DH400,12018517329,90.3513462,23.7943401,0.0,4,1,0,0
Zone_DH400,3731342678,90.3546607,23.7732012,0.03389594,3,3,0,1
Zone_DH400,3713271126,90.3538569,23.7794774,0.01856695,4,3,0,0
Zone_DH400,3713271127,90.3537938,23.7793653,0.01641749,4,3,0,0
Zone_DH400,3731342679,90.3543688,23.7737331,0.0,4,1,0,0
Zone_DH400,3713271130,90.3537726,23.7791419,0.00545084,4,3,0,0
Zone_DH400,12774794587,90.3499434,23.7731804,0.00231944,4,3,0,0
Zone_DH400,4483671389,90.3482128,23.7896592,0.01760164,4,3,0,0
Zone_DH400,4483671392,90.3462805,23.7898859,0.00888529,4,4,0,0
Zone_DH400,4483671397,90.3463582,23.7901681,0.00805774,4,3,0,0
Zone_DH400,4483671398,90.3463674,23.7901973,0.01553068,4,3,0,0
Zone_DH400,4483671404,90.3450611,23.7903077,0.0,4,1,0,0
Zone_DH400,3713271149,90.3515783,23.7783063,0.0,4,1,0,0
Zone_DH400,4483671409,90.3473707,23.7903685,0.01892355,4,3,0,0
Zone_DH400,4894696818,90.3532326,23.7730527,0.03016258,3,4,0,0
Zone_DH400,4894696819,90.3529994,23.7734383,0.02819662,3,3,0,0
Zone_DH400,4894696820,90.350808,23.7723149,0.00168422,4,3,0,1
Zone_DH400,4483671410,90.3472192,23.7903765,0.01343528,4,3,0,1
Zone_DH400,12020032887,90.3503683,23.7878151,0.0,4,1,0,0
Zone_DH400,4483671419,90.3466684,23.7904385,0.0,4,1,0,0
Zone_DH400,4483671427,90.3464846,23.7906126,0.0020377,4,3,0,1
Zone_DH400,7130031495,90.3581591,23.7951057,0.00326863,4,2,0,0
Zone_DH400,11992278410,90.3671629,23.7862835,0.01204424,4,3,0,0
Zone_DH400,4483671436,90.3456064,23.7907847,0.00203458,4,2,0,0
Zone_DH400,4483671445,90.3471781,23.7910645,0.00230592,4,3,0,1
Zone_DH400,3734996376,90.3570001,23.7743145,0.03438769,3,3,0,0
Zone_DH400,9992684952,90.3672853,23.7743132,0.0,4,1,0,0
Zone_DH400,9992684955,90.3660754,23.7766053,0.00720107,4,3,0,1
Zone_DH400,4483671452,90.3468159,23.7911215,0.0,4,1,0,0
Zone_DH400,9992684957,90.3658651,23.7775617,0.00958705,4,4,0,1
Zone_DH400,9992684961,90.3647007,23.7777791,0.00143678,4,3,0,0
Zone_DH400,9992684964,90.3656675,23.7808104,0.0089222,4,3,0,1
Zone_DH400,9992684969,90.3658097,23.7794553,0.04701361,3,4,0,0
Zone_DH400,9992684973,90.3668332,23.779661,0.03934209,3,3,0,0
Zone_DH400,9992684981,90.3677163,23.7826497,0.04302736,3,4,0,1
Zone_DH400,3915851205,90.3530641,23.7809174,0.08396557,2,3,0,0
Zone_DH400,3915851206,90.3533306,23.781359,0.0,4,1,0,0
Zone_DH400,12018517447,90.3509275,23.793468,0.0,4,1,0,0
Zone_DH400,12018517449,90.350945,23.7931964,0.00768191,4,3,0,1
Zone_DH400,6064760293,90.3460583,23.7879152,0.00791271,4,3,0,0
Zone_DH400,3732407804,90.359549,23.7752727,0.0092554,4,3,0,1
Zone_DH400,5767218687,90.3650403,23.7742066,0.00397247,4,3,0,0
Zone_DH400,10031719935,90.3520691,23.773991,0.02458491,3,3,0,0
Zone_DH400,3732407807,90.3603157,23.775221,0.0,4,1,0,0
Zone_DH400,10031719942,90.3555518,23.7737286,0.0480101,3,3,0,0
Zone_DH400,3732407816,90.3570339,23.7762755,0.0,4,1,0,0
Zone_DH400,6349112841,90.3664484,23.7888071,0.09282435,2,3,0,0
Zone_DH400,6349112846,90.3670165,23.7871188,0.06632052,3,4,0,0
Zone_DH400,6784771601,90.3560257,23.7806323,0.0,4,1,0,0
Zone_DH400,6784771604,90.3556742,23.7795795,0.06898798,3,3,0,1
Zone_DH400,6349112852,90.3672727,23.7854842,0.06961722,3,4,0,0
Zone_DH400,6349112855,90.3676534,23.784477,0.05260349,3,3,0,0
Zone_DH400,12180358687,90.347904,23.7823124,0.0,4,1,0,0
Zone_DH400,12180358688,90.3485034,23.7835617,0.0,4,1,0,0
Zone_DH400,4883973665,90.352452,23.7759219,0.03388242,3,3,0,0
Zone_DH400,4883973669,90.3512489,23.775361,0.01602555,4,3,0,0
Zone_DH400,12180358693,90.3473337,23.783459,0.05422819,3,3,0,1
Zone_DH400,4883973670,90.3508826,23.7773715,0.0,4,1,0,0
Zone_DH400,4883973671,90.3514144,23.7776407,0.00203822,4,3,0,1
Zone_DH400,4883973673,90.3514886,23.7775095,0.00407279,4,3,0,1
Zone_DH400,4883973672,90.3517717,23.7776292,0.0,4,1,0,0
Zone_DH400,12180358694,90.3490325,23.7845226,0.0,4,1,0,0
Zone_DH400,3720709681,90.3630745,23.7918848,0.00668125,4,3,0,1
Zone_DH400,4595779122,90.3649512,23.7823032,0.00903864,4,3,0,0
Zone_DH400,4976682549,90.3604152,23.772319,0.0,4,1,0,0
Zone_DH400,4595779126,90.364937,23.7832959,0.00575285,4,3,0,0
Zone_DH400,4483679815,90.3498561,23.7921453,0.00791999,4,3,0,1
Zone_DH400,11411588682,90.3656791,23.7806854,0.00863318,4,3,0,0
Zone_DH400,11411588690,90.3657488,23.7779261,0.0108419,4,4,0,0
Zone_DH400,11411588691,90.3662758,23.7774634,0.0,4,1,0,0
Zone_DH400,11411588696,90.3655758,23.7771173,0.0,4,1,0,0
Zone_DH400,11411613275,90.3697217,23.7796488,0.00209332,4,3,0,0
Zone_DH400,11411588700,90.3662262,23.7784354,0.00101937,4,3,0,1
Zone_DH400,11411588701,90.3657022,23.7784951,0.01462567,4,3,0,0
Zone_DH400,11411613277,90.3681765,23.7799509,0.00954754,4,3,0,0
Zone_DH400,11411613276,90.369296,23.779546,0.0,4,1,0,0
Zone_DH400,3556787808,90.3594402,23.7786097,0.00996652,4,3,0,0
Zone_DH400,11411588705,90.3665803,23.7787262,0.0,4,1,0,0
Zone_DH400,11411613282,90.3689004,23.7798786,0.00311009,4,3,0,1
Zone_DH400,4395755107,90.3489708,23.7862538,0.02903925,3,3,0,1
Zone_DH400,11411613286,90.3693548,23.7795602,0.00110566,4,3,0,1
Zone_DH400,11411613287,90.369001,23.7795804,0.0,4,1,0,0
Zone_DH400,3556787816,90.3571397,23.7790835,0.09779123,2,3,0,1
Zone_DH400,11411613288,90.369949,23.7808044,0.00373543,4,3,0,1
Zone_DH400,6350939752,90.3634684,23.7725298,0.0,4,1,0,0
Zone_DH400,11411613289,90.3699987,23.780497,0.00203822,4,3,0,1
Zone_DH400,11411613292,90.3698404,23.7801902,0.0,4,1,0,0
Zone_DH400,11411613293,90.3697546,23.7804504,0.0,4,1,0,0
Zone_DH400,379856494,90.3652595,23.7739561,0.00325616,4,3,0,0
Zone_DH400,4485613173,90.3640873,23.7939269,0.01083566,4,3,0,1
Zone_DH400,6153823863,90.3539557,23.7892117,0.16846291,1,3,0,0
Zone_DH400,4590569079,90.3499827,23.7829629,0.0,4,1,0,0
Zone_DH400,11411613305,90.3693079,23.7822698,0.0037739,4,3,0,1
Zone_DH400,4590569082,90.3564078,23.7764101,0.0,4,1,0,0
Zone_DH400,4483679865,90.3501302,23.7927786,0.00773441,4,3,0,1
Zone_DH400,4483679866,90.3502603,23.7927845,0.00864825,4,3,0,1
Zone_DH400,4483679867,90.3505877,23.7927745,0.01146308,4,3,0,0
Zone_DH400,11411613310,90.367745,23.7844359,0.0093105,4,3,0,0
Zone_DH400,4595779199,90.3613133,23.7820098,0.0,4,1,0,0
Zone_DH400,11411613311,90.3681618,23.7844582,0.00829634,4,3,0,0
Zone_DH400,11411613309,90.3676732,23.7844323,0.05221311,3,3,0,0
Zone_DH400,11411613308,90.3689491,23.7815175,0.0,4,1,0,0
Zone_DH400,4483679887,90.350108,23.7929559,0.0,4,1,0,0
Zone_DH400,9909520016,90.3564862,23.7790623,0.03006538,3,3,0,0
Zone_DH400,4506601131,90.3613189,23.7896994,0.0,4,1,0,0
Zone_DH400,382019244,90.3608459,23.7828134,0.00295362,4,3,0,1
Zone_DH400,4506601132,90.3613122,23.789528,0.0,4,1,0,0
Zone_DH400,4506601135,90.3609115,23.7895473,0.00407279,4,3,0,1
Zone_DH400,382019248,90.3596342,23.782718,0.10394175,2,3,0,0
Zone_DH400,382019250,90.35983,23.7821563,0.09898058,2,3,0,0
Zone_DH400,382019259,90.3613044,23.7823842,0.02089055,3,4,0,1
Zone_DH400,386041540,90.368242,23.7860877,0.00718184,4,3,0,1
Zone_DH400,382019269,90.3636653,23.7823405,0.04635057,3,3,0,0
Zone_DH400,386041543,90.3682125,23.7863036,0.01261916,4,3,0,0
Zone_DH400,386041556,90.3670529,23.789115,0.02999676,3,3,0,1
Zone_DH400,386041557,90.3674166,23.789105,0.02602949,3,3,0,1
Zone_DH400,6643074776,90.3582679,23.7789292,0.09766959,2,3,0,0
Zone_DH400,386041562,90.3685411,23.7891225,0.00817314,4,3,0,0
Zone_DH400,4967687899,90.3506023,23.7740946,0.0,4,1,0,0
Zone_DH400,6643074780,90.3585812,23.780313,0.00711374,4,3,0,1
Zone_DH400,386041565,90.3693229,23.7891034,0.00422458,4,3,0,1
Zone_DH400,386041566,90.3696373,23.7890996,0.0016681,4,2,0,0
Zone_DH400,9909528286,90.3567126,23.7791607,0.09694236,2,3,0,0
Zone_DH400,6643074781,90.3584805,23.778902,0.0957421,2,3,0,1
Zone_DH400,6643074784,90.3584782,23.7791858,0.0,4,1,0,0
Zone_DH400,11409254115,90.3646873,23.7902524,0.01633432,4,3,0,1
Zone_DH400,11409254116,90.3642166,23.7902885,0.0,4,1,0,0
Zone_DH400,11409254117,90.3633817,23.7884974,0.0,4,1,0,0
Zone_DH400,11409254118,90.3643694,23.7900533,0.00610321,4,3,0,1
Zone_DH400,11409254120,90.3643956,23.7895749,0.0,4,1,0,0
Zone_DH400,11409254122,90.3617256,23.7895562,0.04194847,3,3,0,1
Zone_DH400,11409254124,90.3621058,23.789651,0.0,4,1,0,0
Zone_DH400,11409254125,90.3620914,23.7893494,0.0,4,1,0,0
Zone_DH400,11409254128,90.3621943,23.7889906,0.05422975,3,3,0,1
Zone_DH400,11409254130,90.3621607,23.7887711,0.0,4,1,0,0
Zone_DH400,11409254132,90.3597213,23.7897227,0.09495821,2,3,0,1
Zone_DH400,9742698230,90.3589622,23.7814565,0.00335544,4,3,0,1
Zone_DH400,11409254135,90.3599789,23.7897577,0.0,4,1,0,0
Zone_DH400,11409254136,90.3606321,23.7900533,0.01945064,3,3,0,1
Zone_DH400,9742698233,90.3537878,23.7851015,0.10872565,2,3,0,0
Zone_DH400,11409254137,90.3606957,23.7896172,0.0,4,1,0,0
Zone_DH400,11414120187,90.3669907,23.7797482,0.04087608,3,3,0,0
Zone_DH400,11409254139,90.3609009,23.7896343,0.0,4,1,0,0
Zone_DH400,11409254141,90.3612032,23.7895917,0.00203822,4,3,0,1
Zone_DH400,11409254142,90.3614919,23.7886974,0.03668009,3,3,0,1
Zone_DH400,11414120188,90.3672176,23.7791886,0.00101937,4,3,0,1
Zone_DH400,11409254138,90.3610357,23.7900848,0.01872705,4,3,0,1
Zone_DH400,11409254140,90.3611936,23.7896957,0.0,4,1,0,0
Zone_DH400,11409254144,90.3614919,23.7883287,0.0,4,1,0,0
Zone_DH400,382019353,90.3660998,23.7827145,0.06886296,3,3,0,0
Zone_DH400,5778990894,90.3635093,23.7723779,0.00203562,4,3,0,1
Zone_DH400,11993212763,90.3642919,23.783394,0.00541029,4,3,0,1
Zone_DH400,11993212765,90.3642622,23.7824956,0.0,4,1,0,0
Zone_DH400,11993212766,90.3597562,23.7822985,0.09992457,2,3,0,1
Zone_DH400,12019926878,90.3509417,23.7869691,0.0,4,1,0,0
Zone_DH400,12019926880,90.3512051,23.7869583,0.00304875,4,3,0,1
Zone_DH400,12019926881,90.3512209,23.7874133,0.0,4,1,0,0
Zone_DH400,12019926883,90.3523377,23.7867804,0.0,4,1,0,0
Zone_DH400,12019926885,90.3520585,23.7867877,0.00203822,4,3,0,1
Zone_DH400,12019926886,90.3523851,23.7869529,0.0,4,1,0,0
Zone_DH400,12019926888,90.3520714,23.7869676,0.00102561,4,3,0,1
Zone_DH400,12019926889,90.3524167,23.7871271,0.0,4,1,0,0
Zone_DH400,3733636972,90.3548142,23.7741292,0.00900589,4,3,0,0
Zone_DH400,3733636973,90.3536672,23.7739384,0.01239772,4,3,0,0
Zone_DH400,12019926893,90.3520764,23.7870175,0.00204393,4,3,0,0
Zone_DH400,12019926892,90.3520802,23.7871384,0.00101937,4,3,0,1
Zone_DH400,12019926896,90.3516768,23.7870362,0.00406552,4,3,0,0
Zone_DH400,12019926897,90.3516821,23.7870766,1.248e-05,4,3,0,0
Zone_DH400,12019926900,90.3512079,23.7871036,0.00102665,4,3,0,1
Zone_DH400,12019926904,90.3510462,23.7866116,0.0,4,1,0,0
Zone_DH400,12019926906,90.3509604,23.786766,0.0,4,1,0,0
Zone_DH400,12019926907,90.3510512,23.7867543,0.00203822,4,3,0,1
Zone_DH400,9430566782,90.353821,23.7892144,0.1743769,1,4,0,0
Zone_DH400,12019926911,90.3512051,23.7868789,0.00710543,4,3,0,1
Zone_DH400,3732088705,90.3534328,23.774324,0.01228492,4,4,0,1
Zone_DH400,12019926914,90.3516619,23.7868412,0.0202179,3,3,0,1
Zone_DH400,12019926913,90.3516654,23.7868643,0.01316549,4,3,0,0
Zone_DH400,12019926917,90.3520603,23.7868157,0.00508021,4,3,0,1
Zone_DH400,382019462,90.3694495,23.7781905,0.00239897,4,3,0,1
Zone_DH400,12019926918,90.3520516,23.7865791,0.0,4,1,0,0
Zone_DH400,382019472,90.3680761,23.7797326,0.00699886,4,3,0,0
Zone_DH400,7281600402,90.3572626,23.7830598,0.0032915,4,3,0,0
Zone_DH400,382019476,90.3671871,23.7798528,0.05093825,3,3,0,0
Zone_DH400,382019489,90.3661554,23.7821424,0.0,4,1,0,0
Zone_DH400,4595765715,90.3611003,23.7817744,0.0,4,1,0,0
Zone_DH400,9991227322,90.3676818,23.7783668,0.0,4,2,0,0
Zone_DH400,9991227325,90.3691598,23.7759413,0.0020403,4,3,0,0
Zone_DH400,11412121537,90.3589336,23.7931817,0.01689936,4,3,0,0
Zone_DH400,11412121541,90.3575908,23.7941102,0.00778171,4,3,0,0
Zone_DH400,9991227333,90.3686272,23.7774123,0.01417914,4,3,0,0
Zone_DH400,4611278795,90.3627358,23.7934782,0.0,4,1,0,0
Zone_DH400,4611278801,90.3627884,23.7937472,0.01216536,4,3,0,1
Zone_DH400,4611278802,90.3627395,23.793999,0.0,4,1,0,0
Zone_DH400,3556780000,90.3521347,23.7819803,0.05609123,3,3,0,0
Zone_DH400,4590151655,90.3460687,23.7851184,0.00203822,4,3,0,1
Zone_DH400,4590151656,90.3463875,23.7850502,0.0,4,1,0,0
Zone_DH400,4603348974,90.369682,23.7865856,0.00545448,4,3,0,1
Zone_DH400,6640904184,90.3477832,23.7764804,0.0,4,1,0,0
Zone_DH400,382019599,90.3676953,23.7831083,0.0,4,1,0,0
Zone_DH400,382019606,90.3669363,23.7810331,0.01452586,4,3,0,1
Zone_DH400,382019611,90.366531,23.7820727,0.0,4,1,0,0
Zone_DH400,4894697521,90.3504098,23.7721727,0.0,4,1,0,0
Zone_DH400,8942356552,90.3634845,23.7866934,0.0,4,1,0,0
Zone_DH400,8942356553,90.360354,23.7872939,0.0,4,1,0,0
Zone_DH400,8942356556,90.3611268,23.7873226,0.04848314,3,3,0,1
Zone_DH400,8942356561,90.3635639,23.7891823,0.0,4,1,0,0
Zone_DH400,9742598468,90.3639243,23.7888117,0.05306795,3,3,0,1
Zone_DH400,9742598469,90.3639318,23.7895631,0.0,4,1,0,0
Zone_DH400,4493731955,90.3569219,23.7886563,0.00244524,4,3,0,0
Zone_DH400,9742598472,90.3639084,23.7883616,0.0,4,1,0,0
Zone_DH400,4493731958,90.3569224,23.7889461,0.00534947,4,3,0,0
Zone_DH400,4590569590,90.3559338,23.7773179,0.0,4,1,0,0
Zone_DH400,4590569592,90.355706,23.7777527,0.00407279,4,3,0,1
Zone_DH400,4590569593,90.3549386,23.7791399,0.00320053,4,3,0,1
Zone_DH400,4590569595,90.3543853,23.7791972,0.0,4,1,0,0
Zone_DH400,4590569596,90.3555381,23.7781754,0.00183237,4,3,0,1
Zone_DH400,4590569597,90.3553812,23.7781206,0.0,4,1,0,0
Zone_DH400,9742598474,90.3643344,23.789468,0.0,4,1,0,0
Zone_DH400,4821420162,90.3670994,23.77349,0.0,4,1,0,0
Zone_DH400,3739289737,90.3566356,23.7927834,0.00909218,4,3,0,0
Zone_DH400,6643091594,90.3536068,23.7740295,0.01223502,4,3,0,1
Zone_DH400,6643091595,90.3520512,23.7740276,0.02222545,3,3,0,1
Zone_DH400,6643091593,90.3529948,23.7737645,0.0,4,1,0,0
Zone_DH400,4590569613,90.3553542,23.7777316,0.0,4,1,0,0
Zone_DH400,6643091598,90.3518575,23.7749344,0.0,4,1,0,0
Zone_DH400,6643091600,90.3530327,23.774998,0.01166165,4,3,0,1
Zone_DH400,6643091601,90.3525365,23.7747924,0.0,4,1,0,0
Zone_DH400,4590569618,90.3556752,23.7779038,0.00253828,4,3,0,1
Zone_DH400,4590569619,90.3557548,23.7777978,0.00787164,4,3,0,1
Zone_DH400,4590332101,90.3545159,23.7838951,0.0,4,1,0,0
Zone_DH400,4590332111,90.3533399,23.7839979,0.05700767,3,3,0,1
Zone_DH400,3444066521,90.3523893,23.7736697,0.02470915,3,3,0,1
Zone_DH400,3444066522,90.3513466,23.7731798,0.0,4,1,0,0
Zone_DH400,3714918653,90.3693217,23.7784025,0.00195868,4,3,0,0
Zone_DH400,3714918655,90.3697847,23.7794611,0.0010464,4,3,0,1
Zone_DH400,3718646029,90.3622207,23.7901076,0.05665368,3,4,0,0
Zone_DH400,379898157,90.3518099,23.7744676,0.03472765,3,3,0,0
Zone_DH400,3732392237,90.3600663,23.7853845,0.16633268,1,3,0,1
Zone_DH400,3732392241,90.3604772,23.7846055,0.0,4,1,0,0
Zone_DH400,3732392246,90.3616065,23.7842093,0.0,4,1,0,0
Zone_DH400,4595951926,90.3669299,23.7871142,0.01577447,4,3,0,0
Zone_DH400,4595951930,90.3667215,23.7855372,0.01320032,4,3,0,0
Zone_DH400,4595951931,90.3668732,23.7862984,0.0401395,3,4,0,0
Zone_DH400,7301294409,90.3595245,23.7730694,0.10150275,2,3,0,0
Zone_DH400,7301294410,90.3591548,23.7732109,0.09139432,2,3,0,0
Zone_DH400,7301294412,90.3593316,23.772577,0.00101937,4,3,0,1
Zone_DH400,7301294413,90.3591009,23.772523,0.0,4,1,0,0
Zone_DH400,4611248581,90.3593639,23.7936531,0.0,4,1,0,0
Zone_DH400,4595976554,90.3645445,23.7801476,0.03988921,3,3,0,0
Zone_DH400,10142640494,90.3650686,23.7815562,0.03820083,3,3,0,0
Zone_DH400,11502717295,90.3658284,23.7875424,0.0,4,1,0,0
Zone_DH400,11502717297,90.3655994,23.7867762,0.0,4,1,0,0
Zone_DH400,4595976564,90.3627388,23.7808457,0.04113677,3,3,0,0
Zone_DH400,4595976565,90.3626991,23.7801093,0.03988765,3,3,0,0
Zone_DH400,4595976566,90.3632502,23.7801496,0.00232464,4,4,0,1
Zone_DH400,7432325504,90.3575594,23.7788625,0.01625271,4,2,0,0
Zone_DH400,6687517056,90.3449977,23.783289,0.0020377,4,2,0,1
Zone_DH400,6687517062,90.3450232,23.7835963,0.00101937,4,2,0,1
Zone_DH400,4611320206,90.3667654,23.7857573,0.01086529,4,3,0,1
Zone_DH400,4611320207,90.3662618,23.786036,0.0,4,1,0,0
Zone_DH400,4611320208,90.3656843,23.7878628,0.0,4,1,0,0
Zone_DH400,4611320214,90.3664165,23.7873898,0.0,4,1,0,0
Zone_DH400,4611320221,90.3664651,23.7878921,0.00203822,4,3,0,1
Zone_DH400,4611320223,90.3655256,23.7882119,0.0,4,1,0,0
Zone_DH400,4611320229,90.3653401,23.7882498,0.04420839,3,3,0,1
Zone_DH400,4611320230,90.3651718,23.7881258,0.04436226,3,3,0,1
Zone_DH400,4611320234,90.366241,23.786706,0.0,4,1,0,0
Zone_DH400,6464793007,90.358278,23.781426,0.00203822,4,3,0,1
Zone_DH400,4611320239,90.3658405,23.7872749,0.00512595,4,3,0,1
Zone_DH400,4611320241,90.3655914,23.7871027,0.00643694,4,3,0,1
Zone_DH400,4611623343,90.3654037,23.7946622,0.0,4,2,0,0
Zone_DH400,4611320243,90.3661462,23.7865166,0.0,4,1,0,0
Zone_DH400,4493879735,90.3578259,23.7874302,0.0101365,4,3,0,0
Zone_DH400,4611320249,90.3647761,23.786432,0.05539857,3,3,0,1
Zone_DH400,4611320250,90.3673447,23.7854826,0.02411603,3,4,0,0
Zone_DH400,6464793020,90.3664552,23.7823029,0.0,4,1,0,0
Zone_DH400,4493879740,90.3560275,23.7875048,0.0131026,4,3,0,0
Zone_DH400,4611320257,90.3677211,23.7844907,0.01178901,4,3,0,0
Zone_DH400,4611623362,90.3649066,23.793533,0.01731938,4,3,0,1
Zone_DH400,4611623380,90.3639699,23.7949971,0.00101937,4,2,0,1
Zone_DH400,4611623381,90.3637267,23.7949563,0.0020377,4,2,0,1
Zone_DH400,5780826588,90.3623982,23.773365,0.00855521,4,3,0,0
Zone_DH400,5780826589,90.3628218,23.7734803,0.00682524,4,3,0,0
Zone_DH400,5780826591,90.3629379,23.7731545,0.00392205,4,3,0,1
Zone_DH400,11387242986,90.34503,23.7839679,0.0,4,1,0,0
Zone_DH400,3732367884,90.3533573,23.7775455,0.00508644,4,3,0,1
Zone_DH400,11409394222,90.3604261,23.7877895,0.0,4,1,0,0
Zone_DH400,11409394223,90.3604232,23.7876348,0.00326187,4,3,0,1
Zone_DH400,11409394224,90.3607171,23.7877466,0.0,4,1,0,0
Zone_DH400,11409394225,90.3607184,23.7876303,0.00265056,4,3,0,1
Zone_DH400,11409394226,90.3602007,23.7881636,0.02379322,3,3,0,1
Zone_DH400,11409394227,90.3601994,23.7879417,0.0,4,1,0,0
Zone_DH400,11409394229,90.3619275,23.7877742,0.0,4,1,0,0
Zone_DH400,11409394230,90.3627002,23.7874158,0.00482549,4,3,0,1
Zone_DH400,11409394231,90.3628233,23.7874711,0.0,4,1,0,0
Zone_DH400,11409394232,90.363911,23.7881092,0.0,4,1,0,0
Zone_DH400,11409394233,90.364132,23.7888367,0.05035657,3,3,0,1
Zone_DH400,11409394236,90.3642229,23.7885301,0.0,4,1,0,0
Zone_DH400,11409394239,90.3654801,23.7891116,0.0,4,1,0,0
Zone_DH400,11409394240,90.3667162,23.7899446,0.0,4,1,0,0
Zone_DH400,11409394241,90.3663639,23.7901872,0.00522783,4,3,0,1
Zone_DH400,11409394245,90.3671732,23.7902189,0.0,4,1,0,0
Zone_DH400,379931207,90.3624772,23.7772126,0.18740413,1,3,0,0
Zone_DH400,11409394248,90.3677392,23.7899441,0.00711686,4,3,0,1
Zone_DH400,11409394247,90.36731,23.7898146,0.0,4,1,0,0
Zone_DH400,11409394250,90.3677043,23.790508,0.0,4,1,0,0
Zone_DH400,11409394253,90.3681549,23.7905656,0.0,4,1,0,0
Zone_DH400,4590176852,90.3479232,23.7938327,0.0,4,1,0,0
Zone_DH400,11409394267,90.3669411,23.7894174,0.0,4,1,0,0
Zone_DH400,11409394268,90.3669895,23.7891137,0.00203822,4,3,0,1
Zone_DH400,5767809639,90.3652822,23.7739368,0.0022555,4,3,0,0
Zone_DH400,379931241,90.3657255,23.7785692,0.05112175,3,3,0,0
Zone_DH400,12045388401,90.3681761,23.7824008,0.0,4,1,0,0
Zone_DH400,12045388404,90.3692267,23.7839609,0.00170813,4,3,0,1
Zone_DH400,5762755189,90.3651424,23.7732749,0.00294582,4,3,0,0
Zone_DH400,12045388406,90.3695427,23.7839458,0.0,4,1,0,0
Zone_DH400,4427336340,90.3553697,23.7774455,0.00203822,4,3,0,1
Zone_DH400,4427336342,90.3526346,23.7774943,0.0,4,1,0,0
Zone_DH400,4597279390,90.3594185,23.7855095,0.0,4,1,0,0
Zone_DH400,4597279393,90.3606141,23.7842516,0.0,4,1,0,0
Zone_DH400,4597279394,90.3608456,23.7844793,0.00973416,4,3,0,1
Zone_DH400,4597279397,90.3604534,23.7848911,0.01170168,4,3,0,0
Zone_DH400,4597279400,90.3602528,23.7854112,0.1669835,1,4,0,0
Zone_DH400,4597279411,90.3581119,23.7905875,6.914e-05,4,3,0,0
Zone_DH400,4597279418,90.3579549,23.7914403,0.10501518,2,3,0,0
Zone_DH400,4597279419,90.3574215,23.7908238,0.0,4,1,0,0
Zone_DH400,4597279420,90.3573839,23.7913755,0.10570082,2,3,0,1
Zone_DH400,4597279421,90.3571107,23.7907343,0.0,4,1,0,0
Zone_DH400,4597279423,90.3570004,23.7913286,0.10431082,2,3,0,1
Zone_DH400,4597279424,90.3568295,23.7898721,0.00021417,4,3,0,0
Zone_DH400,4597279430,90.3567589,23.7896147,0.01382567,4,3,0,0
Zone_DH400,4597279433,90.3571566,23.7902352,0.00273478,4,3,0,0
Zone_DH400,3732384466,90.3604177,23.7810705,0.09315287,2,3,0,0
Zone_DH400,4597279444,90.3553782,23.7898794,0.0,4,1,0,0
Zone_DH400,4597279445,90.3558482,23.7899414,0.01974798,3,3,0,1
Zone_DH400,4514818795,90.3462873,23.7860427,0.0,4,1,0,0
Zone_DH400,4514818799,90.3471878,23.786679,0.0,4,1,0,0
Zone_DH400,7309773554,90.347727,23.7904436,0.0,4,1,0,0
Zone_DH400,7309773555,90.3482689,23.7900508,0.01163618,4,3,0,1
Zone_DH400,7309773556,90.3466059,23.7911898,0.0,4,1,0,0
Zone_DH400,7309773559,90.3522998,23.7910126,0.0,4,1,0,0
Zone_DH400,12015266551,90.3593463,23.7947153,0.0,4,1,0,0
Zone_DH400,7309773561,90.3527326,23.7906476,0.00915144,4,3,0,0
Zone_DH400,7309773562,90.3533373,23.7906366,0.00972948,4,3,0,0
Zone_DH400,12015266555,90.3592516,23.7952186,0.00407279,4,3,0,1
Zone_DH400,7309773563,90.3533884,23.789429,0.0,4,1,0,0
Zone_DH400,7309773565,90.3538842,23.7879618,0.03122354,3,3,0,1
Zone_DH400,7309773564,90.3533664,23.7879336,0.0,4,1,0,0
Zone_DH400,7309773567,90.3538693,23.7883225,0.03081496,3,3,0,1
Zone_DH400,7309773568,90.3526214,23.7881673,0.0,4,1,0,0
Zone_DH400,7309773566,90.3531276,23.7883078,0.0,4,1,0,0
Zone_DH400,12015266559,90.359084,23.7952017,0.00508644,4,2,0,1
Zone_DH400,5254368004,90.3503698,23.7896035,0.0,4,1,0,0
Zone_DH400,4491029254,90.3604236,23.7836362,0.0,4,1,0,0
Zone_DH400,4491029255,90.3596159,23.7838783,0.10593942,2,3,0,1
Zone_DH400,4491029256,90.3602086,23.7840771,0.00203822,4,3,0,1
Zone_DH400,12015266568,90.3599169,23.7949896,0.0,4,1,0,0
Zone_DH400,4491029258,90.360055,23.7844277,0.0,4,1,0,0
Zone_DH400,4978576154,90.3596889,23.7730514,0.10255123,2,3,0,1
Zone_DH400,4978576155,90.3597969,23.7738553,0.0,4,1,0,0
Zone_DH400,5763107626,90.3612208,23.7730113,0.00534323,4,3,0,0
Zone_DH400,5763107627,90.3624195,23.7733065,0.00774221,4,3,0,0
Zone_DH400,3416910642,90.3522157,23.787807,0.00766787,4,4,0,1
Zone_DH400,3416910643,90.3514278,23.7877795,0.00298065,4,3,0,1
Zone_DH400,3416910644,90.3510825,23.7875398,0.02662365,3,3,0,0
Zone_DH400,4514818869,90.345706,23.785836,0.00699626,4,3,0,0
Zone_DH400,3416910647,90.3507253,23.7875781,0.0210938,3,3,0,0
Zone_DH400,4497845052,90.3645627,23.7920978,0.01109089,4,3,0,1
Zone_DH400,387550022,90.3491314,23.7921995,0.00511815,4,3,0,0
Zone_DH400,4514818887,90.346296,23.7858461,0.0,4,1,0,0
Zone_DH400,4514818889,90.3461785,23.7854797,0.00407279,4,3,0,1
Zone_DH400,4497845091,90.3616968,23.7897402,0.04077576,3,3,0,1
Zone_DH400,12019895149,90.3508748,23.7911189,0.0,4,1,0,0
Zone_DH400,3919375218,90.3493119,23.7763027,0.0,4,1,0,0
Zone_DH400,3919375221,90.3480467,23.777382,0.05395217,3,2,0,0
Zone_DH400,12019895162,90.3512218,23.7911218,0.00203822,4,3,0,1
Zone_DH400,12019895163,90.3510458,23.7911797,0.0,4,1,0,0
Zone_DH400,382012285,90.3571521,23.7739188,0.07746937,3,3,0,0
Zone_DH400,3919375243,90.3452748,23.7787882,0.0,4,1,0,0
Zone_DH400,3919375252,90.3566761,23.7791687,0.10595293,2,3,0,0
Zone_DH400,12049173397,90.3648495,23.7909732,0.0,4,1,0,0
Zone_DH400,12049173398,90.3648744,23.7907893,0.0,4,1,0,0
Zone_DH400,12049173400,90.3643433,23.791626,0.0,4,1,0,0
Zone_DH400,12049173401,90.3630228,23.7912906,0.0,4,1,0,0
Zone_DH400,12049173402,90.3644502,23.7940969,0.0,4,1,0,0
Zone_DH400,12049173403,90.3642983,23.7942473,0.0,4,1,0,0
Zone_DH400,12049173404,90.364006,23.7941214,0.01027841,4,3,0,1
Zone_DH400,12049173405,90.3637561,23.7947354,0.00407279,4,3,0,1
Zone_DH400,12049173408,90.3631823,23.7946692,0.0,4,1,0,0
Zone_DH400,12049173420,90.3651341,23.7942198,0.00406604,4,3,0,1
Zone_DH400,12049173423,90.3646376,23.7941647,0.0,4,1,0,0
Zone_DH400,3734989745,90.3587658,23.774023,0.01087984,4,3,0,1
Zone_DH400,3734989751,90.3575881,23.7744022,0.01186802,4,3,0,0
Zone_DH400,4599393215,90.3560754,23.7948127,0.00648216,4,3,0,0
Zone_DH400,4613336002,90.3670693,23.7932223,0.0,4,1,0,0
Zone_DH400,5662698437,90.3484773,23.7749752,0.0,4,1,0,0
Zone_DH400,5662698438,90.3486872,23.774661,0.0010568,4,3,0,1
Zone_DH400,4599393226,90.3557915,23.7937778,0.00207512,4,4,0,1
Zone_DH400,12778064856,90.3604253,23.7768645,0.0,4,1,0,0
Zone_DH400,3416910827,90.3501526,23.7884793,0.02664444,3,3,0,0
Zone_DH400,3416910829,90.3496679,23.7877903,0.03256052,3,3,0,0
Zone_DH400,382012399,90.3551297,23.7734251,0.0435017,3,3,0,0
Zone_DH400,4428057596,90.3447636,23.7874771,0.0071756,4,3,0,0
Zone_DH400,9958566914,90.36314,23.7889,0.05868617,3,3,0,1
Zone_DH400,9958566915,90.3631228,23.7886947,0.0,4,1,0,0
Zone_DH400,5662698506,90.3510226,23.7744987,0.00812947,4,3,0,1
Zone_DH400,382012438,90.3537111,23.7755082,0.0,4,3,0,0
Zone_DH400,6349106200,90.3653305,23.7946447,0.00058948,4,3,0,0
Zone_DH400,6349106202,90.365345,23.7941025,0.00970141,4,3,0,0
Zone_DH400,6349106203,90.3653247,23.7934417,0.01838553,4,3,0,0
Zone_DH400,6349106204,90.3653266,23.7930598,0.01231507,4,3,0,0
Zone_DH400,6349106206,90.3653844,23.7923464,0.0062524,4,3,0,0
Zone_DH400,6349106210,90.36597,23.7908387,0.0260612,3,4,0,1
Zone_DH400,382020643,90.3472856,23.7835777,0.0765051,3,3,0,0
Zone_DH400,382020646,90.3461282,23.7837142,0.0,4,1,0,0
Zone_DH400,4452346935,90.3567431,23.7942426,0.00333881,4,3,0,0
Zone_DH400,4388891712,90.3618131,23.7809465,0.0100159,4,3,0,0
Zone_DH400,4452346955,90.3563726,23.7948633,0.00676286,4,3,0,0
Zone_DH400,4452346957,90.3573628,23.7949845,0.00413985,4,3,0,0
Zone_DH400,382020687,90.3471571,23.7864023,0.03024835,3,3,0,1
Zone_DH400,382020690,90.3463476,23.7864786,0.02530902,3,3,0,1
Zone_DH400,379858003,90.3652845,23.7729062,3.119e-05,4,3,0,0
Zone_DH400,382020692,90.345835,23.7866562,0.02447003,3,4,0,0
Zone_DH400,382020693,90.3455403,23.7866815,0.01602607,4,3,0,0
Zone_DH400,382012502,90.3526978,23.7755821,0.0358385,3,3,0,0
Zone_DH400,382012511,90.3510889,23.7756675,0.01643309,4,3,0,0
Zone_DH400,382012512,90.3522565,23.7762351,0.05002648,3,3,0,0
Zone_DH400,4588489837,90.3455365,23.7858595,0.00392932,4,3,0,1
Zone_DH400,4588489838,90.3455599,23.7861285,0.00108694,4,2,0,0
Zone_DH400,3738578034,90.3697309,23.7844217,5.2e-07,4,2,0,0
Zone_DH400,4588489843,90.3455482,23.7864135,0.00029162,4,2,0,0
Zone_DH400,4588489844,90.3455678,23.7866762,0.01713224,4,3,0,0
Zone_DH400,13386214535,90.3611419,23.7845558,0.00939056,4,3,0,1
Zone_DH400,13386214536,90.3612841,23.7845739,0.0,4,1,0,0
Zone_DH400,4588489872,90.3447164,23.7867648,0.01085957,4,3,0,1
Zone_DH400,382020755,90.3469193,23.7836277,0.04185335,3,3,0,0
Zone_DH400,5662698645,90.3482902,23.7741797,0.0,4,1,0,0
Zone_DH400,382020760,90.3473572,23.7863762,0.03117052,3,3,0,0
Zone_DH400,3716140185,90.3660448,23.7908636,0.04196719,3,4,0,0
Zone_DH400,10243820698,90.3686207,23.7879918,0.00423758,4,3,0,1
Zone_DH400,5662698649,90.3484317,23.7744644,0.00203822,4,3,0,1
Zone_DH400,3718606001,90.3633244,23.7871502,0.02811033,3,3,0,0
Zone_DH400,3718606003,90.3630207,23.7869319,0.02586523,3,3,0,0
Zone_DH400,382020797,90.3465903,23.7836597,0.0102046,4,3,0,1
Zone_DH400,382020802,90.346873,23.7853965,0.00906099,4,3,0,1
Zone_DH400,382020806,90.347066,23.7864152,0.02874971,3,3,0,0
Zone_DH400,3556773062,90.3496527,23.7824159,0.03662135,3,3,0,1
Zone_DH400,3016305877,90.3517906,23.7816139,0.07060722,3,4,0,0
Zone_DH400,212643049,90.3519186,23.7815557,0.08042585,3,4,0,0
Zone_DH400,7301336304,90.3587665,23.7777197,0.0,4,1,0,0
Zone_DH400,7301336311,90.358915,23.7786873,0.01053156,4,3,0,1
Zone_DH400,2320076026,90.3620165,23.7723385,0.00104588,4,3,0,1
Zone_DH400,3716140291,90.3663628,23.7941865,0.0,4,1,0,0
Zone_DH400,2320076041,90.3622697,23.7737876,0.0143065,4,3,0,0
Zone_DH400,2320076049,90.3549374,23.7798362,0.01993668,3,3,0,0
Zone_DH400,12020690200,90.35011,23.7921727,0.0,4,1,0,0
Zone_DH400,2320076061,90.36061,23.7726109,0.00482549,4,3,0,1
Zone_DH400,2320076073,90.360569,23.7727249,0.10907861,2,4,0,0
Zone_DH400,877497642,90.3584817,23.7951462,0.00778223,4,3,0,1
Zone_DH400,3415739693,90.3538993,23.7874199,0.06297209,3,3,0,0
Zone_DH400,6153055550,90.3526982,23.7878623,0.0,4,1,0,0
Zone_DH400,6153055551,90.3522416,23.7874867,0.00572218,4,3,0,1
Zone_DH400,6153055552,90.3526285,23.7875114,0.0,4,1,0,0
Zone_DH400,3556773189,90.3521063,23.7814463,0.07938335,3,3,0,0
Zone_DH400,2320076107,90.362677,23.7739537,0.02351356,3,4,0,0
Zone_DH400,12020690259,90.3503435,23.7926813,0.0,4,1,0,0
Zone_DH400,7438003579,90.3620312,23.7863968,0.0,4,1,0,0
Zone_DH400,7438003580,90.3615573,23.7858064,0.00540977,4,3,0,0
Zone_DH400,7438003581,90.3608188,23.7856738,0.00033944,4,3,0,0
Zone_DH400,877497736,90.3547751,23.7850814,0.14757184,2,3,0,0
Zone_DH400,877497744,90.3586012,23.7943165,0.01298044,4,3,0,1
Zone_DH400,2320076194,90.3474197,23.7828038,0.07241931,3,3,0,0
Zone_DH400,7127469480,90.3520196,23.7820536,0.04874045,3,3,0,0
Zone_DH400,11992272309,90.3663239,23.7898152,0.05870073,3,3,0,0
Zone_DH400,11992272310,90.3664039,23.7898282,0.00776716,4,3,0,0
Zone_DH400,11992272311,90.3647552,23.7897259,0.0,4,1,0,0
Zone_DH400,11992272312,90.3631553,23.7888964,0.05743549,3,3,0,1
Zone_DH400,11992272314,90.3633403,23.7892056,0.0,4,1,0,0
Zone_DH400,11992272315,90.362948,23.78857,0.0186969,4,3,0,1
Zone_DH400,11992272316,90.3631418,23.7885405,0.0,4,1,0,0
Zone_DH400,11992272317,90.3630909,23.7882484,0.0,4,1,0,0
Zone_DH400,11992272319,90.3631207,23.788033,0.00203822,4,3,0,1
Zone_DH400,382012865,90.3576601,23.7729495,0.00101937,4,2,0,1
Zone_DH400,12030922177,90.3698122,23.7779658,0.00101937,4,2,0,1
Zone_DH400,11992272322,90.3597122,23.7869574,0.07580126,3,3,0,1
Zone_DH400,11992272324,90.3597211,23.7863868,0.07662154,3,3,0,1
Zone_DH400,2320076226,90.3646969,23.7746009,0.00502407,4,3,0,0
Zone_DH400,11992272323,90.360009,23.7869722,0.0,4,1,0,0
Zone_DH400,2320076231,90.3654928,23.7748878,0.01085281,4,3,0,0
Zone_DH400,382021064,90.3455741,23.7852445,0.00851882,4,3,0,1
Zone_DH400,382021065,90.3458974,23.7852098,0.0,4,1,0,0
Zone_DH400,11992272329,90.3604082,23.785982,0.05422975,3,3,0,1
Zone_DH400,11992272326,90.3600734,23.7862727,0.0,4,1,0,0
Zone_DH400,11992272332,90.359042,23.7894034,0.00372763,4,3,0,1
Zone_DH400,11992272330,90.3606219,23.7859904,0.0,4,1,0,0
Zone_DH400,11992272333,90.3590454,23.7891713,0.0,4,1,0,0
Zone_DH400,379940305,90.361965,23.7746964,0.0,4,1,0,0
Zone_DH400,11992272337,90.3595202,23.7909689,0.00203822,4,3,0,1
Zone_DH400,11992272338,90.3596869,23.7906664,0.0,4,1,0,0
Zone_DH400,2320076244,90.3639842,23.7744214,0.04701049,3,4,0,0
Zone_DH400,11992272341,90.366928,23.7855034,0.00479171,4,3,0,1
Zone_DH400,11992272342,90.3676178,23.7859705,0.0,4,1,0,0
Zone_DH400,11992272343,90.3676473,23.7854704,0.01354236,4,3,0,1
Zone_DH400,877497820,90.3605204,23.79343,0.00257831,4,3,0,0
Zone_DH400,4601122275,90.366408,23.7911282,0.00203822,4,3,0,1
Zone_DH400,3732090343,90.3547572,23.7745971,0.00083327,4,3,0,0
Zone_DH400,3732090344,90.3546027,23.7749485,0.02689499,3,4,0,0
Zone_DH400,3732090345,90.3532049,23.774676,0.01211494,4,4,0,1
Zone_DH400,379940332,90.3666062,23.7750609,0.00812999,4,3,0,1
Zone_DH400,4978609657,90.3601844,23.7721427,0.0,4,1,0,0
Zone_DH400,6349147644,90.3663853,23.7808228,0.00118363,4,3,0,1
Zone_DH400,4978609664,90.3591822,23.7744292,0.0,4,1,0,0
Zone_DH400,4978609665,90.3587812,23.7744194,0.00305654,4,4,0,1
Zone_DH400,4978609666,90.3582998,23.774436,0.0,4,1,0,0
Zone_DH400,4978609669,90.358772,23.7749983,0.0,4,1,0,0
Zone_DH400,4978609670,90.3581699,23.7730653,0.0020377,4,2,0,1
Zone_DH400,379940359,90.3673874,23.7758326,0.00305187,4,3,0,1
Zone_DH400,5762756105,90.3632316,23.773047,0.00200391,4,3,0,0
Zone_DH400,4978609675,90.3554383,23.7747758,0.0267089,3,3,0,0
Zone_DH400,7116213794,90.3650292,23.794463,0.00203562,4,3,0,1
Zone_DH400,877497892,90.3539557,23.7850392,0.12811288,2,4,0,0
Zone_DH400,7116213797,90.3646312,23.7944498,0.0,4,1,0,0
Zone_DH400,3720728108,90.3663097,23.7923008,0.01265659,4,3,0,1
Zone_DH400,3720728110,90.3664732,23.7918358,0.0,4,1,0,0
Zone_DH400,3720728111,90.3662552,23.7917834,0.0,4,1,0,0
Zone_DH400,3720728114,90.3665179,23.7916172,0.0,4,1,0,0
Zone_DH400,3720728117,90.3678249,23.7913957,0.01658539,4,3,0,1
Zone_DH400,382012988,90.3610364,23.7768868,0.0,4,1,0,0
Zone_DH400,11991502404,90.3684469,23.7920729,0.0,4,1,0,0
Zone_DH400,11991502405,90.3672044,23.7917228,0.00407279,4,3,0,1
Zone_DH400,11991502407,90.3667647,23.7916698,0.00203822,4,3,0,1
Zone_DH400,11991502408,90.3667864,23.7914472,0.0,4,1,0,0
Zone_DH400,4982148682,90.3524556,23.7743656,0.0,4,1,0,0
Zone_DH400,4484992594,90.3582599,23.7833243,0.01090947,4,3,0,0
Zone_DH400,4484992595,90.3588136,23.7833537,0.00948672,4,3,0,1
Zone_DH400,3732377173,90.3628277,23.7768406,0.01305789,4,3,0,1
Zone_DH400,4978552406,90.3571393,23.7756708,0.00610321,4,3,0,1
Zone_DH400,3732377175,90.3624238,23.7762895,0.00407279,4,3,0,1
Zone_DH400,4978552409,90.3567814,23.7755506,0.00407279,4,3,0,1
Zone_DH400,11502792283,90.3659612,23.7869201,0.00388462,4,3,0,1
Zone_DH400,3737554525,90.3604012,23.7921258,0.04416343,3,3,0,1
Zone_DH400,4978552415,90.3564882,23.7754389,0.0,4,1,0,0
Zone_DH400,3737554529,90.359765,23.7923607,0.0,4,1,0,0
Zone_DH400,3731910241,90.3545438,23.7847899,0.0,4,1,0,0
Zone_DH400,11502792291,90.366005,23.7860274,0.0,4,1,0,0
Zone_DH400,11502792292,90.365966,23.7855267,0.0,4,1,0,0
Zone_DH400,3731910242,90.3575116,23.7849424,0.0,4,1,0,0
Zone_DH400,11502792294,90.3661542,23.7850765,0.01292118,4,3,0,1
Zone_DH400,6925069924,90.3592607,23.7731607,0.1009585,2,3,0,0
Zone_DH400,11502792297,90.3667265,23.7848026,0.0,4,1,0,0
Zone_DH400,7502343787,90.3468501,23.7778897,0.0,4,1,0,0
Zone_DH400,11502792300,90.3643127,23.7844149,0.0,4,1,0,0
Zone_DH400,7502343789,90.3471049,23.7781384,0.00125017,4,3,0,1
Zone_DH400,6153047662,90.3514231,23.7892948,0.08750034,2,3,0,1
Zone_DH400,11502792302,90.3646681,23.7843081,0.0,4,1,0,0
Zone_DH400,11502792303,90.3649672,23.7843081,0.0,4,1,0,0
Zone_DH400,4427337347,90.3548632,23.7784858,0.00491178,4,3,0,0
Zone_DH400,382021260,90.3480162,23.7882673,0.01654953,4,3,0,0
Zone_DH400,382021261,90.3484416,23.7881617,0.01459708,4,3,0,0
Zone_DH400,5609934507,90.370154,23.7795151,0.0,4,1,0,0
Zone_DH400,4493717189,90.3577077,23.7921233,0.0,4,1,0,0
Zone_DH400,12020027081,90.3501559,23.7879506,0.0,4,1,0,0
Zone_DH400,12020027086,90.3498059,23.7880865,0.02478764,3,3,0,1
Zone_DH400,12020027087,90.3504025,23.7882563,0.0,4,1,0,0
Zone_DH400,12020027094,90.3500434,23.7883592,0.02521805,3,3,0,1
Zone_DH400,5343645419,90.3680893,23.779227,0.00299001,4,3,0,0
Zone_DH400,12020027116,90.3507443,23.7887481,0.0,4,1,0,0
Zone_DH400,3416903421,90.3506528,23.7875826,0.02066598,3,3,0,1
Zone_DH400,3416903422,90.350653,23.7869122,0.0,4,1,0,0
Zone_DH400,12020027148,90.3506851,23.788913,0.0,4,1,0,0
Zone_DH400,12020027152,90.3504576,23.7889264,0.00373231,4,3,0,1
Zone_DH400,11409772307,90.3649466,23.7939006,0.0,4,1,0,0
Zone_DH400,6548893460,90.3630095,23.7814998,0.03903618,3,3,0,1
Zone_DH400,11409772308,90.3649862,23.793511,0.01610716,4,3,0,1
Zone_DH400,11409772309,90.3650985,23.7938202,0.0,4,1,0,0
Zone_DH400,11409772312,90.3653579,23.7942906,0.00376402,4,3,0,0
Zone_DH400,11409772313,90.3654379,23.7942892,0.00215102,4,3,0,0
Zone_DH400,6548893465,90.3620368,23.7818761,0.0,4,1,0,0
Zone_DH400,11409772316,90.3659256,23.7937723,0.0,4,1,0,0
Zone_DH400,11409772317,90.3661597,23.7938209,0.00203822,4,3,0,1
Zone_DH400,11409772319,90.3665586,23.7937214,0.00203822,4,3,0,1
Zone_DH400,3731337013,90.3603669,23.7724169,0.00345733,4,3,0,1
Zone_DH400,3731337018,90.3596738,23.7726381,0.00181001,4,3,0,0
Zone_DH400,4809682750,90.3491485,23.7764984,0.05254657,3,3,0,1
Zone_DH400,4809682751,90.3516607,23.7772087,0.05385912,3,4,0,1
Zone_DH400,4809682753,90.3519139,23.7768536,0.05042155,3,4,0,1
Zone_DH400,3718745948,90.3539005,23.7868381,0.06249334,3,3,0,1
Zone_DH400,4068101981,90.3567628,23.7768004,0.00203822,4,3,0,1
Zone_DH400,3718745950,90.3535842,23.7868312,0.0,4,1,0,0
Zone_DH400,4068101982,90.3577109,23.7768521,0.0,4,1,0,0
Zone_DH400,4068101984,90.3567221,23.7774622,0.00610321,4,3,0,1
Zone_DH400,4068101983,90.3567468,23.7771461,0.00407279,4,3,0,1
Zone_DH400,4068101985,90.3574376,23.7774985,0.0,4,1,0,0
Zone_DH400,11993256489,90.3586882,23.781768,0.0,4,1,0,0
Zone_DH400,4068101988,90.3575029,23.7778172,0.0,4,1,0,0
Zone_DH400,9993252723,90.3683249,23.783146,0.05114228,3,3,0,0
Zone_DH400,4493791093,90.3584715,23.7902724,0.00240521,4,4,0,0
Zone_DH400,379891579,90.3589315,23.7733169,0.08030291,3,3,0,1
Zone_DH400,12018331515,90.3525314,23.7935066,0.0,4,1,0,0
Zone_DH400,12018331518,90.3532603,23.7937576,0.0,4,1,0,0
Zone_DH400,12018331521,90.3524215,23.7939195,0.0,4,1,0,0
Zone_DH400,12018331526,90.3533321,23.7939809,0.0,4,1,0,0
Zone_DH400,12018331529,90.3528426,23.7939318,0.00203822,4,3,0,1
Zone_DH400,12018331531,90.3528593,23.793722,0.00407279,4,3,0,1
Zone_DH400,12018331534,90.3528835,23.7935441,0.00610321,4,3,0,1
Zone_DH400,3012472721,90.3630113,23.7729735,0.00391633,4,3,0,0
Zone_DH400,12018331538,90.3535209,23.7935786,0.02463429,3,3,0,1
Zone_DH400,6349139881,90.364764,23.7799338,0.0,4,1,0,0
Zone_DH400,6349139882,90.3647445,23.7793802,0.00101937,4,3,0,1
Zone_DH400,12018282414,90.3545478,23.7944748,0.0,4,1,0,0
Zone_DH400,12018282415,90.354116,23.7941828,0.0,4,1,0,0
Zone_DH400,12018282419,90.3545625,23.794195,0.00203822,4,3,0,1
Zone_DH400,12018241462,90.3546725,23.7924709,0.0,4,1,0,0
Zone_DH400,12018282425,90.3542199,23.793876,0.0,4,1,0,0
Zone_DH400,12018282432,90.3536322,23.7941256,0.00716365,4,3,0,1
Zone_DH400,9941446664,90.3671059,23.7790418,0.0,4,1,0,0
Zone_DH400,3556716563,90.353481,23.7941809,0.01745089,4,2,0,0
Zone_DH400,10167357466,90.3577346,23.7950462,0.0033622,4,2,0,0
Zone_DH400,10779095082,90.3680131,23.7927324,0.00101937,4,2,0,1
Zone_DH400,10779095087,90.3680858,23.7921897,0.0,4,1,0,0
Zone_DH400,9929084982,90.3622189,23.7721567,0.0,4,1,0,0
Zone_DH400,4615655489,90.3678077,23.793222,0.0,4,1,0,0
Zone_DH400,2257055843,90.3660739,23.7746328,0.01015157,4,3,0,1
Zone_DH400,2257055844,90.3660317,23.774669,0.01308232,4,3,0,1
Zone_DH400,6643162902,90.3584625,23.7806867,0.00610321,4,3,0,1
Zone_DH400,5343645821,90.3674814,23.7795314,0.02268653,3,3,0,0
Zone_DH400,348401790,90.3568862,23.7913125,0.1142815,2,3,0,0
Zone_DH400,5343645824,90.3673947,23.7797871,0.02368614,3,3,0,0
Zone_DH400,5343645825,90.3681332,23.7758411,0.00101937,4,3,0,1
Zone_DH400,3919401091,90.3514002,23.7875072,0.02811345,3,3,0,0
Zone_DH400,348401797,90.3568984,23.7920739,0.01928014,3,3,0,0
Zone_DH400,5343645831,90.3671369,23.7744846,0.00102145,4,3,0,1
Zone_DH400,5343645833,90.3683397,23.775846,0.0,4,1,0,0
Zone_DH400,3919401100,90.3493055,23.7879071,0.01609676,4,3,0,0
Zone_DH400,5343645837,90.3659086,23.7745486,0.00220872,4,3,0,1
Zone_DH400,5343645843,90.364139,23.7739265,0.01705583,4,3,0,0
Zone_DH400,3919401107,90.3514518,23.7880949,0.0,4,1,0,0
Zone_DH400,12020707475,90.3504581,23.7938332,0.0,4,1,0,0
Zone_DH400,3919401112,90.3487983,23.788581,0.0,4,1,0,0
Zone_DH400,3919401116,90.3488617,23.7890436,0.00337467,4,3,0,1
Zone_DH400,4611240093,90.35754,23.7944461,0.00121014,4,3,0,0
Zone_DH400,4611240095,90.357646,23.7937886,0.01137055,4,3,0,0
Zone_DH400,3919401122,90.3500009,23.7894861,0.05365691,3,3,0,0
Zone_DH400,12019953826,90.3508744,23.7865843,0.0,4,1,0,0
Zone_DH400,4611240100,90.3552687,23.7918196,0.00101937,4,3,0,1
Zone_DH400,3919401124,90.3495641,23.7895192,0.04619125,3,3,0,0
Zone_DH400,4611240102,90.3552701,23.7910868,0.11811881,2,3,0,0
Zone_DH400,3919401126,90.3490482,23.7895216,0.00490087,4,3,0,0
Zone_DH400,3919401125,90.3492321,23.7895239,0.04577331,3,3,0,0
Zone_DH400,12019953833,90.3504314,23.7865358,0.00888165,4,3,0,1
Zone_DH400,4611240106,90.3506341,23.7884377,0.02822833,3,3,0,1
Zone_DH400,382021804,90.3485652,23.7892557,0.0,4,1,0,0
Zone_DH400,382021807,90.3485544,23.7890571,0.00702745,4,4,0,1
Zone_DH400,3919401135,90.3488577,23.7899931,0.00151944,4,3,0,0
Zone_DH400,3919401136,90.3490483,23.7900085,0.00100221,4,3,0,0
Zone_DH400,3919401139,90.3492361,23.7900898,0.03998563,3,3,0,0
Zone_DH400,3919401140,90.3491108,23.7900843,0.040205,3,3,0,0
Zone_DH400,379859128,90.3646205,23.7727134,0.0082168,4,4,0,0
Zone_DH400,3919401144,90.349083,23.7903124,0.03906867,3,3,0,0
Zone_DH400,3919401145,90.3488453,23.7903306,0.00127928,4,3,0,0
Zone_DH400,3919401147,90.3486091,23.7903608,0.0068268,4,3,0,0
Zone_DH400,3919401153,90.3500726,23.790625,0.00904176,4,3,0,1
Zone_DH400,3919401156,90.348903,23.7907784,0.03690518,3,3,0,0
Zone_DH400,11993207004,90.366506,23.7877721,0.0,4,1,0,0
Zone_DH400,11993207005,90.368447,23.7880189,0.0,4,1,0,0
Zone_DH400,11993207018,90.3610213,23.7849312,0.01020772,4,3,0,1
Zone_DH400,3732361451,90.3604281,23.7881505,0.0231185,3,3,0,1
Zone_DH400,11993207019,90.3611704,23.7849754,0.0,4,1,0,0
Zone_DH400,11993207021,90.3624658,23.784645,0.03480198,3,3,0,1
Zone_DH400,11993207022,90.3626334,23.7840911,0.0,4,1,0,0
Zone_DH400,382021881,90.3468179,23.7895459,0.01104619,4,3,0,0
Zone_DH400,382021888,90.3453646,23.789532,0.00189631,4,3,0,0
Zone_DH400,382021891,90.3448433,23.7895497,0.0015501,4,2,0,0
Zone_DH400,12018266372,90.3545308,23.7933129,0.00203822,4,3,0,1
Zone_DH400,12018266373,90.3543332,23.7919739,0.0,4,1,0,0
Zone_DH400,12018266390,90.3537803,23.7922772,0.01644972,4,3,0,1
Zone_DH400,3720728861,90.366786,23.7929109,0.00610321,4,3,0,1
Zone_DH400,3720728864,90.366115,23.7935231,0.0,4,1,0,0
Zone_DH400,3720728866,90.3654709,23.7923753,0.02173681,3,3,0,0
Zone_DH400,3720728868,90.3649189,23.7929944,0.03098078,3,3,0,0
Zone_DH400,3720728869,90.3645236,23.7929906,0.03424006,3,3,0,0
Zone_DH400,3919401257,90.3486691,23.7908101,0.04207063,3,4,0,0
Zone_DH400,3919401260,90.348773,23.7915267,0.04076536,3,3,0,1
Zone_DH400,4501852460,90.362134,23.793155,0.04651406,3,4,0,1
Zone_DH400,3919401264,90.3496048,23.7921719,0.01113871,4,3,0,0
Zone_DH400,4501852464,90.361675,23.7917624,0.0,4,1,0,0
Zone_DH400,3919401266,90.3488504,23.7922147,0.03911857,3,3,0,0
Zone_DH400,4501852467,90.3610737,23.7927983,0.04823674,3,3,0,1
Zone_DH400,3919401273,90.349626,23.7924762,0.01289935,4,4,0,1
Zone_DH400,4613329210,90.3659882,23.7926507,0.00203822,4,3,0,1
Zone_DH400,3919401275,90.3491475,23.792517,0.00728684,4,3,0,0
Zone_DH400,3919401274,90.3500013,23.7924134,0.0,4,1,0,0
Zone_DH400,4613329209,90.3662495,23.792663,0.0,4,1,0,0
Zone_DH400,13387075904,90.3617643,23.7854251,0.0,4,1,0,0
Zone_DH400,13387075905,90.3617143,23.7856223,0.07270157,3,3,0,1
Zone_DH400,3919401284,90.3491744,23.7926892,0.0,4,1,0,0
Zone_DH400,5620576583,90.3677593,23.7818018,0.00173776,4,3,0,0
Zone_DH400,5620576584,90.3684909,23.7819162,0.02691527,3,3,0,0
Zone_DH400,3734876502,90.356895,23.7764246,0.0,4,1,0,0
Zone_DH400,3919401303,90.3495578,23.7934608,0.0,4,1,0,0
Zone_DH400,4613329238,90.3673324,23.7917408,0.0,4,1,0,0
Zone_DH400,382021977,90.3456031,23.7871575,0.0030555,4,3,0,0
Zone_DH400,3919401305,90.3499114,23.7937036,0.0,4,1,0,0
Zone_DH400,3919401306,90.3501593,23.7937069,0.0,4,1,0,0
Zone_DH400,4516770138,90.3500673,23.7853743,0.0,4,1,0,0
Zone_DH400,382021981,90.3456649,23.7879001,0.00168006,4,3,0,0
Zone_DH400,4493889888,90.3595218,23.7883597,0.00305499,4,3,0,1
Zone_DH400,3919401313,90.3494425,23.7938161,0.00610321,4,3,0,1
Zone_DH400,3919401314,90.3498914,23.7938332,0.00407279,4,3,0,1
Zone_DH400,3919401315,90.3493625,23.7938413,0.00812947,4,3,0,1
Zone_DH400,4493807972,90.3618126,23.7890238,0.08785486,2,4,0,0
Zone_DH400,3919401317,90.3487502,23.7938513,0.03199859,3,3,0,0
Zone_DH400,3919401316,90.3501432,23.7938798,0.00203822,4,3,0,1
Zone_DH400,4493889894,90.3586837,23.7885204,0.00101937,4,3,0,1
Zone_DH400,3919401320,90.3502065,23.794132,0.0,4,1,0,0
Zone_DH400,4493889897,90.3570595,23.7884622,0.0,4,1,0,0
Zone_DH400,3919401322,90.3493886,23.7942468,0.0,4,1,0,0
Zone_DH400,4613329259,90.3680575,23.7891468,0.00738665,4,3,0,0
Zone_DH400,3919401323,90.3495845,23.7943428,0.00203822,4,3,0,1
Zone_DH400,3919401326,90.3502812,23.7945103,0.0,4,1,0,0
Zone_DH400,4613329272,90.367737,23.7899588,0.00508956,4,3,0,1
Zone_DH400,4613329275,90.3679476,23.790214,0.00101937,4,3,0,1
Zone_DH400,4613329287,90.3691882,23.7898193,0.0,4,1,0,0
Zone_DH400,4590539162,90.3572815,23.7831178,0.00772349,4,3,0,0
Zone_DH400,3016282526,90.3590416,23.7809379,0.02042479,3,3,0,0
Zone_DH400,3016282529,90.3595845,23.7787486,0.10313291,2,3,0,0
Zone_DH400,4611404204,90.3690959,23.7876515,0.0,4,1,0,0
Zone_DH400,4590539181,90.3535782,23.7799786,0.0,4,1,0,0
Zone_DH400,4611404206,90.3679362,23.788541,0.0,4,1,0,0
Zone_DH400,4611404208,90.3679979,23.7888114,0.00203822,4,3,0,1
Zone_DH400,4611404210,90.3679899,23.789142,0.01137263,4,3,0,1
Zone_DH400,12104118709,90.3623457,23.7927501,0.0,4,1,0,0
Zone_DH400,12104118711,90.3622831,23.7928611,0.00203822,4,3,0,1
Zone_DH400,348369338,90.3585875,23.7925588,0.03702993,3,3,0,0
Zone_DH400,4590539198,90.3518332,23.7805327,0.0,4,3,0,0
Zone_DH400,4590539205,90.3515563,23.7815936,0.03696911,3,3,0,0
Zone_DH400,4611248582,90.3595669,23.7931326,0.01015365,4,3,0,1
Zone_DH400,4590539207,90.3523381,23.7782434,0.0010464,4,3,0,1
Zone_DH400,4590539206,90.35177,23.778133,0.0,4,1,0,0
Zone_DH400,4590539209,90.3521399,23.778509,0.0024468,4,3,0,1
Zone_DH400,382022089,90.3447521,23.7871923,0.00806346,4,3,0,0
Zone_DH400,4590539210,90.3521967,23.778701,0.00445226,4,3,0,1
Zone_DH400,4611248587,90.3606405,23.7929648,0.00927516,4,3,0,0
Zone_DH400,382022092,90.3448103,23.7892519,0.00189215,4,3,0,0
Zone_DH400,4590539214,90.3530603,23.779832,0.0,4,1,0,0
Zone_DH400,4590539212,90.3535166,23.7805556,0.03553181,3,3,0,1
Zone_DH400,4590539215,90.3479664,23.7875049,0.02723548,3,3,0,1
Zone_DH400,4590539216,90.3458883,23.7845148,0.0,4,1,0,0
Zone_DH400,4595765713,90.3616333,23.7817074,0.00714753,4,3,0,1
Zone_DH400,4590539219,90.3466833,23.7857542,0.0,4,1,0,0
Zone_DH400,4611068368,90.3522025,23.794958,0.00019181,4,2,0,0
Zone_DH400,4590539221,90.3466807,23.786079,0.0,4,1,0,0
Zone_DH400,4493890003,90.3581589,23.7877235,0.00711582,4,3,0,0
Zone_DH400,4590539223,90.3468312,23.786903,0.0,4,1,0,0
Zone_DH400,4590539220,90.3466028,23.7854271,0.00610321,4,3,0,1
Zone_DH400,4590539222,90.346976,23.7860292,0.00189267,4,3,0,1
Zone_DH400,4493890004,90.3581387,23.7877057,0.00913273,4,3,0,1
Zone_DH400,4590539227,90.3467821,23.7864552,0.02717829,3,3,0,1
Zone_DH400,4590539228,90.3456575,23.7877415,0.00194309,4,3,0,0
Zone_DH400,4493890007,90.3586929,23.788319,0.00610061,4,4,0,1
Zone_DH400,4493890013,90.3570996,23.7867171,0.00607618,4,3,0,0
Zone_DH400,4493890006,90.357349,23.7877313,0.0,4,1,0,0
Zone_DH400,4590539233,90.3447842,23.7887123,0.00351607,4,2,0,0
Zone_DH400,4611068385,90.3509204,23.7926464,0.0,4,1,0,0
Zone_DH400,4611068388,90.3518641,23.7936599,0.0,4,1,0,0
Zone_DH400,4590539241,90.3482775,23.7872586,0.0,4,1,0,0
Zone_DH400,4590539242,90.3483013,23.7874741,0.00203822,4,3,0,1
Zone_DH400,4595765740,90.3616966,23.7813656,0.0131,4,3,0,0
Zone_DH400,4590539245,90.3488588,23.787652,0.0,4,1,0,0
Zone_DH400,4595765745,90.3603407,23.7814927,0.1043207,2,3,0,0
Zone_DH400,4914074104,90.3563164,23.7755251,0.0,4,1,0,0
Zone_DH400,4914074105,90.3582591,23.77665,0.0,4,1,0,0
Zone_DH400,4595765754,90.3603037,23.7818164,0.10450887,2,3,0,0
Zone_DH400,4914074107,90.3579234,23.7764406,0.0,4,1,0,0
Zone_DH400,4595765758,90.3639536,23.7860118,0.08304418,3,3,0,1
Zone_DH400,4590539263,90.3455667,23.7868714,0.00375882,4,3,0,0
Zone_DH400,4595765760,90.3638811,23.7863645,0.0,4,1,0,0
Zone_DH400,4395708929,90.3615174,23.7792406,0.00914832,4,3,0,1
Zone_DH400,4595765762,90.3639818,23.7860408,0.08186211,3,3,0,1
Zone_DH400,4595765761,90.3641254,23.7857959,0.0,4,1,0,0
Zone_DH400,4595765764,90.3638564,23.7855019,0.02491422,3,3,0,1
Zone_DH400,382022149,90.3454429,23.7900778,0.00126316,4,3,0,0
Zone_DH400,382022150,90.3455584,23.7905058,0.00305654,4,3,0,0
Zone_DH400,4595765763,90.3633917,23.7852403,0.0,4,1,0,0
Zone_DH400,4595765766,90.3635924,23.7854519,0.0,4,1,0,0
Zone_DH400,4590539273,90.3450584,23.78529,0.00101937,4,2,0,1
Zone_DH400,4590539274,90.3449019,23.784849,0.0,4,1,0,0
Zone_DH400,4595765771,90.362183,23.7857161,0.07262412,3,4,0,1
Zone_DH400,4595765772,90.3639405,23.7845816,0.03901643,3,3,0,0
Zone_DH400,4914074117,90.3576657,23.7753594,0.00324836,4,3,0,1
Zone_DH400,4595765775,90.3639011,23.7852421,0.02427692,3,3,0,1
Zone_DH400,12104118800,90.3622343,23.7918021,0.0,4,1,0,0
Zone_DH400,8839942675,90.3680303,23.7791986,0.02526899,3,3,0,1
Zone_DH400,4590539285,90.3452381,23.783259,0.01214717,4,3,0,1
Zone_DH400,11993256470,90.3603194,23.7827771,0.00381028,4,3,0,1
Zone_DH400,11993256471,90.3608762,23.7823848,0.00824071,4,3,0,0
Zone_DH400,11993256473,90.3609513,23.7831813,0.0,4,1,0,0
Zone_DH400,11993256476,90.3602258,23.7835519,0.0,4,1,0,0
Zone_DH400,11993256477,90.3606183,23.7831588,0.0,4,1,0,0
Zone_DH400,11993256478,90.3606408,23.7827993,0.00301704,4,3,0,1
Zone_DH400,348353057,90.3535931,23.7946326,0.00648268,4,3,0,1
Zone_DH400,11993256481,90.3616268,23.7795679,0.0,4,1,0,0
Zone_DH400,11993256483,90.3622067,23.7792974,0.00445122,4,3,0,1
Zone_DH400,11993256484,90.362414,23.7789849,0.0,4,1,0,0
Zone_DH400,348353065,90.3568663,23.7949463,0.00374323,4,2,0,0
Zone_DH400,4595782185,90.3611301,23.784395,0.01762036,4,3,0,0
Zone_DH400,3713266219,90.3549355,23.7796217,0.00766319,4,3,0,0
Zone_DH400,11993256490,90.3589729,23.7817539,0.00203822,4,3,0,1
Zone_DH400,348353069,90.3580427,23.7950911,0.00467371,4,3,0,0
Zone_DH400,3720696365,90.3680576,23.791655,0.00610633,4,4,0,1
Zone_DH400,11993256493,90.3599067,23.7786702,0.07015705,3,3,0,1
Zone_DH400,382022192,90.346189,23.7896048,0.00599665,4,4,0,0
Zone_DH400,382022193,90.3464056,23.7903178,0.00695728,4,3,0,0
Zone_DH400,382022194,90.3465477,23.7908868,0.00101937,4,2,0,1
Zone_DH400,3720696368,90.3671604,23.7910329,0.0184765,4,3,0,1
Zone_DH400,3720696371,90.3652465,23.7905023,0.0,4,1,0,0
Zone_DH400,3720696372,90.3646785,23.7905224,0.01619813,4,3,0,1
Zone_DH400,11993256499,90.3601698,23.7794968,0.0,4,1,0,0
Zone_DH400,4903178814,90.3686909,23.7774699,0.0,4,3,0,0
Zone_DH400,3720704583,90.3645857,23.7912642,0.02221713,3,3,0,0
Zone_DH400,4421628489,90.3656063,23.7853615,0.0,4,1,0,0
Zone_DH400,4421628519,90.3652059,23.7859031,0.03362719,3,3,0,1
Zone_DH400,5895541354,90.3621311,23.7719905,0.0,4,1,0,0
Zone_DH400,3556643448,90.3535542,23.7950434,0.0,4,1,0,0
Zone_DH400,4421628541,90.3659122,23.7861828,0.03233803,3,3,0,1
Zone_DH400,5758415493,90.3639386,23.7762583,0.01265555,4,3,0,0
Zone_DH400,5758415494,90.3638431,23.7761263,0.17603201,1,3,0,0
Zone_DH400,4493824649,90.3587329,23.7893231,0.00286473,4,3,0,1
Zone_DH400,4852929164,90.350032,23.7750516,0.00102145,4,3,0,1
Zone_DH400,382022285,90.3486094,23.792727,0.03152815,3,3,0,0
Zone_DH400,4852929165,90.3505932,23.7752925,0.00305395,4,3,0,1
Zone_DH400,4493824655,90.3598486,23.7891956,0.07215992,3,3,0,0
Zone_DH400,4852929166,90.3512389,23.7741499,0.02928669,3,3,0,1
Zone_DH400,4852929170,90.3503228,23.7758311,0.0,4,1,0,0
Zone_DH400,382022329,90.346571,23.7915261,0.00101937,4,2,0,1
Zone_DH400,382022332,90.3466053,23.792033,0.0,4,1,0,0
Zone_DH400,13230576317,90.3588508,23.7786957,0.01080759,4,2,0,0
Zone_DH400,13230576322,90.3584986,23.7787419,0.01136536,4,2,0,0
Zone_DH400,6153048776,90.3518238,23.7895086,0.0,4,1,0,0
Zone_DH400,6153048778,90.3522361,23.7896866,0.02210277,3,3,0,1
Zone_DH400,4914074323,90.3574066,23.7763404,0.0,4,1,0,0
Zone_DH400,4914074327,90.3584439,23.7752851,0.00534531,4,3,0,1
Zone_DH400,4914074334,90.3580393,23.7752398,0.0042776,4,3,0,1
Zone_DH400,4914074335,90.3572346,23.7753952,0.00981265,4,3,0,1
Zone_DH400,4914074341,90.3565505,23.7747285,0.03316351,3,3,0,1
Zone_DH400,4914074345,90.3561117,23.7750347,0.03196532,3,3,0,0
Zone_DH400,4914074348,90.3560581,23.775225,0.00545812,4,3,0,0
Zone_DH400,4914074349,90.3544333,23.7745369,0.00038207,4,3,0,0
Zone_DH400,4914074350,90.3543391,23.7749012,0.00017726,4,3,0,0
Zone_DH400,4516729584,90.3628108,23.788968,0.05199453,3,3,0,1
Zone_DH400,4516729587,90.3614002,23.7886969,0.03752532,3,3,0,0
Zone_DH400,4516729588,90.3610215,23.7892095,0.04420865,3,3,0,0
Zone_DH400,4595782390,90.3610109,23.7849542,0.01048686,4,3,0,0
Zone_DH400,4595782392,90.3608683,23.7854724,0.10893254,2,4,0,0
Zone_DH400,4611248889,90.3599382,23.7928079,0.00552985,4,3,0,0
Zone_DH400,4595782396,90.3643205,23.7840661,0.03967998,3,3,0,0
Zone_DH400,12102734589,90.3508668,23.7884159,0.0322585,3,3,0,0
Zone_DH400,4611248894,90.3582062,23.7939251,0.0021297,4,3,0,0
Zone_DH400,4595782397,90.365054,23.7839201,0.03744215,3,3,0,0
Zone_DH400,4595782398,90.3650399,23.7835378,0.00230904,4,3,0,0
Zone_DH400,4595782399,90.3650597,23.7836374,0.00232828,4,3,0,0
Zone_DH400,12102734590,90.3496799,23.7880871,0.0,4,1,0,0
Zone_DH400,12102734595,90.3522739,23.7941293,0.01610196,4,3,0,0
Zone_DH400,4611248899,90.3582176,23.793275,0.01464022,4,3,0,0
Zone_DH400,4611248896,90.3576426,23.7938082,0.0094285,4,3,0,0
Zone_DH400,4611248901,90.3578563,23.7931966,0.01127439,4,3,0,1
Zone_DH400,4611248903,90.3574271,23.7931624,0.0,4,1,0,0
Zone_DH400,12102734593,90.3502873,23.7893188,0.0534126,3,3,0,1
Zone_DH400,12102734592,90.3510626,23.7905389,0.0,4,1,0,0
Zone_DH400,4611248926,90.3567623,23.7941189,0.00530061,4,3,0,1
Zone_DH400,4611248927,90.3569472,23.7940898,0.0062628,4,3,0,0
Zone_DH400,4611248928,90.3570406,23.7936367,0.00404004,4,3,0,0
Zone_DH400,12019954482,90.3501226,23.7858246,0.0,4,1,0,0
Zone_DH400,4493243187,90.3574486,23.7929559,0.00101937,4,3,0,1
Zone_DH400,12019954484,90.3498877,23.7857566,0.00203822,4,3,0,1
Zone_DH400,4515124024,90.349968,23.7876782,0.00903344,4,3,0,0
Zone_DH400,4595782459,90.3658094,23.7836151,0.03377534,3,3,0,0
Zone_DH400,12019954499,90.3500327,23.7860397,0.0,4,1,0,0
Zone_DH400,7466406724,90.3561813,23.7810152,0.0,4,1,0,0
Zone_DH400,12019954501,90.3497944,23.7859852,0.00407279,4,3,0,1
Zone_DH400,3536221002,90.3594217,23.7952493,0.0020377,4,2,0,1
Zone_DH400,4595766094,90.3634105,23.7836618,0.0,4,1,0,0
Zone_DH400,7466406735,90.3541515,23.7807673,0.02076267,3,3,0,1
Zone_DH400,4595766096,90.3635016,23.7842927,0.08861042,2,3,0,0
Zone_DH400,7466406737,90.3532476,23.7812215,0.02115565,3,3,0,1
Zone_DH400,7466406738,90.3520936,23.7780526,0.0,4,1,0,0
Zone_DH400,4595766098,90.3632376,23.7842124,0.00101937,4,3,0,1
Zone_DH400,4595766100,90.3627973,23.7847259,0.03432895,3,3,0,0
Zone_DH400,5177676628,90.3495803,23.7886157,0.00969777,4,3,0,1
Zone_DH400,5177676629,90.3493791,23.7886959,0.0,4,1,0,0
Zone_DH400,7466406736,90.355221,23.7802298,0.0,4,1,0,0
Zone_DH400,4595766108,90.362165,23.7845644,0.00323068,4,3,0,0
Zone_DH400,382022520,90.3460587,23.7891702,0.00320677,4,3,0,0
Zone_DH400,4590244730,90.3482533,23.7847205,0.0,4,1,0,0
Zone_DH400,4613329790,90.3694376,23.7890998,0.00303315,4,3,0,1
Zone_DH400,4613329791,90.3678538,23.7875016,0.01043748,4,3,0,0
Zone_DH400,4613329793,90.3671085,23.7871248,0.01111272,4,4,0,0
Zone_DH400,3713299330,90.364868,23.7809901,0.03865983,3,3,0,0
Zone_DH400,3713299336,90.3638724,23.7814551,0.00194725,4,3,0,0
Zone_DH400,7466406800,90.3624767,23.7760896,0.00203822,4,3,0,1
Zone_DH400,7466406801,90.3620754,23.7760313,0.0,4,1,0,0
Zone_DH400,3713299346,90.3630821,23.7816686,0.04237603,3,3,0,0
Zone_DH400,7466406802,90.3625113,23.7759589,0.0,4,1,0,0
Zone_DH400,7466406804,90.3556985,23.7764793,0.0,4,1,0,0
Zone_DH400,7466406806,90.3572025,23.772523,0.0,4,1,0,0
Zone_DH400,3713299350,90.3631482,23.7823566,0.04878229,3,3,0,0
Zone_DH400,7466406810,90.3504735,23.7759294,0.0,4,1,0,0
Zone_DH400,4611068367,90.3527901,23.7950299,5.2e-07,4,2,0,0
Zone_DH400,7466406813,90.3522867,23.7770683,0.0,4,1,0,0
Zone_DH400,11332522910,90.3680779,23.7870057,0.00724162,4,3,0,1
Zone_DH400,5774308255,90.3636057,23.7720593,5.2e-06,4,2,0,0
Zone_DH400,4506588062,90.3629517,23.7889477,0.06988675,3,3,0,0
Zone_DH400,11332522913,90.3678052,23.7865619,0.0,4,1,0,0
Zone_DH400,7466406820,90.3540167,23.7769162,0.0,4,1,0,0
Zone_DH400,5763036072,90.3646168,23.772291,0.00102249,4,2,0,0
Zone_DH400,7466406825,90.3558051,23.7759417,0.00203822,4,3,0,1
Zone_DH400,7466406824,90.3552807,23.7759816,0.0,4,1,0,0
Zone_DH400,7466406827,90.3550065,23.7758558,0.0,4,1,0,0
Zone_DH400,7466406828,90.3530323,23.7762583,0.0,4,1,0,0
Zone_DH400,7466406831,90.3535265,23.7760811,0.0,4,1,0,0
Zone_DH400,7466406834,90.3525817,23.7760325,0.00203822,4,3,0,1
Zone_DH400,7466406835,90.3524203,23.7759727,0.03505825,3,3,0,1
Zone_DH400,387552180,90.3557183,23.7731661,0.00544252,4,3,0,0
Zone_DH400,3718108084,90.3619177,23.7939828,0.00359456,4,3,0,0
Zone_DH400,3731919802,90.3551342,23.785099,0.1519165,1,3,0,1
Zone_DH400,382022587,90.344792,23.7889537,0.00338247,4,3,0,1
Zone_DH400,3731919803,90.3551707,23.784468,0.00305654,4,4,0,1
Zone_DH400,382022589,90.3456894,23.7889391,0.0,4,1,0,0
Zone_DH400,3731919804,90.3551831,23.7841507,0.0,4,1,0,0
Zone_DH400,4595676122,90.3621083,23.7845674,0.00260066,4,3,0,0
Zone_DH400,4595676123,90.362034,23.7850001,0.03254076,3,3,0,0
Zone_DH400,4595676125,90.3624457,23.7846396,0.03500471,3,3,0,0
Zone_DH400,4595676127,90.3623123,23.78507,0.03452648,3,4,0,0
Zone_DH400,4595676128,90.3617977,23.7841915,0.00101937,4,3,0,1
Zone_DH400,4595676129,90.3617928,23.7845624,0.00430827,4,3,0,0
Zone_DH400,4595676131,90.3617618,23.7849289,0.03682512,3,3,0,0
Zone_DH400,4595676134,90.3615059,23.78558,0.11001845,2,3,0,0
Zone_DH400,4595676135,90.3628942,23.7859175,0.09327659,2,3,0,0
Zone_DH400,382022655,90.3447825,23.7886548,0.00425265,4,3,0,0
Zone_DH400,382022656,90.3459628,23.7886312,0.00435298,4,3,0,0
Zone_DH400,4427265031,90.3632974,23.7781026,0.04200929,3,3,0,0
Zone_DH400,4595676172,90.3647357,23.785248,0.0,4,1,0,0
Zone_DH400,4595676177,90.364701,23.786818,0.05460636,3,3,0,1
Zone_DH400,4595676178,90.3641952,23.7866029,0.0,4,1,0,0
Zone_DH400,4595676179,90.3640107,23.7871598,0.0,4,1,0,0
Zone_DH400,4595676180,90.3643327,23.7873226,0.00949088,4,3,0,1
Zone_DH400,4595676181,90.3632793,23.7880577,0.0,4,1,0,0
Zone_DH400,4595676182,90.3629172,23.7880012,0.01992888,3,3,0,1
Zone_DH400,4595676183,90.3636495,23.7879878,0.00263289,4,3,0,1
Zone_DH400,4595676184,90.3634598,23.7882998,0.0,4,1,0,0
Zone_DH400,382022684,90.3447777,23.788357,0.00496948,4,3,0,0
Zone_DH400,382022685,90.3459297,23.7883344,0.0045136,4,3,0,0
Zone_DH400,3915887657,90.3472087,23.7913988,0.00293595,4,3,0,1
Zone_DH400,9768850474,90.3637684,23.776367,0.18710679,1,3,0,0
Zone_DH400,9768850473,90.363679,23.7762398,0.18097291,1,3,0,0
Zone_DH400,3915887664,90.3477611,23.7915683,0.0,4,1,0,0
Zone_DH400,382022737,90.3459322,23.7879114,0.0064884,4,3,0,0
Zone_DH400,382022738,90.3459934,23.7887468,0.00396727,4,3,0,0
Zone_DH400,382022739,90.3469683,23.7886171,0.00148149,4,3,0,0
Zone_DH400,382022740,90.3471698,23.7895077,0.0125573,4,3,0,0
Zone_DH400,4427265109,90.3634408,23.7784783,0.03766905,3,3,0,0
Zone_DH400,8909976684,90.3676595,23.7902587,0.00203822,4,3,0,1
Zone_DH400,8909976685,90.3670428,23.7900354,0.0,4,1,0,0
Zone_DH400,8909976686,90.3663976,23.7899151,0.006937,4,3,0,1
Zone_DH400,4595676291,90.3641144,23.7874545,0.00943578,4,3,0,0
Zone_DH400,4427265158,90.3636904,23.7786841,0.03740446,3,3,0,0
Zone_DH400,4595676295,90.3638072,23.7880564,0.00136973,4,3,0,1
Zone_DH400,4595676298,90.3637894,23.7873283,0.01259369,4,3,0,0
Zone_DH400,12020077710,90.3495226,23.7906158,0.0,4,1,0,0
Zone_DH400,4595676315,90.3617833,23.7874498,0.0,4,1,0,0
Zone_DH400,4595676317,90.3617921,23.7871,0.00213698,4,3,0,1
Zone_DH400,4595676320,90.3620832,23.7875524,0.0,4,1,0,0
Zone_DH400,4595676323,90.3624279,23.7872052,0.00125225,4,3,0,1
Zone_DH400,4595676326,90.3626453,23.7866843,0.02359153,3,3,0,0
Zone_DH400,4595676327,90.3615969,23.7868722,0.02429485,3,3,0,0
Zone_DH400,4595676331,90.3614375,23.7862798,0.00827814,4,3,0,0
Zone_DH400,4595676333,90.3615216,23.7862682,0.00588021,4,3,0,1
Zone_DH400,4595676334,90.3615739,23.7855968,0.07643337,3,3,0,0
Zone_DH400,4595676335,90.3625598,23.7866045,0.03974911,3,3,0,0
Zone_DH400,6153049265,90.3529503,23.7873446,0.03278196,3,3,0,1
Zone_DH400,3713283250,90.3700911,23.7865045,0.0,4,1,0,0
Zone_DH400,6153049267,90.352886,23.7879385,0.0,4,1,0,0
Zone_DH400,4590179510,90.3469673,23.7883471,0.00681277,4,3,0,0
Zone_DH400,4595676343,90.361453,23.7868743,0.02136982,3,3,0,0
Zone_DH400,4595676342,90.3617759,23.78681,0.01979944,3,3,0,0
Zone_DH400,4595676351,90.3626912,23.7881794,0.01251156,4,3,0,1
Zone_DH400,4595676353,90.3623021,23.788052,0.0166826,4,3,0,0
Zone_DH400,4595676355,90.3619088,23.7879801,0.01712445,4,3,0,1
Zone_DH400,4595676358,90.3611083,23.7880578,0.07284245,3,3,0,0
Zone_DH400,4861269201,90.3567875,23.7752182,0.0,4,1,0,0
Zone_DH400,4861269203,90.3567859,23.7755321,0.00203822,4,3,0,1
Zone_DH400,4599092436,90.3650535,23.7922963,0.01544231,4,3,0,0
Zone_DH400,4861269206,90.3566217,23.7762378,0.0,4,1,0,0
Zone_DH400,12018398429,90.3522076,23.7919328,0.0,4,1,0,0
Zone_DH400,4610987232,90.3536902,23.7914197,0.04277135,3,3,0,0
Zone_DH400,12018398434,90.351457,23.7919445,0.00610321,4,3,0,1
Zone_DH400,4610987235,90.3498911,23.7885515,0.00140404,4,3,0,1
Zone_DH400,382022891,90.3481615,23.789308,0.01784492,4,3,0,0
Zone_DH400,4114617590,90.3654077,23.7930606,0.01147192,4,3,0,0
Zone_DH400,4611069189,90.3512104,23.7938416,0.00848503,4,4,0,1
Zone_DH400,4611069191,90.351756,23.7942651,0.0,4,1,0,0
Zone_DH400,4611069193,90.351593,23.7942709,0.00203822,4,3,0,1
Zone_DH400,12047152398,90.3673854,23.7888843,0.0,4,1,0,0
Zone_DH400,4611069199,90.3511054,23.7932119,0.00645461,4,3,0,0
Zone_DH400,12047152400,90.3660151,23.790759,0.05190979,3,3,0,0
Zone_DH400,12047152401,90.3660799,23.790794,0.03598145,3,3,0,0
Zone_DH400,12047152402,90.3659249,23.7909332,0.02522845,3,3,0,0
Zone_DH400,12047152403,90.3657218,23.7915451,0.0160874,4,3,0,0
Zone_DH400,12047152404,90.3656501,23.7915148,0.00561822,4,3,0,0
Zone_DH400,4493751576,90.3591715,23.7910382,0.1047038,2,3,0,1
Zone_DH400,4493751579,90.3584576,23.7907864,0.0,4,1,0,0
Zone_DH400,4493751583,90.3587656,23.7889006,0.0,4,1,0,0
Zone_DH400,12020077856,90.350434,23.7907007,0.01581606,4,3,0,0
Zone_DH400,12020077857,90.3508192,23.7906053,0.01755382,4,3,0,1
Zone_DH400,12020077858,90.3506568,23.7909361,0.0,4,1,0,0
Zone_DH400,10936349996,90.3606166,23.7945681,0.0,4,1,0,0
Zone_DH400,4493825334,90.3577168,23.7914099,0.10554487,2,3,0,0
Zone_DH400,11414107448,90.3618774,23.7776045,0.16023597,1,3,0,1
Zone_DH400,11414107450,90.3624316,23.7781033,0.0,4,1,0,0
Zone_DH400,4493825339,90.3580895,23.7902039,0.0011722,4,3,0,0
Zone_DH400,4611069244,90.3522172,23.793894,0.01162994,4,3,0,0
Zone_DH400,4611069245,90.3518675,23.7939689,0.01184359,4,3,0,1
Zone_DH400,4611069246,90.3518621,23.7938758,0.00926008,4,3,0,1
Zone_DH400,11414107455,90.3659494,23.7760153,0.00509476,4,3,0,1
Zone_DH400,4611069247,90.3522382,23.7945432,0.00445018,4,4,0,1
Zone_DH400,4611069249,90.3522114,23.7948552,0.00222795,4,3,0,1
Zone_DH400,4611069248,90.3518545,23.7945927,0.0,4,1,0,0
Zone_DH400,4611069251,90.351651,23.7948835,0.0,4,1,0,0
Zone_DH400,11414107457,90.3666962,23.7763495,0.0,4,1,0,0
Zone_DH400,4493825349,90.3580667,23.7891068,0.01705895,4,3,0,0
Zone_DH400,11414107463,90.368399,23.7765506,0.0,4,2,0,0
Zone_DH400,4493825352,90.3581148,23.7887091,0.0278447,3,3,0,0
Zone_DH400,11414107464,90.3684244,23.7764764,0.0,4,2,0,0
Zone_DH400,11414107467,90.3674633,23.7764747,0.0,4,1,0,0
Zone_DH400,5762733397,90.3642927,23.7736055,0.01630885,4,3,0,0
Zone_DH400,7030560086,90.3523066,23.7813319,0.07920609,3,3,0,1
Zone_DH400,4417893730,90.3630624,23.7914563,0.00836651,4,3,0,1
Zone_DH400,12020077926,90.3496492,23.7903634,0.0,4,1,0,0
Zone_DH400,4894700905,90.3535003,23.7726342,0.00101937,4,3,0,1
Zone_DH400,12020077936,90.3498559,23.7895107,0.04758125,3,3,0,1
Zone_DH400,3444118901,90.3514525,23.772658,0.0,4,1,0,0
Zone_DH400,3720705402,90.3659961,23.7909634,0.01589351,4,3,0,0
Zone_DH400,12180387204,90.3493327,23.7826267,0.07356032,3,3,0,1
Zone_DH400,12180387205,90.3488218,23.7827436,0.07253107,3,3,0,1
Zone_DH400,12180387207,90.3495448,23.782081,0.0,4,1,0,0
Zone_DH400,6643111311,90.3553992,23.775012,0.02790812,3,3,0,0
Zone_DH400,6643111313,90.3548723,23.775035,0.02786186,3,3,0,1
Zone_DH400,6643111315,90.3546631,23.775742,0.0,4,1,0,0
Zone_DH400,6643111316,90.352644,23.7756488,0.03402277,3,3,0,0
Zone_DH400,6643111319,90.359583,23.7776967,0.00236466,4,3,0,1
Zone_DH400,6643111320,90.3589358,23.7775936,0.0,4,1,0,0
Zone_DH400,6643111321,90.3596358,23.7773393,0.00101937,4,3,0,1
Zone_DH400,6643111322,90.358998,23.7772537,0.0,4,1,0,0
Zone_DH400,12020077979,90.3502332,23.7893192,0.0529957,3,3,0,0
Zone_DH400,12020077980,90.3504477,23.7891494,0.0,4,1,0,0
Zone_DH400,6643111325,90.3577311,23.7775577,0.00203822,4,3,0,1
Zone_DH400,12020077982,90.3505259,23.7891258,0.00395272,4,3,0,1
Zone_DH400,6643111326,90.3582304,23.7775689,0.0,4,1,0,0
Zone_DH400,12015277472,90.3595756,23.7952657,0.00101937,4,2,0,1
Zone_DH400,6643111329,90.3581833,23.7779637,0.0,4,1,0,0
Zone_DH400,6643111332,90.357725,23.7779449,0.00407279,4,3,0,1
Zone_DH400,6643111343,90.3634996,23.779033,0.0005115,4,3,0,0
Zone_DH400,12015277522,90.3587965,23.7951726,0.00610061,4,2,0,1
Zone_DH400,9819944402,90.3682727,23.7789712,0.0,4,2,0,0
Zone_DH400,9819944404,90.3677775,23.7783839,0.01919177,3,4,0,0
Zone_DH400,9819944412,90.3686701,23.7775387,0.0,4,3,0,0
Zone_DH400,9819944413,90.3681925,23.7790335,0.02218594,3,3,0,1
Zone_DH400,12020012543,90.3504249,23.7867406,0.00913688,4,3,0,0
Zone_DH400,4948145691,90.3622766,23.7838973,0.0,4,1,0,0
Zone_DH400,11993290311,90.3621083,23.7884472,0.00203822,4,3,0,1
Zone_DH400,11993290312,90.3618642,23.7883822,0.0,4,1,0,0
Zone_DH400,3732452946,90.3560776,23.7781576,0.01171519,4,3,0,1
Zone_DH400,3732452947,90.3564732,23.7780376,0.0,4,1,0,0
Zone_DH400,11993290325,90.366278,23.793329,0.0,4,1,0,0
Zone_DH400,3416913494,90.3539093,23.7865793,0.07687261,3,3,0,1
Zone_DH400,11993290326,90.3658668,23.7924319,0.01663426,4,3,0,1
Zone_DH400,348354138,90.3538754,23.7910611,0.12759306,2,3,0,0
Zone_DH400,11993290330,90.3673633,23.7924527,0.00329566,4,3,0,1
Zone_DH400,11993290332,90.3667401,23.7925652,0.01068647,4,3,0,1
Zone_DH400,11993290331,90.3678575,23.7924882,0.0,4,1,0,0
Zone_DH400,11993290333,90.3668905,23.7922931,0.0,4,1,0,0
Zone_DH400,348354146,90.3587731,23.7915853,0.15159057,1,3,0,0
Zone_DH400,348354147,90.3587716,23.7916319,0.09070556,2,3,0,0
Zone_DH400,4488918644,90.3608948,23.7952628,0.0,4,1,0,0
Zone_DH400,6190544505,90.3644843,23.7730711,0.00956262,4,4,0,0
Zone_DH400,6190544506,90.3643689,23.7734019,0.01456121,4,4,0,0
Zone_DH400,12045391483,90.3677435,23.7854671,0.01201513,4,3,0,1
Zone_DH400,11409372797,90.363715,23.7893713,0.0,4,1,0,0
Zone_DH400,11409372798,90.3639156,23.7893501,0.00203822,4,3,0,1
Zone_DH400,11409372799,90.3632926,23.789843,0.00203822,4,3,0,1
Zone_DH400,11409372800,90.3633502,23.7893443,0.0,4,1,0,0
Zone_DH400,11409372801,90.3627649,23.7895207,0.0,4,1,0,0
Zone_DH400,11409372802,90.3625053,23.7889777,0.05392826,3,3,0,1
Zone_DH400,12045391490,90.3668464,23.7851987,0.0,4,1,0,0
Zone_DH400,12045391487,90.367624,23.7849997,0.0,4,1,0,0
Zone_DH400,11409372806,90.3625061,23.7894155,0.00203822,4,3,0,1
Zone_DH400,12045391495,90.3645255,23.7878173,0.0,4,1,0,0
Zone_DH400,11409372807,90.3626435,23.7894609,0.0,4,1,0,0
Zone_DH400,11409372808,90.362449,23.7895928,0.0,4,1,0,0
Zone_DH400,11409372815,90.3617299,23.7905922,0.0,4,1,0,0
Zone_DH400,11409372816,90.3614878,23.7903455,0.0,4,1,0,0
Zone_DH400,11409372817,90.3615262,23.7900189,0.0181355,4,3,0,1
Zone_DH400,11409372818,90.360444,23.7901141,0.02194578,3,3,0,1
Zone_DH400,11409372821,90.3605001,23.7906246,0.00203822,4,3,0,1
Zone_DH400,11409372822,90.3602895,23.7906695,0.0,4,1,0,0
Zone_DH400,11409372825,90.3607978,23.7903695,0.0,4,1,0,0
Zone_DH400,11409372827,90.3610446,23.7908351,0.0,4,1,0,0
Zone_DH400,4881192605,90.3489762,23.7734724,0.01030596,4,4,0,1
Zone_DH400,11409372830,90.3605848,23.7881464,0.02251862,3,3,0,1
Zone_DH400,10694760095,90.3690994,23.7759234,0.00304563,4,3,0,0
Zone_DH400,10694760096,90.3691807,23.7758783,0.00101937,4,2,0,0
Zone_DH400,10694760097,90.3689563,23.7765988,0.00204445,4,4,0,0
Zone_DH400,10694760098,90.3688605,23.7766542,0.01216536,4,4,0,0
Zone_DH400,10694760099,90.3696181,23.7767415,0.0,4,2,0,0
Zone_DH400,10694760100,90.369523,23.7768083,0.0,4,3,0,0
Zone_DH400,11332531877,90.3682574,23.7917713,0.00101937,4,2,0,1
Zone_DH400,10694760101,90.3695457,23.7767286,0.00101937,4,3,0,0
Zone_DH400,11409372833,90.3607726,23.7884602,0.0,4,1,0,0
Zone_DH400,11409372840,90.3597395,23.7896764,0.09563813,2,3,0,1
Zone_DH400,11409372834,90.3590453,23.7899561,0.0,4,1,0,0
Zone_DH400,4493244092,90.3571814,23.7928906,0.00432595,4,3,0,0
Zone_DH400,2320086724,90.3701184,23.7778217,0.0,4,1,0,0
Zone_DH400,1813542599,90.3625051,23.7729601,0.00871219,4,3,0,0
Zone_DH400,1813542600,90.3613257,23.7726568,0.00369696,4,3,0,0
Zone_DH400,1813542602,90.3614653,23.7721871,0.00020585,4,2,0,0
Zone_DH400,348403414,90.3587099,23.79383,0.01374145,4,3,0,0
Zone_DH400,379893488,90.3586347,23.7732953,0.00305499,4,2,0,1
Zone_DH400,4613314298,90.3664851,23.7866522,0.0,4,1,0,0
Zone_DH400,4613314301,90.3669314,23.7867596,0.0133308,4,3,0,1
Zone_DH400,5764912911,90.3639705,23.7745122,0.16520051,1,4,0,0
Zone_DH400,5764912912,90.3589852,23.7732782,0.09081732,2,3,0,0
Zone_DH400,4590507796,90.351992,23.7838537,0.0,4,1,0,0
Zone_DH400,4590507797,90.3527987,23.7834212,0.04989705,3,3,0,1
Zone_DH400,4590507798,90.3504006,23.784165,0.0,4,1,0,0
Zone_DH400,4590507802,90.3524988,23.7829113,0.0494708,3,3,0,1
Zone_DH400,12778051368,90.3600155,23.7744376,0.0,4,1,0,0
Zone_DH400,12778051370,90.3597605,23.7740403,0.0,4,1,0,0
Zone_DH400,12778051372,90.3601877,23.7746823,0.00203822,4,3,0,1
Zone_DH400,4852971309,90.3508246,23.7749284,0.00610061,4,3,0,1
Zone_DH400,4852971310,90.3501856,23.7746724,0.00101937,4,3,0,1
Zone_DH400,12778051373,90.3599384,23.7747076,0.0,4,1,0,0
Zone_DH400,12778051376,90.3597753,23.7748992,0.0,4,1,0,0
Zone_DH400,4415297337,90.3472637,23.782944,0.13527809,2,4,0,0
Zone_DH400,4415297339,90.3475408,23.7847617,0.0534495,3,3,0,1
Zone_DH400,4415297341,90.3477018,23.7857482,0.05275398,3,3,0,0
Zone_DH400,4415297346,90.3480709,23.7882175,0.02654411,3,3,0,0
Zone_DH400,4415297351,90.3481969,23.7891075,0.01942361,3,3,0,0
Zone_DH400,4415297353,90.3483051,23.7899394,0.01665037,4,3,0,0
Zone_DH400,4415297354,90.3483638,23.790358,0.01478733,4,3,0,0
Zone_DH400,4415297355,90.3484285,23.7908427,0.00780926,4,3,0,0
Zone_DH400,4415297358,90.3486287,23.792243,0.04082774,3,3,0,0
Zone_DH400,4415297359,90.3491768,23.792515,0.00813259,4,3,0,1
Zone_DH400,4415297360,90.3486626,23.7925558,0.04667832,3,3,0,0
Zone_DH400,4505556819,90.3629157,23.7796497,0.00252321,4,3,0,0
Zone_DH400,4415297364,90.3488522,23.7938898,0.01318941,4,3,0,1
Zone_DH400,4415297365,90.3489215,23.7943836,0.00305499,4,2,0,1
Zone_DH400,4505556824,90.3643306,23.7796321,0.03903774,3,3,0,0
Zone_DH400,11372492649,90.369653,23.7798279,0.00301808,4,2,0,0
Zone_DH400,12794328943,90.3487914,23.7729557,0.00101937,4,2,0,1
Zone_DH400,12794328944,90.3488867,23.7726365,0.0,4,1,0,0
Zone_DH400,9069410181,90.3518654,23.7814423,0.03742604,3,3,0,0
Zone_DH400,9069410182,90.3517333,23.7815118,0.0414731,3,3,0,0
Zone_DH400,11991447435,90.3664113,23.7889416,0.05377335,3,3,0,0
Zone_DH400,11991447436,90.3665043,23.7889563,0.01017497,4,3,0,0
Zone_DH400,6949640077,90.3577336,23.7788423,0.01632444,4,3,0,1
Zone_DH400,11991447438,90.36659,23.7886945,0.03525734,3,3,0,0
Zone_DH400,11991447437,90.3665188,23.788667,0.0800916,3,3,0,0
Zone_DH400,11991447440,90.3682754,23.788804,0.0,4,1,0,0
Zone_DH400,6949640080,90.3582103,23.7769484,0.0,4,1,0,0
Zone_DH400,4505556887,90.3635368,23.7809385,0.0023813,4,3,0,0
Zone_DH400,8064481189,90.3555696,23.7795039,0.02265586,3,3,0,0
Zone_DH400,8064481193,90.3549128,23.7787543,0.0080016,4,4,0,0
Zone_DH400,3731503034,90.3530233,23.7750337,0.03613272,3,3,0,0
Zone_DH400,7241848762,90.3587787,23.7840778,0.01033091,4,3,0,0
Zone_DH400,7241848765,90.3582114,23.7840369,0.00280183,4,3,0,0
Zone_DH400,7241848766,90.3587697,23.7843138,0.01131961,4,3,0,0
Zone_DH400,3731503039,90.3544593,23.7752835,0.02556945,3,3,0,0
Zone_DH400,7241848772,90.3557593,23.7834224,0.02096748,3,4,0,1
Zone_DH400,7241955296,90.3552887,23.7834352,0.0,4,1,0,0
Zone_DH400,348395490,90.3606666,23.7926624,0.05285639,3,3,0,0
Zone_DH400,348395494,90.3604581,23.7921551,0.04872122,3,3,0,0
Zone_DH400,4497872877,90.361299,23.7903994,0.0,4,1,0,0
Zone_DH400,4497872880,90.3617116,23.7908149,0.00203822,4,3,0,1
Zone_DH400,4497872881,90.3617064,23.7909295,0.01408142,4,3,0,1
Zone_DH400,4611266590,90.3652949,23.7912196,0.01065112,4,3,0,1
Zone_DH400,11492136994,90.3571863,23.7917293,0.0,4,1,0,0
Zone_DH400,11492136995,90.357553,23.7917679,0.0,4,1,0,0
Zone_DH400,4611266596,90.3652639,23.7919152,0.02275514,3,3,0,0
Zone_DH400,386037797,90.363035,23.7921979,0.02397308,3,3,0,0
Zone_DH400,11492136997,90.3590655,23.7921185,0.0,4,1,0,0
Zone_DH400,7297931305,90.3551465,23.7848136,0.00610529,4,4,0,1
Zone_DH400,5927778346,90.3528414,23.794605,0.00082703,4,3,0,0
Zone_DH400,11492137002,90.3618241,23.7942949,0.0020377,4,3,0,1
Zone_DH400,386037804,90.3621748,23.7928421,0.02603625,3,3,0,1
Zone_DH400,386037805,90.3620985,23.7934178,0.01998866,3,3,0,0
Zone_DH400,4611266604,90.3636252,23.7933166,0.0,4,1,0,0
Zone_DH400,4597282863,90.3606113,23.7799807,0.08808878,2,3,0,0
Zone_DH400,4597282861,90.3603513,23.7783667,0.00768763,4,3,0,0
Zone_DH400,4611266605,90.3637421,23.7933552,0.0,4,1,0,0
Zone_DH400,11492137010,90.3642752,23.7944716,0.0,4,1,0,0
Zone_DH400,4597282858,90.362343,23.7772932,0.18823688,1,3,0,0
Zone_DH400,4597282868,90.3593316,23.7800563,0.03501771,3,3,0,0
Zone_DH400,4597282869,90.3655428,23.7828231,0.0,4,1,0,0
Zone_DH400,11492137007,90.3613654,23.7937457,0.0,4,1,0,0
Zone_DH400,4597282872,90.3655077,23.7824392,0.03757289,3,3,0,1
Zone_DH400,4597282873,90.3654451,23.7823874,0.04260059,3,3,0,0
Zone_DH400,4597282874,90.3620799,23.7860916,0.0,4,1,0,0
Zone_DH400,4597282875,90.3651535,23.7845523,0.0,4,1,0,0
Zone_DH400,4597282877,90.3650743,23.7848067,0.01403775,4,3,0,1
Zone_DH400,4611274817,90.3566891,23.7937634,0.0,4,1,0,0
Zone_DH400,4611266626,90.3619333,23.7939008,0.00536351,4,3,0,0
Zone_DH400,4611266625,90.3614267,23.793817,0.00101937,4,3,0,1
Zone_DH400,4611266628,90.3620033,23.7936795,0.00684864,4,3,0,1
Zone_DH400,4611266630,90.3614197,23.793508,0.0,4,1,0,0
Zone_DH400,4611266634,90.3629597,23.7927998,0.0,4,1,0,0
Zone_DH400,4611266637,90.3613796,23.7934226,0.0,4,1,0,0
Zone_DH400,4611266638,90.3606659,23.7932023,0.00257727,4,3,0,1
Zone_DH400,4611274831,90.356222,23.7939114,0.0,4,1,0,0
Zone_DH400,4611274832,90.3585072,23.7926197,0.01624231,4,3,0,1
Zone_DH400,6393419857,90.3670864,23.7862799,0.07544181,3,4,0,0
Zone_DH400,4611274833,90.3581164,23.7924719,0.0,4,1,0,0
Zone_DH400,4611274834,90.3619234,23.7922843,0.0,4,1,0,0
Zone_DH400,4611266644,90.3629955,23.7911796,0.0,4,1,0,0
Zone_DH400,4611274837,90.3616934,23.793044,0.047037,3,3,0,1
Zone_DH400,4611274839,90.3640441,23.794008,0.01043748,4,3,0,1
Zone_DH400,4611274840,90.3635575,23.7938529,0.0,4,1,0,0
Zone_DH400,4611266652,90.3592565,23.7919697,0.0,4,1,0,0
Zone_DH400,4611266653,90.3591117,23.791945,0.00203822,4,3,0,1
Zone_DH400,4611266654,90.3565112,23.7923246,0.0,4,1,0,0
Zone_DH400,4611266656,90.3568529,23.7922345,0.01654901,4,3,0,1
Zone_DH400,4611266657,90.3586817,23.7920644,0.04029856,3,3,0,1
Zone_DH400,4611266660,90.3579734,23.7917695,0.0,4,1,0,0
Zone_DH400,4611266661,90.3578829,23.7915692,0.0,4,1,0,0
Zone_DH400,4611266662,90.3573563,23.7917281,0.00203822,4,3,0,1
Zone_DH400,4611266663,90.3573556,23.7913724,0.10602207,2,3,0,1
Zone_DH400,4611266664,90.3569088,23.7917536,0.02124402,3,3,0,1
Zone_DH400,4611266665,90.3566111,23.7917444,0.0,4,1,0,0
Zone_DH400,4611266666,90.3558922,23.7914986,0.0,4,1,0,0
Zone_DH400,4611266669,90.3562375,23.7914944,0.0,4,1,0,0
Zone_DH400,4611266670,90.3562792,23.7911799,0.10491849,2,3,0,1
Zone_DH400,4611266671,90.3563337,23.7909145,0.0,4,1,0,0
Zone_DH400,4611266672,90.356249,23.7911711,0.10438307,2,3,0,1
Zone_DH400,4611266673,90.3554462,23.7901503,0.0,4,1,0,0
Zone_DH400,4611266674,90.3553771,23.7906698,0.0,4,1,0,0
Zone_DH400,4611266675,90.3557764,23.7904285,0.02111407,3,3,0,1
Zone_DH400,4611266676,90.3554152,23.7903829,0.00203822,4,3,0,1
Zone_DH400,4611266677,90.3557891,23.7921075,0.0,4,1,0,0
Zone_DH400,4611266679,90.3557127,23.7926112,0.00112333,4,3,0,1
Zone_DH400,4611266680,90.3560918,23.793208,0.0,4,1,0,0
Zone_DH400,4611266683,90.3561455,23.7926541,0.00513323,4,3,0,1
Zone_DH400,4611266684,90.3557786,23.7932537,0.0,4,1,0,0
Zone_DH400,4611266685,90.3558256,23.7926246,0.0031288,4,3,0,1
Zone_DH400,4611266686,90.3553505,23.7929896,0.0,4,1,0,0
Zone_DH400,11991447683,90.3494153,23.7786054,0.0,4,1,0,0
Zone_DH400,4611422342,90.3671623,23.7863989,0.01200162,4,3,0,0
Zone_DH400,386029711,90.3639689,23.7943528,0.01298564,4,4,0,1
Zone_DH400,4611422351,90.3701569,23.7858715,0.0,4,2,0,0
Zone_DH400,11991447698,90.3484721,23.7826602,0.03612337,3,3,0,1
Zone_DH400,11991447699,90.348436,23.7822051,0.00203822,4,3,0,1
Zone_DH400,11991447703,90.349131,23.7818528,0.0,4,1,0,0
Zone_DH400,4380391580,90.3540369,23.7875171,0.06826907,3,3,0,0
Zone_DH400,386029726,90.3644971,23.7925185,0.02808226,3,3,0,0
Zone_DH400,3731847327,90.358203,23.7842929,0.05591085,3,4,0,0
Zone_DH400,3731847329,90.3581567,23.785239,0.19048146,1,3,0,0
Zone_DH400,4609013934,90.3655286,23.7904161,0.0,4,1,0,0
Zone_DH400,4609013935,90.3650037,23.7905331,0.0,4,1,0,0
Zone_DH400,4421695694,90.3627613,23.7859136,0.10067519,2,3,0,0
Zone_DH400,382023891,90.3597378,23.7853245,0.26826064,1,4,1,0
Zone_DH400,4611266791,90.3552636,23.7922852,0.0,4,1,0,0
Zone_DH400,4611266793,90.3599447,23.7933136,0.00305031,4,3,0,1
Zone_DH400,4611266795,90.3597372,23.7937254,0.0,4,1,0,0
Zone_DH400,4019804403,90.3505166,23.7937686,0.0,4,1,0,0
Zone_DH400,4611266805,90.3621216,23.7946985,0.0,4,1,0,0
Zone_DH400,4611266808,90.361742,23.7946691,0.00101937,4,2,0,1
Zone_DH400,382023930,90.3637388,23.7858774,0.08804018,2,4,0,1
Zone_DH400,382023938,90.3647993,23.7863046,0.08518272,2,3,0,0
Zone_DH400,4114618627,90.3681588,23.7796978,0.00659236,4,3,0,0
Zone_DH400,4114618642,90.3665436,23.7888029,0.04027673,3,3,0,0
Zone_DH400,6087473463,90.3639366,23.7760583,0.17528295,1,3,0,0
Zone_DH400,4595587383,90.3590764,23.7856456,0.00101937,4,3,0,1
Zone_DH400,6264830270,90.3471698,23.7828454,0.0,4,2,0,0
Zone_DH400,6264830271,90.3472636,23.7828303,0.05288446,3,3,0,0
Zone_DH400,4493736256,90.3593616,23.7905404,0.10661986,2,3,0,0
Zone_DH400,10940324165,90.3600571,23.7945762,0.00203822,4,3,0,1
Zone_DH400,4881103175,90.3478907,23.7741536,0.0,4,1,0,0
Zone_DH400,4881094984,90.3486998,23.773411,0.00203822,4,3,0,1
Zone_DH400,4415248715,90.3560003,23.7889985,0.00675871,4,3,0,0
Zone_DH400,4881103180,90.3485771,23.7745917,0.0051062,4,3,0,1
Zone_DH400,379894096,90.3559241,23.7728019,0.00305602,4,4,0,1
Zone_DH400,379894100,90.3555178,23.7736097,0.04889847,3,3,0,0
Zone_DH400,4881103189,90.3481478,23.7737646,0.0,4,1,0,0
Zone_DH400,4493736279,90.3599133,23.7913058,0.00683252,4,4,0,1
Zone_DH400,6687521113,90.3620877,23.7774592,0.19332774,1,3,0,0
Zone_DH400,11492178285,90.3604272,23.7888078,0.00203822,4,3,0,1
Zone_DH400,11492178288,90.3607655,23.7888391,0.0,4,1,0,0
Zone_DH400,11492178290,90.3596512,23.7910126,0.0,4,1,0,0
Zone_DH400,382015869,90.3559716,23.7780043,0.00975443,4,3,0,1
Zone_DH400,4599314820,90.3664589,23.7909613,0.02442429,3,3,0,1
Zone_DH400,3012467078,90.3649391,23.7738178,0.0002833,4,3,0,0
Zone_DH400,3012467079,90.3625418,23.7728144,0.00789139,4,3,0,0
Zone_DH400,4927953311,90.3626451,23.7725082,0.00213958,4,3,0,1
Zone_DH400,3009485216,90.3608751,23.7782363,0.07026829,3,3,0,1
Zone_DH400,11416828323,90.3684627,23.7825876,0.05955038,3,3,0,0
Zone_DH400,11416828324,90.3681967,23.7819423,0.00141599,4,3,0,1
Zone_DH400,4497832450,90.3608638,23.7915654,0.01249804,4,3,0,0
Zone_DH400,4380383746,90.3547038,23.7875103,0.07330613,3,4,0,1
Zone_DH400,12015385125,90.3594321,23.7943085,0.0,4,1,0,0
Zone_DH400,4483627558,90.3447922,23.7889636,0.00225914,4,2,0,0
Zone_DH400,12015385129,90.359569,23.7945064,0.00610321,4,3,0,1
Zone_DH400,12015385130,90.3597419,23.7942104,0.0,4,1,0,0
Zone_DH400,4415519278,90.356511,23.7912475,0.10530887,2,3,0,0
Zone_DH400,12015385134,90.3597029,23.7945309,0.00407279,4,3,0,1
Zone_DH400,382016048,90.3534181,23.7774137,0.00407279,4,3,0,1
Zone_DH400,382016059,90.3530928,23.7771919,0.00203822,4,3,0,1
Zone_DH400,6349150796,90.3667161,23.7831708,0.0,4,1,0,0
Zone_DH400,4415519319,90.3578988,23.7914426,0.10495956,2,3,0,1
Zone_DH400,4611086937,90.3521824,23.7881387,0.00785293,4,4,0,1
Zone_DH400,4852972121,90.3501127,23.7737157,0.0192869,3,3,0,0
Zone_DH400,4610996825,90.3520968,23.7844181,0.0,4,1,0,0
Zone_DH400,4611086940,90.3521727,23.791216,0.01349922,4,3,0,1
Zone_DH400,4610996829,90.3531218,23.7839557,0.05046781,3,3,0,1
Zone_DH400,4852972127,90.3499819,23.7741973,0.00505318,4,3,0,1
Zone_DH400,4915886687,90.367215,23.7832783,0.00101937,4,3,0,1
Zone_DH400,4852972136,90.3493193,23.7748395,0.0030633,4,3,0,1
Zone_DH400,4852972138,90.3490487,23.7753301,0.0,4,1,0,0
Zone_DH400,4611086955,90.3522366,23.7892886,0.11133515,2,3,0,0
Zone_DH400,4611086956,90.3534273,23.7914056,0.00542537,4,3,0,0
Zone_DH400,4611086958,90.3537934,23.7898521,0.04978529,3,3,0,0
Zone_DH400,4611086959,90.3533733,23.7898353,0.01075509,4,3,0,1
Zone_DH400,12778437232,90.3660822,23.7827845,0.06953353,3,3,0,0
Zone_DH400,4516770145,90.3496552,23.7863685,0.03316975,3,3,0,1
Zone_DH400,4611086960,90.3517718,23.7881115,0.00332529,4,3,0,1
Zone_DH400,4611086964,90.3518868,23.7893273,0.08912686,2,3,0,0
Zone_DH400,386038389,90.3607986,23.7940955,0.00101937,4,3,0,1
Zone_DH400,4899461770,90.3685624,23.7830789,0.01196315,4,3,0,0
Zone_DH400,4595587724,90.3604486,23.7884558,0.0,4,1,0,0
Zone_DH400,4595587725,90.3591901,23.788204,0.0,4,1,0,0
Zone_DH400,4595587726,90.3595385,23.7882136,0.00203822,4,3,0,1
Zone_DH400,4595587728,90.3595566,23.787706,0.0,4,1,0,0
Zone_DH400,4595587731,90.3594684,23.7890081,0.0,4,1,0,0
Zone_DH400,4595587732,90.3593556,23.7887641,0.02924926,3,3,0,1
Zone_DH400,4595587733,90.3577733,23.7891017,0.01411884,4,3,0,0
Zone_DH400,4595587734,90.3599087,23.7915554,0.0,4,1,0,0
Zone_DH400,1158322841,90.359687,23.7881876,0.09434898,2,3,0,0
Zone_DH400,4595587749,90.3583915,23.7854031,0.0020273,4,3,0,0
Zone_DH400,4595587753,90.3581115,23.7857396,0.00304303,4,2,0,0
Zone_DH400,4595587758,90.3576027,23.7861313,0.00405928,4,2,0,0
Zone_DH400,379902640,90.3545111,23.7725419,0.00115764,4,3,0,0
Zone_DH400,4595587762,90.3572963,23.7869128,0.00510204,4,3,0,0
Zone_DH400,4595587763,90.3574764,23.787092,5.51e-05,4,3,0,0
Zone_DH400,4595587764,90.357258,23.7874398,0.01210402,4,3,0,0
Zone_DH400,379902645,90.3528993,23.7723041,0.0,4,1,0,0
Zone_DH400,4595587772,90.3568546,23.7864871,9.36e-06,4,3,0,0
Zone_DH400,4852964028,90.3506631,23.775714,0.0,4,1,0,0
Zone_DH400,386038462,90.3629611,23.7938246,0.01169752,4,3,0,1
Zone_DH400,386038464,90.36315,23.7939771,0.01028049,4,3,0,0
Zone_DH400,4595587779,90.3559695,23.7862925,0.0,4,3,0,0
Zone_DH400,11409398472,90.3656861,23.7901574,0.0,4,1,0,0
Zone_DH400,4595587787,90.35619,23.7872539,0.0100762,4,3,0,0
Zone_DH400,11409398475,90.3646564,23.7908706,0.03073491,3,3,0,1
Zone_DH400,11409398476,90.3648632,23.790872,0.00203822,4,3,0,1
Zone_DH400,379902678,90.353978,23.7733943,0.0324368,3,3,0,0
Zone_DH400,379902680,90.3509062,23.7720091,0.00263237,4,2,0,0
Zone_DH400,379902682,90.3561393,23.7722963,0.00101937,4,2,0,1
Zone_DH400,379902685,90.3562806,23.771831,0.0,4,1,0,0
Zone_DH400,6640949985,90.3482901,23.7772016,0.05360805,3,3,0,1
Zone_DH400,348404465,90.3566584,23.7927507,0.0148336,4,3,0,0
Zone_DH400,348404479,90.3550749,23.7945953,0.00621861,4,3,0,0
Zone_DH400,9642646302,90.3680898,23.7793414,0.00405252,4,3,0,0
Zone_DH400,382024496,90.3638791,23.7833993,0.04747599,3,4,0,1
Zone_DH400,4595587892,90.3566793,23.7867725,0.00806501,4,3,0,0
Zone_DH400,4595587893,90.3559341,23.7875057,0.02518114,3,3,0,1
Zone_DH400,11292547899,90.3645122,23.7928805,0.02725731,3,3,0,1
Zone_DH400,11292547900,90.3637447,23.7928908,0.0,4,1,0,0
Zone_DH400,4595587917,90.3554598,23.7885915,0.0,4,1,0,0
Zone_DH400,4595587918,90.3554521,23.7888321,0.0,4,1,0,0
Zone_DH400,4595587919,90.3560067,23.7888481,0.00181781,4,3,0,1
Zone_DH400,4595587921,90.3563838,23.7894249,0.0,4,1,0,0
Zone_DH400,4595587922,90.3559506,23.7892868,0.00682368,4,3,0,1
Zone_DH400,4595587923,90.3554453,23.789091,0.0,4,1,0,0
Zone_DH400,4595587924,90.3559723,23.7892107,0.00705656,4,3,0,1
Zone_DH400,4595587925,90.355267,23.7893416,0.0,4,1,0,0
Zone_DH400,4595587926,90.355534,23.7894002,0.00203822,4,3,0,1
Zone_DH400,4595587927,90.3555073,23.7895261,0.0,4,1,0,0
Zone_DH400,4595587929,90.3559228,23.7893832,0.00757223,4,3,0,1
Zone_DH400,382024550,90.3623417,23.7840961,0.0,4,1,0,0
Zone_DH400,4590181235,90.3447709,23.7879318,0.00567228,4,3,0,0
Zone_DH400,382024569,90.3602291,23.7855855,0.05544094,3,3,0,0
Zone_DH400,4590181241,90.3447682,23.7877625,0.00641199,4,3,0,0
Zone_DH400,4590181243,90.3456241,23.7874463,0.00235687,4,3,0,0
Zone_DH400,382024573,90.3604429,23.7862538,0.05308303,3,3,0,0
Zone_DH400,382024575,90.3604225,23.7867754,0.04973435,3,3,0,1
Zone_DH400,4590181248,90.3447276,23.7868896,0.00913637,4,3,0,0
Zone_DH400,382024576,90.3603793,23.7871367,0.0,4,1,0,0
Zone_DH400,4415478670,90.35597,23.7911121,0.10385494,2,3,0,1
Zone_DH400,4516412323,90.3460288,23.7858807,0.0,4,1,0,0
Zone_DH400,4516412325,90.3457264,23.7859316,0.00167174,4,3,0,1
Zone_DH400,382024618,90.3611493,23.7868689,0.04936839,3,3,0,0
Zone_DH400,382024621,90.3611144,23.7876273,0.06950052,3,3,0,0
Zone_DH400,382024623,90.3610927,23.7880996,0.06075038,3,3,0,0
Zone_DH400,2965085103,90.3655507,23.7748378,0.00994884,4,3,0,0
Zone_DH400,382024628,90.361247,23.7886997,0.040074,3,3,0,0
Zone_DH400,4516412348,90.3465316,23.7879591,0.00383991,4,3,0,1
Zone_DH400,10100849602,90.3626478,23.7740299,0.11738742,2,3,0,0
Zone_DH400,4516412355,90.3464634,23.7871161,0.0,4,1,0,0
Zone_DH400,4516412356,90.3468759,23.7873538,0.0,4,1,0,0
Zone_DH400,4514855879,90.3497467,23.7877553,0.03273777,3,3,0,0
Zone_DH400,4516412360,90.3472571,23.7872638,0.00203822,4,3,0,1
Zone_DH400,4516412359,90.3472331,23.7871211,0.0,4,1,0,0
Zone_DH400,4516412364,90.347326,23.7875923,0.02119672,3,3,0,1
Zone_DH400,4514855885,90.3497714,23.7863964,0.03197624,3,3,0,0
Zone_DH400,4516412367,90.347901,23.7874882,0.03349931,3,3,0,0
Zone_DH400,382016465,90.3470564,23.7805129,0.05846161,3,3,0,0
Zone_DH400,9220504537,90.3656612,23.7734277,0.0,4,2,0,0
Zone_DH400,8950397919,90.3619976,23.7840194,0.0,4,1,0,0
Zone_DH400,8950397922,90.3603539,23.781342,0.09750117,2,3,0,0
Zone_DH400,4590140399,90.3488452,23.7846728,0.0,4,1,0,0
Zone_DH400,4611636211,90.3649553,23.7899715,0.02090042,3,3,0,1
Zone_DH400,4611636212,90.3647182,23.7899301,0.02009782,3,3,0,1
Zone_DH400,386038773,90.3673243,23.7801631,0.03725709,3,3,0,0
Zone_DH400,4611636213,90.363083,23.7897963,0.0,4,1,0,0
Zone_DH400,386038775,90.3673839,23.7808672,0.01476914,4,3,0,0
Zone_DH400,382016503,90.3466641,23.7794864,0.00278468,4,3,0,1
Zone_DH400,4611636215,90.3637945,23.7898981,0.00407279,4,3,0,1
Zone_DH400,4611636220,90.3646963,23.7900097,0.02123831,3,3,0,1
Zone_DH400,4611636222,90.3650747,23.7894991,0.02994114,3,3,0,0
Zone_DH400,10092462385,90.3632884,23.7911485,0.0,4,1,0,0
Zone_DH400,4611636225,90.3648344,23.7890541,0.05533489,3,3,0,0
Zone_DH400,4506606615,90.3621605,23.7883228,0.0,4,1,0,0
Zone_DH400,382024728,90.3597015,23.7876397,0.07578047,3,3,0,0
Zone_DH400,4506606620,90.361853,23.7887399,0.03711986,3,3,0,1
Zone_DH400,4506606638,90.3626893,23.7879862,0.0,4,1,0,0
Zone_DH400,4506606640,90.3629483,23.7886111,0.02967083,3,3,0,0
Zone_DH400,4498455634,90.3643082,23.7882246,0.0,4,1,0,0
Zone_DH400,4590550103,90.3490643,23.7859183,0.0,4,1,0,0
Zone_DH400,4590550104,90.3488963,23.7862391,0.02845289,3,3,0,1
Zone_DH400,4590550105,90.3495376,23.7854982,0.0,4,1,0,0
Zone_DH400,4590550107,90.3492915,23.7863247,0.02965784,3,3,0,1
Zone_DH400,4590550110,90.34747,23.7909796,0.01769833,4,3,0,0
Zone_DH400,386038885,90.3684128,23.7805947,0.0293054,3,4,0,0
Zone_DH400,386038890,90.3685597,23.7822364,0.01854512,4,3,0,0
Zone_DH400,4498455660,90.3653089,23.7890595,0.03939044,3,3,0,1
Zone_DH400,382024830,90.359687,23.7887788,0.09636536,2,3,0,0
Zone_DH400,382024832,90.3560167,23.7886162,0.00222847,4,3,0,1
Zone_DH400,11350424705,90.3600268,23.7742038,0.00203822,4,3,0,1
Zone_DH400,11350424707,90.3606959,23.7741606,0.00813363,4,3,0,1
Zone_DH400,9819987120,90.3686053,23.7774843,0.01518136,4,3,0,0
Zone_DH400,9819987129,90.3689327,23.7766703,0.00406396,4,4,0,0
Zone_DH400,370687176,90.3617853,23.7736815,0.11501756,2,3,0,1
Zone_DH400,370687180,90.3623402,23.7739062,0.11664564,2,3,0,1
Zone_DH400,7301340397,90.3617626,23.7762126,0.0,4,1,0,0
Zone_DH400,379895025,90.3546967,23.7721636,0.0,4,2,0,0
Zone_DH400,4894751985,90.3525697,23.7740153,0.0,4,1,0,0
Zone_DH400,379895027,90.3568737,23.7730656,0.0,4,1,0,0
Zone_DH400,382024955,90.3522746,23.789285,0.11477585,2,3,0,0
Zone_DH400,382024963,90.3512211,23.7893276,0.0869249,2,3,0,0
Zone_DH400,382024964,90.3510773,23.7894004,0.06141367,3,3,0,0
Zone_DH400,382024977,90.3489116,23.789517,0.00386175,4,3,0,0
Zone_DH400,11303763222,90.3629493,23.7852929,0.0275718,3,3,0,0
Zone_DH400,4483800363,90.3506828,23.788432,0.02941456,3,3,0,1
Zone_DH400,10595450179,90.3621668,23.7770045,0.00203822,4,3,0,1
Zone_DH400,12778044741,90.36011,23.7728927,0.10399945,2,3,0,1
Zone_DH400,382016838,90.3611688,23.7791964,0.10516982,2,3,0,0
Zone_DH400,382016839,90.3611082,23.779829,0.118104,2,3,0,0
Zone_DH400,10595450182,90.3627837,23.7768706,0.00932818,4,2,0,0
Zone_DH400,10595450181,90.3615135,23.7768241,0.0,4,1,0,0
Zone_DH400,10595450188,90.3625883,23.7770009,0.00900485,4,2,0,0
Zone_DH400,382025079,90.3522507,23.7873738,0.03188007,3,3,0,0
Zone_DH400,3717979518,90.3539176,23.7863484,0.07114939,3,3,0,1
Zone_DH400,3717979519,90.3528823,23.7863572,0.0,4,1,0,0
Zone_DH400,6654762384,90.3507149,23.7779029,0.0,4,1,0,0
Zone_DH400,9909476773,90.3563399,23.778794,0.01268778,4,3,0,0
Zone_DH400,9909476774,90.356597,23.778693,0.00913688,4,3,0,1
Zone_DH400,4613348801,90.3676778,23.7886345,0.0,4,1,0,0
Zone_DH400,4613348802,90.367616,23.7890903,0.02407393,3,3,0,1
Zone_DH400,10694786508,90.3691182,23.7758605,0.0,4,2,0,0
Zone_DH400,4498709965,90.3662779,23.7886674,0.06267242,3,3,0,1
Zone_DH400,3720732110,90.367624,23.7916484,0.00870387,4,3,0,1
Zone_DH400,10694786510,90.3677368,23.7783342,0.01718786,4,3,0,0
Zone_DH400,10694786511,90.3677254,23.7784209,0.02017943,3,3,0,0
Zone_DH400,3866770909,90.3611003,23.7733315,0.00820901,4,3,0,0
Zone_DH400,9743719906,90.359593,23.7822282,0.0,4,1,0,0
Zone_DH400,4483800550,90.3510419,23.7898169,0.00444914,4,3,0,0
Zone_DH400,4852940269,90.3502663,23.7744116,0.0,4,1,0,0
Zone_DH400,4483800559,90.3506695,23.790032,0.0023709,4,3,0,0
Zone_DH400,4852940274,90.3495302,23.7759703,0.0,4,1,0,0
Zone_DH400,4483800563,90.3510094,23.7900734,0.0048177,4,3,0,0
Zone_DH400,4852940280,90.3491196,23.7758414,0.0,4,1,0,0
Zone_DH400,4483800569,90.3509658,23.7902962,0.00825735,4,3,0,0
Zone_DH400,10904460806,90.3606874,23.7794271,0.0,4,1,0,0
Zone_DH400,382025232,90.352795,23.7891916,0.11471295,2,3,0,0
Zone_DH400,382025233,90.3526679,23.7913614,0.01279954,4,3,0,0
Zone_DH400,3716152865,90.3656085,23.7941567,0.00305499,4,2,0,1
Zone_DH400,12102868519,90.3614525,23.7914015,0.0,4,1,0,0
Zone_DH400,12102868524,90.3612018,23.7912857,0.01240864,4,3,0,1
Zone_DH400,382017080,90.3589069,23.7788491,0.10091535,2,3,0,0
Zone_DH400,12794478137,90.3522223,23.77509,0.0,4,1,0,0
Zone_DH400,12102868542,90.3623769,23.7909262,0.00203822,4,3,0,1
Zone_DH400,382017087,90.3584906,23.7814777,0.0,4,1,0,0
Zone_DH400,386039360,90.3697678,23.782315,0.00175647,4,2,0,0
Zone_DH400,12102868551,90.3620935,23.7913358,0.0,4,1,0,0
Zone_DH400,4483800698,90.3512975,23.7907656,0.02595516,3,3,0,0
Zone_DH400,4483800707,90.3509264,23.7908698,0.0192318,3,3,0,1
Zone_DH400,382025365,90.3546832,23.7884149,0.00203822,4,3,0,1
Zone_DH400,4483800725,90.352166,23.7910004,0.00937496,4,3,0,1
Zone_DH400,12018245287,90.3527132,23.7922697,0.0,4,1,0,0
Zone_DH400,12018245290,90.3527604,23.7917464,0.00203822,4,3,0,1
Zone_DH400,12018245291,90.3536493,23.791942,0.04113132,3,3,0,1
Zone_DH400,12018245301,90.352461,23.7917248,0.0,4,1,0,0
Zone_DH400,379895485,90.349108,23.7730299,0.00208708,4,3,0,1
Zone_DH400,4914101975,90.361144,23.7734322,0.11418273,2,3,0,1
Zone_DH400,4914101983,90.3606381,23.7745543,0.00407279,4,3,0,1
Zone_DH400,4914101994,90.3596824,23.7752609,0.00203822,4,3,0,1
Zone_DH400,4914102003,90.3599448,23.7768403,0.0,4,1,0,0
Zone_DH400,4914102004,90.3593072,23.775295,0.00646813,4,3,0,1
Zone_DH400,3731865334,90.3587317,23.785272,0.18745455,1,3,0,0
Zone_DH400,4914102008,90.3592265,23.7768407,0.0,4,1,0,0
Zone_DH400,3731865337,90.3588957,23.7821858,0.0,4,1,0,0
Zone_DH400,6349127441,90.368333,23.7806222,0.04155861,3,4,0,0
Zone_DH400,4425416469,90.3476164,23.792765,0.01902283,3,3,0,1
Zone_DH400,4425416470,90.3480953,23.7927528,0.02070497,3,4,0,1
Zone_DH400,4861026070,90.3557588,23.7761,0.0,4,1,0,0
Zone_DH400,4861026071,90.3559588,23.775584,0.00444706,4,3,0,1
Zone_DH400,4861026072,90.3553846,23.774955,0.02773814,3,3,0,0
Zone_DH400,4861026074,90.3552034,23.7753487,0.00101937,4,3,0,1
Zone_DH400,6349127448,90.3680048,23.7793005,0.02832554,3,3,0,0
Zone_DH400,6349127447,90.3680101,23.7793507,0.00938744,4,3,0,0
Zone_DH400,6643162904,90.3583009,23.7812443,0.00407279,4,3,0,1
Zone_DH400,6643162906,90.3582181,23.7817428,0.0,4,1,0,0
Zone_DH400,4590157599,90.3480434,23.7922455,0.0,4,1,0,0
Zone_DH400,6643162903,90.358666,23.7807339,0.0,4,1,0,0
Zone_DH400,6208479009,90.3626132,23.7751832,0.0,4,1,0,0
Zone_DH400,6643162905,90.3585118,23.7812997,0.0,4,1,0,0
Zone_DH400,11414126373,90.3673023,23.7767299,0.00203822,4,3,0,1
Zone_DH400,6208479015,90.362981,23.7741639,0.11769828,2,3,0,1
Zone_DH400,11414126375,90.3677825,23.7766146,0.0,4,1,0,0
Zone_DH400,11414126380,90.3669349,23.7777682,0.0,4,1,0,0
Zone_DH400,4982398774,90.360201,23.773628,0.0,4,1,0,0
Zone_DH400,7281598295,90.3567307,23.7835316,0.01780125,4,3,0,0
Zone_DH400,7281598296,90.3567302,23.7835267,0.01256146,4,3,0,0
Zone_DH400,3717980005,90.3539263,23.7860594,0.07198526,3,3,0,1
Zone_DH400,3717980009,90.352936,23.7861606,0.0,4,1,0,0
Zone_DH400,373374830,90.3542297,23.7729954,0.03418288,3,4,0,0
Zone_DH400,6153043828,90.3518163,23.7887603,0.00209124,4,3,0,1
Zone_DH400,6153043829,90.3515214,23.7887711,0.0,4,1,0,0
Zone_DH400,6153043830,90.3517619,23.7883511,0.00236466,4,3,0,1
Zone_DH400,6153043831,90.3515285,23.7883585,0.0,4,1,0,0
Zone_DH400,6294536057,90.3687219,23.7860124,0.0,4,1,0,0
Zone_DH400,6294536060,90.368557,23.7860909,0.0,4,1,0,0
Zone_DH400,373374850,90.3528068,23.7754032,0.03650803,3,3,0,1
Zone_DH400,373374862,90.3520999,23.7765425,0.05001921,3,4,0,1
Zone_DH400,4590157711,90.3483951,23.7910618,0.01106074,4,3,0,0
Zone_DH400,4590157713,90.3475174,23.7912298,0.01530144,4,3,0,0
Zone_DH400,4590157714,90.347548,23.7915204,0.01866623,4,4,0,1
Zone_DH400,4590165919,90.3468709,23.789825,0.00957665,4,3,0,0
Zone_DH400,4590165921,90.346927,23.7901202,0.01719046,4,3,0,0
Zone_DH400,4590165927,90.3474035,23.7883266,0.02187717,3,3,0,0
Zone_DH400,4590165929,90.3470345,23.7889099,0.00102353,4,3,0,0
Zone_DH400,4590165930,90.34603,23.7890265,0.00353894,4,3,0,0
Zone_DH400,4590165931,90.3471,23.789199,0.00068564,4,3,0,0
Zone_DH400,4590165932,90.3461069,23.7893194,0.00287513,4,3,0,0
Zone_DH400,4590165933,90.3475437,23.7894363,0.01340513,4,3,0,0
Zone_DH400,9635159978,90.368531,23.7827717,0.01767754,4,3,0,0
Zone_DH400,4590165938,90.3474133,23.7883256,0.01720606,4,3,0,0
Zone_DH400,3732373475,90.3623281,23.7771729,0.00976951,4,3,0,1
Zone_DH400,7466385380,90.3608436,23.7823851,0.00652947,4,3,0,0
Zone_DH400,6266404838,90.3513921,23.7818138,0.07500386,3,3,0,0
Zone_DH400,3732373482,90.3614418,23.7766588,0.0,4,1,0,0
Zone_DH400,4425416691,90.3476018,23.7932744,0.0,4,1,0,0
Zone_DH400,4894744568,90.3501887,23.7725195,6.862e-05,4,2,0,0
Zone_DH400,11416870909,90.3669906,23.773253,0.0,4,1,0,0
