zone_id,node_id,lon,lat,bc,tier,degree,is_master,is_art_pt
Zone_DH403,4314791936,90.3642718,23.8026411,0.01252919,4,3,0,0
Zone_DH403,6087081985,90.3549261,23.8061951,0.01280252,4,3,0,1
Zone_DH403,6087081986,90.3544895,23.805901,0.0,4,1,0,0
Zone_DH403,6087081987,90.3550538,23.8060452,0.01409844,4,3,0,1
Zone_DH403,6087081988,90.3554689,23.8063372,0.0,4,1,0,0
Zone_DH403,3713286150,90.3642839,23.808598,0.00748253,4,3,0,0
Zone_DH403,3713286152,90.3643147,23.809086,0.00506415,4,3,0,0
Zone_DH403,9752354829,90.3466592,23.8202471,0.0,4,1,0,0
Zone_DH403,3731349533,90.3689482,23.8058788,0.02020487,4,3,0,0
Zone_DH403,1736179754,90.3571424,23.8036821,0.0124891,4,3,0,0
Zone_DH403,5142847530,90.3604263,23.8050981,0.07392223,3,3,0,0
Zone_DH403,5142847531,90.3611373,23.8055485,0.00634477,4,3,0,0
Zone_DH403,3713368129,90.3661897,23.8076723,0.01644028,4,3,0,1
Zone_DH403,3713368130,90.3665233,23.8077484,0.0,4,1,0,0
Zone_DH403,3738976355,90.3614474,23.7997278,0.00441911,4,3,0,0
Zone_DH403,3738976359,90.3599931,23.7993795,0.00228791,4,3,0,0
Zone_DH403,3738976360,90.3599156,23.7997161,0.00876315,4,4,0,0
Zone_DH403,11990630507,90.3609603,23.8220929,0.0,4,1,0,0
Zone_DH403,4476125295,90.3465738,23.8016627,0.00361809,4,3,0,1
Zone_DH403,6121422963,90.353385,23.8049551,0.00327844,4,3,0,0
Zone_DH403,6121422964,90.354231,23.8055591,0.01717425,4,3,0,0
Zone_DH403,6121422965,90.3532067,23.805176,0.00361882,4,3,0,0
Zone_DH403,6121422966,90.354103,23.8058031,0.01761157,4,3,0,0
Zone_DH403,12054347895,90.3454669,23.8037505,0.00241327,4,4,0,1
Zone_DH403,6121422968,90.3539502,23.806075,0.0212712,4,3,0,0
Zone_DH403,6121422969,90.3528317,23.8056312,0.00157872,4,3,0,0
Zone_DH403,12054347898,90.3450819,23.8040315,0.0,4,2,0,0
Zone_DH403,6121422970,90.3538276,23.8063004,0.02349497,3,4,0,1
Zone_DH403,2541469820,90.3687038,23.806972,0.00699273,4,3,0,0
Zone_DH403,12054347901,90.3464626,23.801624,0.001207,4,2,0,1
Zone_DH403,11992113276,90.363765,23.8018836,0.01871142,4,3,0,1
Zone_DH403,1554792575,90.3687305,23.806391,0.01796871,4,3,0,0
Zone_DH403,4476125312,90.3464253,23.8019903,0.00602334,4,3,0,1
Zone_DH403,11992113277,90.3637055,23.8016711,0.00241254,4,2,0,1
Zone_DH403,1554792578,90.3686326,23.8066667,0.01939947,4,3,0,0
Zone_DH403,4476125314,90.3463852,23.8019774,0.00722014,4,2,0,1
Zone_DH403,11992113280,90.3635841,23.8014536,0.001207,4,2,0,1
Zone_DH403,11992113279,90.3635097,23.8013042,0.0,4,1,0,0
Zone_DH403,476012678,90.358468,23.8221997,0.001207,4,2,0,1
Zone_DH403,11992113286,90.3629438,23.8023055,0.0,4,1,0,0
Zone_DH403,11992113287,90.3633139,23.8022085,0.0,4,1,0,0
Zone_DH403,11992113289,90.3638429,23.8022838,0.02375954,3,3,0,1
Zone_DH403,476012686,90.3467987,23.8153966,0.0,4,1,0,0
Zone_DH403,11992113294,90.3646349,23.8020196,0.0,4,1,0,0
Zone_DH403,4476125339,90.3469817,23.8021873,0.0,4,1,0,0
Zone_DH403,4476125346,90.346262,23.8022836,0.01081854,4,4,0,1
Zone_DH403,4476125352,90.3453811,23.8023614,0.00241254,4,2,0,1
Zone_DH403,4476125357,90.3467661,23.8024558,0.0,4,1,0,0
Zone_DH403,4476125358,90.34617,23.8025096,0.01679159,4,3,0,1
Zone_DH403,4476125365,90.3452466,23.8026775,0.001207,4,2,0,1
Zone_DH403,4476125379,90.3459367,23.802786,0.0,4,1,0,0
Zone_DH403,8870944964,90.3474436,23.8049866,0.03359485,3,3,0,1
Zone_DH403,8870944965,90.3478918,23.8052172,0.0,4,1,0,0
Zone_DH403,4584915144,90.3541788,23.8185027,0.01200222,4,4,0,1
Zone_DH403,4476125385,90.3470464,23.8030081,0.02157586,4,4,0,1
Zone_DH403,3782795466,90.3691606,23.8110102,0.00038703,4,2,0,0
Zone_DH403,4584915147,90.3657963,23.8115669,0.00426532,4,3,0,0
Zone_DH403,4584915148,90.3649608,23.8106032,0.00643078,4,3,0,0
Zone_DH403,4476125389,90.3466706,23.8035731,0.00235205,4,3,0,0
Zone_DH403,3713343694,90.3653415,23.8102218,0.06600092,3,3,0,0
Zone_DH403,3713343695,90.3653475,23.8097664,0.01426389,4,3,0,0
Zone_DH403,4584915152,90.3648581,23.8117323,0.00410205,4,3,0,0
Zone_DH403,5428322513,90.3556219,23.8069644,0.02607806,3,3,0,1
Zone_DH403,4584915153,90.3539345,23.8188354,0.0,4,1,0,0
Zone_DH403,4584915146,90.3658477,23.8112778,0.00440963,4,3,0,0
Zone_DH403,4584915151,90.3649141,23.8114092,0.00406634,4,3,0,0
Zone_DH403,5428322514,90.3552563,23.8067094,0.0,4,1,0,0
Zone_DH403,4584915163,90.353687,23.8186271,0.0,4,1,0,0
Zone_DH403,6087188703,90.3651326,23.8133971,0.00568952,4,3,0,0
Zone_DH403,6087188704,90.3637313,23.8131381,0.00453281,4,3,0,0
Zone_DH403,6087188705,90.3651993,23.813162,0.00678355,4,3,0,0
Zone_DH403,6087188706,90.3637776,23.812893,0.00597961,4,3,0,0
Zone_DH403,10266829026,90.355711,23.8002129,0.04138569,3,4,0,1
Zone_DH403,8856010977,90.3641222,23.8148285,0.00106414,4,3,0,0
Zone_DH403,6087188707,90.3644453,23.8135475,0.00737684,4,3,0,0
Zone_DH403,6087188708,90.3642295,23.8144073,0.00364651,4,4,0,0
Zone_DH403,13105668328,90.3682244,23.8172153,2.915e-05,4,3,0,0
Zone_DH403,13105668327,90.3690109,23.8174195,0.00591911,4,3,0,0
Zone_DH403,4597645551,90.3682292,23.8039809,0.00080758,4,3,0,0
Zone_DH403,3713302769,90.3651519,23.8082209,0.0174709,4,3,0,0
Zone_DH403,3713310965,90.3637288,23.8089998,0.00951242,4,3,0,0
Zone_DH403,8870945039,90.3497096,23.8055208,0.0651445,3,4,0,1
Zone_DH403,3853656396,90.3673743,23.8111312,0.05031356,3,3,0,0
Zone_DH403,3853656397,90.3657644,23.8108596,0.00243368,4,3,0,0
Zone_DH403,3853656398,90.3658898,23.8102176,0.06015834,3,3,0,0
Zone_DH403,8856011103,90.3640723,23.8112255,0.00904084,4,3,0,0
Zone_DH403,8856011104,90.3649118,23.811365,0.004492,4,3,0,0
Zone_DH403,8856011105,90.3641144,23.8109479,0.00722597,4,3,0,0
Zone_DH403,8856011106,90.3646286,23.8110213,0.00112464,4,3,0,0
Zone_DH403,8856011107,90.3641546,23.810683,0.0062471,4,3,0,0
Zone_DH403,8856011108,90.3646602,23.8107633,0.0015656,4,3,0,0
Zone_DH403,8856011109,90.3645705,23.8113155,0.00148105,4,3,0,0
Zone_DH403,3713278315,90.3643825,23.8093873,0.00668442,4,3,0,0
Zone_DH403,3713278317,90.3636554,23.8093805,0.02438491,3,3,0,0
Zone_DH403,3713278322,90.3634904,23.8103264,0.01790894,4,3,0,0
Zone_DH403,3782795640,90.3690566,23.8112637,0.00156123,4,3,0,0
Zone_DH403,3732390282,90.3603749,23.8051685,0.07533914,3,3,0,0
Zone_DH403,4601094545,90.3691091,23.8033886,0.0,4,1,0,0
Zone_DH403,4601094555,90.3677106,23.8018345,0.0,4,1,0,0
Zone_DH403,3095151018,90.369144,23.8054817,0.01911959,4,3,0,1
Zone_DH403,386277803,90.3485046,23.8006214,0.00602043,4,3,0,1
Zone_DH403,4601094586,90.3683613,23.8045899,0.0,4,1,0,0
Zone_DH403,4601094587,90.3681614,23.8048354,0.01512905,4,3,0,1
Zone_DH403,8856011195,90.3627378,23.81445,0.00408092,4,3,0,0
Zone_DH403,8856011197,90.3628881,23.8136697,0.00102624,4,3,0,0
Zone_DH403,6121898428,90.3598177,23.8059307,0.0435147,3,3,0,0
Zone_DH403,4601094591,90.3674543,23.8025545,0.00124417,4,3,0,1
Zone_DH403,6121898429,90.3592564,23.80568,0.01501098,4,3,0,0
Zone_DH403,4601094588,90.3673773,23.8047784,0.0,4,1,0,0
Zone_DH403,4601094589,90.3670103,23.8047113,0.00168805,4,3,0,1
Zone_DH403,8870945222,90.3504541,23.8065645,0.00777262,4,3,0,0
Zone_DH403,386277832,90.3490642,23.802198,0.01184697,4,4,0,0
Zone_DH403,4601094601,90.366494,23.8039519,0.01311739,4,3,0,0
Zone_DH403,4601094602,90.3664343,23.8048373,0.001207,4,3,0,1
Zone_DH403,4601094603,90.36646,23.8045581,0.00055102,4,3,0,0
Zone_DH403,386277836,90.3479456,23.8035289,0.01900516,4,4,0,0
Zone_DH403,11985297867,90.3632083,23.8057822,0.0,4,1,0,0
Zone_DH403,4601094606,90.3668835,23.80539,0.02031566,4,3,0,0
Zone_DH403,386277838,90.3477542,23.8038116,0.00330759,4,3,0,0
Zone_DH403,4601094607,90.3669936,23.8049216,0.00488631,4,3,0,0
Zone_DH403,386277841,90.3480552,23.8040786,0.00799201,4,3,0,0
Zone_DH403,8856011218,90.3628107,23.8140714,0.0055576,4,4,0,0
Zone_DH403,4601094609,90.3661396,23.8047989,0.0,4,1,0,0
Zone_DH403,264880597,90.3478403,23.8119124,0.00789069,4,3,0,0
Zone_DH403,264880598,90.3479177,23.8119751,0.02920198,3,3,0,0
Zone_DH403,386277845,90.3475764,23.8047894,0.05659637,3,3,0,0
Zone_DH403,4601094616,90.3653196,23.8047102,0.04557739,3,3,0,0
Zone_DH403,8856011225,90.3627877,23.8128988,0.01470121,4,4,0,0
Zone_DH403,8856011226,90.3628768,23.8125177,0.01287832,4,3,0,0
Zone_DH403,8856011223,90.3626175,23.8136273,0.00214432,4,3,0,0
Zone_DH403,4611162589,90.3600693,23.7990434,0.00215088,4,2,0,0
Zone_DH403,8856011224,90.3626986,23.8132804,0.00868005,4,4,0,0
Zone_DH403,9518973411,90.347617,23.8125134,0.03072749,3,3,0,0
Zone_DH403,9518973415,90.3469343,23.8120213,0.0,4,1,0,0
Zone_DH403,9518973416,90.3469772,23.8121415,0.00722378,4,3,0,1
Zone_DH403,386032107,90.3596829,23.80073,0.02039437,4,3,0,0
Zone_DH403,386032112,90.3584292,23.800051,0.02720197,3,4,0,0
Zone_DH403,4611162625,90.3595876,23.7997566,0.00641183,4,3,0,0
Zone_DH403,4611162629,90.359457,23.8001855,0.00077989,4,3,0,0
Zone_DH403,6121447942,90.3484084,23.8058354,0.0,4,1,0,0
Zone_DH403,4611162632,90.3585565,23.7998403,0.01793737,4,3,0,0
Zone_DH403,6349070859,90.3621272,23.8022487,0.03012691,3,4,0,1
Zone_DH403,3508724253,90.3687683,23.8070584,0.00529302,4,3,0,0
Zone_DH403,3508724256,90.3685018,23.8069871,0.03695346,3,3,0,0
Zone_DH403,3508724259,90.3684788,23.8071718,0.04591194,3,3,0,0
Zone_DH403,3508724263,90.3687401,23.8071805,0.00310059,4,2,0,0
Zone_DH403,3508724268,90.365767,23.8063114,0.01102554,4,3,0,0
Zone_DH403,3508724273,90.3650639,23.8060568,0.04082957,3,3,0,0
Zone_DH403,4584907313,90.3554113,23.8179157,0.001207,4,3,0,1
Zone_DH403,3508724275,90.3642323,23.8054501,0.05529171,3,3,0,0
Zone_DH403,3508724278,90.3613622,23.8036626,0.0480446,3,3,0,0
Zone_DH403,3508724279,90.3607662,23.8034046,0.07779979,3,3,0,0
Zone_DH403,3508724281,90.3578221,23.8013817,0.02661086,3,3,0,0
Zone_DH403,3508724282,90.3561602,23.8003383,0.02323622,3,3,0,0
Zone_DH403,264880728,90.3515409,23.8060994,0.02697165,3,3,0,0
Zone_DH403,6102393435,90.3550023,23.8085082,0.0,4,1,0,0
Zone_DH403,6102393436,90.354217,23.8077434,0.00241327,4,3,0,1
Zone_DH403,6102393437,90.3551539,23.8080684,0.0,4,1,0,0
Zone_DH403,6279733885,90.3615935,23.8077184,0.0646292,3,4,0,0
Zone_DH403,6279733886,90.3618064,23.8073502,0.06211097,3,3,0,0
Zone_DH403,6279733887,90.3620022,23.8070722,0.06147175,3,3,0,0
Zone_DH403,6279733888,90.3622125,23.8068062,0.06756725,3,4,0,0
Zone_DH403,6279733889,90.3624134,23.8065334,0.04814664,3,3,0,0
Zone_DH403,6279733890,90.3626149,23.8062503,0.04904315,3,3,0,0
Zone_DH403,6279733891,90.362718,23.8060988,0.09937201,2,4,0,0
Zone_DH403,4384293515,90.3669259,23.8127274,0.04858761,3,3,0,0
Zone_DH403,6121439884,90.3492384,23.8047624,0.04004239,3,3,0,0
Zone_DH403,5928108683,90.3619695,23.8106321,0.02208315,4,3,0,0
Zone_DH403,5928108684,90.3610337,23.8104763,0.04296514,3,3,0,0
Zone_DH403,10146849421,90.3545079,23.8070476,0.10423937,2,3,0,1
Zone_DH403,386278036,90.3539571,23.8005889,0.01379013,4,3,0,0
Zone_DH403,5201281710,90.3560073,23.8064883,0.03556497,3,3,0,0
Zone_DH403,5201281711,90.3551714,23.8058974,0.02027703,4,3,0,0
Zone_DH403,4384293566,90.3650726,23.8136131,0.00651168,4,3,0,0
Zone_DH403,4476150481,90.3447261,23.8056705,0.0,4,1,0,0
Zone_DH403,264880859,90.3574095,23.8079375,0.12762355,2,3,0,0
Zone_DH403,4601103097,90.3693014,23.8065146,0.00120919,4,2,0,0
Zone_DH403,4383867648,90.3657677,23.8170954,0.0126582,4,3,0,0
Zone_DH403,7124099840,90.3610748,23.8175648,0.0,4,1,0,0
Zone_DH403,4597572366,90.3629215,23.8033135,0.01171286,4,3,0,0
Zone_DH403,3732874002,90.3606671,23.804797,0.08089455,3,3,0,0
Zone_DH403,3732874004,90.3595566,23.8064918,0.07465036,3,3,0,0
Zone_DH403,3732874006,90.3592179,23.8073143,0.07727501,3,3,0,0
Zone_DH403,3732874007,90.3591826,23.8074547,0.077232,3,3,0,0
Zone_DH403,3732874008,90.3585624,23.8083548,0.13179193,2,3,0,0
Zone_DH403,4432298786,90.3550215,23.8217635,0.00240088,4,3,0,0
Zone_DH403,7160234787,90.3567661,23.8153855,0.00205759,4,3,0,1
Zone_DH403,7160234788,90.3574665,23.8155861,0.0,4,1,0,0
Zone_DH403,4454490949,90.3641937,23.8104252,0.00703646,4,3,0,0
Zone_DH403,11411800903,90.3511879,23.8022795,0.00191692,4,3,0,0
Zone_DH403,11411800904,90.3503156,23.80355,0.0,4,1,0,0
Zone_DH403,386278217,90.3502476,23.8025311,0.01723547,4,3,0,0
Zone_DH403,4450083661,90.3491094,23.8107152,0.02437689,3,3,0,0
Zone_DH403,3731743566,90.3633669,23.8036018,0.02657661,3,3,0,0
Zone_DH403,3772785488,90.369566,23.8123538,0.00465672,4,3,0,1
Zone_DH403,4454490965,90.364713,23.8105369,0.00928939,4,4,0,0
Zone_DH403,5988500317,90.3675997,23.8104151,0.05531139,3,4,0,0
Zone_DH403,5988500318,90.3676986,23.8104358,0.01669393,4,3,0,0
Zone_DH403,11985306469,90.3630634,23.8057319,0.05494841,3,3,0,1
Zone_DH403,386278273,90.3541536,23.802837,0.06406214,3,4,0,0
Zone_DH403,386278274,90.3530995,23.8043383,0.0068455,4,3,0,0
Zone_DH403,386278279,90.354427,23.8052733,0.01972528,4,4,0,0
Zone_DH403,386278280,90.3536373,23.8066591,0.0883574,3,4,0,0
Zone_DH403,386278290,90.3564806,23.8044868,0.08185665,3,3,0,0
Zone_DH403,386278293,90.3558913,23.8003269,0.02356858,3,3,0,0
Zone_DH403,386278295,90.3568138,23.8077299,0.09658847,2,3,0,0
Zone_DH403,3732390810,90.369236,23.810767,0.00235205,4,3,0,0
Zone_DH403,3732005792,90.3659825,23.8055476,0.00214505,4,4,0,0
Zone_DH403,386278324,90.3584121,23.8057291,0.08006364,3,4,0,0
Zone_DH403,386278325,90.358904,23.8060359,0.04522316,3,3,0,0
Zone_DH403,386278332,90.3577273,23.8053521,0.05513646,3,3,0,0
Zone_DH403,386278333,90.3569278,23.8063266,0.00410934,4,3,0,0
Zone_DH403,386278334,90.3560808,23.8075757,0.08762781,3,4,0,0
Zone_DH403,386278335,90.355958,23.8078564,0.01641914,4,3,0,0
Zone_DH403,386278336,90.3557601,23.8083181,0.015648,4,3,0,0
Zone_DH403,386278337,90.3553654,23.8090279,0.02353505,3,3,0,0
Zone_DH403,386278338,90.355209,23.8093831,0.02210065,4,3,0,0
Zone_DH403,6121841606,90.3502052,23.8017097,0.00109038,4,3,0,0
Zone_DH403,12048671688,90.3650424,23.7997586,0.0,4,1,0,0
Zone_DH403,6291825609,90.3520183,23.7997571,0.00214578,4,4,0,0
Zone_DH403,6291825610,90.3518289,23.8000276,0.0015124,4,4,0,0
Zone_DH403,6291825611,90.3516401,23.8002991,0.00161589,4,4,0,0
Zone_DH403,6291825612,90.3514485,23.8005776,0.00171502,4,4,0,0
Zone_DH403,6291825613,90.3512573,23.8008557,0.00192202,4,4,0,0
Zone_DH403,6121841610,90.3497992,23.8022704,0.01309625,4,3,0,0
Zone_DH403,6291825608,90.3522225,23.7994522,0.00164505,4,3,0,0
Zone_DH403,386278352,90.3537246,23.8066915,0.08541133,3,3,0,0
Zone_DH403,12048671696,90.364575,23.8006698,0.00520118,4,3,0,1
Zone_DH403,12048671700,90.364809,23.8009946,0.0,4,1,0,0
Zone_DH403,12048671701,90.3650692,23.8010854,0.0,4,1,0,0
Zone_DH403,12048671703,90.3654184,23.8013156,0.00635716,4,3,0,1
Zone_DH403,12048671704,90.3651818,23.8009541,0.0,4,1,0,0
Zone_DH403,12048671705,90.3655374,23.8011427,0.00158164,4,3,0,1
Zone_DH403,3713328093,90.3667533,23.8086459,0.00842204,4,3,0,0
Zone_DH403,386278377,90.3577664,23.808454,0.08038362,3,3,0,0
Zone_DH403,386278385,90.3576161,23.808975,0.13785536,2,4,0,0
Zone_DH403,4454515705,90.3665669,23.8082137,0.0,4,1,0,0
Zone_DH403,4344562682,90.3630525,23.8160012,0.00729667,4,4,0,0
Zone_DH403,386278398,90.3549178,23.8093071,0.01726171,4,3,0,1
Zone_DH403,386278399,90.3573287,23.809936,0.13714399,2,3,0,0
Zone_DH403,386278400,90.3571836,23.8104213,0.13928175,2,4,0,1
Zone_DH403,386786302,90.3696719,23.8086658,0.00040744,4,2,0,0
Zone_DH403,386786303,90.3693902,23.809722,0.00410497,4,3,0,0
Zone_DH403,386278403,90.3560134,23.8101111,0.00486517,4,3,0,0
Zone_DH403,6102459400,90.3587695,23.8194606,0.0,4,1,0,0
Zone_DH403,4611228687,90.3581345,23.7991159,0.0,4,1,0,0
Zone_DH403,9942565908,90.356955,23.8213257,0.01192569,4,3,0,0
Zone_DH403,7314465814,90.3580125,23.8210938,0.0,4,1,0,0
Zone_DH403,386278434,90.3570461,23.810881,0.13712868,2,3,0,0
Zone_DH403,386278436,90.3569112,23.811332,0.16210543,1,3,0,0
Zone_DH403,386278438,90.3555002,23.8109604,0.00320263,4,3,0,0
Zone_DH403,386278439,90.3572747,23.8101167,0.13660171,2,3,0,1
Zone_DH403,386278440,90.3592778,23.8106692,0.0,4,1,0,0
Zone_DH403,386278441,90.3570722,23.8107936,0.1375281,2,3,0,1
Zone_DH403,386278442,90.3583791,23.8111378,0.0,4,1,0,0
Zone_DH403,386278443,90.3568767,23.8114474,0.1597184,1,3,0,1
Zone_DH403,386278444,90.3582075,23.8118209,0.0,4,1,0,0
Zone_DH403,386278445,90.3552786,23.8114109,0.01813125,4,3,0,0
Zone_DH403,386278446,90.3567831,23.8117603,0.15805367,1,3,0,0
Zone_DH403,386278447,90.3566397,23.81224,0.15159301,1,3,0,0
Zone_DH403,386278448,90.3550976,23.8118744,0.01745851,4,3,0,0
Zone_DH403,386278449,90.3565586,23.8125111,0.15145963,1,4,0,0
Zone_DH403,12000232516,90.3578617,23.8069024,0.0,4,1,0,0
Zone_DH403,11287675974,90.3521968,23.8007471,0.00471357,4,3,0,0
Zone_DH403,11287675975,90.3533623,23.8014373,0.00219971,4,3,0,0
Zone_DH403,386278472,90.3563878,23.8132108,0.14825918,1,3,0,0
Zone_DH403,11287675977,90.3531789,23.8009271,0.0,4,1,0,0
Zone_DH403,386278474,90.3544883,23.8127622,0.01559407,4,3,0,0
Zone_DH403,11287675979,90.3537447,23.8008867,0.00159403,4,3,0,0
Zone_DH403,11287675978,90.3525778,23.8001983,0.00632218,4,3,0,0
Zone_DH403,4021888076,90.3550498,23.8015421,0.00631999,4,3,0,0
Zone_DH403,4021888078,90.3565011,23.8025498,0.00171356,4,3,0,0
Zone_DH403,11287675980,90.3531523,23.8005373,0.00403718,4,4,0,0
Zone_DH403,11287675976,90.3527717,23.8010866,0.0093681,4,4,0,0
Zone_DH403,386278496,90.3561132,23.8144045,0.14045158,2,3,0,0
Zone_DH403,386278497,90.3528276,23.8137069,0.0061436,4,3,0,0
Zone_DH403,386278499,90.3560663,23.8148025,0.14001134,2,3,0,0
Zone_DH403,386278500,90.3527981,23.8141274,0.00533894,4,3,0,0
Zone_DH403,386278514,90.3540083,23.8148062,0.00644754,4,3,0,0
Zone_DH403,386278515,90.3538988,23.8170907,0.02734629,3,4,0,0
Zone_DH403,11991893108,90.3610669,23.8017508,0.02859629,3,3,0,0
Zone_DH403,386278516,90.3538892,23.8174314,0.01821653,4,4,0,1
Zone_DH403,386278517,90.3542204,23.8187681,0.00996504,4,4,0,1
Zone_DH403,11991893110,90.3612401,23.8035825,0.04808906,3,3,0,0
Zone_DH403,11991893109,90.361172,23.8036694,0.05654973,3,3,0,0
Zone_DH403,11991893112,90.3614094,23.8036957,0.0140824,4,3,0,0
Zone_DH403,11991893114,90.3627295,23.8045398,0.03714807,3,3,0,0
Zone_DH403,11991893111,90.3613425,23.8037833,0.01730763,4,3,0,0
Zone_DH403,11991893113,90.3626701,23.80462,0.04634124,3,3,0,0
Zone_DH403,3713270920,90.3644506,23.809769,0.01741332,4,3,0,0
Zone_DH403,3732407434,90.3613255,23.8015492,0.0226298,4,3,0,0
Zone_DH403,3732407438,90.3603893,23.8010093,0.00779667,4,3,0,0
Zone_DH403,6122874013,90.3578658,23.8073557,0.0271648,3,3,0,0
Zone_DH403,386278580,90.3612442,23.8181271,0.10308412,2,4,0,0
Zone_DH403,386278582,90.3646785,23.8188742,0.00461153,4,3,0,0
Zone_DH403,3732407479,90.3602936,23.8012273,0.02399715,3,3,0,0
Zone_DH403,3732407481,90.3606128,23.7998975,0.00504958,4,3,0,0
Zone_DH403,386278612,90.369148,23.8168692,0.00837102,4,3,0,0
Zone_DH403,4344562927,90.3629266,23.8165468,0.0051713,4,4,0,0
Zone_DH403,4450084101,90.351633,23.811311,0.01081636,4,3,0,1
Zone_DH403,4455990534,90.3551892,23.8051952,0.0,4,1,0,0
Zone_DH403,11068179732,90.3600493,23.7991317,0.00334841,4,3,0,0
Zone_DH403,3732882715,90.3615213,23.8076737,0.03182517,3,3,0,0
Zone_DH403,3732882716,90.3604484,23.8091461,0.15491007,1,3,0,0
Zone_DH403,386024738,90.3640683,23.8054735,0.03038347,3,3,0,0
Zone_DH403,386024739,90.3647815,23.8043845,0.02214438,4,3,0,0
Zone_DH403,386024744,90.3636515,23.8041517,0.01947746,4,3,0,0
Zone_DH403,386024745,90.3646027,23.8047314,0.0096181,4,3,0,0
Zone_DH403,4450084145,90.3501188,23.8117015,0.01320412,4,3,0,1
Zone_DH403,4611097931,90.3577144,23.7996585,0.001207,4,3,0,1
Zone_DH403,4611097941,90.3575658,23.8012142,0.02451975,3,3,0,0
Zone_DH403,5660271966,90.3481372,23.8011788,0.01280033,4,3,0,1
Zone_DH403,3732874601,90.3581627,23.8069482,0.0137187,4,3,0,0
Zone_DH403,3713271151,90.3668854,23.8096211,0.0031968,4,3,0,0
Zone_DH403,3713271152,90.3669179,23.8094736,0.00379083,4,3,0,0
Zone_DH403,3713271155,90.3651554,23.8093787,0.0109891,4,3,0,0
Zone_DH403,3713271156,90.3652103,23.8093775,0.00803865,4,3,0,0
Zone_DH403,3713271157,90.3652155,23.8097655,0.01528503,4,3,0,0
Zone_DH403,3713271163,90.3667744,23.8099403,0.01012539,4,3,0,0
Zone_DH403,3879380354,90.3637219,23.8183116,0.00859405,4,3,0,0
Zone_DH403,5833557382,90.3644357,23.8099231,0.06693387,3,3,0,0
Zone_DH403,5833557383,90.3635649,23.8097691,0.06457016,3,3,0,0
Zone_DH403,5833557384,90.3637785,23.8085791,0.01780545,4,3,0,0
Zone_DH403,3639272862,90.3632376,23.8151988,0.0367727,3,3,0,0
Zone_DH403,3639272864,90.3624936,23.8184234,0.00406124,4,3,0,0
Zone_DH403,3639272865,90.3617343,23.8171474,0.10134432,2,3,0,0
Zone_DH403,3639272866,90.3627458,23.8173303,0.00327771,4,4,0,0
Zone_DH403,3639272868,90.363893,23.8175342,0.01489582,4,3,0,0
Zone_DH403,3639272869,90.3639472,23.8172881,0.01668882,4,4,0,0
Zone_DH403,3639272872,90.3618967,23.8168997,0.10150686,2,3,0,0
Zone_DH403,3639272874,90.3650316,23.8175003,0.00243951,4,3,0,0
Zone_DH403,3639272875,90.3654777,23.8156234,0.03726541,3,3,0,0
Zone_DH403,3639272876,90.3654079,23.8159184,0.00132508,4,3,0,0
Zone_DH403,3639272878,90.3625449,23.8153745,0.10101706,2,3,0,0
Zone_DH403,3639272879,90.3653452,23.8161862,0.00416911,4,3,0,0
Zone_DH403,3639272880,90.3624712,23.8156079,0.10095583,2,3,0,0
Zone_DH403,3639272881,90.3652865,23.8164377,0.00328791,4,3,0,0
Zone_DH403,3639272882,90.3623297,23.81586,0.10097406,2,3,0,0
Zone_DH403,3639272883,90.3652252,23.8166997,0.002164,4,3,0,0
Zone_DH403,3639272884,90.36216,23.8161113,0.10100394,2,3,0,0
Zone_DH403,1553073589,90.3684575,23.8071267,0.04498628,3,3,0,0
Zone_DH403,3639272886,90.3620442,23.816361,0.1003363,2,3,0,0
Zone_DH403,1553073590,90.3686074,23.8072383,0.00920921,4,3,0,0
Zone_DH403,3639272887,90.3651016,23.8172255,0.0044315,4,3,0,0
Zone_DH403,3639272885,90.3651613,23.816973,0.00597596,4,4,0,0
Zone_DH403,7124116927,90.3597813,23.8182543,0.0,4,1,0,0
Zone_DH403,7124116929,90.3604029,23.8181635,0.0,4,1,0,0
Zone_DH403,3731342803,90.3693858,23.8049216,0.00361809,4,3,0,1
Zone_DH403,3731342804,90.3687708,23.804711,0.0,4,1,0,0
Zone_DH403,11900634585,90.3600859,23.8164385,0.0,4,1,0,0
Zone_DH403,11900634592,90.3606367,23.8159692,0.0,4,1,0,0
Zone_DH403,11900634602,90.3604711,23.816614,0.00241327,4,3,0,1
Zone_DH403,11900634611,90.3601808,23.8167572,0.00416328,4,3,0,1
Zone_DH403,4584915145,90.364914,23.811112,0.00445482,4,3,0,0
Zone_DH403,4456179211,90.3570341,23.8028611,0.01331709,4,3,0,0
Zone_DH403,4456179215,90.3566844,23.8032766,0.01303867,4,3,0,0
Zone_DH403,4456179216,90.3571857,23.8036319,0.01063997,4,3,0,0
Zone_DH403,4456179217,90.3563513,23.8036723,0.01177336,4,3,0,0
Zone_DH403,4456179218,90.3568643,23.8040196,0.01356345,4,3,0,0
Zone_DH403,264881689,90.3504008,23.800561,0.01884481,4,3,0,0
Zone_DH403,3639412267,90.3562039,23.8139878,0.14561486,1,3,0,0
Zone_DH403,3639412268,90.3537893,23.8134847,0.00698326,4,3,0,0
Zone_DH403,3639412269,90.3563037,23.8135934,0.14625699,1,3,0,0
Zone_DH403,3639412270,90.3540324,23.8130958,0.0078302,4,3,0,0
Zone_DH403,7442556523,90.3525744,23.8013736,0.0174811,4,4,0,0
Zone_DH403,7442556524,90.352354,23.8017145,0.04209852,3,3,0,0
Zone_DH403,12098381429,90.3544926,23.8090738,0.0,4,1,0,0
Zone_DH403,386025079,90.367073,23.8059976,0.01043298,4,3,0,0
Zone_DH403,4474521223,90.3468186,23.8044753,0.01995706,4,3,0,0
Zone_DH403,4474521224,90.3464254,23.8050582,0.00640162,4,3,0,0
Zone_DH403,4474521225,90.3462313,23.8053461,0.00147304,4,3,0,0
Zone_DH403,4474521226,90.3460363,23.8056352,0.01537614,4,3,0,0
Zone_DH403,4474521227,90.3458531,23.8059067,0.00718005,4,3,0,0
Zone_DH403,4474521228,90.346743,23.8060266,0.02580401,3,4,0,1
Zone_DH403,4474521230,90.3456616,23.8061906,0.00480687,4,3,0,0
Zone_DH403,11985315473,90.3632006,23.8055428,0.05383033,3,3,0,1
Zone_DH403,4474521234,90.3465559,23.8063143,0.00718369,4,4,0,1
Zone_DH403,11985315475,90.3632791,23.8055925,0.0,4,1,0,0
Zone_DH403,11989935764,90.3593785,23.8184049,0.0,4,1,0,0
Zone_DH403,11989935765,90.359133,23.8183354,0.00241327,4,3,0,1
Zone_DH403,4474521237,90.3473367,23.8063636,0.0,4,1,0,0
Zone_DH403,386279068,90.36746,23.8167679,0.02487325,3,4,0,0
Zone_DH403,386279069,90.3665252,23.8204958,5.904e-05,4,2,0,0
Zone_DH403,4474521244,90.34637,23.8066002,0.00482144,4,4,0,1
Zone_DH403,4474521254,90.3471484,23.8066686,0.0,4,1,0,0
Zone_DH403,3732874924,90.3601392,23.8054908,0.04285144,3,3,0,0
Zone_DH403,4017841852,90.3578376,23.8064484,0.05837481,3,3,0,0
Zone_DH403,4017841856,90.3572172,23.8059739,0.03520929,3,3,0,0
Zone_DH403,4525721292,90.3548703,23.8141356,0.01040018,4,3,0,0
Zone_DH403,4525721293,90.3551672,23.8129452,0.00799419,4,3,0,0
Zone_DH403,4525721294,90.3550839,23.8133273,0.00734842,4,3,0,0
Zone_DH403,4525721295,90.3550585,23.8133218,0.0063557,4,3,0,0
Zone_DH403,4525721296,90.354965,23.8137296,0.01061155,4,4,0,0
Zone_DH403,6234171107,90.3628054,23.8170719,0.00424272,4,4,0,0
Zone_DH403,6234171108,90.3628646,23.8168153,0.00610935,4,4,0,0
Zone_DH403,6234171109,90.3631134,23.8157371,0.03162327,3,4,0,0
Zone_DH403,6234171110,90.3640053,23.8170244,0.01864583,4,4,0,0
Zone_DH403,6234171111,90.3642962,23.8157025,0.03449937,3,4,0,0
Zone_DH403,6234171112,90.3642388,23.8159636,0.02308024,3,4,0,0
Zone_DH403,6234171113,90.3629903,23.8162707,0.00638267,4,4,0,0
Zone_DH403,6234171114,90.3641233,23.8164881,0.01813781,4,4,0,0
Zone_DH403,6234171115,90.3643419,23.8139714,0.00231633,4,3,0,0
Zone_DH403,13146580713,90.349815,23.8203181,0.00241837,4,3,0,0
Zone_DH403,13146580716,90.3505821,23.8206696,0.00120627,4,3,0,0
Zone_DH403,13146580718,90.3507002,23.8196529,0.00316765,4,3,0,0
Zone_DH403,13146580719,90.3507867,23.8208211,7.3e-07,4,2,0,0
Zone_DH403,7229908729,90.3642494,23.8192921,0.0,4,1,0,0
Zone_DH403,7229908732,90.3640021,23.8195047,0.00945046,4,3,0,0
Zone_DH403,7229908734,90.3639244,23.81975,0.00651314,4,3,0,0
Zone_DH403,3718899458,90.3667789,23.8014086,0.00241254,4,3,0,1
Zone_DH403,9499117328,90.3495528,23.8017489,0.01602483,4,3,0,0
Zone_DH403,9499117329,90.3499859,23.8020125,0.00264651,4,3,0,0
Zone_DH403,9499117330,90.3497567,23.8014499,0.0159534,4,3,0,0
Zone_DH403,3718932246,90.3672737,23.8024786,0.00207362,4,3,0,0
Zone_DH403,5701691184,90.3571363,23.8027397,0.01532002,4,3,0,0
Zone_DH403,5701691185,90.3566379,23.8023877,0.00213776,4,3,0,0
Zone_DH403,4034258738,90.3545419,23.8107077,0.01517716,4,3,0,1
Zone_DH403,476014444,90.3595531,23.822063,0.0,4,1,0,0
Zone_DH403,12850472826,90.3653823,23.8107979,0.00654667,4,3,0,0
Zone_DH403,12850472828,90.363353,23.8149334,0.00047959,4,3,0,0
Zone_DH403,12850472830,90.3627727,23.8149248,0.00292494,4,3,0,0
Zone_DH403,476014463,90.3610311,23.8192273,0.03540681,3,3,0,1
Zone_DH403,12850472832,90.3665839,23.8126588,0.00050948,4,3,0,0
Zone_DH403,476014465,90.3611698,23.8186262,0.05327421,3,3,0,0
Zone_DH403,4344506242,90.3641819,23.8162219,0.0187486,4,4,0,0
Zone_DH403,11898783619,90.3594736,23.8131036,0.0,4,3,0,0
Zone_DH403,11898783621,90.3593731,23.813637,0.00242129,4,3,0,0
Zone_DH403,476669831,90.3617332,23.8218226,0.0,4,1,0,0
Zone_DH403,6122923915,90.3660061,23.8108892,0.00350876,4,3,0,0
Zone_DH403,3732875151,90.3613673,23.8052384,0.0435424,3,4,0,0
Zone_DH403,476014480,90.3619739,23.8166519,0.10141793,2,3,0,0
Zone_DH403,476669841,90.3614232,23.8217824,0.00722378,4,3,0,1
Zone_DH403,3732875152,90.3608641,23.8059169,0.0148652,4,3,0,0
Zone_DH403,3732875153,90.3601994,23.8068153,0.00417057,4,3,0,0
Zone_DH403,3732875157,90.3593494,23.8087041,0.10571897,2,4,0,0
Zone_DH403,264882074,90.3543409,23.806905,0.0889835,3,3,0,0
Zone_DH403,476669850,90.3639218,23.8205239,0.00528281,4,3,0,0
Zone_DH403,476014495,90.362594,23.8151741,0.0690279,3,3,0,1
Zone_DH403,476014496,90.3626231,23.8149622,0.10654404,2,3,0,0
Zone_DH403,5595277215,90.3616951,23.8223444,0.001207,4,2,0,1
Zone_DH403,5595277216,90.3614238,23.8223381,0.00482217,4,3,0,1
Zone_DH403,264882086,90.3572168,23.8050025,0.09761763,2,3,0,0
Zone_DH403,264882088,90.3553705,23.8072552,0.11713008,2,4,0,0
Zone_DH403,5660469167,90.3496785,23.8025819,0.00651314,4,3,0,0
Zone_DH403,5660469168,90.349494,23.802852,0.00904886,4,3,0,0
Zone_DH403,5660469169,90.3493024,23.8031324,0.00943443,4,3,0,0
Zone_DH403,5660469170,90.3491011,23.803427,0.01289508,4,3,0,0
Zone_DH403,5660469171,90.3489124,23.8037031,0.01345412,4,3,0,0
Zone_DH403,5660469172,90.3487138,23.8039937,0.03272167,3,3,0,0
Zone_DH403,5660469173,90.3498651,23.8023088,0.01702483,4,3,0,0
Zone_DH403,1148733364,90.3616665,23.8077599,0.04238423,3,3,0,0
Zone_DH403,3713296321,90.367206,23.808453,0.00474564,4,3,0,0
Zone_DH403,7124191184,90.3586427,23.8216276,0.0,4,1,0,0
Zone_DH403,6487558097,90.3628798,23.8108991,0.01679888,4,3,0,0
Zone_DH403,6487558098,90.3640977,23.8110578,0.00971067,4,3,0,0
Zone_DH403,476669908,90.3647908,23.8205587,0.00341765,4,2,0,0
Zone_DH403,476669912,90.363127,23.8204607,0.00518004,4,3,0,0
Zone_DH403,12009678808,90.3583793,23.8091772,0.0,4,1,0,0
Zone_DH403,12009678809,90.3581727,23.8091131,0.004078,4,3,0,1
Zone_DH403,4384171996,90.3609027,23.8121196,0.10323427,2,3,0,0
Zone_DH403,12009678814,90.3581177,23.8092614,0.00261152,4,3,0,1
Zone_DH403,6087067614,90.3542834,23.8061906,0.0,4,1,0,0
Zone_DH403,6087067616,90.3565265,23.8058506,0.02631713,3,3,0,0
Zone_DH403,6087067615,90.3556837,23.805276,0.01524932,4,3,0,0
Zone_DH403,12009678818,90.3580431,23.8088229,0.001207,4,3,0,1
Zone_DH403,12009678816,90.357918,23.8087772,0.0,4,1,0,0
Zone_DH403,12009678827,90.3581622,23.8089785,0.0045729,4,3,0,0
Zone_DH403,4376971256,90.3616851,23.813468,0.01930691,4,3,0,0
Zone_DH403,4429129727,90.3539555,23.815755,0.00503208,4,4,0,0
Zone_DH403,4376971269,90.3652168,23.8136435,0.00323252,4,3,0,0
Zone_DH403,5928110086,90.3619363,23.8112592,0.0161604,4,3,0,0
Zone_DH403,5928110085,90.3627688,23.81138,0.01415602,4,3,0,0
Zone_DH403,5928110088,90.3619489,23.8108577,0.0210919,4,3,0,0
Zone_DH403,5928110089,90.364032,23.8114716,0.00926315,4,3,0,0
Zone_DH403,5928110090,90.362798,23.8112651,0.01628503,4,3,0,0
Zone_DH403,5928110091,90.3619486,23.8115032,0.01501972,4,3,0,0
Zone_DH403,5928110092,90.3639728,23.8118575,0.01286593,4,3,0,0
Zone_DH403,5928110093,90.3618723,23.8119218,0.00449054,4,3,0,0
Zone_DH403,5928110094,90.3639128,23.8122532,0.01364873,4,3,0,0
Zone_DH403,5928110095,90.3626244,23.8120406,0.01434698,4,4,0,0
Zone_DH403,5928110087,90.3628616,23.8110001,0.01666842,4,3,0,0
Zone_DH403,11009476646,90.3608322,23.8185153,0.0,4,1,0,0
Zone_DH403,1747560496,90.3553276,23.8176444,0.00238193,4,3,0,0
Zone_DH403,4208404539,90.3648628,23.8208558,0.00241254,4,3,0,1
Zone_DH403,4525590592,90.3628285,23.8090988,0.02845198,3,3,0,0
Zone_DH403,12048959569,90.3625661,23.8025294,0.0,4,1,0,0
Zone_DH403,4476151890,90.3451032,23.8060434,4.3e-05,4,3,0,0
Zone_DH403,12048959570,90.3623763,23.8022711,0.0,4,1,0,0
Zone_DH403,11411654740,90.3454223,23.8023756,0.00361663,4,3,0,1
Zone_DH403,11411654741,90.3455752,23.8020472,0.0,4,2,0,0
Zone_DH403,3833735254,90.3593483,23.8176284,0.05463573,3,4,0,0
Zone_DH403,3833735255,90.3589355,23.8188552,0.0,4,1,0,0
Zone_DH403,3833735256,90.3591905,23.8181663,0.01536229,4,3,0,1
Zone_DH403,4476151892,90.3444583,23.8059119,0.0,4,1,0,0
Zone_DH403,12048959577,90.3622224,23.800032,0.00734988,4,3,0,0
Zone_DH403,12048959579,90.3623064,23.7995461,0.00080029,4,3,0,0
Zone_DH403,6121891931,90.3590829,23.8050286,0.0414491,3,3,0,0
Zone_DH403,12048959581,90.3623761,23.800201,0.00478719,4,3,0,1
Zone_DH403,12048959576,90.3622491,23.7998597,0.005078,4,3,0,0
Zone_DH403,12048959578,90.3622646,23.7997455,0.00315599,4,3,0,1
Zone_DH403,12048959580,90.3620286,23.7996952,0.0,4,1,0,0
Zone_DH403,12048959582,90.3627029,23.8002802,0.0,4,1,0,0
Zone_DH403,12048959584,90.3630702,23.8004513,0.0,4,1,0,0
Zone_DH403,11999561827,90.3578393,23.8047454,0.0241094,3,3,0,0
Zone_DH403,12048959589,90.3632478,23.8003049,0.00456124,4,3,0,1
Zone_DH403,12048959590,90.3637462,23.8009733,0.00424637,4,3,0,1
Zone_DH403,12048959591,90.3637636,23.8007394,0.0,4,1,0,0
Zone_DH403,6247606381,90.3675639,23.8109399,0.09802798,2,3,0,0
Zone_DH403,5701658756,90.3553168,23.8041918,0.00283383,4,3,0,0
Zone_DH403,5701658757,90.3539048,23.803191,0.00193587,4,3,0,0
Zone_DH403,4524378246,90.3575739,23.8067784,0.06192875,3,3,0,0
Zone_DH403,4524378247,90.3581238,23.8060901,0.02275954,4,3,0,0
Zone_DH403,4524378248,90.3574919,23.8056391,0.00405759,4,3,0,0
Zone_DH403,11337853062,90.3456268,23.8030716,0.0,4,1,0,0
Zone_DH403,4524378252,90.3596362,23.806179,0.03853364,3,3,0,0
Zone_DH403,4524378255,90.359351,23.8055513,0.00767131,4,3,0,1
Zone_DH403,4524378256,90.3573068,23.8058647,0.03496147,3,3,0,0
Zone_DH403,4524378257,90.3568031,23.8055108,0.05498996,3,3,0,0
Zone_DH403,4476151964,90.3443079,23.8062487,0.001207,4,2,0,1
Zone_DH403,11250919609,90.3569846,23.8175277,0.0,4,1,0,0
Zone_DH403,3779111112,90.3694266,23.812862,0.000207,4,2,0,0
Zone_DH403,3853732050,90.355271,23.8012226,0.00517057,4,3,0,0
Zone_DH403,4526082259,90.3565933,23.8179134,0.0,4,1,0,0
Zone_DH403,4526082260,90.3560605,23.817951,0.06139668,3,3,0,1
Zone_DH403,6121449699,90.3506606,23.8063619,0.00996796,4,3,0,1
Zone_DH403,6121449701,90.3500794,23.8060243,0.0,4,1,0,0
Zone_DH403,386230520,90.3680085,23.80342,0.00308747,4,3,0,0
Zone_DH403,386230524,90.3689233,23.8038139,0.001207,4,3,0,1
Zone_DH403,4459292935,90.3570505,23.8074336,0.0646671,3,3,0,0
Zone_DH403,4476487955,90.3518125,23.8181081,0.0,4,1,0,0
Zone_DH403,4476487959,90.3526082,23.8182937,0.00361882,4,4,0,1
Zone_DH403,4476487961,90.3520564,23.8184282,0.0,4,1,0,0
Zone_DH403,11301996826,90.3655049,23.8102109,0.06522104,3,3,0,0
Zone_DH403,11301996825,90.3652978,23.8111802,0.00437392,4,3,0,0
Zone_DH403,4476487965,90.3542842,23.8190304,0.00784842,4,3,0,0
Zone_DH403,3713304860,90.363522,23.8100037,0.00833895,4,3,0,0
Zone_DH403,3732007200,90.3659004,23.8058922,0.00290744,4,3,0,0
Zone_DH403,4450126116,90.3513448,23.8074117,0.03291846,3,3,0,1
Zone_DH403,12299831594,90.3590924,23.8118227,0.03552051,3,3,0,1
Zone_DH403,4020971819,90.3563614,23.8134032,0.14632987,1,3,0,0
Zone_DH403,3713296684,90.3671281,23.8087289,0.00812539,4,3,0,0
Zone_DH403,12299831595,90.3591089,23.8117463,0.03556424,3,3,0,1
Zone_DH403,12299831596,90.3591752,23.8116411,0.03503363,3,2,0,0
Zone_DH403,4450126153,90.3517989,23.8076324,0.00241327,4,3,0,1
Zone_DH403,11998865739,90.3549262,23.8033847,0.06596521,3,3,0,0
Zone_DH403,11998865741,90.3546402,23.8037133,0.00314214,4,4,0,0
Zone_DH403,11998865743,90.3542073,23.8042297,0.00102478,4,3,0,0
Zone_DH403,11998865745,90.3544293,23.8039669,0.00190234,4,4,0,0
Zone_DH403,4206127457,90.3666788,23.8199042,0.00125365,4,3,0,0
Zone_DH403,6344100205,90.3645509,23.8074685,0.0,4,1,0,0
Zone_DH403,1747560815,90.355256,23.8173772,0.0035729,4,3,0,0
Zone_DH403,3556591988,90.3557904,23.800114,0.02563127,3,4,0,1
Zone_DH403,3516778884,90.3553416,23.8000944,0.0343485,3,3,0,0
Zone_DH403,3516778888,90.3555026,23.8001076,0.03471949,3,3,0,0
Zone_DH403,6292228495,90.3580003,23.8081471,0.13168187,2,3,0,0
Zone_DH403,4474571154,90.3466126,23.8047807,0.00861664,4,3,0,0
Zone_DH403,4474571155,90.3473033,23.8051948,0.03128945,3,3,0,0
Zone_DH403,6292228500,90.3612267,23.8095158,0.07111464,3,3,0,0
Zone_DH403,4474571156,90.347115,23.8054744,0.03043303,3,3,0,0
Zone_DH403,3732375976,90.368992,23.804458,0.0,4,1,0,0
Zone_DH403,3732375977,90.3695261,23.8046326,0.001207,4,2,0,1
Zone_DH403,4474571183,90.3453371,23.8056936,0.00362392,4,3,0,0
Zone_DH403,3782797752,90.3690078,23.811366,0.0004723,4,2,0,0
Zone_DH403,4463077817,90.3566924,23.8120638,0.15227668,1,3,0,0
Zone_DH403,4463077822,90.3569596,23.8146332,0.0,4,1,0,0
Zone_DH403,4463077823,90.356048,23.8149316,0.13939691,2,3,0,0
Zone_DH403,4463077824,90.3568447,23.815099,0.00422815,4,4,0,1
Zone_DH403,4463077825,90.3575877,23.8152808,0.0,4,1,0,0
Zone_DH403,4463077826,90.356032,23.8155379,0.1139238,2,3,0,0
Zone_DH403,4463077827,90.3566627,23.8157143,0.00264505,4,3,0,1
Zone_DH403,4463077828,90.3572588,23.8158662,0.0,4,1,0,0
Zone_DH403,4463077829,90.3560137,23.8159005,0.11075761,2,3,0,1
Zone_DH403,4463077830,90.3570014,23.8161817,0.0,4,1,0,0
Zone_DH403,4463077831,90.3559981,23.8162505,0.10677874,2,3,0,1
Zone_DH403,4463077832,90.356763,23.8164678,0.0,4,1,0,0
Zone_DH403,4611623388,90.3627411,23.7993069,1.46e-06,4,2,0,0
Zone_DH403,4400007650,90.3539359,23.8160895,0.00567203,4,4,0,0
Zone_DH403,4611508710,90.3618651,23.8006522,0.0,4,1,0,0
Zone_DH403,4611508712,90.3616044,23.8003959,0.00241327,4,3,0,1
Zone_DH403,4611508713,90.3615924,23.8006607,0.0,4,1,0,0
Zone_DH403,392522221,90.3467951,23.8153387,0.001207,4,2,0,1
Zone_DH403,6087404025,90.3612729,23.8153967,0.0,4,1,0,0
Zone_DH403,4611508749,90.3614109,23.7999976,0.0146808,4,3,0,0
Zone_DH403,4611508750,90.3616142,23.7999982,0.00883603,4,3,0,1
Zone_DH403,3781626409,90.3688908,23.811756,0.00963195,4,3,0,0
Zone_DH403,4611508788,90.3613197,23.8013483,0.02055181,4,3,0,0
Zone_DH403,13049645645,90.3544971,23.8108723,0.0,4,1,0,0
Zone_DH403,12010261074,90.3660779,23.8089892,0.00238412,4,3,0,0
Zone_DH403,4486376030,90.3694782,23.8058155,0.001207,4,2,0,0
Zone_DH403,4486376031,90.368556,23.8069555,0.02679381,3,3,0,0
Zone_DH403,6349204078,90.3617709,23.8023988,0.01922819,4,3,0,1
Zone_DH403,12049427070,90.3575784,23.8091011,0.13775988,2,3,0,0
Zone_DH403,5988412031,90.3582478,23.8087596,0.00677334,4,3,0,0
Zone_DH403,1683139203,90.3514448,23.7990439,0.00015743,4,2,0,0
Zone_DH403,7866428058,90.3615282,23.8206182,0.00962029,4,3,0,1
Zone_DH403,7866428060,90.359883,23.8220075,0.0,4,1,0,0
Zone_DH403,3853617833,90.3640151,23.811602,0.01086738,4,3,0,0
Zone_DH403,264882869,90.3610793,23.8102542,0.06937411,3,3,0,0
Zone_DH403,264882876,90.3644258,23.8102107,0.075275,3,3,0,0
Zone_DH403,11251321542,90.3527648,23.8145828,0.0047245,4,3,0,0
Zone_DH403,4356025035,90.3575515,23.8222165,0.00481926,4,2,0,1
Zone_DH403,10272901836,90.3526469,23.8038913,0.00955251,4,3,0,0
Zone_DH403,10272901837,90.3525287,23.8038303,0.00553136,4,3,0,0
Zone_DH403,9548802780,90.3548882,23.8220155,0.0012019,4,3,0,0
Zone_DH403,386231036,90.3654299,23.8013017,0.00397231,4,3,0,1
Zone_DH403,386231040,90.3665036,23.8019221,0.0,4,1,0,0
Zone_DH403,4611623691,90.3628608,23.7996587,0.00054519,4,3,0,0
Zone_DH403,4611623696,90.3616558,23.7990413,0.00067493,4,2,0,0
Zone_DH403,3732876049,90.3588413,23.8079304,0.04881866,3,3,0,0
Zone_DH403,9801411350,90.3516878,23.8060997,0.12006157,2,3,0,0
Zone_DH403,9801411351,90.3515425,23.8059935,0.13801134,2,4,0,0
Zone_DH403,9801411356,90.3517018,23.8060181,0.13462138,2,3,0,0
Zone_DH403,9801411372,90.3516467,23.8061272,0.05150234,3,3,0,0
Zone_DH403,4019735349,90.3554667,23.8109515,0.01520777,4,3,0,0
Zone_DH403,3833744184,90.3566961,23.8186312,0.0,4,1,0,0
Zone_DH403,3833744185,90.3575773,23.8188715,0.01510354,4,4,0,1
Zone_DH403,264883009,90.36722,23.8054804,0.01519902,4,3,0,0
Zone_DH403,4376972100,90.361937,23.8139149,0.01561156,4,3,0,0
Zone_DH403,264883015,90.3651517,23.8046086,0.04672317,3,3,0,0
Zone_DH403,3448359751,90.3669953,23.8062885,0.0105219,4,3,0,0
Zone_DH403,264883017,90.3645878,23.8056611,0.01421433,4,3,0,0
Zone_DH403,4376972111,90.3635331,23.8142011,0.00740527,4,3,0,0
Zone_DH403,4376972112,90.3622038,23.8143588,0.00857437,4,3,0,0
Zone_DH403,4376972113,90.3634479,23.8145712,0.00407727,4,3,0,0
Zone_DH403,12012841824,90.3607505,23.811582,0.10509797,2,3,0,0
Zone_DH403,12012841825,90.3598545,23.8119305,0.0,4,1,0,0
Zone_DH403,12012841827,90.3608075,23.811846,0.10471605,2,3,0,1
Zone_DH403,6253177701,90.3579669,23.8045929,0.02008388,4,3,0,1
Zone_DH403,6253177702,90.3582111,23.8047538,0.0,4,1,0,0
Zone_DH403,5202578308,90.3611715,23.8094019,0.17786787,1,4,1,0
Zone_DH403,6342568854,90.3484376,23.8000102,2.19e-06,4,2,0,0
Zone_DH403,6342568855,90.3481375,23.8004032,0.00120481,4,2,0,0
Zone_DH403,6342568856,90.3486891,23.7996904,2.92e-06,4,2,0,0
Zone_DH403,386231194,90.3672372,23.8033888,0.006199,4,3,0,0
Zone_DH403,9944763290,90.3559979,23.8213469,0.00238849,4,3,0,0
Zone_DH403,5660560284,90.3490338,23.7998609,0.00241181,4,3,0,1
Zone_DH403,5660560285,90.3492371,23.7995329,0.0,4,1,0,0
Zone_DH403,7160015777,90.3628294,23.8211394,0.001207,4,2,0,1
Zone_DH403,7160015778,90.3623295,23.8209521,0.0,4,1,0,0
Zone_DH403,7160015779,90.3624918,23.8201616,0.00726533,4,3,0,1
Zone_DH403,7160015780,90.3621497,23.8202053,0.0,4,1,0,0
Zone_DH403,9944763307,90.3551801,23.8212507,0.00478937,4,3,0,0
Zone_DH403,9944763308,90.3557183,23.8212688,0.00408092,4,3,0,0
Zone_DH403,3853601712,90.3639258,23.8121697,0.01458022,4,3,0,0
Zone_DH403,3853601713,90.3653764,23.8124165,0.00665745,4,4,0,0
Zone_DH403,3853601714,90.3655404,23.8118377,0.00604011,4,3,0,0
Zone_DH403,4597582776,90.3666362,23.8032922,0.01805545,4,4,0,0
Zone_DH403,12012727231,90.3632241,23.8026189,0.0,4,1,0,0
Zone_DH403,12012727243,90.3629985,23.8033613,0.01207584,4,3,0,1
Zone_DH403,12049173460,90.3553421,23.799668,0.00243951,4,3,0,0
Zone_DH403,12049173468,90.3550649,23.79986,0.00682072,4,3,0,0
Zone_DH403,7140592624,90.3694801,23.8155686,0.0,4,2,0,0
Zone_DH403,4450831363,90.3644067,23.8095263,0.01803431,4,3,0,0
Zone_DH403,4474760200,90.3472135,23.802747,0.0063557,4,3,0,1
Zone_DH403,3713297425,90.3670234,23.8090997,0.00376313,4,3,0,0
Zone_DH403,4597705747,90.3674893,23.804099,0.0,4,1,0,0
Zone_DH403,4597705748,90.3673633,23.8043401,0.01138342,4,3,0,1
Zone_DH403,13146524693,90.3491515,23.8168103,0.01577118,4,3,0,0
Zone_DH403,13146524694,90.3489776,23.8167967,0.01488999,4,3,0,0
Zone_DH403,476646425,90.345849,23.8127888,0.00241254,4,2,0,1
Zone_DH403,13146524698,90.3483806,23.8165362,0.02718448,3,3,0,0
Zone_DH403,4597705755,90.367608,23.8035802,0.00579229,4,3,0,0
Zone_DH403,4597705756,90.3679192,23.803918,0.00278718,4,3,0,0
Zone_DH403,4597705760,90.3676406,23.804468,0.01243298,4,3,0,0
Zone_DH403,4597705768,90.3664303,23.8034907,0.02369468,3,3,0,0
Zone_DH403,11252608054,90.3553805,23.8201337,0.00597086,4,3,0,0
Zone_DH403,11252608055,90.3553122,23.8205335,0.00513923,4,3,0,0
Zone_DH403,476646459,90.3467061,23.8124516,0.00482144,4,3,0,1
Zone_DH403,4459277386,90.3582106,23.8059814,0.02220852,4,3,0,0
Zone_DH403,6349098063,90.3618419,23.8024634,0.01989073,4,3,0,0
Zone_DH403,3556592722,90.3621367,23.8041656,0.03341628,3,3,0,0
Zone_DH403,4432317522,90.3547697,23.8222662,0.0,4,2,0,0
Zone_DH403,6349098068,90.3625476,23.8015077,0.01436958,4,3,0,0
Zone_DH403,4476136530,90.3470113,23.8018056,0.0,4,1,0,0
Zone_DH403,6349098072,90.3634526,23.7998535,0.00139942,4,2,0,0
Zone_DH403,3779112034,90.3686417,23.8129215,0.00211006,4,3,0,0
Zone_DH403,3779112035,90.3693576,23.8130855,0.00025656,4,2,0,0
Zone_DH403,11292740715,90.3615836,23.8173928,0.10168543,2,3,0,0
Zone_DH403,3556592748,90.366897,23.8066497,0.0173674,4,3,0,0
Zone_DH403,11292740717,90.3626844,23.8175965,0.00325001,4,4,0,0
Zone_DH403,11292740716,90.3638326,23.8178089,0.01449275,4,3,0,0
Zone_DH403,4597705840,90.3678968,23.8031567,0.00134257,4,2,0,0
Zone_DH403,4456524922,90.3598884,23.8079356,0.05066924,3,3,0,0
Zone_DH403,7869090943,90.3591555,23.8209836,0.0,4,1,0,0
Zone_DH403,7869090944,90.3590379,23.8216365,0.0,4,1,0,0
Zone_DH403,4450126976,90.352681,23.8080869,0.0,4,1,0,0
Zone_DH403,4456524929,90.3596827,23.8082144,0.01054741,4,3,0,0
Zone_DH403,4525804678,90.3629543,23.819203,0.0,4,1,0,0
Zone_DH403,4525804679,90.3629958,23.8188809,0.00241327,4,3,0,1
Zone_DH403,4525804680,90.3625978,23.8192223,0.0,4,1,0,0
Zone_DH403,4525804684,90.362097,23.8187772,0.00482144,4,3,0,1
Zone_DH403,11252608140,90.3559982,23.8210761,0.00881927,4,3,0,0
Zone_DH403,11252608143,90.355685,23.8218163,5.321e-05,4,3,0,0
Zone_DH403,11252608144,90.3557018,23.8215419,0.00122012,4,3,0,0
Zone_DH403,11252608145,90.3560056,23.8218146,6.851e-05,4,3,0,0
Zone_DH403,11252608146,90.3560083,23.821585,0.00120992,4,3,0,0
Zone_DH403,4456524957,90.3608682,23.808575,0.07199948,3,3,0,0
Zone_DH403,4456524963,90.3606666,23.8088492,0.0729091,3,3,0,0
Zone_DH403,12049403057,90.3589762,23.8053066,0.0,4,1,0,0
Zone_DH403,12049403058,90.359623,23.8050852,0.04329021,3,3,0,0
Zone_DH403,12049403059,90.3595976,23.8046686,0.0,4,1,0,0
Zone_DH403,12049403060,90.3591792,23.8047968,0.00245336,4,4,0,0
Zone_DH403,4459277493,90.3580104,23.806232,0.02304744,3,3,0,0
Zone_DH403,4459277496,90.3587252,23.8062893,0.01003939,4,3,0,0
Zone_DH403,4459277499,90.3577965,23.8064997,0.05913647,3,3,0,0
Zone_DH403,4450127035,90.3516866,23.8107912,0.0,4,1,0,0
Zone_DH403,4450127036,90.3518898,23.8107976,0.0,4,1,0,0
Zone_DH403,4450127038,90.3522151,23.8108241,0.0,4,1,0,0
Zone_DH403,4459277503,90.3585496,23.8065804,0.00995557,4,3,0,0
Zone_DH403,4450127040,90.3522017,23.8109753,0.00241327,4,3,0,1
Zone_DH403,877497539,90.3501515,23.8009051,0.01704232,4,3,0,0
Zone_DH403,4450127043,90.3526232,23.8110356,0.0,4,1,0,0
Zone_DH403,4459277509,90.3582955,23.8067905,0.01291549,4,3,0,0
Zone_DH403,4450127046,90.3518385,23.8113263,0.00842641,4,4,0,1
Zone_DH403,4450127048,90.3521701,23.8113341,0.00482144,4,3,0,1
Zone_DH403,4450127053,90.3518094,23.8116797,0.0,4,1,0,0
Zone_DH403,4456484050,90.3604436,23.8064838,0.004121,4,3,0,0
Zone_DH403,212643032,90.3551082,23.8000788,0.00740308,4,4,0,1
Zone_DH403,4450127064,90.352126,23.8118735,0.0,4,1,0,0
Zone_DH403,5142998255,90.3612505,23.8053959,0.00461882,4,3,0,0
Zone_DH403,877497590,90.3529325,23.8020562,0.06238721,3,4,0,0
Zone_DH403,4525583622,90.3459367,23.803968,0.0096028,4,3,0,0
Zone_DH403,4525583623,90.3456974,23.8043187,0.00496357,4,3,0,0
Zone_DH403,4525583625,90.3465666,23.804849,0.00756489,4,3,0,0
Zone_DH403,4525583626,90.3456193,23.804271,0.0037143,4,3,0,0
Zone_DH403,4525583627,90.3454073,23.8045599,0.00137537,4,3,0,1
Zone_DH403,4525583628,90.3447162,23.8041588,0.0,4,1,0,0
Zone_DH403,4525583629,90.3463806,23.8051247,0.00496357,4,3,0,0
Zone_DH403,2984684819,90.3574736,23.8051824,0.07084496,3,3,0,0
Zone_DH403,3532590355,90.3611697,23.8126532,0.14611559,1,4,0,1
Zone_DH403,3532590361,90.358815,23.8140227,0.0,4,1,0,0
Zone_DH403,4562963748,90.3604722,23.8091136,0.08938146,3,3,0,0
Zone_DH403,6121467173,90.3517448,23.8037799,0.02729162,3,3,0,0
Zone_DH403,4562963749,90.359477,23.8084963,0.02653871,3,3,0,0
Zone_DH403,4142132539,90.34987,23.8070386,0.00482144,4,4,0,1
Zone_DH403,877497661,90.3508914,23.7998481,0.00041618,4,3,0,0
Zone_DH403,3779112256,90.3687523,23.8122488,0.00170846,4,3,0,0
Zone_DH403,3712445764,90.3582245,23.809687,0.0,4,1,0,0
Zone_DH403,877497675,90.3507995,23.8028519,0.01960939,4,3,0,0
Zone_DH403,6487575889,90.363942,23.8120678,0.0149687,4,3,0,0
Zone_DH403,6487575890,90.3626638,23.8118411,0.01979452,4,3,0,0
Zone_DH403,10294521182,90.3652559,23.8189892,0.00911008,4,3,0,0
Zone_DH403,877497699,90.3557345,23.8100371,0.00181269,4,3,0,0
Zone_DH403,4450135428,90.3494165,23.8073951,0.00241254,4,2,0,1
Zone_DH403,11182493067,90.3681246,23.8084507,0.0411991,3,3,0,1
Zone_DH403,11182493069,90.3675297,23.8080011,0.0,4,1,0,0
Zone_DH403,5701660055,90.3537096,23.8034694,0.00179082,4,3,0,0
Zone_DH403,5701660056,90.3550887,23.8044691,0.00274709,4,3,0,0
Zone_DH403,4474523034,90.3461875,23.8068758,0.00241327,4,3,0,1
Zone_DH403,877497762,90.3513389,23.8020027,0.00168805,4,3,0,0
Zone_DH403,4474523046,90.3461607,23.8069164,0.0,4,1,0,0
Zone_DH403,9754176936,90.3609494,23.8223223,0.001207,4,2,0,1
Zone_DH403,4018048427,90.3560086,23.8048818,0.02007149,4,3,0,0
Zone_DH403,4018048428,90.3568475,23.8054563,0.05758034,3,3,0,0
Zone_DH403,9754176942,90.3551004,23.8215168,0.00358383,4,3,0,0
Zone_DH403,12787707325,90.3500223,23.8097575,0.02857807,3,3,0,1
Zone_DH403,12787707332,90.348628,23.8089979,0.0,4,1,0,0
Zone_DH403,4474523082,90.3470965,23.8070396,0.0,4,1,0,0
Zone_DH403,12787707362,90.3490069,23.8106091,0.00241254,4,2,0,1
Zone_DH403,4474523110,90.3468177,23.80726,0.0,4,1,0,0
Zone_DH403,12048959572,90.3633055,23.8001894,0.00293514,4,3,0,0
Zone_DH403,877497833,90.3499547,23.8011767,0.01639801,4,3,0,0
Zone_DH403,12787707369,90.3489064,23.8105634,0.001207,4,2,0,1
Zone_DH403,4450135531,90.3489353,23.8079665,0.001207,4,2,0,1
Zone_DH403,12787707372,90.3491264,23.810699,0.0277909,3,3,0,1
Zone_DH403,12787707371,90.3482629,23.8103385,0.0,4,1,0,0
Zone_DH403,877497839,90.3517711,23.8013701,0.02519031,3,4,0,0
Zone_DH403,3833744882,90.357687,23.8185617,0.01559407,4,3,0,0
Zone_DH403,4450135552,90.348872,23.8082687,0.0,4,1,0,0
Zone_DH403,4584820226,90.3567954,23.8031447,0.01278721,4,3,0,0
Zone_DH403,4584820227,90.3562907,23.8027999,0.00185788,4,3,0,0
Zone_DH403,877497862,90.356976,23.8222151,0.00722305,4,3,0,1
Zone_DH403,877497868,90.3556197,23.8104897,0.00218514,4,4,0,0
Zone_DH403,4450135577,90.3491825,23.8107959,0.04401325,3,4,0,1
Zone_DH403,4450135582,90.3485543,23.8114178,0.03301978,3,3,0,1
Zone_DH403,4450135586,90.3479638,23.8119289,0.02990023,3,3,0,1
Zone_DH403,877497898,90.3523107,23.8029587,0.01437176,4,3,0,0
Zone_DH403,3713306171,90.3626839,23.8098455,0.00418077,4,3,0,0
Zone_DH403,3713306175,90.3628374,23.8090528,0.02920781,3,3,0,0
Zone_DH403,877497920,90.3510799,23.7995741,0.00031706,4,3,0,0
Zone_DH403,3713306180,90.3636818,23.8092424,0.02098257,4,3,0,0
Zone_DH403,877497925,90.3509813,23.8025833,0.00590818,4,4,0,1
Zone_DH403,6102658630,90.3666906,23.8102687,0.06771959,3,4,0,0
Zone_DH403,877497944,90.3561503,23.8096288,0.00443004,4,3,0,0
Zone_DH403,12052491876,90.3536024,23.8067406,0.11531958,2,3,0,0
Zone_DH403,12052491877,90.3530441,23.8053908,0.00478427,4,3,0,0
Zone_DH403,877497975,90.3515238,23.8017321,0.00239214,4,3,0,0
Zone_DH403,3833736855,90.3571958,23.8175922,0.001207,4,3,0,1
Zone_DH403,386035389,90.3551561,23.7991142,0.00061808,4,2,0,0
Zone_DH403,11301998270,90.3681177,23.814256,0.00241327,4,3,0,1
Zone_DH403,11301998271,90.3688172,23.8144166,0.0,4,1,0,0
Zone_DH403,11301375737,90.3608097,23.7992173,0.00169242,4,2,0,0
Zone_DH403,3713355532,90.3667621,23.8133116,0.04833542,3,3,0,0
Zone_DH403,3713355534,90.3652379,23.8130244,0.00695629,4,3,0,0
Zone_DH403,3713355535,90.3652854,23.8128334,0.00411007,4,3,0,0
Zone_DH403,9752350480,90.348693,23.8136549,0.001207,4,2,0,1
Zone_DH403,3713355537,90.3638554,23.8125599,0.01613416,4,3,0,0
Zone_DH403,3713355538,90.3638275,23.8126588,0.01579378,4,3,0,0
Zone_DH403,3713355544,90.3610602,23.8122481,0.05885221,3,3,0,0
Zone_DH403,4525797150,90.349116,23.805638,0.05813647,3,3,0,0
Zone_DH403,9752350498,90.3488696,23.8149046,0.0,4,1,0,0
Zone_DH403,9752350500,90.3478967,23.8150156,0.02831787,3,3,0,1
Zone_DH403,9752350509,90.3481425,23.8157675,0.0270132,3,2,0,0
Zone_DH403,3879374642,90.3600102,23.8172345,0.00357581,4,3,0,0
Zone_DH403,3879374643,90.3604948,23.8173883,0.00825804,4,4,0,1
Zone_DH403,3879374644,90.3603281,23.8178891,0.05348485,3,3,0,0
Zone_DH403,12160110408,90.3561175,23.807499,0.09608774,3,3,0,0
Zone_DH403,12160110410,90.3560971,23.8047744,0.0170088,4,3,0,0
Zone_DH403,12160110414,90.35602,23.804724,0.00590891,4,3,0,0
Zone_DH403,12160110415,90.3559643,23.8046877,0.0,4,2,0,0
Zone_DH403,11900514128,90.3592769,23.8139445,0.00240234,4,3,0,0
Zone_DH403,11900514129,90.3593918,23.8144699,0.00241837,4,3,0,0
Zone_DH403,11900514130,90.3589973,23.8139897,0.001207,4,3,0,1
Zone_DH403,11900514131,90.3591168,23.814516,0.00121429,4,3,0,1
Zone_DH403,12160110418,90.3561953,23.8046553,0.01120776,4,3,0,0
Zone_DH403,12160110421,90.356362,23.8044532,0.01389071,4,3,0,0
Zone_DH403,12160110416,90.3562382,23.8043688,0.00298179,4,3,0,0
Zone_DH403,6087069527,90.3544784,23.8067382,0.01478138,4,3,0,1
Zone_DH403,6087069528,90.3541829,23.8065245,0.0,4,1,0,0
Zone_DH403,6087069529,90.3545968,23.8065946,0.01261811,4,3,0,1
Zone_DH403,6087069530,90.354302,23.8063823,0.0,4,1,0,0
Zone_DH403,12160110427,90.3561081,23.8042259,0.07412485,3,3,0,0
Zone_DH403,6087069532,90.3553119,23.8065471,0.0,4,1,0,0
Zone_DH403,12160110423,90.3561037,23.8045247,0.00172741,4,3,0,0
Zone_DH403,12160110422,90.3559302,23.8045296,0.001207,4,3,0,1
Zone_DH403,12160110424,90.3559991,23.8044529,0.00131706,4,3,0,0
Zone_DH403,12160110428,90.3560787,23.8042611,0.00326896,4,3,0,1
Zone_DH403,12160110426,90.3559042,23.8044707,0.0,4,1,0,0
Zone_DH403,12160110439,90.3559883,23.8046596,0.00425439,4,3,0,0
Zone_DH403,4208414576,90.3677598,23.8184904,6.56e-06,4,3,0,0
Zone_DH403,4208414585,90.3676575,23.8189005,1.895e-05,4,2,0,0
Zone_DH403,12049199003,90.3546577,23.8007391,0.03169178,3,3,0,0
Zone_DH403,12049199007,90.350071,23.8056881,0.0,4,1,0,0
Zone_DH403,12049199008,90.3498401,23.8055977,0.0,4,1,0,0
Zone_DH403,6087421857,90.3563124,23.8068316,0.01493153,4,3,0,1
Zone_DH403,6087421858,90.3564252,23.8067034,0.0,4,1,0,0
Zone_DH403,12049199013,90.3469366,23.8057392,0.02929236,3,3,0,1
Zone_DH403,12049199014,90.3472164,23.8058857,0.0,4,1,0,0
Zone_DH403,12049199017,90.3519751,23.8046421,0.0072267,4,3,0,0
Zone_DH403,12049199018,90.3520788,23.8047126,0.00914507,4,3,0,0
Zone_DH403,12049199019,90.3514465,23.8052502,0.02909338,3,3,0,0
Zone_DH403,3833737157,90.3586653,23.8180062,0.01217278,4,3,0,0
Zone_DH403,11372539860,90.3586362,23.8064678,0.01037758,4,3,0,0
Zone_DH403,11372539865,90.3594402,23.8067404,0.07612194,3,3,0,0
Zone_DH403,6356045794,90.3533295,23.8078791,0.01163998,4,3,0,1
Zone_DH403,6356045795,90.353224,23.8081611,0.0,4,1,0,0
Zone_DH403,3985641459,90.3664458,23.8144929,0.04445858,3,3,0,0
Zone_DH403,3985641461,90.3650513,23.8142361,0.00383164,4,3,0,0
Zone_DH403,3985641462,90.365078,23.8141267,0.00393441,4,3,0,0
Zone_DH403,3985641467,90.3637849,23.814757,0.00214869,4,3,0,0
Zone_DH403,12048945153,90.3662105,23.802202,0.0,4,1,0,0
Zone_DH403,12048945157,90.3666003,23.8024736,0.0047952,4,3,0,1
Zone_DH403,12048945158,90.3632141,23.8005217,0.00653063,4,2,0,0
Zone_DH403,6122934277,90.3614386,23.8148832,0.001207,4,3,0,1
Zone_DH403,6122934280,90.3613786,23.8141698,0.0054694,4,3,0,0
Zone_DH403,12013042696,90.3605238,23.8017735,0.00361517,4,3,0,1
Zone_DH403,12048945165,90.3625608,23.8014881,0.02032586,4,3,0,0
Zone_DH403,12048945166,90.3626198,23.8015216,0.04071149,3,3,0,0
Zone_DH403,12013042697,90.3608134,23.8016655,0.0,4,1,0,0
Zone_DH403,12048945168,90.3621396,23.8024829,0.03220928,3,3,0,1
Zone_DH403,4597526545,90.3625218,23.8036235,0.02300663,4,3,0,0
Zone_DH403,4597526546,90.3617595,23.8031054,0.03325739,3,3,0,0
Zone_DH403,4597526544,90.3626655,23.8037314,0.00328937,4,3,0,0
Zone_DH403,12013042698,90.360733,23.8018471,0.001207,4,3,0,1
Zone_DH403,12013042701,90.360559,23.8022032,0.001207,4,3,0,1
Zone_DH403,3734859820,90.3613849,23.8087734,0.04250158,3,3,0,0
Zone_DH403,6102449378,90.3567145,23.817522,0.0,4,1,0,0
Zone_DH403,8870883419,90.3509786,23.8078979,0.03309849,3,3,0,1
Zone_DH403,386035805,90.3548832,23.7995071,0.00182216,4,2,0,0
Zone_DH403,8870883426,90.3500915,23.8074516,0.0,4,1,0,0
Zone_DH403,6273159277,90.3543822,23.8144579,0.00760279,4,4,0,0
Zone_DH403,5660250236,90.3463858,23.8192895,0.00241327,4,3,0,1
Zone_DH403,4359950462,90.3566171,23.8189783,0.0,4,1,0,0
Zone_DH403,4359950463,90.3572141,23.819154,0.00983531,4,3,0,1
Zone_DH403,4459196544,90.3544245,23.8024451,0.00611882,4,3,0,0
Zone_DH403,4359950464,90.3576441,23.819263,0.0020605,4,3,0,0
Zone_DH403,5660250239,90.3470537,23.8195324,0.00361663,4,3,0,1
Zone_DH403,5660250238,90.3470162,23.8202587,0.001207,4,3,0,1
Zone_DH403,5660250240,90.348613,23.8196007,0.00708748,4,3,0,0
Zone_DH403,5660250244,90.3486045,23.8189537,0.01644028,4,3,0,0
Zone_DH403,5660250247,90.3479819,23.8210493,0.0,4,1,0,0
Zone_DH403,5660250248,90.3520667,23.8196625,0.0,4,1,0,0
Zone_DH403,12052394121,90.3573337,23.8025648,0.01858898,4,4,0,0
Zone_DH403,12052394122,90.3628139,23.8060781,0.05535585,3,3,0,0
Zone_DH403,4034252937,90.354668,23.8102552,0.01488488,4,3,0,0
Zone_DH403,12052394123,90.3600639,23.8043307,0.06500383,3,4,0,0
Zone_DH403,4359950477,90.3575475,23.8196066,0.00028207,4,3,0,0
Zone_DH403,6237548686,90.3559541,23.8032,0.00420774,4,3,0,0
Zone_DH403,6237548687,90.3564592,23.8035441,0.01193079,4,3,0,0
Zone_DH403,4359950480,90.357016,23.8199393,0.02187033,4,3,0,0
Zone_DH403,4359950479,90.3583244,23.8196985,0.00101968,4,3,0,0
Zone_DH403,4359950482,90.3582664,23.820097,0.01436302,4,3,0,0
Zone_DH403,4359950483,90.3586811,23.8201518,0.02810431,3,3,0,1
Zone_DH403,4359950484,90.3588122,23.8201691,0.03195855,3,3,0,1
Zone_DH403,12052394133,90.3614087,23.8051826,0.00218514,4,3,0,0
Zone_DH403,4359950485,90.3573107,23.8203243,0.01428065,4,3,0,0
Zone_DH403,4359950487,90.3568791,23.8209132,0.02654745,3,3,0,0
Zone_DH403,4359950481,90.3574933,23.819995,0.01401024,4,3,0,0
Zone_DH403,12052394138,90.358837,23.8035533,0.02533171,3,3,0,0
Zone_DH403,392523930,90.3505545,23.8043059,0.00853137,4,3,0,0
Zone_DH403,392523931,90.349941,23.805189,0.1062729,2,4,0,0
Zone_DH403,392523934,90.3510603,23.8058228,0.11382322,2,5,0,0
Zone_DH403,4459196581,90.3557884,23.8033969,0.00381269,4,3,0,0
Zone_DH403,392523949,90.3527818,23.7998909,0.00580978,4,3,0,0
Zone_DH403,6087430318,90.358373,23.8076699,0.0159308,4,3,0,0
Zone_DH403,6087430319,90.3586635,23.80719,0.00125,4,3,0,0
Zone_DH403,392523952,90.3544711,23.8010087,0.03659486,3,3,0,0
Zone_DH403,3779129525,90.3696028,23.8088953,1.676e-05,4,2,0,0
Zone_DH403,3735417014,90.3615301,23.7993644,0.00221794,4,3,0,0
Zone_DH403,11338150095,90.3688922,23.8178525,0.00236735,4,2,0,0
Zone_DH403,11338150097,90.3689878,23.8175094,0.00475803,4,2,0,0
Zone_DH403,11338150099,90.3690789,23.8171544,0.00705396,4,2,0,0
Zone_DH403,12012736725,90.3629109,23.8027109,0.0,4,1,0,0
Zone_DH403,3639300312,90.3643602,23.815412,0.03771731,3,3,0,0
Zone_DH403,3639300314,90.363645,23.818661,0.01110572,4,3,0,0
Zone_DH403,3639300315,90.3614422,23.8176232,0.10153091,2,3,0,0
Zone_DH403,3639300316,90.3637775,23.8180593,0.0127617,4,3,0,0
Zone_DH403,3639300317,90.3637592,23.8181421,0.01203502,4,3,0,0
Zone_DH403,3639300318,90.3647954,23.818391,0.00232289,4,3,0,0
Zone_DH403,3639300321,90.3673329,23.8172824,0.01786594,4,3,0,0
Zone_DH403,3713356002,90.3662116,23.8075746,0.01598037,4,3,0,0
Zone_DH403,3639300323,90.3671913,23.8177747,0.01570413,4,3,0,0
Zone_DH403,12012736740,90.3625276,23.803042,0.02816189,3,3,0,1
Zone_DH403,3639300327,90.3670466,23.8183318,0.00952918,4,3,0,0
Zone_DH403,3639300330,90.3669395,23.8188345,0.00600949,4,3,0,0
Zone_DH403,4029362410,90.3578419,23.8189501,0.0,4,1,0,0
Zone_DH403,3639300332,90.3669641,23.8187501,0.00838195,4,3,0,0
Zone_DH403,3639300334,90.366883,23.8191181,0.00481415,4,2,0,0
Zone_DH403,3639300335,90.3668071,23.8194107,0.00363121,4,3,0,0
Zone_DH403,13049630960,90.3553408,23.8112254,0.0,4,1,0,0
Zone_DH403,4438503672,90.3512725,23.7992942,0.00096939,4,3,0,0
Zone_DH403,5667115277,90.3638571,23.8199967,0.00549491,4,3,0,0
Zone_DH403,5667115279,90.3624244,23.8196685,0.0020226,4,3,0,1
Zone_DH403,12160110417,90.3560358,23.8046041,0.00431998,4,4,0,0
Zone_DH403,5667115282,90.3625248,23.8204034,0.0058557,4,3,0,1
Zone_DH403,5667115284,90.362461,23.8199366,0.01039435,4,3,0,0
Zone_DH403,13049630999,90.3525391,23.8170414,0.0465978,3,3,0,1
Zone_DH403,12160110419,90.3558261,23.8046567,0.0,4,1,0,0
Zone_DH403,12160110420,90.356131,23.8042958,0.00340963,4,3,0,0
Zone_DH403,4613329197,90.3657284,23.8002663,0.00122887,4,3,0,1
Zone_DH403,3639308607,90.366775,23.8195651,0.00243951,4,2,0,0
Zone_DH403,11905847629,90.3586087,23.8151839,0.0,4,1,0,0
Zone_DH403,4017787214,90.349069,23.8118007,0.00241327,4,3,0,1
Zone_DH403,4017787218,90.3495344,23.8114073,0.0,4,1,0,0
Zone_DH403,3639308631,90.3672776,23.8175063,0.01685063,4,3,0,0
Zone_DH403,6253179227,90.3539625,23.8064047,0.0,4,1,0,0
Zone_DH403,4359950689,90.3572229,23.8209548,0.01077627,4,3,0,1
Zone_DH403,6087405924,90.3610294,23.8142136,0.00427771,4,3,0,0
Zone_DH403,386027882,90.358722,23.7995922,0.01693154,4,3,0,0
Zone_DH403,386027884,90.3588491,23.7992222,0.00482144,4,3,0,1
Zone_DH403,386027885,90.3589086,23.7989359,0.00252187,4,2,0,0
Zone_DH403,3985641838,90.3641228,23.8134814,0.00769244,4,3,0,0
Zone_DH403,4020154744,90.3564495,23.8129915,0.14891661,1,3,0,0
Zone_DH403,4020154745,90.3573087,23.8132203,0.00026239,4,3,0,0
Zone_DH403,4020154746,90.357404,23.8127487,0.00093441,4,3,0,0
Zone_DH403,3713290622,90.3653053,23.8082226,0.01735646,4,3,0,0
Zone_DH403,3713290623,90.365307,23.8078426,0.01567279,4,4,0,1
Zone_DH403,3713347975,90.3660782,23.8102145,0.05944259,3,3,0,0
Zone_DH403,3713347976,90.3661292,23.8097972,0.0080423,4,3,0,0
Zone_DH403,4476506561,90.3618948,23.8117986,0.00442786,4,3,0,0
Zone_DH403,4476506562,90.3609567,23.8119887,0.04107592,3,3,0,0
Zone_DH403,4476506563,90.3618318,23.8121441,0.00458383,4,3,0,0
Zone_DH403,5142778309,90.357539,23.8077687,0.05756941,3,3,0,0
Zone_DH403,5142778310,90.3574039,23.8069912,0.06279391,3,3,0,0
Zone_DH403,4476506566,90.359723,23.8123899,0.001207,4,3,0,1
Zone_DH403,5142778311,90.3579026,23.8073077,0.02735358,3,3,0,0
Zone_DH403,7140594138,90.3680473,23.8151269,0.00132362,4,3,0,0
Zone_DH403,7140594140,90.3679526,23.8154886,0.01648401,4,3,0,0
Zone_DH403,7140594142,90.3686472,23.8157308,0.01516987,4,3,0,0
Zone_DH403,7140594144,90.3693851,23.8159406,4.155e-05,4,3,0,0
Zone_DH403,7140594145,90.3677275,23.81585,0.00143222,4,3,0,0
Zone_DH403,7140594148,90.3685554,23.8160846,0.01289435,4,3,0,0
Zone_DH403,3093795317,90.3642249,23.81022,0.0178951,4,3,0,0
Zone_DH403,3093795319,90.3637439,23.8130542,0.00690454,4,3,0,0
Zone_DH403,3093795320,90.3636139,23.8137976,0.00334695,4,3,0,0
Zone_DH403,3093795322,90.3632999,23.8151305,0.0014293,4,3,0,0
Zone_DH403,11991724539,90.3649802,23.8045048,0.01425077,4,3,0,0
Zone_DH403,11991724540,90.3651242,23.8059616,0.02178432,4,3,0,0
Zone_DH403,11991724541,90.3651132,23.8060836,0.03322459,3,3,0,0
Zone_DH403,11991724542,90.36356,23.8050514,0.04842142,3,3,0,0
Zone_DH403,1736176130,90.3574622,23.8033109,0.00844244,4,3,0,0
Zone_DH403,6122934811,90.3596269,23.8136733,0.01678722,4,3,0,1
Zone_DH403,10118156828,90.3583579,23.8083755,0.05670279,3,3,0,0
Zone_DH403,6122934813,90.3585541,23.8137243,0.0,4,1,0,0
Zone_DH403,6122934814,90.3597658,23.8131355,0.01913708,4,3,0,1
Zone_DH403,6122934818,90.3607839,23.8148141,0.0,4,1,0,0
Zone_DH403,6122934819,90.3616358,23.8141534,0.00909697,4,3,0,0
Zone_DH403,12052468261,90.3573421,23.8026351,0.00931417,4,3,0,0
Zone_DH403,6122934821,90.3617297,23.8148248,0.00239651,4,3,0,0
Zone_DH403,12052468265,90.3568439,23.8040444,0.0125445,4,3,0,0
Zone_DH403,3740078653,90.3687805,23.8182607,0.0,4,1,0,0
Zone_DH403,12013089346,90.3584457,23.7994764,0.0,4,1,0,0
Zone_DH403,12013089347,90.3587564,23.7995268,0.00954449,4,3,0,1
Zone_DH403,11309036117,90.3591118,23.8136751,0.001207,4,3,0,1
Zone_DH403,12299874903,90.3599162,23.8113292,0.01686084,4,3,0,1
Zone_DH403,12299874906,90.3601453,23.8112566,0.0,4,1,0,0
Zone_DH403,3879367263,90.36382,23.8189761,0.0,4,1,0,0
Zone_DH403,12299874915,90.3594367,23.8121267,0.0,4,1,0,0
Zone_DH403,12299874916,90.3582818,23.812429,0.0,4,1,0,0
Zone_DH403,6087176805,90.3647485,23.8102214,0.07029831,3,3,0,0
Zone_DH403,3879367271,90.3610065,23.8171109,0.0,4,1,0,0
Zone_DH403,3879367272,90.3608807,23.8175065,0.00241327,4,3,0,1
Zone_DH403,4597584492,90.3661464,23.8036913,0.03551468,3,4,0,0
Zone_DH403,5753606767,90.3560004,23.8171823,0.09581077,3,4,0,1
Zone_DH403,5753606769,90.3568498,23.8171558,0.0,4,1,0,0
Zone_DH403,3813405301,90.364776,23.8154087,0.00670046,4,3,0,0
Zone_DH403,4399968886,90.35392,23.8164057,0.0056713,4,4,0,0
Zone_DH403,3813405302,90.3648761,23.8149883,0.00558675,4,3,0,0
Zone_DH403,3813405303,90.3634198,23.814685,0.00312246,4,3,0,0
Zone_DH403,12153500281,90.3553335,23.8073245,0.11158269,2,3,0,0
Zone_DH403,12153500285,90.3589795,23.8099258,0.0,4,1,0,0
Zone_DH403,12153500286,90.3594276,23.8096498,0.0,4,1,0,0
Zone_DH403,3713266303,90.3651577,23.8090038,0.01131709,4,4,0,0
Zone_DH403,12299874955,90.3594931,23.8114752,0.03546074,3,2,0,0
Zone_DH403,12299874956,90.3598439,23.8113313,0.03782664,3,3,0,0
Zone_DH403,4021883537,90.3546876,23.8020651,0.00571503,4,3,0,0
Zone_DH403,4021883538,90.3560801,23.8030503,0.00140817,4,3,0,0
Zone_DH403,12299874970,90.3605446,23.8105701,0.02259919,4,3,0,0
Zone_DH403,11999449755,90.3589104,23.8047755,0.0033003,4,3,0,0
Zone_DH403,11999449756,90.3593872,23.8043668,0.0,4,1,0,0
Zone_DH403,11999449759,90.3592048,23.8045631,0.001207,4,3,0,1
Zone_DH403,392524460,90.3526173,23.8001303,0.00320992,4,3,0,0
Zone_DH403,4206195375,90.3682753,23.8083654,0.00877772,4,3,0,0
Zone_DH403,4206195376,90.3681482,23.8088641,0.00833676,4,3,0,0
Zone_DH403,4206195377,90.3679887,23.8094076,0.00931125,4,3,0,0
Zone_DH403,4206195378,90.3678456,23.8099363,0.01241403,4,3,0,0
Zone_DH403,4206195379,90.3677056,23.8104114,0.01576098,4,3,0,0
Zone_DH403,4206195381,90.3674363,23.8114175,0.0946927,3,3,0,0
Zone_DH403,4206195382,90.3672986,23.8119326,0.08336467,3,3,0,0
Zone_DH403,4206195383,90.3671999,23.8124603,0.08227502,3,3,0,0
Zone_DH403,4206195384,90.3670572,23.8129569,0.07875533,3,3,0,1
Zone_DH403,3985642169,90.3639069,23.8143375,0.00538631,4,4,0,0
Zone_DH403,3985642168,90.3635205,23.8142572,0.00645702,4,3,0,0
Zone_DH403,3985642171,90.3649743,23.8145669,0.00627334,4,3,0,0
Zone_DH403,4206195388,90.3663751,23.8153887,0.04879898,3,3,0,0
Zone_DH403,392524477,90.3524403,23.8003968,0.00852772,4,3,0,0
Zone_DH403,4206195386,90.3666408,23.8143942,0.07770577,3,3,0,1
Zone_DH403,3713356506,90.366455,23.8066589,0.02991554,3,3,0,0
Zone_DH403,392524521,90.3522515,23.800667,0.00422596,4,3,0,0
Zone_DH403,6122943217,90.3650167,23.820322,0.00842495,4,3,0,1
Zone_DH403,6341006075,90.3644705,23.820548,0.00407071,4,3,0,1
Zone_DH403,6341006076,90.3644115,23.8212296,0.0,4,1,0,0
Zone_DH403,6122943230,90.3667922,23.8205928,0.0,4,1,0,0
Zone_DH403,392524545,90.3506984,23.8001286,0.00051385,4,3,0,0
Zone_DH403,3713299210,90.3670473,23.8090151,0.00429156,4,3,0,0
Zone_DH403,3713299211,90.3679082,23.809226,0.03877635,3,3,0,0
Zone_DH403,7159968532,90.3622408,23.8204197,0.0,4,1,0,0
Zone_DH403,392524579,90.3520621,23.8009443,0.00710206,4,3,0,0
Zone_DH403,392524581,90.3505016,23.8004145,0.00191837,4,3,0,0
Zone_DH403,3833738062,90.3577368,23.8171413,0.03325739,3,3,0,0
Zone_DH403,3833738063,90.357177,23.8187644,0.00253354,4,3,0,0
Zone_DH403,7124087644,90.3572701,23.816998,0.03425447,3,3,0,1
Zone_DH403,4017836898,90.3564252,23.805975,0.02821947,3,3,0,0
Zone_DH403,3713356651,90.3647861,23.8068009,0.0,4,3,0,0
Zone_DH403,7994069867,90.3548839,23.8062463,0.01152992,4,3,0,1
Zone_DH403,392524654,90.3511524,23.8010081,0.02244321,4,4,0,0
Zone_DH403,13031215983,90.3609177,23.813277,0.00359914,4,3,0,1
Zone_DH403,13031215984,90.3609371,23.8137569,0.0089111,4,3,0,0
Zone_DH403,4034278262,90.3550284,23.8121036,0.01679451,4,3,0,0
Zone_DH403,3772765054,90.3686017,23.8127916,0.00292056,4,3,0,0
Zone_DH403,12049527687,90.3649813,23.8072234,0.0,4,1,0,0
Zone_DH403,6349075335,90.3626387,23.801493,0.03193668,3,3,0,0
Zone_DH403,12049527692,90.3658708,23.8070501,0.00241327,4,3,0,1
Zone_DH403,6307582861,90.3561593,23.8057803,0.0,4,1,0,0
Zone_DH403,12049527694,90.3661583,23.8072662,0.0,4,1,0,0
Zone_DH403,6307582863,90.3563036,23.8061243,0.02592792,3,3,0,1
Zone_DH403,6307582864,90.3560467,23.8064399,0.0260941,3,3,0,1
Zone_DH403,6307582867,90.3556986,23.8056091,0.0,4,1,0,0
Zone_DH403,6307582868,90.3562468,23.8067842,0.01551754,4,3,0,1
Zone_DH403,6307582869,90.35617,23.8068809,0.00241327,4,3,0,1
Zone_DH403,6307582870,90.3560882,23.8067533,0.0,4,1,0,0
Zone_DH403,6307582871,90.3562438,23.8070012,0.0,4,1,0,0
Zone_DH403,6102676379,90.3611487,23.8094849,0.15636197,1,4,0,0
Zone_DH403,6102676380,90.3661225,23.8156803,0.05019621,3,3,0,0
Zone_DH403,4585108382,90.3682008,23.8172978,0.00121793,4,3,0,0
Zone_DH403,4585108383,90.3673716,23.8171257,0.02137105,4,3,0,0
Zone_DH403,4585108384,90.3681586,23.8175806,0.00014359,4,3,0,0
Zone_DH403,4585108386,90.3683383,23.8168178,0.00134184,4,3,0,0
Zone_DH403,4585108387,90.3689239,23.8177456,0.00361809,4,3,0,0
Zone_DH403,392524714,90.351876,23.8012167,0.00258747,4,3,0,0
Zone_DH403,4474704813,90.3468476,23.8032867,0.00360642,4,4,0,1
Zone_DH403,3879384057,90.3625673,23.8181039,0.0015503,4,4,0,0
Zone_DH403,3879384058,90.361299,23.81787,0.10165336,2,3,0,0
Zone_DH403,3813397503,90.3692243,23.8165673,0.01063851,4,2,0,0
Zone_DH403,9792386048,90.3612026,23.8149305,0.0,4,1,0,0
Zone_DH403,9792386050,90.3598563,23.8132935,0.0,4,1,0,0
Zone_DH403,9792386051,90.3613663,23.8132683,0.0,4,1,0,0
Zone_DH403,9792386052,90.3603155,23.8132887,0.00121866,4,3,0,1
Zone_DH403,9792386053,90.3603273,23.8137699,0.00296794,4,4,0,1
Zone_DH403,9792386054,90.3603412,23.8143337,0.00124199,4,3,0,1
Zone_DH403,9792386055,90.3597627,23.8137819,0.0,4,1,0,0
Zone_DH403,9792386056,90.361738,23.8137399,0.11996755,2,3,0,0
Zone_DH403,9792386057,90.3598005,23.814338,0.0,4,1,0,0
Zone_DH403,9792386058,90.3610385,23.8143357,0.001207,4,3,0,1
Zone_DH403,3731338263,90.3679256,23.8046144,0.01532074,4,4,0,0
Zone_DH403,3093787672,90.3600209,23.8043878,0.04804314,3,3,0,0
Zone_DH403,3731338264,90.3676043,23.8055708,0.00553209,4,3,0,0
Zone_DH403,3093787673,90.3585413,23.8055674,0.05004096,3,3,0,0
Zone_DH403,3093787674,90.357661,23.8049584,0.02483826,3,3,0,0
Zone_DH403,392524833,90.3524948,23.8026916,0.01370849,4,3,0,0
Zone_DH403,392524835,90.3526889,23.8024098,0.01625661,4,3,0,0
Zone_DH403,392524839,90.3507375,23.8016228,0.00172887,4,3,0,0
Zone_DH403,6087144501,90.3619872,23.8104263,0.02712544,3,3,0,0
Zone_DH403,6087144502,90.3620765,23.8099887,0.00113995,4,3,0,0
Zone_DH403,10185929808,90.360398,23.8031754,0.03711964,3,3,0,0
Zone_DH403,10185929809,90.3604748,23.8030836,0.0307428,3,4,0,0
Zone_DH403,10185929810,90.3589196,23.8022299,0.0226575,4,3,0,0
Zone_DH403,10185929811,90.3589936,23.8021342,0.01128648,4,3,0,0
Zone_DH403,13146526807,90.3491322,23.8169516,5.102e-05,4,3,0,0
Zone_DH403,13146526808,90.3507663,23.8164788,0.04489226,3,3,0,0
Zone_DH403,10724930653,90.3549451,23.7997241,0.00538923,4,4,0,1
Zone_DH403,13146526827,90.3488827,23.8190708,0.0131961,4,3,0,0
Zone_DH403,13146526828,90.34878,23.8189405,0.01277336,4,3,0,0
Zone_DH403,4452742253,90.3638523,23.8177194,0.01579378,4,3,0,0
Zone_DH403,4452742254,90.3649219,23.8179225,0.00219024,4,3,0,0
Zone_DH403,13146526832,90.3492172,23.8195508,0.01177409,4,4,0,0
Zone_DH403,13146526835,90.3491406,23.8188199,0.02777486,3,3,0,0
Zone_DH403,13146526838,90.3493232,23.8192883,0.0219505,4,3,0,0
Zone_DH403,13146526839,90.349438,23.819259,0.01512176,4,3,0,0
Zone_DH403,13146526841,90.3496929,23.8190649,0.00654885,4,3,0,0
Zone_DH403,13146526842,90.349979,23.818949,0.00451605,4,3,0,0
Zone_DH403,5753590907,90.3526381,23.7996961,0.0037471,4,3,0,1
Zone_DH403,5753590908,90.3531505,23.798891,0.0,4,1,0,0
Zone_DH403,392524926,90.3509159,23.8013586,0.00262319,4,3,0,0
Zone_DH403,4488320128,90.3644356,23.8011079,0.00907729,4,3,0,0
Zone_DH403,13146526858,90.3523595,23.8193392,0.0,4,3,0,0
Zone_DH403,6087144594,90.3544896,23.8140559,0.00860571,4,3,0,0
Zone_DH403,12054475924,90.3472748,23.8015327,0.0,4,1,0,0
Zone_DH403,12054475925,90.3477749,23.8016773,0.00209476,4,3,0,1
Zone_DH403,4597658774,90.3692351,23.8068465,0.00241036,4,2,0,0
Zone_DH403,6292223140,90.3675767,23.8104948,0.12219569,2,4,0,0
Zone_DH403,6292223141,90.3676763,23.8105192,0.09910525,2,3,0,0
Zone_DH403,12054475944,90.3479265,23.8014264,0.0021691,4,3,0,1
Zone_DH403,3779130538,90.3694938,23.809293,0.00361882,4,2,0,0
Zone_DH403,12054475949,90.3468104,23.8012444,0.0,4,1,0,0
Zone_DH403,3779114158,90.3695411,23.8097567,0.00137464,4,2,0,0
Zone_DH403,4474705092,90.3462839,23.8041677,0.01116621,4,3,0,0
Zone_DH403,13146526932,90.345587,23.8193052,0.0,4,1,0,0
Zone_DH403,13146526933,90.348604,23.8202608,0.00601022,4,4,0,0
Zone_DH403,13146526934,90.3496012,23.8196388,0.01054595,4,3,0,0
Zone_DH403,13146526935,90.3496354,23.8195775,0.00763851,4,3,0,0
Zone_DH403,13146526939,90.3499068,23.8192767,0.00073178,4,3,0,0
Zone_DH403,4474705118,90.3484858,23.8043274,0.03963641,3,3,0,0
Zone_DH403,392525022,90.3507216,23.8024106,0.0,4,1,0,0
Zone_DH403,392525023,90.3521324,23.8032161,0.01368226,4,3,0,0
Zone_DH403,4474705120,90.3478153,23.8044348,0.00500293,4,3,0,0
Zone_DH403,13146526948,90.351314,23.8192617,0.00121137,4,3,0,0
Zone_DH403,13146526953,90.3501367,23.8190841,0.00037464,4,3,0,0
Zone_DH403,4474705130,90.3475153,23.8048761,0.05532086,3,3,0,0
Zone_DH403,13146526954,90.3501745,23.818867,0.00248179,4,3,0,0
Zone_DH403,4474705132,90.3480709,23.805062,0.05592436,3,3,0,1
Zone_DH403,4359927021,90.3591994,23.8195738,0.0,4,1,0,0
Zone_DH403,13146526957,90.3511531,23.8196561,0.00197231,4,3,0,1
Zone_DH403,13146526955,90.3502892,23.8189843,0.00165379,4,3,0,0
Zone_DH403,392525045,90.3493181,23.8019908,0.01826172,4,3,0,0
Zone_DH403,392525046,90.3519311,23.8035097,0.02552048,3,3,0,0
Zone_DH403,4359927041,90.356506,23.8198882,0.05317654,3,3,0,0
Zone_DH403,4025693453,90.3584268,23.8167806,0.00418733,4,4,0,1
Zone_DH403,4025693454,90.357465,23.816505,0.0,4,1,0,0
Zone_DH403,4359927053,90.3583229,23.8201045,0.02800518,3,3,0,0
Zone_DH403,4359927063,90.3566412,23.8202417,0.02495488,3,3,0,0
Zone_DH403,4524414232,90.3472043,23.8006417,0.001207,4,2,0,1
Zone_DH403,4524414233,90.3471562,23.8008883,0.0,4,1,0,0
Zone_DH403,4359927067,90.359097,23.8202066,0.02624279,3,3,0,1
Zone_DH403,3779114270,90.3686354,23.8125436,0.00060496,4,3,0,0
Zone_DH403,3779114271,90.3694732,23.8127337,0.00131123,4,3,0,0
Zone_DH403,12010108197,90.3608709,23.8116181,0.04134779,3,3,0,0
Zone_DH403,3879327022,90.3641755,23.8187704,0.01203356,4,3,0,0
Zone_DH403,3879327024,90.3637233,23.8205081,0.00586591,4,3,0,0
Zone_DH403,4359927091,90.3577985,23.8203535,0.01454961,4,3,0,1
Zone_DH403,12047152438,90.3642176,23.7997144,0.0,4,1,0,0
Zone_DH403,4359927097,90.3582806,23.8204185,0.01422016,4,3,0,1
Zone_DH403,4359927098,90.3598357,23.8204357,0.02749498,3,3,0,1
Zone_DH403,12047152443,90.3646654,23.7997006,0.001207,4,2,0,1
Zone_DH403,6102676800,90.3608965,23.8106361,0.11078968,2,3,0,0
Zone_DH403,4359927115,90.3577293,23.8208656,0.0,4,1,0,0
Zone_DH403,4359927116,90.3582144,23.8208802,0.0,4,1,0,0
Zone_DH403,4359927119,90.3583431,23.8210032,0.0,4,1,0,0
Zone_DH403,4359927120,90.3582395,23.8214588,0.0,4,1,0,0
Zone_DH403,5415671123,90.3681424,23.8147185,0.00244461,4,2,0,0
Zone_DH403,5415671124,90.3677636,23.8157032,0.00252187,4,3,0,0
Zone_DH403,5415671125,90.367632,23.8162393,0.00028061,4,4,0,0
Zone_DH403,6102676820,90.3634223,23.8050943,0.05619914,3,4,0,0
Zone_DH403,7867028833,90.3650032,23.8197849,0.00575147,4,3,0,0
Zone_DH403,7867028834,90.3650797,23.8195178,0.00569973,4,3,0,1
Zone_DH403,4597437795,90.3630133,23.8016252,0.01793591,4,3,0,1
Zone_DH403,7867028835,90.3649343,23.8200135,0.00472669,4,3,0,0
Zone_DH403,3853604204,90.368161,23.8140771,0.0,4,1,0,0
Zone_DH403,3944650112,90.3575475,23.8176902,0.01444975,4,4,0,0
Zone_DH403,264877445,90.3631516,23.8048062,0.02426756,3,3,0,0
Zone_DH403,4506695046,90.3588274,23.7993092,0.00718005,4,3,0,1
Zone_DH403,264877447,90.3638753,23.8038588,0.03077706,3,3,0,0
Zone_DH403,4506695045,90.3596283,23.7994305,0.0,4,1,0,0
Zone_DH403,5415671178,90.3680176,23.8152543,0.01760428,4,3,0,0
Zone_DH403,5415671179,90.3665132,23.8148907,0.06847396,3,3,0,0
Zone_DH403,264877457,90.3691781,23.8058085,0.00240671,4,2,0,0
Zone_DH403,4456445348,90.3610531,23.8056621,0.00535935,4,3,0,0
Zone_DH403,3516781993,90.3556207,23.7999307,0.00338485,4,3,0,0
Zone_DH403,4360869291,90.3616835,23.8187266,0.01625515,4,3,0,1
Zone_DH403,4456445357,90.3608469,23.8059401,0.01466477,4,3,0,0
Zone_DH403,4456445359,90.3616052,23.8060184,0.00175365,4,4,0,0
Zone_DH403,4360869296,90.3609856,23.8195519,0.036495,3,4,0,1
Zone_DH403,4360869300,90.3614827,23.8196257,0.01166913,4,3,0,0
Zone_DH403,4456445364,90.360647,23.8062096,0.00687757,4,3,0,0
Zone_DH403,3516782011,90.3551162,23.799949,0.0080146,4,3,0,0
Zone_DH403,4456445372,90.3614011,23.8062924,0.00845848,4,3,0,0
Zone_DH403,4456445376,90.362272,23.8068439,0.05277931,3,4,0,0
Zone_DH403,12091684316,90.3478983,23.8118623,0.00930032,4,3,0,1
Zone_DH403,4206196189,90.3660911,23.8164398,0.04304677,3,3,0,0
Zone_DH403,4206196190,90.3659487,23.8169605,0.01632002,4,3,0,0
Zone_DH403,4206196191,90.3658134,23.8174551,0.01517206,4,3,0,0
Zone_DH403,12091684320,90.3473325,23.8121676,0.00841839,4,3,0,1
Zone_DH403,4206196193,90.3655242,23.8185124,0.01312832,4,3,0,0
Zone_DH403,4206196194,90.365378,23.8190566,0.01194245,4,3,0,0
Zone_DH403,4206196195,90.365244,23.8195367,0.0107493,4,3,0,0
Zone_DH403,4206196196,90.3650398,23.8202394,0.00961519,4,3,0,1
Zone_DH403,12091684324,90.3500058,23.8120188,0.0,4,1,0,0
Zone_DH403,4206196192,90.3656653,23.8179965,0.01430033,4,3,0,0
Zone_DH403,12009281008,90.360857,23.8077472,0.00079446,4,3,0,0
Zone_DH403,12009281011,90.3611095,23.8074062,0.00056123,4,3,0,0
Zone_DH403,9879000588,90.3536904,23.8067722,0.11621171,2,4,0,0
Zone_DH403,11250832913,90.3570368,23.8197641,0.00723909,4,3,0,1
Zone_DH403,11250832915,90.3568159,23.8197391,0.0,4,1,0,0
Zone_DH403,12825810470,90.3595999,23.8047069,0.001207,4,3,0,1
Zone_DH403,12825810471,90.3591478,23.8050354,0.04206353,3,3,0,0
Zone_DH403,11250832938,90.3563912,23.8194883,0.04625159,3,3,0,1
Zone_DH403,11250832940,90.3566399,23.8195027,0.0,4,1,0,0
Zone_DH403,4456429104,90.358798,23.8061817,0.04525159,3,3,0,0
Zone_DH403,11250832960,90.355214,23.8193955,0.00804813,4,3,0,0
Zone_DH403,11250832965,90.3560878,23.8195579,0.00973254,4,3,0,0
Zone_DH403,11250832966,90.35609,23.8198329,0.001207,4,3,0,1
Zone_DH403,11250832967,90.3564881,23.8198284,0.05149942,3,3,0,0
Zone_DH403,13049632328,90.3534295,23.8024364,0.0,4,1,0,0
Zone_DH403,11250832969,90.3553256,23.8198232,0.0,4,1,0,0
Zone_DH403,13049632330,90.3534684,23.8023824,0.06491054,3,4,0,1
Zone_DH403,13049632329,90.3535013,23.8023366,0.0,4,1,0,0
Zone_DH403,11250832973,90.3568168,23.8190371,0.00241327,4,3,0,1
Zone_DH403,11250832974,90.3566983,23.8193821,0.0,4,1,0,0
Zone_DH403,1747555936,90.3540213,23.8179332,0.0140445,4,4,0,0
Zone_DH403,1747555940,90.3551745,23.8171234,0.03079965,3,4,0,0
Zone_DH403,4459214443,90.3555883,23.8038618,0.07002571,3,3,0,0
Zone_DH403,4459214452,90.3558595,23.8040519,0.07931947,3,3,0,0
Zone_DH403,4364129915,90.3598197,23.8177624,0.0524987,3,4,0,0
Zone_DH403,9961199235,90.3514683,23.7990097,0.00040015,4,2,0,0
Zone_DH403,264877700,90.3660943,23.8157605,0.04988426,3,3,0,0
Zone_DH403,11250833028,90.3574888,23.8163345,0.0,4,1,0,0
Zone_DH403,6122919568,90.3586925,23.8148822,0.0,4,1,0,0
Zone_DH403,6122919569,90.3597434,23.8147096,0.00241327,4,3,0,1
Zone_DH403,5253895826,90.3596999,23.8165867,0.00179738,4,3,0,0
Zone_DH403,6122919570,90.3596786,23.8144259,0.00722014,4,3,0,1
Zone_DH403,6122919572,90.3595695,23.8138963,0.01200441,4,3,0,1
Zone_DH403,6122919573,90.3587328,23.8145803,0.0,4,1,0,0
Zone_DH403,3734812350,90.3646537,23.8002121,0.00686299,4,3,0,1
Zone_DH403,1813542591,90.3469911,23.8125492,0.0,4,1,0,0
Zone_DH403,6087186112,90.3609438,23.8108343,0.04231135,3,3,0,0
Zone_DH403,6087186111,90.3619461,23.8109918,0.01656054,4,3,0,0
Zone_DH403,4613338834,90.3668646,23.8027402,0.00922379,4,3,0,0
Zone_DH403,4613338845,90.3631739,23.8006021,0.01332074,4,3,0,0
Zone_DH403,4613338856,90.3666771,23.8010092,0.001207,4,2,0,1
Zone_DH403,264877808,90.3619346,23.8141118,0.11368109,2,3,0,0
Zone_DH403,264877813,90.360861,23.8112127,0.04177855,3,3,0,0
Zone_DH403,264877816,90.3612472,23.8094237,0.11611841,2,3,0,0
Zone_DH403,264877823,90.3627733,23.8061335,0.02996583,3,3,0,0
Zone_DH403,264877826,90.3634936,23.805142,0.06545354,3,4,0,0
Zone_DH403,6087186179,90.3612528,23.8126499,0.07524949,3,4,0,0
Zone_DH403,5660423945,90.3470895,23.8023865,0.0,4,1,0,0
Zone_DH403,5660423946,90.3483364,23.8029767,0.01031344,4,4,0,1
Zone_DH403,3732395803,90.3594532,23.8054063,0.00888268,4,3,0,0
Zone_DH403,3732395804,90.3600182,23.8056564,0.04211164,3,3,0,0
Zone_DH403,5660250249,90.3499586,23.8196477,0.00794463,4,3,0,0
Zone_DH403,3738138424,90.3661257,23.8065685,0.03241336,3,3,0,1
Zone_DH403,3738138429,90.3655375,23.8063161,0.03270636,3,3,0,1
Zone_DH403,3639400257,90.3569752,23.8223134,4.37e-06,4,2,0,0
Zone_DH403,13432026950,90.358153,23.8043706,0.02175662,4,4,0,0
Zone_DH403,5660250253,90.3485946,23.8207738,0.00243077,4,4,0,1
Zone_DH403,3639400264,90.356979,23.8218224,0.00960353,4,3,0,0
Zone_DH403,5660250255,90.349347,23.8217297,0.0,4,1,0,0
Zone_DH403,4474771283,90.3478799,23.8015273,0.00336225,4,3,0,0
Zone_DH403,3639400275,90.3562999,23.8191357,0.04688935,3,3,0,0
Zone_DH403,3639400277,90.3562177,23.8188774,0.04833979,3,3,0,0
Zone_DH403,3639400278,90.3546967,23.8192297,0.00780396,4,3,0,0
Zone_DH403,3639400281,90.3560908,23.8183276,0.05345424,3,4,0,1
Zone_DH403,4455978841,90.3525926,23.8039769,0.01032729,4,3,0,0
Zone_DH403,4455978846,90.3536008,23.8046957,0.0091509,4,3,0,0
Zone_DH403,4455978847,90.352055,23.8047434,0.008156,4,3,0,0
Zone_DH403,9880557419,90.3553612,23.8002609,0.0,4,1,0,0
Zone_DH403,4438538093,90.3472457,23.8004562,0.00241254,4,2,0,1
Zone_DH403,386217837,90.3660999,23.8051372,0.0202107,4,3,0,0
Zone_DH403,9880557422,90.3550184,23.800053,0.0,4,1,0,0
Zone_DH403,4474574704,90.3469251,23.8057563,0.02697748,3,3,0,0
Zone_DH403,386791281,90.3694416,23.8061782,6.56e-06,4,2,0,0
Zone_DH403,9880557425,90.3551058,23.7995048,0.0,4,1,0,0
Zone_DH403,9880557426,90.3548736,23.7998166,0.0,4,1,0,0
Zone_DH403,386791284,90.369556,23.8058192,5.83e-06,4,2,0,0
Zone_DH403,9880557428,90.3558462,23.8000444,0.0,4,1,0,0
Zone_DH403,3876665206,90.3662832,23.8150861,0.0438529,3,3,0,0
Zone_DH403,3876665207,90.3649162,23.8148113,0.00555833,4,3,0,0
Zone_DH403,9880557427,90.3556607,23.8002757,0.0,4,1,0,0
Zone_DH403,3734869881,90.3627378,23.8095673,0.08865405,3,3,0,0
Zone_DH403,3734869882,90.3612767,23.8092981,0.11570223,2,3,0,0
Zone_DH403,4438538115,90.3482577,23.8009996,0.01082365,4,3,0,1
Zone_DH403,12009256837,90.3618112,23.8057484,0.00256925,4,3,0,0
Zone_DH403,8148391833,90.3484444,23.8089257,0.0,4,1,0,0
Zone_DH403,3732412316,90.3614011,23.8000703,0.01616477,4,3,0,0
Zone_DH403,4474574753,90.3458086,23.8059726,0.00597888,4,3,0,0
Zone_DH403,5701662640,90.3548861,23.8047153,0.00341546,4,3,0,0
Zone_DH403,5701662641,90.3535209,23.8037384,0.0026589,4,3,0,0
Zone_DH403,5701662651,90.3546625,23.8049871,0.00384622,4,3,0,0
Zone_DH403,5701662652,90.3533231,23.8040203,0.00297887,4,3,0,0
Zone_DH403,12153526213,90.3584292,23.8093653,0.0,4,1,0,0
Zone_DH403,12000278486,90.3567586,23.8092122,0.0,4,1,0,0
Zone_DH403,12000278490,90.3569261,23.80871,0.00146065,4,3,0,1
Zone_DH403,6341195784,90.3542878,23.8148689,0.00738486,4,3,0,0
Zone_DH403,3833739295,90.357945,23.8177969,0.00828428,4,3,0,0
Zone_DH403,4314789920,90.3563166,23.7995606,0.00059257,4,2,0,0
Zone_DH403,3833739296,90.3574713,23.8192192,0.01323109,4,3,0,0
Zone_DH403,264878139,90.3647107,23.821575,0.0,4,1,0,0
Zone_DH403,4329740349,90.3639588,23.8119619,0.01238998,4,3,0,0
Zone_DH403,3713308739,90.3635927,23.8096311,0.07365182,3,3,0,0
Zone_DH403,3713308743,90.3627542,23.8094826,0.08551045,3,3,0,0
Zone_DH403,12054347893,90.3456928,23.8033212,0.0,4,1,0,0
Zone_DH403,4329740369,90.365447,23.8121469,0.00586955,4,3,0,0
Zone_DH403,12054347894,90.3453661,23.8039419,0.0,4,1,0,0
Zone_DH403,386029652,90.3612349,23.8018881,0.0278944,3,3,0,0
Zone_DH403,4329740373,90.3654044,23.8122248,0.00737028,4,3,0,0
Zone_DH403,3772782690,90.3695488,23.8124999,0.00240525,4,2,0,0
Zone_DH403,12054347902,90.3465819,23.8013094,0.0,4,1,0,0
Zone_DH403,6087440511,90.3580952,23.8070487,0.0142843,4,3,0,1
Zone_DH403,11992111271,90.3654084,23.8106797,0.00719025,4,3,0,0
Zone_DH403,11992111278,90.3671212,23.8009325,0.0,4,1,0,0
Zone_DH403,7160174767,90.3606135,23.8170348,0.0,4,1,0,0
Zone_DH403,11992111292,90.3636347,23.8009702,0.00462975,4,3,0,1
Zone_DH403,11992111293,90.3634312,23.8009578,0.005449,4,3,0,1
Zone_DH403,11992111294,90.3634807,23.8009616,0.00503354,4,3,0,1
Zone_DH403,11992111295,90.3634413,23.8006882,0.0,4,1,0,0
Zone_DH403,8960915648,90.3662146,23.8205012,0.0036159,4,3,0,1
Zone_DH403,8960915649,90.3661199,23.8210397,0.0,4,2,0,0
Zone_DH403,8960915650,90.3663977,23.8205302,0.001207,4,2,0,1
Zone_DH403,11992111297,90.3635929,23.8012858,0.0,4,1,0,0
Zone_DH403,11992111296,90.3634601,23.8012686,0.0,4,1,0,0
Zone_DH403,3718904040,90.3623462,23.8015018,0.01357511,4,3,0,0
Zone_DH403,12590430458,90.3632499,23.8035241,0.01482001,4,3,0,0
Zone_DH403,12590430459,90.3622803,23.8034594,0.02084044,4,3,0,0
Zone_DH403,12590430460,90.362568,23.8030724,0.02984557,3,3,0,0
Zone_DH403,3738138925,90.365682,23.8074068,0.0,4,1,0,0
Zone_DH403,4360468782,90.3626281,23.8178406,0.00185715,4,4,0,0
Zone_DH403,4611152186,90.3604384,23.7991318,0.00154155,4,2,0,0
Zone_DH403,4611152188,90.3615266,23.7993925,0.0044038,4,3,0,0
Zone_DH403,3713300813,90.3651486,23.8086086,0.01522381,4,4,0,0
Zone_DH403,6087096662,90.3612831,23.8080106,0.03127925,3,3,0,0
Zone_DH403,3732683095,90.36207,23.8026695,0.05628515,3,4,0,0
Zone_DH403,6087096663,90.3600666,23.8072652,0.00505104,4,3,0,0
Zone_DH403,3639253337,90.3666042,23.8139119,0.04482885,3,3,0,0
Zone_DH403,6087096666,90.3597004,23.8081904,0.01022233,4,3,0,0
Zone_DH403,3639253339,90.3636869,23.8133947,0.01057073,4,3,0,0
Zone_DH403,6087096664,90.361074,23.808295,0.0313033,3,3,0,0
Zone_DH403,6087096665,90.3600509,23.8076445,0.0063936,4,3,0,0
Zone_DH403,11984968041,90.3620399,23.8208703,0.0,4,1,0,0
Zone_DH403,6087186808,90.3614797,23.8130846,0.02910431,3,3,0,0
Zone_DH403,6087186809,90.3636791,23.8134379,0.01089726,4,3,0,0
Zone_DH403,9620167033,90.3599129,23.817851,0.00984114,4,3,0,1
Zone_DH403,9620167036,90.3613094,23.8181791,0.00418296,4,3,0,0
Zone_DH403,9620167035,90.3571192,23.8169559,0.03497605,3,3,0,0
Zone_DH403,9620167038,90.3604575,23.8180134,0.01014143,4,3,0,1
Zone_DH403,9620167040,90.3598037,23.8178176,0.00979813,4,3,0,0
Zone_DH403,9620167041,90.3593306,23.817681,0.04441194,3,4,0,0
Zone_DH403,9620167042,90.3582366,23.8173649,0.02889294,3,3,0,0
Zone_DH403,9620167043,90.3577088,23.8172225,0.04135216,3,4,0,0
Zone_DH403,9620167044,90.357093,23.8170407,0.02712107,3,3,0,0
Zone_DH403,9620167045,90.3612285,23.8182023,0.05889886,3,4,0,0
Zone_DH403,386038172,90.3577497,23.7990893,0.0,4,1,0,0
Zone_DH403,11992070565,90.3687715,23.8121721,0.00854594,4,3,0,0
Zone_DH403,3732830640,90.359992,23.8009863,0.02169175,4,3,0,0
Zone_DH403,4474771889,90.348779,23.8024502,0.01036155,4,4,0,0
Zone_DH403,3732830641,90.3602507,23.799809,0.00526532,4,3,0,0
Zone_DH403,3713292726,90.3661458,23.8078394,0.01643591,4,3,0,0
Zone_DH403,3713309144,90.3629052,23.8087028,0.01493226,4,3,0,0
Zone_DH403,3734870547,90.3611637,23.8098402,0.07058767,3,3,0,0
Zone_DH403,3853703707,90.3554681,23.8037777,0.0689674,3,3,0,0
Zone_DH403,264878624,90.358797,23.8036011,0.03162837,3,4,0,0
Zone_DH403,4524382764,90.3520019,23.8010324,0.00839871,4,3,0,0
Zone_DH403,4524382765,90.3531681,23.8017169,0.00289287,4,3,0,0
Zone_DH403,4524382768,90.3533632,23.8002428,0.01094391,4,3,0,0
Zone_DH403,4456159806,90.3589273,23.8045801,0.00351094,4,3,0,0
Zone_DH403,7124138559,90.3621296,23.8195211,0.0,4,1,0,0
Zone_DH403,12052394124,90.3627552,23.8060449,0.08933189,3,4,0,0
Zone_DH403,4452907588,90.3532876,23.8104393,0.0,4,1,0,0
Zone_DH403,6102473291,90.3569039,23.8210899,0.02309992,3,3,0,0
Zone_DH403,3740072529,90.3691968,23.8166779,0.00951315,4,3,0,0
Zone_DH403,3556612701,90.3550385,23.7995965,0.00423325,4,4,0,1
Zone_DH403,6087088737,90.3598952,23.8058247,0.04098117,3,3,0,0
Zone_DH403,6087088738,90.3600364,23.8058843,0.00056997,4,2,0,0
Zone_DH403,12013042277,90.3619936,23.8018637,0.0,4,1,0,0
Zone_DH403,6087088743,90.3603984,23.8059033,0.00025073,4,2,0,0
Zone_DH403,4017846899,90.3589776,23.8077558,0.03245418,3,3,0,0
Zone_DH403,6087088762,90.3587567,23.8080488,0.0490344,3,3,0,0
Zone_DH403,6087088765,90.359495,23.8084688,0.02610868,3,3,0,0
Zone_DH403,5416303239,90.3598993,23.8079208,0.05112406,3,3,0,0
Zone_DH403,12013042312,90.3609724,23.8010697,0.0,4,1,0,0
Zone_DH403,12013042315,90.3609856,23.8012893,0.00779959,4,3,0,1
Zone_DH403,12098304659,90.3499403,23.8145994,0.0,4,1,0,0
Zone_DH403,12098304661,90.3500721,23.8096779,0.02919469,3,3,0,0
Zone_DH403,12098304662,90.3501682,23.8097197,0.02682661,3,3,0,0
Zone_DH403,12098304666,90.3515272,23.8061921,0.03366263,3,3,0,0
Zone_DH403,264878754,90.3578158,23.8029409,0.01550733,4,3,0,0
Zone_DH403,12098304687,90.3504569,23.8073359,0.0,4,1,0,0
Zone_DH403,12098304688,90.3506301,23.8077421,0.00241327,4,3,0,1
Zone_DH403,12009142961,90.3591163,23.8057726,0.01449348,4,3,0,0
Zone_DH403,12098304689,90.3508324,23.807277,0.0,4,1,0,0
Zone_DH403,12098304691,90.3538541,23.808518,0.01165601,4,3,0,1
Zone_DH403,12098304690,90.3537208,23.8088366,0.0,4,1,0,0
Zone_DH403,12009110213,90.3593588,23.8068512,0.07652646,3,3,0,0
Zone_DH403,4584807119,90.3549579,23.8016747,0.00693515,4,3,0,0
Zone_DH403,4584807120,90.3544158,23.8013321,0.00948181,4,3,0,0
Zone_DH403,12009110228,90.3584342,23.806726,0.01097598,4,3,0,0
Zone_DH403,4359944927,90.3593733,23.8210156,0.0,4,1,0,0
Zone_DH403,4359944930,90.359724,23.8210727,0.00241327,4,3,0,1
Zone_DH403,4359944934,90.3587081,23.821224,0.00962612,4,3,0,1
Zone_DH403,4359944935,90.3582893,23.8212398,0.00241327,4,3,0,1
Zone_DH403,4359944936,90.3591022,23.8212792,0.00241327,4,3,0,1
Zone_DH403,4359944937,90.3586946,23.8213152,0.00482144,4,3,0,1
Zone_DH403,6087088911,90.3595514,23.8050777,0.04587841,3,3,0,0
Zone_DH403,4524415786,90.3470694,23.8026646,0.0,4,1,0,0
Zone_DH403,10991508287,90.3590643,23.8086795,0.05333908,3,3,0,0
Zone_DH403,3732380480,90.3691958,23.8071693,0.00361007,4,2,0,0
Zone_DH403,3731921729,90.3575126,23.8032493,0.00806125,4,3,0,0
Zone_DH403,10991508289,90.358779,23.8094681,0.001207,4,3,0,1
Zone_DH403,12009143108,90.3584896,23.8074763,0.00070773,4,3,0,0
Zone_DH403,10991508293,90.359299,23.8087835,0.05561095,3,3,0,0
Zone_DH403,10991508294,90.3604138,23.8092289,0.05005918,3,3,0,0
Zone_DH403,12009143112,90.357981,23.8072054,0.01452337,4,3,0,0
Zone_DH403,10991508296,90.3597432,23.8089825,0.05092872,3,3,0,1
Zone_DH403,10991508298,90.3590875,23.8095564,0.00313339,4,4,0,1
Zone_DH403,3833740107,90.3577909,23.8182498,0.0166327,4,3,0,0
Zone_DH403,3833740108,90.3585066,23.8184438,0.01062612,4,3,0,0
Zone_DH403,10991508299,90.3593523,23.8088108,0.05328441,3,3,0,0
Zone_DH403,10991508297,90.3594844,23.8100704,0.0,4,1,0,0
Zone_DH403,3740064611,90.366235,23.8159129,0.0441787,3,3,0,0
Zone_DH403,11024956281,90.3520828,23.8082987,0.0,4,1,0,0
Zone_DH403,11024956282,90.3521097,23.8070005,0.0,4,1,0,0
Zone_DH403,4455955326,90.3503424,23.8046198,0.0105044,4,3,0,0
Zone_DH403,4455979906,90.3532943,23.8050649,0.0040299,4,3,0,0
Zone_DH403,4455979925,90.3530229,23.8054199,0.00207654,4,3,0,0
Zone_DH403,4488027037,90.3657304,23.8002287,0.0,4,1,0,0
Zone_DH403,11898764196,90.3590506,23.8124427,0.0,4,1,0,0
Zone_DH403,3765156773,90.3552442,23.800161,0.03193522,3,4,0,1
Zone_DH403,3765156775,90.3547713,23.8008061,0.03178289,3,3,0,0
Zone_DH403,3765156779,90.3536189,23.8024914,0.0660585,3,4,0,0
Zone_DH403,3765156786,90.352337,23.8043854,0.00859769,4,3,0,0
Zone_DH403,3765156792,90.3518344,23.8051338,0.00855979,4,3,0,0
Zone_DH403,4455979960,90.3517142,23.8056988,0.00656926,4,3,0,0
Zone_DH403,3765156796,90.351679,23.8059862,0.13492678,2,3,0,0
Zone_DH403,4455979965,90.3527194,23.8057552,0.00434987,4,3,0,0
Zone_DH403,4455955389,90.3509344,23.8049574,0.02723842,3,3,0,0
Zone_DH403,4455979971,90.3526583,23.8058286,0.00502698,4,3,0,0
Zone_DH403,3765156807,90.3510912,23.8078906,0.02862836,3,3,0,1
Zone_DH403,3731807182,90.3641399,23.8016979,0.01919466,4,3,0,1
Zone_DH403,3731807183,90.3642855,23.8014157,0.01728066,4,3,0,0
Zone_DH403,10100530128,90.3653125,23.8032435,0.00797378,4,3,0,0
Zone_DH403,3731807186,90.3645862,23.8006171,0.00934114,4,3,0,0
Zone_DH403,4455955414,90.3516557,23.8053021,0.03393523,3,3,0,0
Zone_DH403,3731807191,90.364667,23.7997149,0.00361809,4,3,0,1
Zone_DH403,4455980000,90.3524156,23.8061203,0.00256925,4,3,0,0
Zone_DH403,4455980002,90.3523744,23.8061985,0.06385514,3,3,0,0
Zone_DH403,3833756662,90.3582615,23.8172885,0.02261231,4,4,0,0
Zone_DH403,3833756664,90.3595334,23.8170822,6.633e-05,4,3,0,0
Zone_DH403,3713285125,90.3680757,23.8086358,0.04128583,3,3,0,0
Zone_DH403,12013042695,90.3606297,23.801533,0.0,4,1,0,0
Zone_DH403,4476468232,90.358003,23.8216317,0.0,4,1,0,0
Zone_DH403,4476468233,90.3584815,23.8219152,0.0,4,1,0,0
Zone_DH403,4476468234,90.3579836,23.8221907,0.00361809,4,3,0,1
Zone_DH403,3639409675,90.3527156,23.8177028,0.0,4,1,0,0
Zone_DH403,3639409673,90.3560553,23.818028,0.05928151,3,3,0,0
Zone_DH403,3639409677,90.3539592,23.8176912,0.01615529,4,4,0,1
Zone_DH403,4206214158,90.3680124,23.8146903,0.00709987,4,3,0,1
Zone_DH403,3639409678,90.3527217,23.8179908,0.0,4,1,0,0
Zone_DH403,4359584784,90.3629788,23.8207987,0.00241254,4,3,0,1
Zone_DH403,3639409681,90.3559826,23.8168393,0.07061682,3,3,0,0
Zone_DH403,4359584785,90.3639018,23.8208371,0.0,4,2,0,0
Zone_DH403,3639409683,90.3559905,23.8164928,0.10638661,2,3,0,0
Zone_DH403,3639409679,90.355746,23.8178415,0.0,4,1,0,0
Zone_DH403,3639409682,90.3525826,23.8167118,0.02414876,3,3,0,0
Zone_DH403,3639409684,90.3525659,23.8163677,0.02402995,3,3,0,0
Zone_DH403,3639409685,90.3559999,23.8161675,0.1093181,2,3,0,0
Zone_DH403,3639409688,90.3527404,23.8157022,0.02553506,3,3,0,0
Zone_DH403,3639409689,90.3560314,23.815492,0.13439981,2,3,0,0
Zone_DH403,3639409686,90.3525947,23.8160332,0.02477558,3,3,0,0
Zone_DH403,3639409691,90.3539861,23.8150885,0.00552626,4,3,0,1
Zone_DH403,3639409692,90.3529821,23.8150535,0.0,4,1,0,0
Zone_DH403,3639409687,90.3560166,23.8158437,0.11237934,2,3,0,0
Zone_DH403,3639409690,90.3528248,23.8153861,0.0256699,3,3,0,0
Zone_DH403,3731774499,90.3634261,23.8044469,0.02072091,4,3,0,0
Zone_DH403,3731774500,90.364437,23.8050529,0.01156855,4,3,0,0
Zone_DH403,13205453900,90.3603654,23.8021061,0.00722305,4,3,0,1
Zone_DH403,3713367130,90.3642902,23.8089966,0.00370919,4,3,0,0
Zone_DH403,4292869213,90.3648049,23.8210579,0.001207,4,2,0,1
Zone_DH403,13200653416,90.3480905,23.8155557,0.02715606,3,2,0,0
Zone_DH403,3713318009,90.3642876,23.807835,0.0,4,1,0,0
Zone_DH403,3740073090,90.3688128,23.8181448,0.00122595,4,3,0,1
Zone_DH403,4544306309,90.348141,23.8032482,0.00738778,4,4,0,0
Zone_DH403,4544306311,90.3477285,23.8022574,0.0,4,1,0,0
Zone_DH403,4544306314,90.3485291,23.8027134,0.00942058,4,4,0,1
Zone_DH403,6087433371,90.3586198,23.8054691,0.04444765,3,3,0,0
Zone_DH403,6087433373,90.3590098,23.8059105,0.0104614,4,3,0,0
Zone_DH403,6102449320,90.3555442,23.8087086,0.01458605,4,3,0,1
Zone_DH403,6102449321,90.3562258,23.8089203,0.0,4,1,0,0
Zone_DH403,6102449322,90.3554208,23.8089316,0.01366331,4,3,0,1
Zone_DH403,6102449323,90.3558443,23.8090477,0.0,4,1,0,0
Zone_DH403,6102449324,90.3568336,23.8186701,0.00133237,4,3,0,1
Zone_DH403,264879283,90.3563878,23.8044219,0.08123639,3,3,0,0
Zone_DH403,3781647542,90.3694257,23.810145,0.00195627,4,2,0,0
Zone_DH403,3781647543,90.3693805,23.8102749,0.00260569,4,3,0,0
Zone_DH403,3781647544,90.3693113,23.81055,0.00075729,4,2,0,0
Zone_DH403,264879289,90.3584517,23.8040137,0.01795996,4,3,0,0
Zone_DH403,3713318073,90.3639817,23.8085943,0.0172792,4,3,0,0
Zone_DH403,3713309890,90.363739,23.8088512,0.0187916,4,3,0,0
Zone_DH403,6102449377,90.3560336,23.8175688,0.06345645,3,3,0,1
Zone_DH403,12098362593,90.3608095,23.814335,0.00070044,4,3,0,0
Zone_DH403,6102449379,90.356506,23.8183114,0.0,4,1,0,0
Zone_DH403,6102449380,90.3561941,23.8187527,0.05043601,3,3,0,1
Zone_DH403,4597660901,90.3647541,23.8053506,0.03856425,3,3,0,0
Zone_DH403,4597660902,90.3643909,23.8051423,0.04932667,3,3,0,0
Zone_DH403,4597660903,90.3645706,23.8047937,0.01082729,4,3,0,0
Zone_DH403,4597660904,90.3649391,23.8050054,0.03610287,3,4,0,0
Zone_DH403,4597660905,90.3658884,23.8059346,0.00380395,4,3,0,0
Zone_DH403,4597660906,90.3647636,23.8053329,0.03767212,3,3,0,0
Zone_DH403,4597660907,90.3670169,23.8062087,0.01150805,4,3,0,0
Zone_DH403,6102449381,90.3564813,23.8186964,0.0,4,1,0,0
Zone_DH403,4597660909,90.3671047,23.8058782,0.00992496,4,3,0,0
Zone_DH403,6342483188,90.3464849,23.803868,0.00218951,4,3,0,0
Zone_DH403,6342483189,90.3477127,23.8045871,0.00395264,4,3,0,0
Zone_DH403,6342483190,90.3479117,23.8042918,0.00395628,4,3,0,0
Zone_DH403,3731774722,90.3638674,23.801951,0.02966627,3,3,0,0
Zone_DH403,6087425286,90.3577477,23.8072093,0.01294829,4,3,0,1
Zone_DH403,6087425287,90.3575872,23.8074103,0.0,4,1,0,0
Zone_DH403,3737689355,90.3671753,23.8178589,0.01457512,4,3,0,0
Zone_DH403,6121897236,90.3601966,23.8054123,0.03395855,3,3,0,1
Zone_DH403,6121897237,90.3597991,23.8052077,0.0,4,1,0,0
Zone_DH403,11306433825,90.3624645,23.8109408,0.00334622,4,3,0,0
Zone_DH403,11306433826,90.3625403,23.8105022,0.00652699,4,3,0,0
Zone_DH403,3713359146,90.3653087,23.8074773,0.001207,4,3,0,1
Zone_DH403,3812130105,90.3623559,23.8146993,0.10668398,2,3,0,0
Zone_DH403,4524367175,90.3524495,23.8185994,0.0,4,1,0,0
Zone_DH403,4524367176,90.3528054,23.8182415,0.00481926,4,3,0,1
Zone_DH403,4584955218,90.3566677,23.8203192,0.02043228,4,3,0,0
Zone_DH403,6346931540,90.3582545,23.8107272,0.0,4,1,0,0
Zone_DH403,6346931541,90.3569737,23.8111231,0.16623809,1,3,0,0
Zone_DH403,4584955220,90.3565649,23.8200756,0.03192429,3,3,0,0
Zone_DH403,6346931543,90.356135,23.8143043,0.1406163,1,3,0,1
Zone_DH403,6346931544,90.3567873,23.8144528,0.0,4,1,0,0
Zone_DH403,4034256223,90.3547915,23.8097866,0.01600661,4,3,0,0
Zone_DH403,4459224481,90.354536,23.8066683,0.01357438,4,3,0,1
Zone_DH403,4399963563,90.3539091,23.8167489,0.00485351,4,4,0,0
Zone_DH403,9495084464,90.3651069,23.8123707,0.00233237,4,3,0,0
Zone_DH403,9495084465,90.3649938,23.8127769,0.00420701,4,4,0,0
Zone_DH403,9495084466,90.3649451,23.8131112,0.00162027,4,3,0,0
Zone_DH403,9613049276,90.3677772,23.818421,0.00119169,4,2,0,0
Zone_DH403,9613049278,90.3670641,23.8182602,0.0134082,4,4,0,0
Zone_DH403,4459224520,90.3549289,23.8069297,0.0,4,1,0,0
Zone_DH403,6121463263,90.3511684,23.8034513,0.00772378,4,3,0,1
Zone_DH403,6121463264,90.3504682,23.803049,0.0,4,1,0,0
Zone_DH403,6121463267,90.3502252,23.8036904,0.001207,4,3,0,1
Zone_DH403,6121463268,90.3507593,23.8040101,0.00715818,4,3,0,0
Zone_DH403,6121463269,90.3502787,23.8033336,0.0,4,1,0,0
Zone_DH403,6121463270,90.3509619,23.8037281,0.00710571,4,3,0,1
Zone_DH403,9743719914,90.3540449,23.7991459,0.0,4,1,0,0
Zone_DH403,3772087795,90.369626,23.8121137,0.0,4,1,0,0
Zone_DH403,9974390289,90.3493978,23.8019132,0.02256202,4,3,0,0
Zone_DH403,7030562331,90.3607209,23.8022924,0.0,4,1,0,0
Zone_DH403,7030562338,90.3598417,23.8026764,0.01383386,4,3,0,1
Zone_DH403,11774811686,90.3624888,23.8069704,0.01418153,4,3,0,0
Zone_DH403,6398885419,90.3605225,23.8057161,0.00984988,4,3,0,0
Zone_DH403,4454391351,90.3620183,23.8104331,0.02832516,3,3,0,0
Zone_DH403,4454391352,90.3629641,23.8104508,0.01955472,4,3,0,0
Zone_DH403,4454391358,90.36192,23.8113984,0.01510354,4,3,0,0
Zone_DH403,4454391360,90.3627007,23.8116544,0.02386815,3,4,0,0
Zone_DH403,4454391361,90.3617936,23.8123569,0.02194904,4,3,0,0
Zone_DH403,4454391362,90.3625441,23.8124683,0.01675005,4,3,0,0
Zone_DH403,3713285710,90.3677681,23.8098282,0.03907592,3,3,0,0
Zone_DH403,4399963731,90.3525653,23.8170427,0.04734853,3,3,0,0
Zone_DH403,7442505310,90.3529605,23.8008052,0.00897014,4,4,0,1
Zone_DH403,7442505311,90.3523899,23.8004645,0.00864726,4,3,0,0
Zone_DH403,386219638,90.3638238,23.8023445,0.02474789,3,3,0,0
Zone_DH403,11991686781,90.367415,23.8027315,0.00399491,4,3,0,1
Zone_DH403,11991686782,90.3678204,23.8028145,0.00241327,4,3,0,1
Zone_DH403,11991686783,90.3678996,23.8029206,0.0,4,1,0,0
Zone_DH403,4017823361,90.3547068,23.8064642,0.01212977,4,4,0,1
Zone_DH403,4017823362,90.355124,23.8067545,0.0,4,1,0,0
Zone_DH403,11991686785,90.3678888,23.8026465,0.0,4,1,0,0
Zone_DH403,6123044488,90.3579681,23.8082188,0.11414756,2,4,0,0
Zone_DH403,11991686793,90.3648917,23.8014999,0.00790527,4,3,0,0
Zone_DH403,6123044492,90.357871,23.8081845,0.12930796,2,4,0,0
Zone_DH403,264879764,90.3535167,23.8024118,0.07683769,3,4,0,0
Zone_DH403,12663013017,90.3610201,23.8123615,0.10200176,2,3,0,0
Zone_DH403,6121447076,90.3494942,23.8058298,0.05894624,3,3,0,0
Zone_DH403,3536199333,90.3619028,23.8025129,0.02077047,4,3,0,0
Zone_DH403,4017831590,90.3570852,23.8073901,0.06551185,3,3,0,0
Zone_DH403,4017831591,90.3559443,23.8065657,0.03728072,3,3,0,0
Zone_DH403,6121447080,90.3502402,23.8067631,0.00549564,4,3,0,0
Zone_DH403,6121447078,90.3497989,23.8061752,0.00044388,4,3,0,0
Zone_DH403,6121447082,90.3508423,23.8061382,0.01217788,4,3,0,1
Zone_DH403,4544405164,90.3487719,23.8054484,0.05728442,3,3,0,0
Zone_DH403,4544405165,90.3489976,23.8051186,0.00372523,4,4,0,0
Zone_DH403,4344536750,90.3631691,23.8154955,0.06535879,3,4,0,0
Zone_DH403,6121922228,90.3609407,23.8058136,0.00586955,4,3,0,0
Zone_DH403,6121922229,90.3602231,23.8053761,0.03410287,3,3,0,0
Zone_DH403,6443384502,90.3668972,23.8079834,0.00340234,4,3,0,0
Zone_DH403,6087417528,90.3551347,23.8059389,0.01550515,4,3,0,1
Zone_DH403,6087417529,90.3546899,23.805641,0.0,4,1,0,0
Zone_DH403,6087417530,90.3552729,23.8057743,0.01546214,4,3,0,1
Zone_DH403,6087417531,90.3548457,23.8054863,0.0,4,1,0,0
Zone_DH403,6087417532,90.355409,23.8056093,0.01466768,4,3,0,1
Zone_DH403,6087417533,90.3550284,23.805361,0.0,4,1,0,0
Zone_DH403,6087417534,90.355547,23.8054418,0.01460937,4,3,0,1
Zone_DH403,6087417535,90.3556928,23.805265,0.01424785,4,3,0,1
Zone_DH403,6087417536,90.355316,23.8050411,0.0,4,1,0,0
Zone_DH403,9743810241,90.3638792,23.8057696,0.01359333,4,3,0,0
Zone_DH403,7311097549,90.3539575,23.8154139,0.02612981,3,4,0,0
Zone_DH403,4344536791,90.364062,23.8167669,0.01746652,4,4,0,0
Zone_DH403,6102556392,90.3536899,23.8065525,0.0283616,3,3,0,0
Zone_DH403,5660196598,90.3488747,23.8045507,0.03903364,3,3,0,0
Zone_DH403,12012945155,90.3634808,23.8050062,0.01917863,4,3,0,0
Zone_DH403,264879925,90.3559679,23.8041277,0.082267,3,3,0,0
Zone_DH403,7311056696,90.3541011,23.8182023,0.00803501,4,4,0,0
Zone_DH403,264879932,90.3572658,23.8025859,0.01448692,4,3,0,0
Zone_DH403,264879935,90.3579201,23.8015935,0.0269804,3,3,0,0
Zone_DH403,2545442624,90.3695159,23.8091992,0.00317858,4,3,0,0
Zone_DH403,11338178369,90.3451934,23.8059085,0.00243149,4,3,0,1
Zone_DH403,11338178370,90.3450257,23.8063458,0.00241254,4,3,0,1
Zone_DH403,11338178372,90.3459403,23.8048693,0.00136298,4,3,0,0
Zone_DH403,11338178373,90.3455831,23.8063069,0.00359768,4,3,0,0
Zone_DH403,11338178374,90.346006,23.80568,0.01419611,4,3,0,0
Zone_DH403,11338178375,90.3455112,23.8054473,0.00480249,4,3,0,0
Zone_DH403,11338178376,90.345744,23.8051338,0.00014213,4,3,0,0
Zone_DH403,11338178377,90.3462021,23.8053893,0.00027041,4,3,0,0
Zone_DH403,3813400428,90.3692834,23.8163388,0.01177409,4,3,0,0
Zone_DH403,9942572917,90.3568408,23.8208126,0.01844685,4,3,0,0
Zone_DH403,9942572918,90.3552546,23.8208094,0.00429593,4,3,0,0
Zone_DH403,7124131717,90.3559857,23.8168982,0.09626923,3,3,0,0
Zone_DH403,12013076373,90.3593188,23.8005364,0.01659553,4,3,0,0
Zone_DH403,9752354726,90.3463594,23.8197808,0.0,4,1,0,0
Zone_DH403,374144937,90.3578997,23.8081116,0.12071391,2,3,0,0
Zone_DH403,374144944,90.3560102,23.8152446,0.13500185,2,3,0,0
Zone_DH403,374144946,90.3559847,23.8166302,0.10575687,2,3,0,0
Zone_DH403,9752354741,90.3477289,23.8138204,0.03108901,3,3,0,1
Zone_DH403,374144950,90.3561562,23.8186019,0.05134636,3,3,0,0
Zone_DH403,374144951,90.3564232,23.8196123,0.053471,3,3,0,0
Zone_DH403,9752354743,90.3479536,23.8138825,0.00241254,4,2,0,1
Zone_DH403,374144953,90.3567616,23.8205683,0.0192763,4,3,0,0
Zone_DH403,374144963,90.3569809,23.8215809,0.01073837,4,3,0,0
Zone_DH403,374144965,90.3569771,23.822071,0.00841329,4,3,0,0
Zone_DH403,7299014598,90.3587414,23.8027097,0.0,4,1,0,0
Zone_DH403,7299014600,90.3590602,23.8023188,0.0185365,4,3,0,1
Zone_DH403,9752354791,90.3485675,23.8134478,0.0,4,1,0,0
Zone_DH403,3738771440,90.3553004,23.7989054,5.1e-06,4,2,0,0
Zone_DH403,3713286140,90.3660717,23.8082315,0.00129592,4,3,0,1
Zone_DH403,3713286141,90.3660749,23.8086197,0.0065853,4,4,0,0
Zone_DH403,4314791935,90.3641119,23.803976,0.02112324,4,3,0,0
