zone_id,node_id,lon,lat,bc,tier,degree,is_master,is_art_pt
Zone_DH401,4314791936,90.3642718,23.8026411,0.00122363,4,3,0,1
Zone_DH401,6291825608,90.3522225,23.7994522,0.00613985,4,3,0,0
Zone_DH401,4402528267,90.3681513,23.7909377,0.0,4,1,0,0
Zone_DH401,4426768399,90.3454742,23.7901957,0.00096036,4,3,0,1
Zone_DH401,4402528272,90.3683801,23.7909955,0.00735583,4,3,0,1
Zone_DH401,4425416723,90.3482132,23.7938392,0.00340295,4,3,0,0
Zone_DH401,4426768405,90.3455218,23.7903698,0.00147755,4,3,0,0
Zone_DH401,4402528281,90.3690883,23.7911388,0.00552315,4,3,0,1
Zone_DH401,1736179754,90.3571424,23.8036821,0.00129423,4,2,0,0
Zone_DH401,4426768433,90.3456085,23.7907967,0.00092974,4,3,0,1
Zone_DH401,4426768442,90.3456228,23.7909152,0.0,4,1,0,0
Zone_DH401,3731849282,90.3572398,23.7830151,0.00181057,4,3,0,0
Zone_DH401,12018434124,90.3511072,23.7917647,0.0,4,1,0,0
Zone_DH401,3713294413,90.3634347,23.7844835,0.03652567,3,3,0,0
Zone_DH401,3713294414,90.3635482,23.7841668,0.03032712,3,3,0,0
Zone_DH401,12018434126,90.3519179,23.7917794,0.0,4,1,0,0
Zone_DH401,12018434128,90.3514385,23.7917775,0.00184374,4,3,0,1
Zone_DH401,3713294417,90.3642784,23.7840779,0.01345996,4,3,0,1
Zone_DH401,3713294418,90.3646472,23.7840017,0.01074942,4,3,0,1
Zone_DH401,3713294419,90.3649271,23.7839452,0.00897841,4,3,0,1
Zone_DH401,12018434130,90.3508497,23.7919095,0.0,4,1,0,0
Zone_DH401,12018434134,90.3514378,23.7919212,0.00368451,4,3,0,1
Zone_DH401,4397580377,90.3659267,23.7978817,0.04282076,3,3,0,0
Zone_DH401,12018434140,90.3514847,23.7921329,0.00643672,4,3,0,1
Zone_DH401,382025821,90.3556785,23.7911053,0.10251506,2,4,0,0
Zone_DH401,382025822,90.3558184,23.7901331,0.01874961,4,3,0,0
Zone_DH401,12018434142,90.3514946,23.7922916,0.00827153,4,3,0,1
Zone_DH401,12018434144,90.35203,23.7923073,0.00918256,4,3,0,1
Zone_DH401,382025825,90.3558947,23.7896167,0.01720146,4,3,0,0
Zone_DH401,4402528354,90.3678681,23.7919336,0.0,4,1,0,0
Zone_DH401,3738976355,90.3614474,23.7997278,0.02413665,3,3,0,0
Zone_DH401,12018434148,90.3520147,23.7925983,0.01101354,4,3,0,1
Zone_DH401,12018434141,90.3514867,23.7925096,0.0,4,1,0,0
Zone_DH401,3738976359,90.3599931,23.7993795,0.00467464,4,3,0,0
Zone_DH401,3738976360,90.3599156,23.7997161,0.00906347,4,4,0,0
Zone_DH401,382025838,90.35778,23.7886943,0.00510208,4,3,0,0
Zone_DH401,11992113276,90.363765,23.8018836,0.01047127,4,3,0,1
Zone_DH401,11992113277,90.3637055,23.8016711,0.00184332,4,2,0,1
Zone_DH401,11992113279,90.3635097,23.8013042,0.0,4,1,0,0
Zone_DH401,11992113280,90.3635841,23.8014536,0.00092208,4,2,0,1
Zone_DH401,12054347905,90.3467402,23.7999578,0.0,4,1,0,0
Zone_DH401,11992113286,90.3629438,23.8023055,0.0,4,1,0,0
Zone_DH401,11992113287,90.3633139,23.8022085,0.0,4,1,0,0
Zone_DH401,11992113289,90.3638429,23.8022838,0.00536876,4,3,0,1
Zone_DH401,11992113294,90.3646349,23.8020196,0.0,4,1,0,0
Zone_DH401,7030546577,90.3528634,23.7829198,0.0,4,1,0,0
Zone_DH401,11993227427,90.3640207,23.7813899,0.0,4,1,0,0
Zone_DH401,11993227435,90.3633671,23.7816084,0.00303037,4,3,0,1
Zone_DH401,11993227436,90.3633654,23.7818945,0.0,4,1,0,0
Zone_DH401,11993227437,90.3617136,23.7813096,0.00150434,4,3,0,1
Zone_DH401,11993227438,90.3638962,23.7823122,0.00210446,4,3,0,1
Zone_DH401,11993227439,90.363845,23.7819855,0.0,4,1,0,0
Zone_DH401,10266829026,90.355711,23.8002129,0.0450643,3,4,0,1
Zone_DH401,3731914980,90.3545268,23.7844474,0.0,4,1,0,0
Zone_DH401,6642843877,90.3541628,23.7975105,0.00481159,4,3,0,1
Zone_DH401,3731914981,90.3568556,23.7845446,0.0,4,1,0,0
Zone_DH401,6642843879,90.3537142,23.7975214,0.00617345,4,3,0,1
Zone_DH401,6642843878,90.3541821,23.7968196,0.0,4,1,0,0
Zone_DH401,6642843880,90.3537318,23.7968322,0.0,4,1,0,0
Zone_DH401,8572887279,90.3477095,23.7959105,0.0078258,4,3,0,0
Zone_DH401,3735404784,90.3622133,23.7975646,0.01822349,4,3,0,1
Zone_DH401,3735404789,90.3644884,23.7934377,0.04746563,3,3,0,1
Zone_DH401,3556704508,90.3535109,23.7982485,0.0,4,1,0,0
Zone_DH401,3556704511,90.3535278,23.798409,0.00552187,4,3,0,1
Zone_DH401,3556704512,90.3533212,23.7984763,0.00368451,4,3,0,1
Zone_DH401,3556704514,90.3530752,23.7986777,0.0,4,1,0,0
Zone_DH401,3556704515,90.353173,23.7987612,0.00184374,4,3,0,1
Zone_DH401,3556704516,90.353323,23.7988281,0.0,4,1,0,0
Zone_DH401,4611334417,90.3670519,23.7888343,0.04032161,3,3,0,0
Zone_DH401,4611334419,90.3677533,23.7878486,0.0081567,4,3,0,1
Zone_DH401,7281598740,90.3569108,23.7840789,0.0,4,1,0,0
Zone_DH401,4611334421,90.3672121,23.7877697,0.0,4,1,0,0
Zone_DH401,4507533592,90.3678601,23.789116,0.02414643,3,3,0,0
Zone_DH401,4611334427,90.3687668,23.7879494,0.00259017,4,3,0,1
Zone_DH401,4611334428,90.3693867,23.7879025,0.0,4,1,0,0
Zone_DH401,10658062620,90.3663376,23.7897001,0.0616448,3,3,0,0
Zone_DH401,10658062622,90.3666941,23.7882909,0.02411369,3,3,0,0
Zone_DH401,10658062621,90.3664168,23.7897103,0.02547342,3,3,0,0
Zone_DH401,10658062623,90.3667785,23.7883189,0.00518162,4,3,0,0
Zone_DH401,4611334433,90.3686578,23.7874858,0.00364963,4,3,0,0
Zone_DH401,7281598757,90.3564047,23.7838318,0.00989114,4,3,0,0
Zone_DH401,3735036198,90.3622662,23.7842511,0.00092208,4,3,0,1
Zone_DH401,7281598758,90.3563607,23.783844,0.00898777,4,3,0,1
Zone_DH401,7281598759,90.356567,23.7838386,0.01254681,4,3,0,0
Zone_DH401,7281598765,90.3569873,23.7832825,0.00127467,4,3,0,0
Zone_DH401,7281598766,90.3570665,23.7832324,0.00212403,4,3,0,0
Zone_DH401,12045391487,90.367624,23.7849997,0.0,4,1,0,0
Zone_DH401,7281598768,90.3570117,23.7833204,8.081e-05,4,3,0,0
Zone_DH401,7281598769,90.3569412,23.7834032,0.00101523,4,3,0,0
Zone_DH401,11672273202,90.3646427,23.7857714,0.0,4,1,0,0
Zone_DH401,10092462386,90.363298,23.7907665,0.00184374,4,3,0,1
Zone_DH401,7281598772,90.3568519,23.7833488,0.00125681,4,3,0,0
Zone_DH401,3720741173,90.3669267,23.7911924,0.0,4,1,0,0
Zone_DH401,7281598770,90.3569236,23.7833684,9.357e-05,4,3,0,0
Zone_DH401,7281598773,90.3571573,23.7833788,0.0,4,1,0,0
Zone_DH401,10092462385,90.3632884,23.7911485,0.0,4,1,0,0
Zone_DH401,7281598777,90.3570174,23.7834347,0.00092208,4,3,0,1
Zone_DH401,3734765885,90.3591598,23.7916762,0.05609911,3,3,0,1
Zone_DH401,4611334462,90.3692229,23.788127,0.0,4,1,0,0
Zone_DH401,7281598781,90.3570208,23.7835924,0.0,4,1,0,0
Zone_DH401,7281598782,90.3569891,23.7835171,0.00184374,4,3,0,1
Zone_DH401,7281598783,90.357114,23.7835083,0.0,4,1,0,0
Zone_DH401,7281598786,90.3569388,23.7835349,0.00547764,4,3,0,1
Zone_DH401,4611334467,90.3690218,23.7890989,0.00682716,4,3,0,1
Zone_DH401,7281598787,90.3570262,23.7838808,0.0,4,1,0,0
Zone_DH401,9742598468,90.3639243,23.7888117,0.0530496,3,3,0,1
Zone_DH401,9742598470,90.3637979,23.7888085,0.05302493,3,3,0,1
Zone_DH401,7281598790,90.3567905,23.7839364,0.02957176,3,3,0,1
Zone_DH401,7281598791,90.3567167,23.784107,0.0,4,1,0,0
Zone_DH401,9742598473,90.3643447,23.788873,0.05101234,3,3,0,1
Zone_DH401,7281598792,90.356814,23.7840986,0.03382746,3,3,0,1
Zone_DH401,7281598794,90.3568186,23.7841328,0.03554574,3,3,0,1
Zone_DH401,7281598793,90.3567217,23.7841428,0.0,4,1,0,0
Zone_DH401,9742598477,90.3658273,23.7899273,0.01598676,4,3,0,1
Zone_DH401,7281598797,90.356593,23.7842336,0.02132149,3,3,0,0
Zone_DH401,7281598798,90.3564147,23.7840185,0.0009459,4,3,0,1
Zone_DH401,9742598472,90.3639084,23.7883616,0.0,4,1,0,0
Zone_DH401,7281598801,90.3564131,23.784226,0.00533941,4,3,0,0
Zone_DH401,7281598802,90.3563563,23.784025,0.0,4,1,0,0
Zone_DH401,9742598474,90.3643344,23.789468,0.0,4,1,0,0
Zone_DH401,9742598476,90.3663184,23.789861,0.07390324,2,3,0,0
Zone_DH401,7281598805,90.3565906,23.7839907,0.01348931,4,3,0,0
Zone_DH401,7281598806,90.3565926,23.7839983,0.01437566,4,3,0,0
Zone_DH401,9742598489,90.3657646,23.7912754,0.04322183,3,3,0,0
Zone_DH401,7281598810,90.3563871,23.7839157,0.0,4,1,0,0
Zone_DH401,7281598809,90.3567947,23.7839635,0.03047768,3,3,0,0
Zone_DH401,9742598493,90.3614093,23.7891805,0.04920432,3,3,0,0
Zone_DH401,7281598813,90.3563344,23.7836648,0.00724185,4,3,0,0
Zone_DH401,6784205158,90.3543312,23.7932919,0.00552357,4,3,0,1
Zone_DH401,6784205159,90.3545988,23.7933201,0.0,4,1,0,0
Zone_DH401,6784205160,90.3537068,23.7932679,0.0361735,3,3,0,1
Zone_DH401,7281598822,90.3558972,23.7836504,0.00179143,4,3,0,0
Zone_DH401,7281598823,90.3559405,23.783722,0.0026965,4,3,0,0
Zone_DH401,7281598826,90.3561798,23.7836053,0.00541044,4,3,0,0
Zone_DH401,7281598828,90.3561802,23.7835505,0.00455215,4,3,0,1
Zone_DH401,7281598827,90.3559989,23.7835598,0.0,4,1,0,0
Zone_DH401,7281598829,90.3563998,23.7834822,0.0,4,1,0,0
Zone_DH401,7281598832,90.3561755,23.7834703,0.0010433,4,3,0,1
Zone_DH401,7281598834,90.3565515,23.783504,0.002016,4,3,0,0
Zone_DH401,7281598835,90.3565453,23.7834029,0.00123554,4,3,0,0
Zone_DH401,7281598837,90.3568023,23.7840119,0.03210919,3,3,0,1
Zone_DH401,7281598838,90.3567216,23.7832391,2.85e-05,4,3,0,0
Zone_DH401,7281598842,90.356863,23.7833428,0.00033728,4,3,0,0
Zone_DH401,4948296060,90.3571968,23.7829353,0.00090252,4,3,0,0
Zone_DH401,3808575871,90.3629251,23.7811234,0.00052654,4,2,0,0
Zone_DH401,3919401316,90.3501432,23.7938798,0.00184374,4,3,0,1
Zone_DH401,382026114,90.3598435,23.7893533,0.12273286,1,3,0,0
Zone_DH401,7281598850,90.3569336,23.783105,2.169e-05,4,3,0,0
Zone_DH401,4590551429,90.3488327,23.7866725,0.0,4,1,0,0
Zone_DH401,382026118,90.3595693,23.7901641,0.13495259,1,3,0,0
Zone_DH401,382026120,90.3592235,23.7908002,0.13619281,1,3,0,1
Zone_DH401,382026122,90.3590654,23.7913603,0.14222251,1,3,0,0
Zone_DH401,7281598858,90.3564508,23.7832675,0.0,4,1,0,0
Zone_DH401,7281598860,90.3565809,23.7832635,0.0018599,4,3,0,1
Zone_DH401,386277775,90.3498381,23.7966655,0.06380668,3,4,0,0
Zone_DH401,7281598864,90.3566002,23.7833997,0.00393672,4,3,0,0
Zone_DH401,386277777,90.3487744,23.7982467,0.0289576,3,3,0,0
Zone_DH401,386277778,90.3481764,23.7991026,0.02108629,3,3,0,1
Zone_DH401,386277779,90.34752,23.8000386,0.01417364,4,3,0,0
Zone_DH401,7281598866,90.3561788,23.7835314,0.00279815,4,3,0,1
Zone_DH401,7281598863,90.3565923,23.7833328,0.00277263,4,3,0,0
Zone_DH401,7281598865,90.3563181,23.7835243,0.0,4,1,0,0
Zone_DH401,7281598871,90.3567456,23.7836629,0.01889506,4,3,0,0
Zone_DH401,7281598872,90.3568608,23.7836503,0.00715551,4,3,0,0
Zone_DH401,7281598873,90.3567549,23.7837229,0.02779777,3,3,0,0
Zone_DH401,4601094555,90.3677106,23.8018345,0.0,4,1,0,0
Zone_DH401,4601094557,90.368658,23.800878,0.0,4,1,0,0
Zone_DH401,7281598879,90.3569502,23.78355,0.00629935,4,3,0,0
Zone_DH401,7281598880,90.3569068,23.783477,0.00189521,4,3,0,0
Zone_DH401,7281598881,90.3568847,23.7834271,0.00196708,4,3,0,0
Zone_DH401,386277796,90.3507831,23.7971283,0.03245114,3,3,0,0
Zone_DH401,7281598884,90.3568609,23.7834331,0.00281644,4,3,0,0
Zone_DH401,386040231,90.3696529,23.7866723,0.00328046,4,3,0,1
Zone_DH401,386277800,90.3497284,23.7988346,0.0150264,4,3,0,0
Zone_DH401,4421755304,90.3503538,23.7884429,0.01908731,4,3,0,0
Zone_DH401,386040234,90.3689282,23.7866317,0.00418255,4,3,0,0
Zone_DH401,386277803,90.3485046,23.8006214,0.00675443,4,3,0,0
Zone_DH401,7281598888,90.3567387,23.7833876,0.00312692,4,3,0,0
Zone_DH401,4595581357,90.3597518,23.7917957,0.05399848,3,3,0,0
Zone_DH401,7281598889,90.3567745,23.7835283,0.00454747,4,3,0,0
Zone_DH401,386040239,90.3687934,23.7875091,0.00097525,4,3,0,1
Zone_DH401,4595581359,90.3592895,23.7925158,0.00118663,4,3,0,1
Zone_DH401,4595581360,90.3590753,23.7923236,0.0,4,1,0,0
Zone_DH401,7281598896,90.3561726,23.7833967,0.0002033,4,3,0,0
Zone_DH401,7281598893,90.3565566,23.7837019,0.00099311,4,3,0,0
Zone_DH401,7281598900,90.3574726,23.7829323,3.658e-05,4,3,0,0
Zone_DH401,386040245,90.3679293,23.7873309,0.00931866,4,3,0,0
Zone_DH401,7281598894,90.3565512,23.7836635,0.00019309,4,3,0,0
Zone_DH401,7281598895,90.3561826,23.7836709,0.0063372,4,3,0,0
Zone_DH401,7281598897,90.3574788,23.782968,0.00095058,4,3,0,0
Zone_DH401,382026173,90.361218,23.7912762,0.02515231,3,3,0,0
Zone_DH401,7281598909,90.3575774,23.7829113,0.0,4,3,0,0
Zone_DH401,382026175,90.3616688,23.7910973,0.02511233,3,3,0,1
Zone_DH401,4590543295,90.3522602,23.7812208,0.0,4,1,0,0
Zone_DH401,7281598912,90.3575026,23.7830449,0.002668,4,3,0,0
Zone_DH401,7281598914,90.3572992,23.7831484,0.01080046,4,3,0,0
Zone_DH401,7281598915,90.3568041,23.7842422,0.05857444,3,3,0,0
Zone_DH401,7281598917,90.356715,23.7833892,0.00846888,4,3,0,0
Zone_DH401,386277832,90.3490642,23.802198,0.00665321,4,4,0,0
Zone_DH401,4425400793,90.3502061,23.790047,0.00337998,4,3,0,0
Zone_DH401,3713311194,90.3657224,23.783965,0.00449006,4,3,0,1
Zone_DH401,12019909082,90.3513603,23.7913932,0.0,4,1,0,0
Zone_DH401,4611162589,90.3600693,23.7990434,0.0199524,4,3,0,1
Zone_DH401,12019909087,90.3514693,23.7912944,0.00368451,4,3,0,1
Zone_DH401,386032107,90.3596829,23.80073,0.02413325,3,3,0,0
Zone_DH401,386032112,90.3584292,23.800051,0.04380834,3,4,0,0
Zone_DH401,4948296179,90.3568263,23.7833604,0.00215592,4,3,0,0
Zone_DH401,4611162625,90.3595876,23.7997566,0.00786663,4,3,0,0
Zone_DH401,4611162629,90.359457,23.8001855,0.00025817,4,3,0,0
Zone_DH401,4611162632,90.3585565,23.7998403,0.02058357,3,3,0,0
Zone_DH401,6349070859,90.3621272,23.8022487,0.01004638,4,4,0,1
Zone_DH401,4611162636,90.3618783,23.7984691,0.03703732,3,3,0,0
Zone_DH401,4611162635,90.358159,23.7984673,0.00317966,4,3,0,0
Zone_DH401,4611162637,90.3614593,23.7983053,0.01918726,4,3,0,0
Zone_DH401,3765142039,90.353423,23.7965003,0.03232993,3,3,0,0
Zone_DH401,348365344,90.358645,23.7923908,0.10326829,2,3,0,1
Zone_DH401,386040360,90.3646966,23.7868572,0.05441869,3,3,0,0
Zone_DH401,386040361,90.3649795,23.7869888,0.04981167,3,3,0,0
Zone_DH401,386040365,90.3647491,23.7879166,0.04564741,3,3,0,1
Zone_DH401,3508724278,90.3613622,23.8036626,0.01282071,4,3,0,0
Zone_DH401,3508724279,90.3607662,23.8034046,0.01161196,4,3,0,0
Zone_DH401,3508724281,90.3578221,23.8013817,0.0350192,3,3,0,0
Zone_DH401,3508724282,90.3561602,23.8003383,0.03144995,3,3,0,0
Zone_DH401,4512285243,90.3616566,23.7823922,0.01081535,4,4,0,1
Zone_DH401,9559441994,90.3487869,23.7951522,0.00748428,4,3,0,0
Zone_DH401,9559441995,90.3489031,23.7949777,0.03280203,3,4,0,0
Zone_DH401,4611162700,90.358911,23.7989129,0.03953009,3,3,0,0
Zone_DH401,4611162701,90.3581031,23.7987888,0.0172895,4,3,0,0
Zone_DH401,4611162703,90.3569163,23.796554,0.06513281,3,3,0,0
Zone_DH401,9559442000,90.3480695,23.7952428,0.00267779,4,3,0,0
Zone_DH401,4611162705,90.356818,23.7971208,0.00217379,4,3,0,0
Zone_DH401,9559442003,90.3476495,23.7958457,0.00590976,4,4,0,1
Zone_DH401,386277977,90.3501039,23.7982806,0.01934207,4,3,0,0
Zone_DH401,9288204905,90.3600828,23.7942834,0.0,4,1,0,0
Zone_DH401,12018238069,90.3524552,23.7926226,0.0128373,4,3,0,1
Zone_DH401,382026359,90.3504153,23.7876017,0.01335235,4,3,0,0
Zone_DH401,12018238074,90.3527373,23.7928072,0.0,4,1,0,0
Zone_DH401,11409244797,90.367764,23.7897917,0.00827153,4,3,0,1
Zone_DH401,11409244800,90.3669792,23.7896131,0.0,4,1,0,0
Zone_DH401,11409244802,90.3672773,23.7903558,0.0,4,1,0,0
Zone_DH401,11409244813,90.3697381,23.7921242,0.0,4,1,0,0
Zone_DH401,11409244818,90.3662371,23.7937366,0.0,4,1,0,0
Zone_DH401,386278036,90.3539571,23.8005889,0.01495537,4,3,0,0
Zone_DH401,11409244820,90.3651615,23.790016,0.0,4,1,0,0
Zone_DH401,11409244822,90.3641274,23.7904811,0.03481122,3,3,0,0
Zone_DH401,11409244821,90.3637306,23.7895693,0.0,4,1,0,0
Zone_DH401,11409244824,90.3639372,23.7909265,0.00441137,4,3,0,1
Zone_DH401,11409244825,90.3639435,23.7914235,0.00712106,4,3,0,1
Zone_DH401,11409244828,90.3636023,23.7919403,0.0,4,1,0,0
Zone_DH401,11409244829,90.3630842,23.7917554,0.00870408,4,3,0,1
Zone_DH401,11409244830,90.3635937,23.7918402,0.0,4,1,0,0
Zone_DH401,11409244831,90.362671,23.7914769,0.0,4,1,0,0
Zone_DH401,11409244832,90.3630752,23.7915408,0.00802358,4,3,0,1
Zone_DH401,11409244833,90.3630423,23.7920826,0.01025478,4,3,0,1
Zone_DH401,11409244834,90.3633174,23.7921371,0.0,4,1,0,0
Zone_DH401,11409244839,90.3618261,23.7913744,0.0,4,1,0,0
Zone_DH401,11409244840,90.3635923,23.7908965,0.0,4,1,0,0
Zone_DH401,11409244841,90.363597,23.7911781,0.0,4,1,0,0
Zone_DH401,11409244842,90.3639348,23.7911835,0.00740942,4,3,0,1
Zone_DH401,11409244843,90.3639264,23.7911027,0.00781007,4,3,0,0
Zone_DH401,6559294124,90.3668176,23.7905271,0.0,4,1,0,0
Zone_DH401,6559294126,90.3667506,23.7909902,0.02429189,3,3,0,1
Zone_DH401,11205354159,90.3544399,23.7890413,0.0,4,1,0,0
Zone_DH401,11205354160,90.3550339,23.7884213,0.0,4,1,0,0
Zone_DH401,11409244847,90.3646419,23.7909264,0.04366714,3,3,0,0
Zone_DH401,123044552,90.3498989,23.782477,0.0353569,3,3,0,1
Zone_DH401,11409294036,90.361117,23.7875709,0.05090303,3,3,0,0
Zone_DH401,12019909351,90.3519132,23.7909057,0.0,4,1,0,0
Zone_DH401,12019909352,90.3518824,23.7910041,0.01720996,4,3,0,1
Zone_DH401,4597572366,90.3629215,23.8033135,0.0044437,4,3,0,0
Zone_DH401,386278176,90.3486396,23.7984397,0.02430593,3,3,0,0
Zone_DH401,11411800896,90.3488456,23.7938469,0.07082991,2,3,0,0
Zone_DH401,12019909440,90.3521895,23.7907063,0.0,4,1,0,0
Zone_DH401,12015518532,90.3577245,23.7931758,0.0,4,1,0,0
Zone_DH401,11411800903,90.3511879,23.8022795,0.00334638,4,3,0,0
Zone_DH401,11411800904,90.3503156,23.80355,0.0,4,1,0,0
Zone_DH401,386278217,90.3502476,23.8025311,0.00241537,4,2,0,0
Zone_DH401,3731743566,90.3633669,23.8036018,0.00331108,4,3,0,0
Zone_DH401,4611400546,90.3697505,23.788515,0.00067965,4,2,0,0
Zone_DH401,4611400547,90.3694377,23.788558,0.0,4,1,0,0
Zone_DH401,4611400553,90.3697638,23.788067,0.00026412,4,2,0,0
Zone_DH401,12019909487,90.3515229,23.7909039,0.02483162,3,3,0,0
Zone_DH401,12020630389,90.3516189,23.7881084,0.0,4,1,0,0
Zone_DH401,12020630390,90.3509199,23.7884112,0.02257447,3,3,0,0
Zone_DH401,12019909501,90.351875,23.790475,0.00994813,4,3,0,0
Zone_DH401,386278273,90.3541536,23.802837,0.01061758,4,4,0,0
Zone_DH401,12019909505,90.3518911,23.79014,0.0,4,1,0,0
Zone_DH401,4595598216,90.3632921,23.7900866,0.0,4,1,0,0
Zone_DH401,4595598217,90.3646719,23.7907109,0.04918178,3,3,0,0
Zone_DH401,4595598220,90.3636537,23.7903122,0.03514297,3,3,0,1
Zone_DH401,4595598223,90.3636267,23.7904257,0.0364674,3,3,0,1
Zone_DH401,386278293,90.3558913,23.8003269,0.02190757,3,3,0,0
Zone_DH401,4595598231,90.3620946,23.7906789,0.02509021,3,3,0,1
Zone_DH401,4595598233,90.3626644,23.7903143,0.0,4,1,0,0
Zone_DH401,12019909534,90.3520245,23.7905836,0.01042831,4,3,0,1
Zone_DH401,4595598239,90.3622795,23.79068,0.00368451,4,3,0,1
Zone_DH401,4595598242,90.3624555,23.7913212,0.0,4,1,0,0
Zone_DH401,3717096364,90.3693453,23.7934829,0.00806143,4,3,0,1
Zone_DH401,4483679149,90.3491205,23.7912896,0.0,4,1,0,0
Zone_DH401,264881070,90.3471862,23.7829511,0.03751538,3,3,0,0
Zone_DH401,4595598253,90.3600838,23.7889218,0.0,4,1,0,0
Zone_DH401,264881072,90.3477309,23.7863375,0.02047426,3,3,0,0
Zone_DH401,4595598256,90.3600445,23.7893553,0.05540584,3,3,0,1
Zone_DH401,264881078,90.3490973,23.7962455,0.03829455,3,3,0,0
Zone_DH401,4595598265,90.3607318,23.7890673,0.0,4,1,0,0
Zone_DH401,4595598266,90.3603992,23.7890514,0.00368451,4,3,0,1
Zone_DH401,4595598267,90.36042,23.7887054,0.0,4,1,0,0
Zone_DH401,4595598273,90.3603722,23.7893605,0.05579713,3,3,0,1
Zone_DH401,6121841606,90.3502052,23.8017097,0.0003411,4,3,0,0
Zone_DH401,6291825607,90.351965,23.7977162,0.05435872,3,3,0,0
Zone_DH401,12048671688,90.3650424,23.7997586,0.0,4,1,0,0
Zone_DH401,6291825609,90.3520183,23.7997571,0.01738817,4,4,0,0
Zone_DH401,6291825610,90.3518289,23.8000276,0.00330215,4,4,0,0
Zone_DH401,6291825611,90.3516401,23.8002991,0.00279943,4,4,0,0
Zone_DH401,6291825612,90.3514485,23.8005776,0.00229755,4,4,0,0
Zone_DH401,12048671693,90.3662413,23.7991401,0.0,4,1,0,0
Zone_DH401,6291825613,90.3512573,23.8008557,0.00214614,4,4,0,0
Zone_DH401,6121841610,90.3497992,23.8022704,0.00353395,4,3,0,0
Zone_DH401,12048671696,90.364575,23.8006698,0.00808865,4,3,0,1
Zone_DH401,12048671691,90.3651939,23.7995696,0.0,4,1,0,0
Zone_DH401,12048671694,90.3660442,23.7988468,0.0,4,1,0,0
Zone_DH401,12048671700,90.364809,23.8009946,0.0,4,1,0,0
Zone_DH401,12048671701,90.3650692,23.8010854,0.0,4,1,0,0
Zone_DH401,12048671703,90.3654184,23.8013156,0.00232222,4,3,0,1
Zone_DH401,12048671704,90.3651818,23.8009541,0.0,4,1,0,0
Zone_DH401,12048671705,90.3655374,23.8011427,0.00329109,4,3,0,1
Zone_DH401,382026714,90.3560222,23.7963039,0.06396319,3,3,0,1
Zone_DH401,3713295325,90.3660308,23.7840265,0.0,4,1,0,0
Zone_DH401,3713295333,90.3671853,23.7826573,0.0,4,1,0,0
Zone_DH401,5254366204,90.3506122,23.7893564,0.04942846,3,4,0,0
Zone_DH401,5254366207,90.3499479,23.7893354,0.04174982,3,3,0,0
Zone_DH401,4611228684,90.3555542,23.7977477,0.0,4,1,0,0
Zone_DH401,4611228687,90.3581345,23.7991159,0.0,4,1,0,0
Zone_DH401,4611400722,90.3681903,23.786657,0.00598546,4,3,0,0
Zone_DH401,9742582806,90.36678,23.7891094,0.0,4,1,0,0
Zone_DH401,9742582807,90.3672923,23.7856592,0.00246981,4,3,0,0
Zone_DH401,9742582808,90.3672211,23.7856432,0.01541343,4,3,0,0
Zone_DH401,4611400743,90.3694605,23.7855371,0.0,4,1,0,0
Zone_DH401,386040872,90.360938,23.7894281,0.05415372,3,3,0,1
Zone_DH401,3720725544,90.3640444,23.794683,0.0,4,1,0,0
Zone_DH401,3720725546,90.3638917,23.7954279,0.0,4,1,0,0
Zone_DH401,386040877,90.3620839,23.788994,0.06166096,3,3,0,1
Zone_DH401,3720717360,90.3630586,23.7932453,0.0,4,1,0,0
Zone_DH401,3720717362,90.3631558,23.7936933,0.00184374,4,3,0,1
Zone_DH401,386040882,90.3633229,23.7888567,0.05438083,3,3,0,1
Zone_DH401,386040883,90.363503,23.7888329,0.05367651,3,3,0,1
Zone_DH401,8950416436,90.3589748,23.7817736,0.0,4,1,0,0
Zone_DH401,8950416439,90.3597326,23.781673,0.0,4,1,0,0
Zone_DH401,8950416440,90.3597432,23.7814493,0.00460191,4,3,0,1
Zone_DH401,386040891,90.3653613,23.7889904,0.03442758,3,3,0,1
Zone_DH401,386040893,90.3656512,23.7885196,0.07281868,2,3,0,0
Zone_DH401,386040896,90.366085,23.788545,0.06451398,3,3,0,1
Zone_DH401,386040897,90.3658395,23.78945,0.0,4,1,0,0
Zone_DH401,11287675974,90.3521968,23.8007471,0.00776711,4,3,0,0
Zone_DH401,11287675975,90.3533623,23.8014373,0.00240091,4,3,0,0
Zone_DH401,4611400775,90.3690239,23.7845984,0.0,4,1,0,0
Zone_DH401,11287675977,90.3531789,23.8009271,0.0,4,1,0,0
Zone_DH401,11287675978,90.3525778,23.8001983,0.01581961,4,3,0,0
Zone_DH401,386049099,90.3689981,23.7926854,0.00298869,4,3,0,1
Zone_DH401,386049100,90.3684185,23.7925671,0.00395926,4,3,0,1
Zone_DH401,4021888076,90.3550498,23.8015421,0.00644481,4,3,0,0
Zone_DH401,4021888078,90.3565011,23.8025498,0.00222738,4,3,0,0
Zone_DH401,386049103,90.368371,23.7927519,0.00566818,4,3,0,1
Zone_DH401,382026831,90.351989,23.7974379,0.04576692,3,3,0,0
Zone_DH401,382026832,90.3532193,23.7975672,0.0112632,4,3,0,0
Zone_DH401,11287675979,90.3537447,23.8008867,0.00289002,4,3,0,0
Zone_DH401,11287675980,90.3531523,23.8005373,0.00471717,4,4,0,0
Zone_DH401,4493714516,90.3579722,23.7927815,0.0,4,1,0,0
Zone_DH401,386049109,90.3672807,23.792787,0.01696711,4,3,0,0
Zone_DH401,4493714517,90.3583482,23.7929093,0.0691295,2,4,0,1
Zone_DH401,386049111,90.3670248,23.792723,0.02049127,3,3,0,0
Zone_DH401,4611400788,90.3680139,23.7854579,0.00678633,4,3,0,0
Zone_DH401,386049116,90.3666621,23.7932706,0.01790663,4,3,0,1
Zone_DH401,4603421795,90.3699267,23.790351,0.0,4,2,0,0
Zone_DH401,4603421796,90.369599,23.7912048,0.00092166,4,2,0,0
Zone_DH401,386049128,90.3654286,23.7941269,0.03157712,3,3,0,1
Zone_DH401,12054389867,90.3483225,23.7947463,0.0,4,1,0,0
Zone_DH401,9832268909,90.3492174,23.7963858,0.03507842,3,3,0,0
Zone_DH401,9832268910,90.3492883,23.7962874,0.05944634,3,3,0,0
Zone_DH401,386049137,90.3646894,23.795344,0.01580004,4,3,0,0
Zone_DH401,11991893108,90.3610669,23.8017508,0.01569542,4,3,0,0
Zone_DH401,11991893109,90.361172,23.8036694,0.01029561,4,3,0,0
Zone_DH401,11991893110,90.3612401,23.8035825,0.0117974,4,3,0,0
Zone_DH401,4611400823,90.3667035,23.7875129,0.0,4,1,0,0
Zone_DH401,11991893112,90.3614094,23.8036957,0.00294573,4,3,0,0
Zone_DH401,4611400825,90.3667028,23.7871129,0.0036105,4,3,0,1
Zone_DH401,386049146,90.3641355,23.7957752,0.01642611,4,3,0,1
Zone_DH401,3713279099,90.3630644,23.7847921,0.02323328,3,3,0,0
Zone_DH401,11991893111,90.3613425,23.8037833,0.0,4,2,0,0
Zone_DH401,4611318915,90.3687098,23.7857706,0.0,4,1,0,0
Zone_DH401,3713279108,90.3643675,23.7846964,0.008864,4,3,0,1
Zone_DH401,3713279111,90.3648517,23.7847481,0.00817074,4,3,0,1
Zone_DH401,3732407434,90.3613255,23.8015492,0.03791219,3,3,0,0
Zone_DH401,386049162,90.3636378,23.7966533,0.06092942,3,3,0,0
Zone_DH401,4514825355,90.3488387,23.7868559,0.0,4,1,0,0
Zone_DH401,3732407438,90.3603893,23.8010093,0.01890612,4,3,0,0
Zone_DH401,4611318926,90.3696836,23.7862145,0.00092208,4,2,0,1
Zone_DH401,3713279120,90.3663372,23.7853504,0.00722143,4,3,0,1
Zone_DH401,4514825362,90.3478552,23.7867467,0.00754595,4,3,0,1
Zone_DH401,386049177,90.3631523,23.797693,0.01001108,4,3,0,0
Zone_DH401,6264828265,90.3503515,23.796761,0.0107809,4,3,0,0
Zone_DH401,348357787,90.3590635,23.7929305,0.04341195,3,3,0,0
Zone_DH401,348357791,90.3598505,23.7932504,0.0265903,3,3,0,0
Zone_DH401,4611318943,90.3685093,23.7847452,0.0,4,1,0,0
Zone_DH401,4611318944,90.3681458,23.7847368,0.00104585,4,3,0,1
Zone_DH401,4611318949,90.3687736,23.7845051,0.00092208,4,2,0,1
Zone_DH401,2320057511,90.3479266,23.7827451,0.00313415,4,3,0,1
Zone_DH401,4611318952,90.3686237,23.7851684,0.00276455,4,3,0,1
Zone_DH401,382026932,90.3528696,23.7941547,0.03692163,3,3,0,0
Zone_DH401,382026933,90.3526054,23.797494,0.00024158,4,3,0,0
Zone_DH401,3732407479,90.3602936,23.8012273,0.0232588,3,3,0,0
Zone_DH401,3732407481,90.3606128,23.7998975,0.00837616,4,3,0,0
Zone_DH401,4611318972,90.3680889,23.7851426,0.00562607,4,3,0,1
Zone_DH401,4611318979,90.3682778,23.7856974,0.0013776,4,3,0,1
Zone_DH401,12018517224,90.3512584,23.7945362,0.0,4,1,0,0
Zone_DH401,4487963909,90.3677155,23.8004881,0.00105946,4,3,0,1
Zone_DH401,4487963910,90.368077,23.8006686,0.0,4,1,0,0
Zone_DH401,11068179732,90.3600493,23.7991317,0.02397461,3,3,0,0
Zone_DH401,3718079771,90.3649871,23.7945625,0.0124358,4,3,0,0
Zone_DH401,386024744,90.3636515,23.8041517,0.0,4,1,0,0
Zone_DH401,386049332,90.3638782,23.7986248,0.00174635,4,3,0,0
Zone_DH401,1158350137,90.3577718,23.788922,0.0032005,4,3,0,0
Zone_DH401,5927773501,90.3535855,23.7926989,0.05986358,3,3,0,1
Zone_DH401,12020032836,90.3504289,23.7888523,0.00566137,4,3,0,0
Zone_DH401,12020032839,90.3500713,23.788961,0.00263993,4,3,0,0
Zone_DH401,4611097931,90.3577144,23.7996585,0.01092933,4,3,0,0
Zone_DH401,12018517329,90.3513462,23.7943401,0.0,4,1,0,0
Zone_DH401,4611097941,90.3575658,23.8012142,0.02625728,3,3,0,0
Zone_DH401,4483671389,90.3482128,23.7896592,0.03079539,3,3,0,0
Zone_DH401,5660271966,90.3481372,23.8011788,0.00614666,4,3,0,0
Zone_DH401,4483671392,90.3462805,23.7898859,0.01214276,4,4,0,0
Zone_DH401,4483671397,90.3463582,23.7901681,0.01380659,4,3,0,0
Zone_DH401,4483671398,90.3463674,23.7901973,0.02212746,3,3,0,0
Zone_DH401,4483671404,90.3450611,23.7903077,0.0,4,1,0,0
Zone_DH401,4483671409,90.3473707,23.7903685,0.02523397,3,3,0,0
Zone_DH401,4483671410,90.3472192,23.7903765,0.02354419,3,3,0,1
Zone_DH401,12020032887,90.3503683,23.7878151,0.0,4,1,0,0
Zone_DH401,4483671419,90.3466684,23.7904385,0.0,4,1,0,0
Zone_DH401,4483671427,90.3464846,23.7906126,0.00199303,4,3,0,0
Zone_DH401,7130031493,90.3581666,23.7960415,0.0,4,1,0,0
Zone_DH401,7130031495,90.3581591,23.7951057,0.02856546,3,3,0,0
Zone_DH401,11992278410,90.3671629,23.7862835,0.00815968,4,3,0,0
Zone_DH401,4483671436,90.3456064,23.7907847,0.00275689,4,3,0,1
Zone_DH401,3519792526,90.3601285,23.7964402,0.11116513,2,4,0,1
Zone_DH401,4483671439,90.3448432,23.7909561,0.0,4,1,0,0
Zone_DH401,4483671445,90.3471781,23.7910645,0.00119726,4,3,0,1
Zone_DH401,4483671452,90.3468159,23.7911215,0.0,4,1,0,0
Zone_DH401,3915851205,90.3530641,23.7809174,0.00184332,4,2,0,1
Zone_DH401,3915851206,90.3533306,23.781359,0.0,4,1,0,0
Zone_DH401,12018517447,90.3509275,23.793468,0.0,4,1,0,0
Zone_DH401,12018517449,90.350945,23.7931964,0.01710789,4,3,0,1
Zone_DH401,4452337110,90.3559787,23.7964566,0.0,4,1,0,0
Zone_DH401,386049501,90.3645334,23.7976761,0.00026199,4,3,0,0
Zone_DH401,386049508,90.363887,23.7990654,0.01446711,4,3,0,0
Zone_DH401,6064760293,90.3460583,23.7879152,0.0125702,4,3,0,0
Zone_DH401,6349112841,90.3664484,23.7888071,0.0790368,2,3,0,0
Zone_DH401,4456179211,90.3570341,23.8028611,0.01072986,4,3,0,0
Zone_DH401,6349112846,90.3670165,23.7871188,0.02840682,3,4,0,0
Zone_DH401,4456179215,90.3566844,23.8032766,0.00726737,4,3,0,0
Zone_DH401,4456179216,90.3571857,23.8036319,0.00211637,4,3,0,0
Zone_DH401,4456179217,90.3563513,23.8036723,0.00412173,4,3,0,0
Zone_DH401,4456179218,90.3568643,23.8040196,0.00127467,4,3,0,1
Zone_DH401,6349112852,90.3672727,23.7854842,0.01574433,4,4,0,0
Zone_DH401,6349112855,90.3676534,23.784477,0.0027637,4,3,0,1
Zone_DH401,264881689,90.3504008,23.800561,0.01927955,4,3,0,0
Zone_DH401,12180358687,90.347904,23.7823124,0.0,4,1,0,0
Zone_DH401,12180358688,90.3485034,23.7835617,0.0,4,1,0,0
Zone_DH401,12180358693,90.3473337,23.783459,0.01359181,4,3,0,1
Zone_DH401,12180358694,90.3490325,23.7845226,0.0,4,1,0,0
Zone_DH401,4488103466,90.3673027,23.7992019,0.0,4,1,0,0
Zone_DH401,3720709681,90.3630745,23.7918848,0.00945944,4,3,0,1
Zone_DH401,4595779122,90.3649512,23.7823032,0.00346802,4,3,0,0
Zone_DH401,4595779126,90.364937,23.7832959,0.00335531,4,3,0,0
Zone_DH401,264881719,90.3521803,23.797975,0.07620249,2,4,0,0
Zone_DH401,4483679815,90.3498561,23.7921453,0.00692966,4,3,0,1
Zone_DH401,386049613,90.368107,23.793914,0.00380189,4,3,0,1
Zone_DH401,386049629,90.3659415,23.7966727,0.04789392,3,3,0,0
Zone_DH401,4395755107,90.3489708,23.7862538,0.01087787,4,3,0,1
Zone_DH401,7442556523,90.3525744,23.8013736,0.00272032,4,4,0,0
Zone_DH401,7442556524,90.352354,23.8017145,0.00575707,4,3,0,0
Zone_DH401,4485613173,90.3640873,23.7939269,0.04805767,3,3,0,1
Zone_DH401,6153823863,90.3539557,23.7892117,0.14949498,1,3,0,0
Zone_DH401,4590569079,90.3499827,23.7829629,0.0,4,1,0,0
Zone_DH401,4483679865,90.3501302,23.7927786,0.01221549,4,3,0,1
Zone_DH401,4483679866,90.3502603,23.7927845,0.01349739,4,3,0,1
Zone_DH401,4424320635,90.3603901,23.7982226,0.0,4,1,0,0
Zone_DH401,4483679867,90.3505877,23.7927745,0.01738605,4,3,0,0
Zone_DH401,11411613309,90.3676732,23.7844323,0.00184332,4,2,0,1
Zone_DH401,11411613310,90.367745,23.7844359,0.00097482,4,2,0,0
Zone_DH401,4595779199,90.3613133,23.7820098,0.0,4,1,0,0
Zone_DH401,4485613184,90.3626801,23.7948458,0.00184374,4,3,0,1
Zone_DH401,11411613311,90.3681618,23.7844582,9.952e-05,4,2,0,0
Zone_DH401,4483679887,90.350108,23.7929559,0.0,4,1,0,0
Zone_DH401,4506601131,90.3613189,23.7896994,0.0,4,1,0,0
Zone_DH401,382019244,90.3608459,23.7828134,0.00205725,4,3,0,1
Zone_DH401,4506601132,90.3613122,23.789528,0.0,4,1,0,0
Zone_DH401,4506601135,90.3609115,23.7895473,0.00368451,4,3,0,1
Zone_DH401,382019248,90.3596342,23.782718,0.0189495,4,3,0,0
Zone_DH401,382019250,90.35983,23.7821563,0.01121089,4,3,0,0
Zone_DH401,382019259,90.3613044,23.7823842,0.01322859,4,4,0,1
Zone_DH401,382027451,90.3521271,23.795834,0.04732698,3,3,0,1
Zone_DH401,382027458,90.3509699,23.7954953,0.0,4,1,0,0
Zone_DH401,386041540,90.368242,23.7860877,0.00300145,4,3,0,1
Zone_DH401,382019269,90.3636653,23.7823405,0.00984563,4,3,0,0
Zone_DH401,386041543,90.3682125,23.7863036,0.00675614,4,3,0,0
Zone_DH401,386041556,90.3670529,23.789115,0.03120837,3,3,0,1
Zone_DH401,386041557,90.3674166,23.789105,0.0276102,3,3,0,1
Zone_DH401,4590175958,90.3510345,23.794517,0.0,4,1,0,0
Zone_DH401,4590175961,90.350938,23.7949171,0.06647978,2,3,0,1
Zone_DH401,374130394,90.3489251,23.7951948,0.03426299,3,4,0,0
Zone_DH401,386041562,90.3685411,23.7891225,0.01017482,4,3,0,0
Zone_DH401,386041565,90.3693229,23.7891034,0.00500001,4,3,0,1
Zone_DH401,386041566,90.3696373,23.7890996,0.00134782,4,2,0,0
Zone_DH401,374130399,90.3480432,23.7953998,0.00186799,4,3,0,0
Zone_DH401,11409254115,90.3646873,23.7902524,0.02280541,3,3,0,1
Zone_DH401,11409254116,90.3642166,23.7902885,0.0,4,1,0,0
Zone_DH401,11409254117,90.3633817,23.7884974,0.0,4,1,0,0
Zone_DH401,11409254118,90.3643694,23.7900533,0.00552187,4,3,0,1
Zone_DH401,11409254120,90.3643956,23.7895749,0.0,4,1,0,0
Zone_DH401,11409254122,90.3617256,23.7895562,0.04132875,3,3,0,1
Zone_DH401,4590175978,90.3521761,23.7952641,0.08200252,2,3,0,0
Zone_DH401,11409254124,90.3621058,23.789651,0.0,4,1,0,0
Zone_DH401,11409254125,90.3620914,23.7893494,0.0,4,1,0,0
Zone_DH401,11409254128,90.3621943,23.7889906,0.06050155,3,3,0,1
Zone_DH401,374130417,90.3463683,23.7982679,0.00108966,4,3,0,1
Zone_DH401,11409254130,90.3621607,23.7887711,0.0,4,1,0,0
Zone_DH401,11409254132,90.3597213,23.7897227,0.11733348,1,3,0,1
Zone_DH401,6349104884,90.3647106,23.7977457,0.01278626,4,3,0,0
Zone_DH401,9742698230,90.3589622,23.7814565,0.00276455,4,3,0,1
Zone_DH401,11409254135,90.3599789,23.7897577,0.0,4,1,0,0
Zone_DH401,11409254136,90.3606321,23.7900533,0.01756595,4,3,0,1
Zone_DH401,9742698233,90.3537878,23.7851015,0.06808577,2,3,0,0
Zone_DH401,11409254137,90.3606957,23.7896172,0.0,4,1,0,0
Zone_DH401,9742698235,90.3535159,23.7955216,0.16914796,1,4,0,0
Zone_DH401,11409254139,90.3609009,23.7896343,0.0,4,1,0,0
Zone_DH401,11409254141,90.3612032,23.7895917,0.00184374,4,3,0,1
Zone_DH401,11409254142,90.3614919,23.7886974,0.02615988,3,3,0,1
Zone_DH401,9742698239,90.3529217,23.7983205,0.00068603,4,3,0,0
Zone_DH401,11409254138,90.3610357,23.7900848,0.01721124,4,3,0,1
Zone_DH401,9742698241,90.3522422,23.7978903,0.05155376,3,3,0,0
Zone_DH401,3718899458,90.3667789,23.8014086,0.00368323,4,3,0,1
Zone_DH401,9742698243,90.3490269,23.7951873,0.05136152,3,3,0,0
Zone_DH401,9742698244,90.3489964,23.7949662,0.05002093,3,3,0,0
Zone_DH401,11409254140,90.3611936,23.7896957,0.0,4,1,0,0
Zone_DH401,11409254144,90.3614919,23.7883287,0.0,4,1,0,0
Zone_DH401,9499117328,90.3495528,23.8017489,0.01535474,4,3,0,0
Zone_DH401,9499117329,90.3499859,23.8020125,0.00319795,4,3,0,0
Zone_DH401,9499117330,90.3497567,23.8014499,0.01676083,4,3,0,0
Zone_DH401,3718932246,90.3672737,23.8024786,0.0,4,2,0,0
Zone_DH401,382019353,90.3660998,23.7827145,0.00092208,4,2,0,1
Zone_DH401,5701691184,90.3571363,23.8027397,0.01268291,4,3,0,0
Zone_DH401,5701691185,90.3566379,23.8023877,0.00252084,4,3,0,0
Zone_DH401,11993212763,90.3642919,23.783394,0.00513356,4,3,0,1
Zone_DH401,11993212765,90.3642622,23.7824956,0.0,4,1,0,0
Zone_DH401,11993212766,90.3597562,23.7822985,0.01288663,4,3,0,1
Zone_DH401,12019926878,90.3509417,23.7869691,0.0,4,1,0,0
Zone_DH401,12019926880,90.3512051,23.7869583,0.0027586,4,3,0,1
Zone_DH401,12019926881,90.3512209,23.7874133,0.0,4,1,0,0
Zone_DH401,12019926883,90.3523377,23.7867804,0.0,4,1,0,0
Zone_DH401,12019926885,90.3520585,23.7867877,0.00184374,4,3,0,1
Zone_DH401,12019926886,90.3523851,23.7869529,0.0,4,1,0,0
Zone_DH401,12019926888,90.3520714,23.7869676,0.00092719,4,3,0,1
Zone_DH401,12019926889,90.3524167,23.7871271,0.0,4,1,0,0
Zone_DH401,12019926892,90.3520802,23.7871384,0.00092208,4,3,0,1
Zone_DH401,12019926893,90.3520764,23.7870175,0.00184842,4,3,0,0
Zone_DH401,12019926896,90.3516768,23.7870362,0.00367855,4,3,0,0
Zone_DH401,12019926897,90.3516821,23.7870766,1.021e-05,4,3,0,0
Zone_DH401,12019926900,90.3512079,23.7871036,0.00092804,4,3,0,1
Zone_DH401,12019926904,90.3510462,23.7866116,0.0,4,1,0,0
Zone_DH401,12019926906,90.3509604,23.786766,0.0,4,1,0,0
Zone_DH401,12019926907,90.3510512,23.7867543,0.00184374,4,3,0,1
Zone_DH401,9430566782,90.353821,23.7892144,0.13637613,1,4,0,0
Zone_DH401,12019926911,90.3512051,23.7868789,0.00642992,4,3,0,1
Zone_DH401,12019926913,90.3516654,23.7868643,0.01191649,4,3,0,0
Zone_DH401,12019926914,90.3516619,23.7868412,0.01830303,4,3,0,1
Zone_DH401,12019926917,90.3520603,23.7868157,0.00459681,4,3,0,1
Zone_DH401,12019926918,90.3520516,23.7865791,0.0,4,1,0,0
Zone_DH401,8572929927,90.3459567,23.7997807,0.0,4,1,0,0
Zone_DH401,7281600402,90.3572626,23.7830598,0.00280538,4,3,0,0
Zone_DH401,12102734592,90.3510626,23.7905389,0.0,4,1,0,0
Zone_DH401,4595765715,90.3611003,23.7817744,0.0,4,1,0,0
Zone_DH401,5660469167,90.3496785,23.8025819,0.00275477,4,3,0,0
Zone_DH401,5660469168,90.349494,23.802852,0.00183991,4,3,0,0
Zone_DH401,5660469169,90.3493024,23.8031324,0.00092038,4,3,0,0
Zone_DH401,5660469170,90.3491011,23.803427,0.0,4,2,0,0
Zone_DH401,5660469173,90.3498651,23.8023088,0.00447474,4,3,0,0
Zone_DH401,11412121537,90.3589336,23.7931817,0.02175403,3,3,0,0
Zone_DH401,11412121541,90.3575908,23.7941102,0.06567679,2,3,0,0
Zone_DH401,11412121547,90.3570152,23.7958028,0.0,4,1,0,0
Zone_DH401,4611278795,90.3627358,23.7934782,0.0,4,1,0,0
Zone_DH401,11412121549,90.3592776,23.7962912,0.0,4,1,0,0
Zone_DH401,11412121550,90.3593055,23.7960841,0.00251319,4,4,0,1
Zone_DH401,4611278801,90.3627884,23.7937472,0.04235589,3,3,0,1
Zone_DH401,4611278802,90.3627395,23.793999,0.0,4,1,0,0
Zone_DH401,11412121557,90.3622093,23.7952386,0.0,4,1,0,0
Zone_DH401,11412121558,90.3628699,23.7951414,0.00552187,4,3,0,1
Zone_DH401,11412121560,90.3645452,23.7966295,0.02058357,3,3,0,1
Zone_DH401,11412121564,90.3651191,23.7969763,0.031444,3,3,0,0
Zone_DH401,11412121567,90.3643251,23.7984731,0.02610118,3,3,0,1
Zone_DH401,3556780000,90.3521347,23.7819803,0.01037685,4,3,0,0
Zone_DH401,11412121568,90.3645074,23.7985637,0.0,4,1,0,0
Zone_DH401,4590151655,90.3460687,23.7851184,0.00184374,4,3,0,1
Zone_DH401,4590151656,90.3463875,23.7850502,0.0,4,1,0,0
Zone_DH401,4603348974,90.369682,23.7865856,0.00184332,4,2,0,1
Zone_DH401,4510124027,90.3615276,23.7963724,0.10095756,2,3,0,0
Zone_DH401,11072546843,90.3602301,23.7983672,0.0,4,1,0,0
Zone_DH401,11411654711,90.349184,23.7962049,0.05839326,3,3,0,0
Zone_DH401,4487989303,90.3690011,23.7999831,0.00092208,4,2,0,1
Zone_DH401,11411654712,90.3502837,23.7968703,0.03241372,3,3,0,0
Zone_DH401,11411654715,90.3487747,23.7950443,0.0090975,4,3,0,0
Zone_DH401,11411654716,90.3479708,23.7953429,0.00238347,4,3,0,0
Zone_DH401,11411654717,90.3477252,23.7958762,0.00550358,4,3,0,0
Zone_DH401,11411654718,90.3465874,23.7979858,0.00012759,4,2,0,0
Zone_DH401,11411654719,90.3466504,23.7980373,0.00204194,4,3,0,0
Zone_DH401,8942356552,90.3634845,23.7866934,0.0,4,1,0,0
Zone_DH401,8942356553,90.360354,23.7872939,0.0,4,1,0,0
Zone_DH401,8942356556,90.3611268,23.7873226,0.02553722,3,3,0,1
Zone_DH401,8942356561,90.3635639,23.7891823,0.0,4,1,0,0
Zone_DH401,12048959570,90.3623763,23.8022711,0.0,4,1,0,0
Zone_DH401,12048959569,90.3625661,23.8025294,0.0,4,1,0,0
Zone_DH401,12048959572,90.3633055,23.8001894,0.01572306,4,3,0,0
Zone_DH401,12048959576,90.3622491,23.7998597,0.01260167,4,3,0,0
Zone_DH401,12048959577,90.3622224,23.800032,0.01211809,4,3,0,0
Zone_DH401,12048959578,90.3622646,23.7997455,0.00758805,4,3,0,1
Zone_DH401,12048959579,90.3623064,23.7995461,0.01808441,4,3,0,0
Zone_DH401,12048959580,90.3620286,23.7996952,0.0,4,1,0,0
Zone_DH401,12048959581,90.3623761,23.800201,0.00526285,4,3,0,1
Zone_DH401,12048959582,90.3627029,23.8002802,0.0,4,1,0,0
Zone_DH401,12048959584,90.3630702,23.8004513,0.0,4,1,0,0
Zone_DH401,4404594786,90.3661246,23.7946889,0.02197818,3,3,0,0
Zone_DH401,9742598469,90.3639318,23.7895631,0.0,4,1,0,0
Zone_DH401,12048959589,90.3632478,23.8003049,0.00865347,4,3,0,1
Zone_DH401,12048959590,90.3637462,23.8009733,0.0012449,4,3,0,1
Zone_DH401,12048959591,90.3637636,23.8007394,0.0,4,1,0,0
Zone_DH401,4487989352,90.3680232,23.8009112,0.00092208,4,2,0,1
Zone_DH401,4493731955,90.3569219,23.7886563,0.001213,4,3,0,0
Zone_DH401,4493731958,90.3569224,23.7889461,0.00292872,4,3,0,0
Zone_DH401,4485613692,90.3636178,23.7953042,0.08215223,2,3,0,0
Zone_DH401,5701658756,90.3553168,23.8041918,0.0,4,2,0,0
Zone_DH401,5701658757,90.3539048,23.803191,0.00520416,4,3,0,0
Zone_DH401,3739289737,90.3566356,23.7927834,0.00951984,4,3,0,0
Zone_DH401,4611508378,90.3641104,23.7958304,0.0490814,3,3,0,0
Zone_DH401,4611508379,90.3635886,23.7957296,0.03701563,3,3,0,0
Zone_DH401,4611508380,90.3638962,23.7963223,0.04531098,3,3,0,0
Zone_DH401,4609009833,90.3685998,23.7943594,0.00368451,4,3,0,1
Zone_DH401,4609009835,90.3695559,23.7942939,0.00591869,4,3,0,1
Zone_DH401,4483492037,90.3454096,23.794555,0.0,4,1,0,0
Zone_DH401,4590332101,90.3545159,23.7838951,0.0,4,1,0,0
Zone_DH401,4483492045,90.3448661,23.794877,8.5e-07,4,2,0,0
Zone_DH401,4590332111,90.3533399,23.7839979,0.01197561,4,3,0,1
Zone_DH401,4483492047,90.3453597,23.7949643,0.00184332,4,3,0,1
Zone_DH401,3853732050,90.355271,23.8012226,0.00884103,4,3,0,0
Zone_DH401,4483492052,90.3448478,23.7955815,0.0,4,2,0,0
Zone_DH401,4483492053,90.345522,23.7955886,0.00460361,4,4,0,1
Zone_DH401,11335395586,90.3575533,23.7981925,0.0,4,1,0,0
Zone_DH401,11335395587,90.358187,23.7983067,0.00410897,4,3,0,1
Zone_DH401,3718646029,90.3622207,23.7901076,0.05817933,3,4,0,0
Zone_DH401,7309773554,90.347727,23.7904436,0.0,4,1,0,0
Zone_DH401,12020713756,90.3507647,23.7947299,0.0,4,1,0,0
Zone_DH401,12020713758,90.3507325,23.7949203,0.06513153,3,3,0,1
Zone_DH401,3732392237,90.3600663,23.7853845,0.10361875,2,3,0,1
Zone_DH401,3732392241,90.3604772,23.7846055,0.0,4,1,0,0
Zone_DH401,3732392246,90.3616065,23.7842093,0.0,4,1,0,0
Zone_DH401,4595951926,90.3669299,23.7871142,0.01643504,4,3,0,0
Zone_DH401,4595951930,90.3667215,23.7855372,0.00887251,4,3,0,0
Zone_DH401,4595951931,90.3668732,23.7862984,0.02715767,3,4,0,0
Zone_DH401,4404545856,90.3652053,23.796023,0.05164691,3,4,0,0
Zone_DH401,11998865739,90.3549262,23.8033847,0.00460021,4,3,0,0
Zone_DH401,11998865741,90.3546402,23.8037133,0.00105904,4,4,0,0
Zone_DH401,11998865743,90.3542073,23.8042297,0.0001361,4,2,0,0
Zone_DH401,11998865745,90.3544293,23.8039669,0.00038363,4,3,0,0
Zone_DH401,4611248581,90.3593639,23.7936531,0.0,4,1,0,0
Zone_DH401,10142640494,90.3650686,23.7815562,2.297e-05,4,2,0,0
Zone_DH401,11502717295,90.3658284,23.7875424,0.0,4,1,0,0
Zone_DH401,11502717297,90.3655994,23.7867762,0.0,4,1,0,0
Zone_DH401,3556591988,90.3557904,23.800114,0.0351957,3,4,0,1
Zone_DH401,12048976249,90.354729,23.7965134,0.01554188,4,3,0,0
Zone_DH401,12048976250,90.3530804,23.7985338,0.03579115,3,3,0,0
Zone_DH401,386034050,90.3549461,23.7980163,0.01865646,4,3,0,1
Zone_DH401,3516778884,90.3553416,23.8000944,0.03686677,3,3,0,0
Zone_DH401,386034053,90.3546532,23.7974985,0.01582811,4,3,0,0
Zone_DH401,12048976262,90.3545678,23.7982691,0.00423784,4,3,0,0
Zone_DH401,12048976263,90.3548998,23.7979746,0.01802274,4,3,0,0
Zone_DH401,3516778888,90.3555026,23.8001076,0.03649419,3,3,0,0
Zone_DH401,4611623306,90.362569,23.7981017,0.0,4,1,0,0
Zone_DH401,12048976267,90.3564705,23.7985562,0.05809937,3,3,0,1
Zone_DH401,386034060,90.3547866,23.7956098,0.08084439,2,4,0,0
Zone_DH401,12048976266,90.3561532,23.7968717,0.0,4,1,0,0
Zone_DH401,4611320206,90.3667654,23.7857573,0.00924763,4,3,0,1
Zone_DH401,4611320207,90.3662618,23.786036,0.0,4,1,0,0
Zone_DH401,4611320208,90.3656843,23.7878628,0.0,4,1,0,0
Zone_DH401,4611623317,90.3648361,23.7972149,0.01434079,4,3,0,1
Zone_DH401,3717007766,90.368223,23.7944351,0.0,4,1,0,0
Zone_DH401,4611320214,90.3664165,23.7873898,0.0,4,1,0,0
Zone_DH401,4611623322,90.364202,23.7973143,0.0,4,1,0,0
Zone_DH401,3717007771,90.3685639,23.7942906,0.00184374,4,3,0,1
Zone_DH401,4611320221,90.3664651,23.7878921,0.00184374,4,3,0,1
Zone_DH401,3717007774,90.3689815,23.794334,0.0,4,1,0,0
Zone_DH401,4611320223,90.3655256,23.7882119,0.0,4,1,0,0
Zone_DH401,4611623325,90.3644625,23.7967969,0.0,4,1,0,0
Zone_DH401,4611320229,90.3653401,23.7882498,0.04713771,3,3,0,1
Zone_DH401,4611320230,90.3651718,23.7881258,0.04627347,3,3,0,1
Zone_DH401,4611320234,90.366241,23.786706,0.0,4,1,0,0
Zone_DH401,4611320239,90.3658405,23.7872749,0.00399159,4,3,0,1
Zone_DH401,4611320241,90.3655914,23.7871027,0.00473759,4,3,0,1
Zone_DH401,4611623343,90.3654037,23.7946622,0.02818098,3,3,0,0
Zone_DH401,4611320243,90.3661462,23.7865166,0.0,4,1,0,0
Zone_DH401,4493879735,90.3578259,23.7874302,0.00917405,4,3,0,0
Zone_DH401,4611320249,90.3647761,23.786432,0.04893339,3,3,0,1
Zone_DH401,4611320250,90.3673447,23.7854826,0.01363008,4,4,0,0
Zone_DH401,4493879740,90.3560275,23.7875048,0.01186503,4,3,0,0
Zone_DH401,4611320257,90.3677211,23.7844907,0.001885,4,3,0,0
Zone_DH401,4611623362,90.3649066,23.793533,0.02475251,3,3,0,1
Zone_DH401,4611623375,90.3647706,23.7951142,0.01406263,4,3,0,1
Zone_DH401,4611623377,90.3641203,23.7953332,0.0,4,1,0,0
Zone_DH401,4611508689,90.3634569,23.7976754,0.00673317,4,3,0,0
Zone_DH401,4611623380,90.3639699,23.7949971,0.00184374,4,3,0,1
Zone_DH401,4483492308,90.3455193,23.7963994,0.0,4,1,0,0
Zone_DH401,4611623381,90.3637267,23.7949563,0.08248313,2,3,0,1
Zone_DH401,4611508694,90.3632026,23.7983988,0.00770842,4,3,0,0
Zone_DH401,4611623382,90.3650634,23.79726,0.05031482,3,4,0,0
Zone_DH401,4611623388,90.3627411,23.7993069,0.00057375,4,3,0,0
Zone_DH401,4611508710,90.3618651,23.8006522,0.0,4,1,0,0
Zone_DH401,4611508712,90.3616044,23.8003959,0.00184374,4,3,0,1
Zone_DH401,4611508713,90.3615924,23.8006607,0.0,4,1,0,0
Zone_DH401,4611508749,90.3614109,23.7999976,0.02944119,3,3,0,0
Zone_DH401,4611508750,90.3616142,23.7999982,0.01013144,4,3,0,1
Zone_DH401,4611508758,90.3628752,23.7983672,0.00243408,4,3,0,0
Zone_DH401,4590176792,90.3502285,23.7949259,0.0,4,1,0,0
Zone_DH401,4590176793,90.3504566,23.7949252,0.06381986,3,3,0,1
Zone_DH401,12015266551,90.3593463,23.7947153,0.0,4,1,0,0
Zone_DH401,11409394222,90.3604261,23.7877895,0.0,4,1,0,0
Zone_DH401,11409394223,90.3604232,23.7876348,0.00282792,4,3,0,1
Zone_DH401,11409394224,90.3607171,23.7877466,0.0,4,1,0,0
Zone_DH401,11409394225,90.3607184,23.7876303,0.00243578,4,3,0,1
Zone_DH401,11409394226,90.3602007,23.7881636,0.02840512,3,3,0,1
Zone_DH401,11409394227,90.3601994,23.7879417,0.0,4,1,0,0
Zone_DH401,4611508788,90.3613197,23.8013483,0.03822778,3,3,0,0
Zone_DH401,11409394229,90.3619275,23.7877742,0.0,4,1,0,0
Zone_DH401,11409394230,90.3627002,23.7874158,0.0034357,4,3,0,1
Zone_DH401,11409394231,90.3628233,23.7874711,0.0,4,1,0,0
Zone_DH401,11409394232,90.363911,23.7881092,0.0,4,1,0,0
Zone_DH401,11409394233,90.364132,23.7888367,0.05135514,3,3,0,1
Zone_DH401,386230844,90.3698846,23.796312,0.00092208,4,2,0,1
Zone_DH401,386230845,90.3697073,23.7962867,0.00198452,4,3,0,1
Zone_DH401,4590176829,90.3500243,23.7949502,0.0,4,1,0,0
Zone_DH401,386230847,90.369162,23.7962658,0.0064078,4,3,0,1
Zone_DH401,11409394239,90.3654801,23.7891116,0.0,4,1,0,0
Zone_DH401,4590176833,90.3495455,23.7951694,0.00184374,4,3,0,1
Zone_DH401,11409394240,90.3667162,23.7899446,0.0,4,1,0,0
Zone_DH401,4590176835,90.3499308,23.7951648,0.0,4,1,0,0
Zone_DH401,11409394236,90.3642229,23.7885301,0.0,4,1,0,0
Zone_DH401,11409394241,90.3663639,23.7901872,0.01482224,4,3,0,1
Zone_DH401,11409394245,90.3671732,23.7902189,0.0,4,1,0,0
Zone_DH401,11409394247,90.36731,23.7898146,0.0,4,1,0,0
Zone_DH401,11409394248,90.3677392,23.7899441,0.00643928,4,3,0,1
Zone_DH401,12015266556,90.3590338,23.7956909,0.0,4,1,0,0
Zone_DH401,4590176842,90.3473364,23.7947538,0.0,4,1,0,0
Zone_DH401,4590176843,90.3473709,23.7950135,0.00092208,4,3,0,1
Zone_DH401,11409394250,90.3677043,23.790508,0.0,4,1,0,0
Zone_DH401,11409394253,90.3681549,23.7905656,0.0,4,1,0,0
Zone_DH401,4590176846,90.3480627,23.7949366,0.00252297,4,3,0,0
Zone_DH401,4590176847,90.3477315,23.7946965,0.0,4,1,0,0
Zone_DH401,11409394258,90.3695184,23.7911728,0.00276413,4,3,0,1
Zone_DH401,4590176852,90.3479232,23.7938327,0.00251149,4,3,0,1
Zone_DH401,11409394263,90.3698086,23.7903093,0.0,4,2,0,0
Zone_DH401,11409394267,90.3669411,23.7894174,0.0,4,1,0,0
Zone_DH401,11409394268,90.3669895,23.7891137,0.00184374,4,3,0,1
Zone_DH401,6349204078,90.3617709,23.8023988,0.01160133,4,3,0,1
Zone_DH401,11409762938,90.3616305,23.7974329,0.0,4,1,0,0
Zone_DH401,11409762939,90.3591203,23.7968473,0.10902069,2,3,0,0
Zone_DH401,11409762940,90.3590839,23.7976029,0.0,4,1,0,0
Zone_DH401,11409762941,90.3590975,23.7973194,0.00346122,4,3,0,1
Zone_DH401,11409762942,90.3596579,23.7973539,0.00460191,4,3,0,1
Zone_DH401,11409762943,90.3594873,23.7966861,0.10867108,2,3,0,0
Zone_DH401,1683139203,90.3514448,23.7990439,0.05137896,3,3,0,0
Zone_DH401,11409762947,90.3596384,23.7976896,0.00368451,4,3,0,1
Zone_DH401,11409762949,90.3602238,23.7979951,0.00184374,4,3,0,1
Zone_DH401,11409762950,90.360307,23.7980184,0.0,4,1,0,0
Zone_DH401,11409762953,90.3593427,23.7980786,0.0,4,1,0,0
Zone_DH401,11409762958,90.3599583,23.7976061,0.0,4,1,0,0
Zone_DH401,11409762960,90.3600186,23.7976405,0.0,4,1,0,0
Zone_DH401,11409762961,90.3607036,23.7975556,0.0,4,1,0,0
Zone_DH401,11409762962,90.3602265,23.7972233,0.0,4,1,0,0
Zone_DH401,4597279390,90.3594185,23.7855095,0.0,4,1,0,0
Zone_DH401,4597279393,90.3606141,23.7842516,0.0,4,1,0,0
Zone_DH401,4597279394,90.3608456,23.7844793,0.01123726,4,3,0,1
Zone_DH401,4597279397,90.3604534,23.7848911,0.01464021,4,3,0,0
Zone_DH401,4597279400,90.3602528,23.7854112,0.10397517,2,4,0,0
Zone_DH401,4597279411,90.3581119,23.7905875,0.00024541,4,3,0,0
Zone_DH401,4597279418,90.3579549,23.7914403,0.0919885,2,3,0,0
Zone_DH401,4597279419,90.3574215,23.7908238,0.0,4,1,0,0
Zone_DH401,4597279420,90.3573839,23.7913755,0.09327636,2,3,0,1
Zone_DH401,4597279421,90.3571107,23.7907343,0.0,4,1,0,0
Zone_DH401,12054407869,90.3483834,23.7951212,0.0065724,4,3,0,1
Zone_DH401,4597279423,90.3570004,23.7913286,0.09247591,2,3,0,1
Zone_DH401,4597279424,90.3568295,23.7898721,0.0003764,4,3,0,0
Zone_DH401,4597279430,90.3567589,23.7896147,0.00834299,4,3,0,0
Zone_DH401,4597279433,90.3571566,23.7902352,0.00153539,4,3,0,0
Zone_DH401,10272901836,90.3526469,23.8038913,0.00106074,4,3,0,1
Zone_DH401,10272901837,90.3525287,23.8038303,0.0,4,2,0,0
Zone_DH401,3732384466,90.3604177,23.7810705,0.00091953,4,2,0,0
Zone_DH401,4597279444,90.3553782,23.7898794,0.0,4,1,0,0
Zone_DH401,4597279445,90.3558482,23.7899414,0.0182286,4,3,0,1
Zone_DH401,4514818795,90.3462873,23.7860427,0.0,4,1,0,0
Zone_DH401,4514818799,90.3471878,23.786679,0.0,4,1,0,0
Zone_DH401,386231026,90.3660284,23.797535,0.02014804,4,3,0,0
Zone_DH401,7309773555,90.3482689,23.7900508,0.03047215,3,3,0,1
Zone_DH401,7309773556,90.3466059,23.7911898,0.0,4,1,0,0
Zone_DH401,386231028,90.3658853,23.7981769,0.03690122,3,3,0,1
Zone_DH401,386231030,90.3658454,23.7985742,0.04218066,3,3,0,0
Zone_DH401,386231031,90.3657649,23.7990922,0.01287685,4,3,0,1
Zone_DH401,7309773559,90.3522998,23.7910126,0.0,4,1,0,0
Zone_DH401,7309773561,90.3527326,23.7906476,0.00941053,4,3,0,0
Zone_DH401,7309773562,90.3533373,23.7906366,0.0105172,4,3,0,0
Zone_DH401,12015266555,90.3592516,23.7952186,0.03872327,3,3,0,1
Zone_DH401,386231036,90.3654299,23.8013017,0.00279858,4,3,0,1
Zone_DH401,7309773565,90.3538842,23.7879618,0.02799852,3,3,0,1
Zone_DH401,7309773563,90.3533884,23.789429,0.0,4,1,0,0
Zone_DH401,7309773564,90.3533664,23.7879336,0.0,4,1,0,0
Zone_DH401,386231040,90.3665036,23.8019221,0.0,4,1,0,0
Zone_DH401,7309773568,90.3526214,23.7881673,0.0,4,1,0,0
Zone_DH401,7309773567,90.3538693,23.7883225,0.02883809,3,3,0,1
Zone_DH401,7309773566,90.3531276,23.7883078,0.0,4,1,0,0
Zone_DH401,5254368004,90.3503698,23.7896035,0.0,4,1,0,0
Zone_DH401,12015266559,90.359084,23.7952017,0.03903545,3,3,0,1
Zone_DH401,4491029254,90.3604236,23.7836362,0.0,4,1,0,0
Zone_DH401,4491029255,90.3596159,23.7838783,0.02246729,3,3,0,1
Zone_DH401,4491029256,90.3602086,23.7840771,0.00184374,4,3,0,1
Zone_DH401,12015266568,90.3599169,23.7949896,0.0,4,1,0,0
Zone_DH401,4491029258,90.360055,23.7844277,0.0,4,1,0,0
Zone_DH401,4611623691,90.3628608,23.7996587,0.01058057,4,3,0,0
Zone_DH401,4611623696,90.3616558,23.7990413,0.03604208,3,3,0,0
Zone_DH401,3416910642,90.3522157,23.787807,0.00626277,4,4,0,1
Zone_DH401,3416910643,90.3514278,23.7877795,0.00239963,4,3,0,1
Zone_DH401,3416910644,90.3510825,23.7875398,0.01488817,4,3,0,0
Zone_DH401,4514818869,90.345706,23.785836,0.0027267,4,3,0,1
Zone_DH401,3416910647,90.3507253,23.7875781,0.01524841,4,3,0,0
Zone_DH401,4497845052,90.3645627,23.7920978,0.03272547,3,3,0,1
Zone_DH401,387550022,90.3491314,23.7921995,0.00458362,4,3,0,0
Zone_DH401,4514818887,90.346296,23.7858461,0.0,4,1,0,0
Zone_DH401,4514818889,90.3461785,23.7854797,0.00368451,4,3,0,1
Zone_DH401,7281598887,90.3567586,23.7834465,0.00371641,4,3,0,0
Zone_DH401,4497845091,90.3616968,23.7897402,0.04129133,3,3,0,1
Zone_DH401,12019895149,90.3508748,23.7911189,0.0,4,1,0,0
Zone_DH401,12019895162,90.3512218,23.7911218,0.00184374,4,3,0,1
Zone_DH401,12019895163,90.3510458,23.7911797,0.0,4,1,0,0
Zone_DH401,6342568853,90.3477924,23.799652,0.01664557,4,3,0,0
Zone_DH401,6342568854,90.3484376,23.8000102,0.00175868,4,3,0,0
Zone_DH401,6342568855,90.3481375,23.8004032,0.00022584,4,3,0,0
Zone_DH401,6342568856,90.3486891,23.7996904,0.00272329,4,3,0,0
Zone_DH401,12049173401,90.3630228,23.7912906,0.0,4,1,0,0
Zone_DH401,5660560282,90.3472704,23.800074,0.01244643,4,3,0,1
Zone_DH401,12049173402,90.3644502,23.7940969,0.0,4,1,0,0
Zone_DH401,12049173404,90.364006,23.7941214,0.04952501,3,3,0,1
Zone_DH401,12049173405,90.3637561,23.7947354,0.08168524,2,3,0,1
Zone_DH401,5660560286,90.3482727,23.7989648,0.02205984,3,3,0,0
Zone_DH401,5660560284,90.3490338,23.7998609,0.01043894,4,3,0,0
Zone_DH401,5660560285,90.3492371,23.7995329,0.01113689,4,3,0,0
Zone_DH401,12049173400,90.3643433,23.791626,0.0,4,1,0,0
Zone_DH401,12049173403,90.3642983,23.7942473,0.0,4,1,0,0
Zone_DH401,12049173408,90.3631823,23.7946692,0.0,4,1,0,0
Zone_DH401,12049173420,90.3651341,23.7942198,0.00884486,4,3,0,1
Zone_DH401,12049173423,90.3646376,23.7941647,0.0,4,1,0,0
Zone_DH401,12049173425,90.3642655,23.7947866,0.0,4,1,0,0
Zone_DH401,12049173426,90.3644422,23.7950742,0.00184374,4,3,0,1
Zone_DH401,12049173427,90.3644919,23.7949079,0.0,4,1,0,0
Zone_DH401,12049173431,90.3629183,23.7955723,0.04460836,3,3,0,1
Zone_DH401,12049173432,90.363265,23.7956557,0.0,4,1,0,0
Zone_DH401,12049173438,90.3555268,23.7973024,0.00184374,4,3,0,1
Zone_DH401,4599393215,90.3560754,23.7948127,0.08721264,2,3,0,0
Zone_DH401,12012727231,90.3632241,23.8026189,0.0,4,1,0,0
Zone_DH401,12049173440,90.3557873,23.7973379,0.0,4,1,0,0
Zone_DH401,4613336002,90.3670693,23.7932223,0.0,4,1,0,0
Zone_DH401,4599393226,90.3557915,23.7937778,0.00187394,4,4,0,1
Zone_DH401,12012727243,90.3629985,23.8033613,0.00321156,4,3,0,1
Zone_DH401,12049173460,90.3553421,23.799668,0.00813841,4,3,0,0
Zone_DH401,12049173468,90.3550649,23.79986,0.06543308,2,3,0,0
Zone_DH401,386231262,90.3695711,23.7972945,0.00229755,4,3,0,0
Zone_DH401,386231266,90.3695184,23.7983582,0.00090762,4,2,0,0
Zone_DH401,386231268,90.3691316,23.7987394,0.00246343,4,3,0,0
Zone_DH401,386231272,90.3687093,23.7998479,0.0024949,4,3,0,1
Zone_DH401,3416910827,90.3501526,23.7884793,0.01735755,4,3,0,0
Zone_DH401,3416910829,90.3496679,23.7877903,0.02260041,3,3,0,0
Zone_DH401,4428057596,90.3447636,23.7874771,0.00324431,4,3,0,0
Zone_DH401,9958566914,90.36314,23.7889,0.0558218,3,3,0,1
Zone_DH401,9958566915,90.3631228,23.7886947,0.0,4,1,0,0
Zone_DH401,6349106186,90.364983,23.7972143,0.04548536,3,4,0,0
Zone_DH401,6349106192,90.3651839,23.796238,0.04410734,3,4,0,0
Zone_DH401,6349106193,90.3651138,23.796011,0.0206984,3,3,0,0
Zone_DH401,6349106197,90.3651073,23.7954678,0.0213653,3,4,0,0
Zone_DH401,6349106200,90.3653305,23.7946447,0.02444543,3,4,0,0
Zone_DH401,6349106202,90.365345,23.7941025,0.03104803,3,3,0,0
Zone_DH401,6349106203,90.3653247,23.7934417,0.03612672,3,3,0,0
Zone_DH401,6349106204,90.3653266,23.7930598,0.01771014,4,3,0,0
Zone_DH401,6349106206,90.3653844,23.7923464,0.01039088,4,3,0,0
Zone_DH401,6349106210,90.36597,23.7908387,0.0416571,3,4,0,1
Zone_DH401,382020643,90.3472856,23.7835777,0.03638446,3,3,0,0
Zone_DH401,4452346935,90.3567431,23.7942426,0.06540926,3,3,0,0
Zone_DH401,4388891712,90.3618131,23.7809465,0.0,4,1,0,0
Zone_DH401,4452346955,90.3563726,23.7948633,0.08666525,2,3,0,0
Zone_DH401,4452346957,90.3573628,23.7949845,0.02392144,3,4,0,1
Zone_DH401,6349098063,90.3618419,23.8024634,0.01064565,4,3,0,0
Zone_DH401,382020687,90.3471571,23.7864023,0.02318267,3,3,0,1
Zone_DH401,382020690,90.3463476,23.7864786,0.01504766,4,3,0,1
Zone_DH401,6349098068,90.3625476,23.8015077,0.02568097,3,3,0,0
Zone_DH401,382020692,90.345835,23.7866562,0.01812737,4,4,0,0
Zone_DH401,382020693,90.3455403,23.7866815,0.00663407,4,2,0,0
Zone_DH401,3556592722,90.3621367,23.8041656,0.0019573,4,2,0,0
Zone_DH401,6349098072,90.3634526,23.7998535,0.02502981,3,3,0,0
Zone_DH401,6349098077,90.3640827,23.7986992,0.01191606,4,3,0,0
Zone_DH401,4488039526,90.3689193,23.7990707,0.00226566,4,3,0,0
Zone_DH401,4588489837,90.3455365,23.7858595,2.977e-05,4,2,0,0
Zone_DH401,4588489838,90.3455599,23.7861285,6.677e-05,4,2,0,0
Zone_DH401,386034800,90.3533597,23.7975301,0.03176681,3,3,0,0
Zone_DH401,4488039538,90.3673096,23.7988162,0.00337871,4,3,0,1
Zone_DH401,386231411,90.3691407,23.7957396,0.0027637,4,2,0,1
Zone_DH401,4588489844,90.3455678,23.7866762,0.0092421,4,3,0,0
Zone_DH401,4488039541,90.3667373,23.7987785,0.01227375,4,3,0,0
Zone_DH401,386231414,90.3691922,23.7968155,0.0,4,1,0,0
Zone_DH401,4588489843,90.3455482,23.7864135,0.00098375,4,2,0,0
Zone_DH401,13386214535,90.3611419,23.7845558,0.00417149,4,3,0,1
Zone_DH401,13386214536,90.3612841,23.7845739,0.0,4,1,0,0
Zone_DH401,382020755,90.3469193,23.7836277,0.02287942,3,3,0,0
Zone_DH401,382020760,90.3473572,23.7863762,0.0242383,3,3,0,0
Zone_DH401,3716140185,90.3660448,23.7908636,0.06285184,3,4,0,0
Zone_DH401,10243820698,90.3686207,23.7879918,0.00204832,4,3,0,1
Zone_DH401,3717885101,90.3691548,23.7920524,0.00899032,4,3,0,1
Zone_DH401,3717885102,90.3692675,23.7917946,0.0,4,1,0,0
Zone_DH401,3718606001,90.3633244,23.7871502,0.02385212,3,3,0,0
Zone_DH401,3718606003,90.3630207,23.7869319,0.01659368,4,3,0,0
Zone_DH401,382020797,90.3465903,23.7836597,0.00496854,4,2,0,0
Zone_DH401,382020802,90.346873,23.7853965,0.00764717,4,3,0,1
Zone_DH401,877497539,90.3501515,23.8009051,0.01838298,4,3,0,0
Zone_DH401,877497540,90.369193,23.7966836,0.00809631,4,3,0,1
Zone_DH401,382020806,90.347066,23.7864152,0.02175021,3,3,0,0
Zone_DH401,3556773062,90.3496527,23.7824159,0.00470569,4,3,0,1
Zone_DH401,3016305877,90.3517906,23.7816139,0.00776754,4,4,0,0
Zone_DH401,3016305878,90.3533122,23.7986881,0.04538244,3,3,0,0
Zone_DH401,212643032,90.3551082,23.8000788,0.04096383,3,4,0,1
Zone_DH401,877497568,90.3659855,23.7966863,0.04615736,3,3,0,0
Zone_DH401,212643049,90.3519186,23.7815557,0.00610625,4,4,0,0
Zone_DH401,3718950125,90.3682419,23.800772,0.00276455,4,3,0,1
Zone_DH401,877497590,90.3529325,23.8020562,0.01978865,4,4,0,0
Zone_DH401,3716140291,90.3663628,23.7941865,0.02179444,3,3,0,0
Zone_DH401,3716140293,90.367535,23.7942535,0.00474822,4,3,0,0
Zone_DH401,12015242512,90.3588869,23.7962756,0.0,4,1,0,0
Zone_DH401,12020690200,90.35011,23.7921727,0.0,4,1,0,0
Zone_DH401,12015242522,90.3586207,23.7966355,0.06327843,3,3,0,1
Zone_DH401,6121467173,90.3517448,23.8037799,0.00643672,4,2,0,1
Zone_DH401,877497642,90.3584817,23.7951462,0.04167198,3,3,0,0
Zone_DH401,3415739693,90.3538993,23.7874199,0.0438815,3,3,0,0
Zone_DH401,877497661,90.3508914,23.7998481,0.0185008,4,3,0,0
Zone_DH401,6153055550,90.3526982,23.7878623,0.0,4,1,0,0
Zone_DH401,6153055551,90.3522416,23.7874867,0.00312734,4,3,0,1
Zone_DH401,6153055552,90.3526285,23.7875114,0.0,4,1,0,0
Zone_DH401,3556773189,90.3521063,23.7814463,0.00460191,4,3,0,1
Zone_DH401,877497675,90.3507995,23.8028519,0.00276965,4,3,0,0
Zone_DH401,386821459,90.3669102,23.7968244,0.03015104,3,3,0,0
Zone_DH401,12020690259,90.3503435,23.7926813,0.0,4,1,0,0
Zone_DH401,386821461,90.3663502,23.7967373,0.04636364,3,3,0,0
Zone_DH401,386821468,90.3646602,23.7963697,0.06213136,3,3,0,0
Zone_DH401,13065514332,90.358664,23.7970732,0.0,4,1,0,0
Zone_DH401,386821472,90.3640224,23.7960847,0.07602982,2,3,0,0
Zone_DH401,7438003579,90.3620312,23.7863968,0.0,4,1,0,0
Zone_DH401,4611181948,90.356157,23.7970178,0.0,4,1,0,0
Zone_DH401,7438003581,90.3608188,23.7856738,0.00026242,4,3,0,0
Zone_DH401,7438003580,90.3615573,23.7858064,0.00686629,4,3,0,0
Zone_DH401,4611181957,90.3568396,23.7969989,0.00345484,4,3,0,1
Zone_DH401,877497736,90.3547751,23.7850814,0.1124768,2,3,0,0
Zone_DH401,4611181964,90.3541939,23.7975096,0.00420765,4,3,0,0
Zone_DH401,877497744,90.3586012,23.7943165,0.02059973,3,3,0,1
Zone_DH401,3717918096,90.368475,23.7984882,0.00546956,4,3,0,1
Zone_DH401,5701660055,90.3537096,23.8034694,0.00318561,4,3,0,0
Zone_DH401,2320076194,90.3474197,23.7828038,0.00263228,4,2,0,0
Zone_DH401,877497762,90.3513389,23.8020027,0.00382061,4,3,0,0
Zone_DH401,7127469480,90.3520196,23.7820536,0.03892997,3,3,0,0
Zone_DH401,11992272309,90.3663239,23.7898152,0.06333415,3,3,0,0
Zone_DH401,11992272310,90.3664039,23.7898282,0.0148299,4,3,0,0
Zone_DH401,11992272311,90.3647552,23.7897259,0.0,4,1,0,0
Zone_DH401,11992272312,90.3631553,23.7888964,0.05509877,3,3,0,1
Zone_DH401,11992272314,90.3633403,23.7892056,0.0,4,1,0,0
Zone_DH401,11992272315,90.362948,23.78857,0.02144355,3,3,0,1
Zone_DH401,11992272316,90.3631418,23.7885405,0.0,4,1,0,0
Zone_DH401,11992272317,90.3630909,23.7882484,0.0,4,1,0,0
Zone_DH401,11992272319,90.3631207,23.788033,0.00184374,4,3,0,1
Zone_DH401,11992272322,90.3597122,23.7869574,0.05009365,3,3,0,1
Zone_DH401,11992272323,90.360009,23.7869722,0.0,4,1,0,0
Zone_DH401,11992272324,90.3597211,23.7863868,0.04955521,3,3,0,1
Zone_DH401,11992272326,90.3600734,23.7862727,0.0,4,1,0,0
Zone_DH401,382021064,90.3455741,23.7852445,0.00092208,4,2,0,1
Zone_DH401,382021065,90.3458974,23.7852098,0.0,4,1,0,0
Zone_DH401,11992272329,90.3604082,23.785982,0.02665324,3,3,0,1
Zone_DH401,386035147,90.3534474,23.7985214,0.02749112,3,3,0,0
Zone_DH401,4424707528,90.3601921,23.7964188,0.08395132,2,3,0,0
Zone_DH401,11992272332,90.359042,23.7894034,0.00203131,4,3,0,1
Zone_DH401,11992272330,90.3606219,23.7859904,0.0,4,1,0,0
Zone_DH401,11992272333,90.3590454,23.7891713,0.0,4,1,0,0
Zone_DH401,11992272337,90.3595202,23.7909689,0.00184374,4,3,0,1
Zone_DH401,11992272338,90.3596869,23.7906664,0.0,4,1,0,0
Zone_DH401,11992272341,90.366928,23.7855034,0.00216273,4,3,0,1
Zone_DH401,11992272342,90.3676178,23.7859705,0.0,4,1,0,0
Zone_DH401,11992272343,90.3676473,23.7854704,0.01005276,4,3,0,1
Zone_DH401,877497820,90.3605204,23.79343,0.04007535,3,3,0,0
Zone_DH401,4601122275,90.366408,23.7911282,0.00184374,4,3,0,1
Zone_DH401,877497833,90.3499547,23.8011767,0.01757871,4,3,0,0
Zone_DH401,877497839,90.3517711,23.8013701,0.00911919,4,4,0,0
Zone_DH401,4584820226,90.3567954,23.8031447,0.008995,4,3,0,0
Zone_DH401,4584820227,90.3562907,23.8027999,0.00201727,4,3,0,0
Zone_DH401,7116213792,90.3651706,23.7952264,0.02083323,3,4,0,0
Zone_DH401,7116213793,90.3647616,23.7951463,0.01448114,4,3,0,0
Zone_DH401,7116213794,90.3650292,23.794463,0.00909495,4,3,0,1
Zone_DH401,877497892,90.3539557,23.7850392,0.06868674,2,4,0,0
Zone_DH401,7116213797,90.3646312,23.7944498,0.0,4,1,0,0
Zone_DH401,877497898,90.3523107,23.8029587,0.0125417,4,3,0,0
Zone_DH401,3720728108,90.3663097,23.7923008,0.00910345,4,3,0,1
Zone_DH401,3720728110,90.3664732,23.7918358,0.0,4,1,0,0
Zone_DH401,3720728111,90.3662552,23.7917834,0.0,4,1,0,0
Zone_DH401,3720728114,90.3665179,23.7916172,0.0,4,1,0,0
Zone_DH401,3720728117,90.3678249,23.7913957,0.02593786,3,3,0,0
Zone_DH401,11991502391,90.369315,23.7943284,0.0,4,1,0,0
Zone_DH401,11991502395,90.368243,23.7942352,0.0,4,1,0,0
Zone_DH401,11991502399,90.3683098,23.7935313,0.0,4,1,0,0
Zone_DH401,11991502400,90.369062,23.792462,0.0,4,1,0,0
Zone_DH401,877497920,90.3510799,23.7995741,0.01925956,4,3,0,0
Zone_DH401,11991502402,90.3684996,23.7922192,0.0,4,1,0,0
Zone_DH401,11991502404,90.3684469,23.7920729,0.0,4,1,0,0
Zone_DH401,877497925,90.3509813,23.8025833,0.00418936,4,4,0,1
Zone_DH401,11991502405,90.3672044,23.7917228,0.00368451,4,3,0,1
Zone_DH401,11991502407,90.3667647,23.7916698,0.00184374,4,3,0,1
Zone_DH401,11991502408,90.3667864,23.7914472,0.0,4,1,0,0
Zone_DH401,4484992594,90.3582599,23.7833243,0.01232947,4,3,0,0
Zone_DH401,4484992595,90.3588136,23.7833537,0.00829238,4,3,0,1
Zone_DH401,11502792283,90.3659612,23.7869201,0.00351863,4,3,0,1
Zone_DH401,3737554525,90.3604012,23.7921258,0.05343961,3,3,0,1
Zone_DH401,3731910241,90.3545438,23.7847899,0.0,4,1,0,0
Zone_DH401,3731910242,90.3575116,23.7849424,0.0,4,1,0,0
Zone_DH401,3737554529,90.359765,23.7923607,0.0,4,1,0,0
Zone_DH401,11502792292,90.365966,23.7855267,0.0,4,1,0,0
Zone_DH401,11502792291,90.366005,23.7860274,0.0,4,1,0,0
Zone_DH401,11502792294,90.3661542,23.7850765,0.0073754,4,3,0,1
Zone_DH401,11502792297,90.3667265,23.7848026,0.0,4,1,0,0
Zone_DH401,11502792300,90.3643127,23.7844149,0.0,4,1,0,0
Zone_DH401,6153047662,90.3514231,23.7892948,0.06497544,3,3,0,1
Zone_DH401,11502792302,90.3646681,23.7843081,0.0,4,1,0,0
Zone_DH401,11502792303,90.3649672,23.7843081,0.0,4,1,0,0
Zone_DH401,877497975,90.3515238,23.8017321,0.00467549,4,3,0,0
Zone_DH401,5332446840,90.3690025,23.7989483,0.00059034,4,2,0,0
Zone_DH401,4524420735,90.3516644,23.7976577,0.02564397,3,3,0,0
Zone_DH401,4524420736,90.3509429,23.798742,0.01990817,4,3,0,0
Zone_DH401,4524420737,90.3482465,23.7972709,0.0,4,1,0,0
Zone_DH401,4524420738,90.349123,23.7977882,0.03155968,3,3,0,1
Zone_DH401,382021260,90.3480162,23.7882673,0.02702922,3,3,0,0
Zone_DH401,382021261,90.3484416,23.7881617,0.0111288,4,3,0,0
Zone_DH401,386035385,90.353875,23.7975175,0.0054972,4,3,0,0
Zone_DH401,386035387,90.3539505,23.7982815,0.00319582,4,4,0,0
Zone_DH401,386035389,90.3551561,23.7991142,0.03671493,3,3,0,0
Zone_DH401,4493717189,90.3577077,23.7921233,0.0,4,1,0,0
Zone_DH401,12020027081,90.3501559,23.7879506,0.0,4,1,0,0
Zone_DH401,12020027086,90.3498059,23.7880865,0.0151978,4,3,0,1
Zone_DH401,12020027087,90.3504025,23.7882563,0.0,4,1,0,0
Zone_DH401,12020027094,90.3500434,23.7883592,0.016216,4,3,0,1
Zone_DH401,386232033,90.3681107,23.7960223,0.0,4,1,0,0
Zone_DH401,12020027116,90.3507443,23.7887481,0.0,4,1,0,0
Zone_DH401,11301375737,90.3608097,23.7992173,0.01942246,4,3,0,1
Zone_DH401,11301375738,90.3609416,23.7986316,0.0,4,1,0,0
Zone_DH401,3416903421,90.3506528,23.7875826,0.01473846,4,3,0,1
Zone_DH401,3416903422,90.350653,23.7869122,0.0,4,1,0,0
Zone_DH401,12020027148,90.3506851,23.788913,0.0,4,1,0,0
Zone_DH401,12020027152,90.3504576,23.7889264,0.00579152,4,3,0,1
Zone_DH401,11409772307,90.3649466,23.7939006,0.0,4,1,0,0
Zone_DH401,6548893460,90.3630095,23.7814998,0.0018212,4,3,0,1
Zone_DH401,11409772308,90.3649862,23.793511,0.02432634,3,3,0,1
Zone_DH401,11409772309,90.3650985,23.7938202,0.0,4,1,0,0
Zone_DH401,11409772312,90.3653579,23.7942906,0.02457132,3,3,0,0
Zone_DH401,11409772313,90.3654379,23.7942892,0.03041814,3,3,0,0
Zone_DH401,11409772314,90.3651903,23.7954859,0.02798958,3,3,0,0
Zone_DH401,6548893465,90.3620368,23.7818761,0.0,4,1,0,0
Zone_DH401,11409772316,90.3659256,23.7937723,0.0,4,1,0,0
Zone_DH401,11409772317,90.3661597,23.7938209,0.00184374,4,3,0,1
Zone_DH401,11409772319,90.3665586,23.7937214,0.01814991,4,3,0,1
Zone_DH401,11409772320,90.3680467,23.7936894,0.0,4,1,0,0
Zone_DH401,11409772327,90.3678664,23.7943291,0.0,4,1,0,0
Zone_DH401,11409772330,90.365198,23.7963934,0.01192925,4,3,0,0
Zone_DH401,11409772331,90.3652753,23.7963923,0.01401542,4,3,0,0
Zone_DH401,11409772332,90.365011,23.7961926,0.04099573,3,3,0,0
Zone_DH401,11409772335,90.3651402,23.7960964,0.04458752,3,4,0,0
Zone_DH401,11409772337,90.365677,23.7965357,0.04848086,3,3,0,0
Zone_DH401,11409772338,90.3651785,23.79732,0.03051723,3,3,0,0
Zone_DH401,11409772343,90.3655728,23.7974112,0.02462109,3,3,0,0
Zone_DH401,11409772347,90.3635342,23.7970336,0.0047899,4,3,0,1
Zone_DH401,11409772348,90.3638428,23.7971077,0.0,4,1,0,0
Zone_DH401,11409772350,90.3638554,23.7986174,0.00610625,4,3,0,0
Zone_DH401,11409772352,90.3638436,23.799131,0.02949052,3,3,0,0
Zone_DH401,11409772353,90.3639102,23.7991608,0.02651076,3,3,0,0
Zone_DH401,11409772354,90.3641517,23.7987368,0.03457602,3,3,0,0
Zone_DH401,11409772364,90.364819,23.797975,0.0,4,1,0,0
Zone_DH401,11409772365,90.3648892,23.7975936,0.02623729,3,3,0,0
Zone_DH401,11409772367,90.3655157,23.7977854,0.02687015,3,3,0,0
Zone_DH401,12160110427,90.3561081,23.8042259,0.00092208,4,2,0,1
Zone_DH401,386232156,90.3682871,23.7972425,0.01813843,4,3,0,0
Zone_DH401,3718745948,90.3539005,23.7868381,0.04227295,3,3,0,1
Zone_DH401,3718745950,90.3535842,23.7868312,0.0,4,1,0,0
Zone_DH401,12160110428,90.3560787,23.8042611,0.0,4,1,0,0
Zone_DH401,4493791093,90.3584715,23.7902724,0.0028309,4,4,0,0
Zone_DH401,12018331515,90.3525314,23.7935066,0.0,4,1,0,0
Zone_DH401,12018331518,90.3532603,23.7937576,0.0,4,1,0,0
Zone_DH401,12018331521,90.3524215,23.7939195,0.0,4,1,0,0
Zone_DH401,12018331526,90.3533321,23.7939809,0.0,4,1,0,0
Zone_DH401,12018331529,90.3528426,23.7939318,0.00184374,4,3,0,1
Zone_DH401,12018331531,90.3528593,23.793722,0.00368451,4,3,0,1
Zone_DH401,12018331534,90.3528835,23.7935441,0.00552187,4,3,0,1
Zone_DH401,12018331538,90.3535209,23.7935786,0.05824057,3,3,0,1
Zone_DH401,12049199003,90.3546577,23.8007391,0.05170688,3,3,0,0
Zone_DH401,12018282414,90.3545478,23.7944748,0.0,4,1,0,0
Zone_DH401,12018282415,90.354116,23.7941828,0.0,4,1,0,0
Zone_DH401,12018282419,90.3545625,23.794195,0.00184374,4,3,0,1
Zone_DH401,12018241462,90.3546725,23.7924709,0.0,4,1,0,0
Zone_DH401,12018282425,90.3542199,23.793876,0.0,4,1,0,0
Zone_DH401,12018282432,90.3536322,23.7941256,0.03366159,3,3,0,1
Zone_DH401,4603432961,90.3685187,23.793384,0.0,4,1,0,0
Zone_DH401,12048945153,90.3662105,23.802202,0.0,4,1,0,0
Zone_DH401,12048945157,90.3666003,23.8024736,0.00184332,4,3,0,1
Zone_DH401,12048945158,90.3632141,23.8005217,0.01772842,4,3,0,0
Zone_DH401,12048945165,90.3625608,23.8014881,0.02865903,3,3,0,0
Zone_DH401,12048945166,90.3626198,23.8015216,0.03020633,3,3,0,0
Zone_DH401,12048945168,90.3621396,23.8024829,0.00976524,4,3,0,1
Zone_DH401,4597526545,90.3625218,23.8036235,0.00213338,4,3,0,0
Zone_DH401,4597526546,90.3617595,23.8031054,0.01013782,4,3,0,0
Zone_DH401,3556716563,90.353481,23.7941809,0.07200208,2,3,0,0
Zone_DH401,4597526544,90.3626655,23.8037314,0.00132443,4,3,0,0
Zone_DH401,10167357465,90.3567677,23.7953953,0.0,4,1,0,0
Zone_DH401,10167357466,90.3577346,23.7950462,0.02320776,3,3,0,1
Zone_DH401,10167357468,90.3575676,23.7961448,0.0,4,1,0,0
Zone_DH401,10779095082,90.3680131,23.7927324,0.00742558,4,3,0,1
Zone_DH401,10779095087,90.3680858,23.7921897,0.0,4,1,0,0
Zone_DH401,4615655489,90.3678077,23.793222,0.0,4,1,0,0
Zone_DH401,386035805,90.3548832,23.7995071,0.0596977,3,3,0,0
Zone_DH401,386035807,90.3555652,23.7985222,0.05301855,3,3,0,0
Zone_DH401,348401790,90.3568862,23.7913125,0.0974453,2,3,0,0
Zone_DH401,4459196544,90.3544245,23.8024451,0.00313415,4,3,0,0
Zone_DH401,3919401091,90.3514002,23.7875072,0.01584853,4,3,0,0
Zone_DH401,348401797,90.3568984,23.7920739,0.01373131,4,3,0,0
Zone_DH401,12052394121,90.3573337,23.8025648,0.01471591,4,4,0,0
Zone_DH401,12052394123,90.3600639,23.8043307,0.00574006,4,2,0,0
Zone_DH401,3919401100,90.3493055,23.7879071,0.01211681,4,3,0,0
Zone_DH401,6237548686,90.3559541,23.8032,0.00394863,4,3,0,0
Zone_DH401,6237548687,90.3564592,23.8035441,0.00718018,4,3,0,0
Zone_DH401,3919401107,90.3514518,23.7880949,0.0,4,1,0,0
Zone_DH401,12020707475,90.3504581,23.7938332,0.0,4,1,0,0
Zone_DH401,3919401112,90.3487983,23.788581,0.0,4,1,0,0
Zone_DH401,12052394138,90.358837,23.8035533,0.00565202,4,3,0,0
Zone_DH401,4611240090,90.3553245,23.7973096,0.0,4,1,0,0
Zone_DH401,3919401116,90.3488617,23.7890436,0.00240601,4,3,0,1
Zone_DH401,4611240093,90.35754,23.7944461,0.00223163,4,3,0,0
Zone_DH401,4611240095,90.357646,23.7937886,0.07080822,2,3,0,0
Zone_DH401,3919401122,90.3500009,23.7894861,0.03937953,3,3,0,0
Zone_DH401,12019953826,90.3508744,23.7865843,0.0,4,1,0,0
Zone_DH401,4611240100,90.3552687,23.7918196,0.00092208,4,3,0,1
Zone_DH401,4459196581,90.3557884,23.8033969,0.00211424,4,3,0,0
Zone_DH401,4611240102,90.3552701,23.7910868,0.09729006,2,3,0,0
Zone_DH401,3919401126,90.3490482,23.7895216,0.00452748,4,3,0,0
Zone_DH401,3919401124,90.3495641,23.7895192,0.03605357,3,3,0,0
Zone_DH401,3919401125,90.3492321,23.7895239,0.03560698,3,3,0,0
Zone_DH401,4611240106,90.3506341,23.7884377,0.01615944,4,3,0,1
Zone_DH401,12019953833,90.3504314,23.7865358,0.00493451,4,3,0,1
Zone_DH401,382021804,90.3485652,23.7892557,0.0,4,1,0,0
Zone_DH401,392523949,90.3527818,23.7998909,0.00644013,4,3,0,0
Zone_DH401,382021807,90.3485544,23.7890571,0.00792108,4,4,0,1
Zone_DH401,3919401135,90.3488577,23.7899931,0.00065839,4,3,0,0
Zone_DH401,392523952,90.3544711,23.8010087,0.04570057,3,3,0,0
Zone_DH401,3919401136,90.3490483,23.7900085,0.00051676,4,3,0,0
Zone_DH401,3919401139,90.3492361,23.7900898,0.03016125,3,3,0,0
Zone_DH401,3919401140,90.3491108,23.7900843,0.03074818,3,3,0,0
Zone_DH401,3735417014,90.3615301,23.7993644,0.04745585,3,3,0,0
Zone_DH401,3919401144,90.349083,23.7903124,0.03049639,3,3,0,0
Zone_DH401,3919401145,90.3488453,23.7903306,0.00079917,4,3,0,0
Zone_DH401,3919401147,90.3486091,23.7903608,0.00270416,4,3,0,0
Zone_DH401,3919401153,90.3500726,23.790625,0.00747662,4,3,0,1
Zone_DH401,3919401156,90.348903,23.7907784,0.02946713,3,3,0,0
Zone_DH401,12012736725,90.3629109,23.8027109,0.0,4,1,0,0
Zone_DH401,11993207004,90.366506,23.7877721,0.0,4,1,0,0
Zone_DH401,11993207005,90.368447,23.7880189,0.0,4,1,0,0
Zone_DH401,12012736740,90.3625276,23.803042,0.00763654,4,3,0,1
Zone_DH401,11993207018,90.3610213,23.7849312,0.00592124,4,3,0,1
Zone_DH401,3732361451,90.3604281,23.7881505,0.02786582,3,3,0,1
Zone_DH401,11993207019,90.3611704,23.7849754,0.0,4,1,0,0
Zone_DH401,11993207021,90.3624658,23.784645,0.01189692,4,3,0,1
Zone_DH401,11993207022,90.3626334,23.7840911,0.0,4,1,0,0
Zone_DH401,4438503672,90.3512725,23.7992942,0.03777567,3,3,0,0
Zone_DH401,382021881,90.3468179,23.7895459,0.00464317,4,3,0,0
Zone_DH401,3536302330,90.3598386,23.7965053,0.10940177,2,3,0,1
Zone_DH401,382021888,90.3453646,23.789532,0.00365006,4,3,0,0
Zone_DH401,382021891,90.3448433,23.7895497,0.00301634,4,2,0,0
Zone_DH401,12018266372,90.3545308,23.7933129,0.00184374,4,3,0,1
Zone_DH401,12018266373,90.3543332,23.7919739,0.0,4,1,0,0
Zone_DH401,12047152404,90.3656501,23.7915148,0.00932802,4,3,0,0
Zone_DH401,12018266390,90.3537803,23.7922772,0.03338514,3,3,0,1
Zone_DH401,12047152406,90.3652489,23.7952424,0.02802999,3,3,0,0
Zone_DH401,12047152407,90.365463,23.7953834,0.0,4,1,0,0
Zone_DH401,3720728861,90.366786,23.7929109,0.01795682,4,3,0,1
Zone_DH401,3720728864,90.366115,23.7935231,0.0,4,1,0,0
Zone_DH401,3720728866,90.3654709,23.7923753,0.04161244,3,3,0,0
Zone_DH401,3720728868,90.3649189,23.7929944,0.05673496,3,3,0,0
Zone_DH401,3720728869,90.3645236,23.7929906,0.07373481,2,3,0,0
Zone_DH401,3919401257,90.3486691,23.7908101,0.03215895,3,4,0,0
Zone_DH401,4501852460,90.362134,23.793155,0.06659164,2,4,0,1
Zone_DH401,4613329197,90.3657284,23.8002663,0.01033091,4,3,0,0
Zone_DH401,3919401260,90.348773,23.7915267,0.03219,3,3,0,1
Zone_DH401,3919401264,90.3496048,23.7921719,0.01132317,4,3,0,0
Zone_DH401,4501852464,90.361675,23.7917624,0.0,4,1,0,0
Zone_DH401,3919401266,90.3488504,23.7922147,0.03184294,3,3,0,0
Zone_DH401,4501852467,90.3610737,23.7927983,0.05885218,3,3,0,1
Zone_DH401,3919401273,90.349626,23.7924762,0.01649884,4,4,0,1
Zone_DH401,4613329210,90.3659882,23.7926507,0.00184374,4,3,0,1
Zone_DH401,3919401275,90.3491475,23.792517,0.00880063,4,3,0,0
Zone_DH401,3919401274,90.3500013,23.7924134,0.0,4,1,0,0
Zone_DH401,4613329209,90.3662495,23.792663,0.0,4,1,0,0
Zone_DH401,13387075904,90.3617643,23.7854251,0.0,4,1,0,0
Zone_DH401,13387075905,90.3617143,23.7856223,0.05521105,3,3,0,1
Zone_DH401,3919401284,90.3491744,23.7926892,0.0,4,1,0,0
Zone_DH401,4613329238,90.3673324,23.7917408,0.0,4,1,0,0
Zone_DH401,3919401303,90.3495578,23.7934608,0.0,4,1,0,0
Zone_DH401,382021977,90.3456031,23.7871575,0.0067472,4,3,0,0
Zone_DH401,3919401305,90.3499114,23.7937036,0.0,4,1,0,0
Zone_DH401,3919401306,90.3501593,23.7937069,0.0,4,1,0,0
Zone_DH401,4516770138,90.3500673,23.7853743,0.0,4,1,0,0
Zone_DH401,382021981,90.3456649,23.7879001,0.00467549,4,3,0,0
Zone_DH401,392524126,90.3475896,23.7987665,0.0,4,1,0,0
Zone_DH401,4493889888,90.3595218,23.7883597,0.0027637,4,3,0,1
Zone_DH401,3919401313,90.3494425,23.7938161,0.00552187,4,3,0,1
Zone_DH401,3919401314,90.3498914,23.7938332,0.00368451,4,3,0,1
Zone_DH401,6264828259,90.3532266,23.7980533,0.01085703,4,3,0,0
Zone_DH401,4493807972,90.3618126,23.7890238,0.09030085,2,4,0,0
Zone_DH401,3919401317,90.3487502,23.7938513,0.07285866,2,4,0,0
Zone_DH401,3919401315,90.3493625,23.7938413,0.00735583,4,3,0,1
Zone_DH401,392524135,90.3484142,23.7987622,0.02379555,3,3,0,1
Zone_DH401,3919401320,90.3502065,23.794132,0.0,4,1,0,0
Zone_DH401,392524137,90.3479306,23.7984762,0.0,4,1,0,0
Zone_DH401,386027882,90.358722,23.7995922,0.02103313,3,3,0,0
Zone_DH401,4613329259,90.3680575,23.7891468,0.01057802,4,3,0,0
Zone_DH401,386027884,90.3588491,23.7992222,0.01672808,4,3,0,1
Zone_DH401,386027885,90.3589086,23.7989359,0.04017657,3,3,0,0
Zone_DH401,6264828266,90.3499083,23.7965645,0.03828764,3,3,0,0
Zone_DH401,386027887,90.3590054,23.7982741,0.02591107,3,3,0,1
Zone_DH401,3919401322,90.3493886,23.7942468,0.0,4,1,0,0
Zone_DH401,3919401323,90.3495845,23.7943428,0.00184374,4,3,0,1
Zone_DH401,3919401326,90.3502812,23.7945103,0.0,4,1,0,0
Zone_DH401,6264828267,90.3496825,23.7964615,0.07918002,2,3,0,0
Zone_DH401,4613329272,90.367737,23.7899588,0.00460447,4,3,0,1
Zone_DH401,4613329275,90.3679476,23.790214,0.00092208,4,3,0,1
Zone_DH401,392524159,90.3488839,23.7981029,0.03004556,3,3,0,1
Zone_DH401,392524160,90.3480327,23.7976032,0.0,4,1,0,0
Zone_DH401,3519787395,90.3600882,23.7953997,0.03523611,3,3,0,0
Zone_DH401,4613329287,90.3691882,23.7898193,0.0,4,1,0,0
Zone_DH401,4493889894,90.3586837,23.7885204,0.00092208,4,3,0,1
Zone_DH401,4493889897,90.3570595,23.7884622,0.0,4,1,0,0
Zone_DH401,4590539162,90.3572815,23.7831178,0.00654731,4,3,0,0
Zone_DH401,3016282526,90.3590416,23.7809379,0.0,4,2,0,0
Zone_DH401,4611068330,90.353369,23.7955799,0.11303439,2,4,0,0
Zone_DH401,4611068331,90.3527517,23.7955291,0.10233941,2,3,0,0
Zone_DH401,4611404204,90.3690959,23.7876515,0.0,4,1,0,0
Zone_DH401,4611068332,90.3532719,23.7967432,0.01145587,4,3,0,0
Zone_DH401,4611404206,90.3679362,23.788541,0.0,4,1,0,0
Zone_DH401,4611248560,90.355991,23.7987983,0.05764385,3,3,0,0
Zone_DH401,4611248561,90.3605182,23.7974265,0.00184374,4,3,0,1
Zone_DH401,4611404210,90.3679899,23.789142,0.01420809,4,3,0,1
Zone_DH401,4611404208,90.3679979,23.7888114,0.00184374,4,3,0,1
Zone_DH401,12104118709,90.3623457,23.7927501,0.0,4,1,0,0
Zone_DH401,12104118711,90.3622831,23.7928611,0.00184374,4,3,0,1
Zone_DH401,348369338,90.3585875,23.7925588,0.10335633,2,3,0,0
Zone_DH401,4611248571,90.3547713,23.7959536,0.02060866,3,3,0,0
Zone_DH401,4611248578,90.3552237,23.7967983,0.00460191,4,3,0,1
Zone_DH401,4611068357,90.3526446,23.797077,0.00061713,4,3,0,0
Zone_DH401,4611248582,90.3595669,23.7931326,0.0267566,3,3,0,1
Zone_DH401,4611068358,90.3520243,23.7970279,0.04580009,3,3,0,0
Zone_DH401,4590539205,90.3515563,23.7815936,0.00506466,4,2,0,0
Zone_DH401,382022089,90.3447521,23.7871923,0.0036424,4,3,0,0
Zone_DH401,4611068362,90.3520955,23.7962012,0.04624285,3,3,0,0
Zone_DH401,4611248587,90.3606405,23.7929648,0.02293769,3,3,0,0
Zone_DH401,382022092,90.3448103,23.7892519,0.00267779,4,3,0,0
Zone_DH401,4611068364,90.3521314,23.7957843,0.04766042,3,3,0,0
Zone_DH401,4611068366,90.3521674,23.7953653,0.07630585,2,3,0,0
Zone_DH401,4590539215,90.3479664,23.7875049,0.01089318,4,3,0,1
Zone_DH401,4590539216,90.3458883,23.7845148,0.0,4,1,0,0
Zone_DH401,4595765713,90.3616333,23.7817074,0.00149073,4,3,0,1
Zone_DH401,4611068368,90.3522025,23.794958,0.02411156,3,3,0,0
Zone_DH401,4493890003,90.3581589,23.7877235,0.00643843,4,3,0,0
Zone_DH401,4590539220,90.3466028,23.7854271,0.00552187,4,3,0,1
Zone_DH401,4493890004,90.3581387,23.7877057,0.00826473,4,3,0,1
Zone_DH401,4590539222,90.346976,23.7860292,0.00450919,4,3,0,1
Zone_DH401,4493890007,90.3586929,23.788319,0.00551974,4,4,0,1
Zone_DH401,4493890006,90.357349,23.7877313,0.0,4,1,0,0
Zone_DH401,4590539219,90.3466833,23.7857542,0.0,4,1,0,0
Zone_DH401,4590539221,90.3466807,23.786079,0.0,4,1,0,0
Zone_DH401,4590539227,90.3467821,23.7864552,0.01675828,4,3,0,1
Zone_DH401,4590539228,90.3456575,23.7877415,0.00395033,4,3,0,0
Zone_DH401,4493890013,90.3570996,23.7867171,0.00549975,4,3,0,0
Zone_DH401,4590539223,90.3468312,23.786903,0.0,4,1,0,0
Zone_DH401,4590539233,90.3447842,23.7887123,0.00155921,4,2,0,0
Zone_DH401,4611068385,90.3509204,23.7926464,0.0,4,1,0,0
Zone_DH401,4611068388,90.3518641,23.7936599,0.0,4,1,0,0
Zone_DH401,4590539241,90.3482775,23.7872586,0.0,4,1,0,0
Zone_DH401,4590539242,90.3483013,23.7874741,0.00184374,4,3,0,1
Zone_DH401,4595765740,90.3616966,23.7813656,0.0019539,4,3,0,0
Zone_DH401,4590539245,90.3488588,23.787652,0.0,4,1,0,0
Zone_DH401,4595765745,90.3603407,23.7814927,0.01050146,4,3,0,1
Zone_DH401,4595765754,90.3603037,23.7818164,0.01135039,4,3,0,0
Zone_DH401,4595765758,90.3639536,23.7860118,0.06362634,3,3,0,1
Zone_DH401,4590539263,90.3455667,23.7868714,0.00668298,4,3,0,0
Zone_DH401,4595765760,90.3638811,23.7863645,0.0,4,1,0,0
Zone_DH401,4595765761,90.3641254,23.7857959,0.0,4,1,0,0
Zone_DH401,1736176130,90.3574622,23.8033109,0.00255997,4,3,0,0
Zone_DH401,4595765762,90.3639818,23.7860408,0.06303941,3,3,0,1
Zone_DH401,4595765764,90.3638564,23.7855019,0.01723931,4,3,0,1
Zone_DH401,382022149,90.3454429,23.7900778,0.00053675,4,3,0,0
Zone_DH401,382022150,90.3455584,23.7905058,0.00367813,4,3,0,0
Zone_DH401,4595765763,90.3633917,23.7852403,0.0,4,1,0,0
Zone_DH401,4595765766,90.3635924,23.7854519,0.0,4,1,0,0
Zone_DH401,4595765771,90.362183,23.7857161,0.05560574,3,4,0,1
Zone_DH401,4595765772,90.3639405,23.7845816,0.02080388,3,3,0,0
Zone_DH401,382022159,90.3447928,23.7919245,0.00098971,4,3,0,1
Zone_DH401,12104118800,90.3622343,23.7918021,0.0,4,1,0,0
Zone_DH401,4595765775,90.3639011,23.7852421,0.0156095,4,3,0,1
Zone_DH401,4586410514,90.344744,23.7916435,0.0,4,1,0,0
Zone_DH401,11993256470,90.3603194,23.7827771,0.00451472,4,3,0,1
Zone_DH401,11993256471,90.3608762,23.7823848,0.00314648,4,3,0,0
Zone_DH401,11993256473,90.3609513,23.7831813,0.0,4,1,0,0
Zone_DH401,11993256476,90.3602258,23.7835519,0.0,4,1,0,0
Zone_DH401,11993256477,90.3606183,23.7831588,0.0,4,1,0,0
Zone_DH401,11993256478,90.3606408,23.7827993,0.0031299,4,3,0,1
Zone_DH401,348353057,90.3535931,23.7946326,0.12005124,1,3,0,0
Zone_DH401,3735777827,90.3681412,23.7997893,0.00758635,4,3,0,0
Zone_DH401,12052468261,90.3573421,23.8026351,0.00116239,4,3,0,0
Zone_DH401,4524414233,90.3471562,23.8008883,0.0,4,1,0,0
Zone_DH401,348353065,90.3568663,23.7949463,0.02217467,3,3,0,1
Zone_DH401,4595782185,90.3611301,23.784395,0.01276159,4,3,0,0
Zone_DH401,12052468265,90.3568439,23.8040444,0.0,4,1,0,0
Zone_DH401,11993256490,90.3589729,23.7817539,0.00184374,4,3,0,1
Zone_DH401,348353069,90.3580427,23.7950911,0.0293893,3,3,0,0
Zone_DH401,3720696365,90.3680576,23.791655,0.01969423,4,4,0,1
Zone_DH401,11993256489,90.3586882,23.781768,0.0,4,1,0,0
Zone_DH401,382022192,90.346189,23.7896048,0.01005191,4,4,0,0
Zone_DH401,382022193,90.3464056,23.7903178,0.00733499,4,3,0,0
Zone_DH401,382022194,90.3465477,23.7908868,0.00107945,4,3,0,1
Zone_DH401,3720696368,90.3671604,23.7910329,0.02257362,3,3,0,1
Zone_DH401,3720696371,90.3652465,23.7905023,0.0,4,1,0,0
Zone_DH401,3720696372,90.3646785,23.7905224,0.0237241,3,3,0,1
Zone_DH401,12013089346,90.3584457,23.7994764,0.0,4,1,0,0
Zone_DH401,12013089347,90.3587564,23.7995268,0.01470103,4,3,0,1
Zone_DH401,3720704583,90.3645857,23.7912642,0.04043857,3,3,0,0
Zone_DH401,4421628489,90.3656063,23.7853615,0.0,4,1,0,0
Zone_DH401,3519771237,90.3588938,23.7979398,0.06040883,3,3,0,0
Zone_DH401,4421628519,90.3652059,23.7859031,0.02105354,3,3,0,1
Zone_DH401,392524394,90.3485128,23.7986211,0.02461386,3,3,0,0
Zone_DH401,392524395,90.3494774,23.7991858,0.01344252,4,3,0,0
Zone_DH401,3519771245,90.3588882,23.79692,0.11649901,1,4,0,1
Zone_DH401,392524402,90.3480591,23.7992906,0.01938758,4,3,0,0
Zone_DH401,3556643448,90.3535542,23.7950434,0.11397093,2,3,0,0
Zone_DH401,4421628541,90.3659122,23.7861828,0.0203203,3,3,0,1
Zone_DH401,4493824649,90.3587329,23.7893231,0.00242685,4,3,0,1
Zone_DH401,382022285,90.3486094,23.792727,0.06904911,2,3,0,0
Zone_DH401,4493824655,90.3598486,23.7891956,0.07440554,2,3,0,0
Zone_DH401,4021883537,90.3546876,23.8020651,0.00621258,4,3,0,0
Zone_DH401,4021883538,90.3560801,23.8030503,0.00205597,4,3,0,0
Zone_DH401,392524460,90.3526173,23.8001303,0.01364455,4,3,0,0
Zone_DH401,382022323,90.344561,23.7919757,0.00170807,4,2,0,0
Zone_DH401,382022325,90.3452892,23.791807,0.00020755,4,3,0,0
Zone_DH401,382022329,90.346571,23.7915261,0.001885,4,3,0,1
Zone_DH401,382022332,90.3466053,23.792033,0.0,4,1,0,0
Zone_DH401,392524477,90.3524403,23.8003968,0.01441437,4,3,0,0
Zone_DH401,6153048776,90.3518238,23.7895086,0.0,4,1,0,0
Zone_DH401,6153048778,90.3522361,23.7896866,0.01180888,4,3,0,1
Zone_DH401,3556610792,90.3534834,23.7985636,0.02832431,3,3,0,1
Zone_DH401,392524521,90.3522515,23.800667,0.00890951,4,3,0,0
Zone_DH401,4516729584,90.3628108,23.788968,0.05838263,3,3,0,1
Zone_DH401,4516729587,90.3614002,23.7886969,0.02612415,3,3,0,0
Zone_DH401,4516729588,90.3610215,23.7892095,0.05125859,3,3,0,0
Zone_DH401,4595782390,90.3610109,23.7849542,0.0069135,4,3,0,0
Zone_DH401,4595782392,90.3608683,23.7854724,0.06666139,2,4,0,0
Zone_DH401,4611248889,90.3599382,23.7928079,0.00457937,4,3,0,0
Zone_DH401,4595782396,90.3643205,23.7840661,0.01164301,4,3,0,0
Zone_DH401,12102734589,90.3508668,23.7884159,0.02190375,3,3,0,0
Zone_DH401,4611248894,90.3582062,23.7939251,0.00694625,4,3,0,0
Zone_DH401,4595782397,90.365054,23.7839201,0.00725461,4,3,0,0
Zone_DH401,4595782398,90.3650399,23.7835378,0.00018246,4,3,0,0
Zone_DH401,392524545,90.3506984,23.8001286,0.01774459,4,3,0,0
Zone_DH401,4595782399,90.3650597,23.7836374,0.00102416,4,3,0,0
Zone_DH401,12102734595,90.3522739,23.7941293,0.04104294,3,3,0,0
Zone_DH401,4611248899,90.3582176,23.793275,0.06848047,2,3,0,0
Zone_DH401,12102734590,90.3496799,23.7880871,0.0,4,1,0,0
Zone_DH401,4611248896,90.3576426,23.7938082,0.07045095,2,3,0,0
Zone_DH401,4611248903,90.3574271,23.7931624,0.0,4,1,0,0
Zone_DH401,4611248901,90.3578563,23.7931966,0.06647638,2,3,0,1
Zone_DH401,12102734593,90.3502873,23.7893188,0.04164987,3,3,0,1
Zone_DH401,4611248926,90.3567623,23.7941189,0.0655645,2,3,0,1
Zone_DH401,4611248927,90.3569472,23.7940898,0.06528252,3,3,0,0
Zone_DH401,4611248928,90.3570406,23.7936367,0.00661961,4,3,0,0
Zone_DH401,392524579,90.3520621,23.8009443,0.00702706,4,3,0,0
Zone_DH401,392524581,90.3505016,23.8004145,0.01744431,4,3,0,0
Zone_DH401,12019954482,90.3501226,23.7858246,0.0,4,1,0,0
Zone_DH401,4493243187,90.3574486,23.7929559,0.00092208,4,3,0,1
Zone_DH401,12019954484,90.3498877,23.7857566,0.00184374,4,3,0,1
Zone_DH401,4515124024,90.349968,23.7876782,0.0071857,4,3,0,0
Zone_DH401,4595782459,90.3658094,23.7836151,0.0026914,4,3,0,0
Zone_DH401,11991642944,90.3690126,23.7969222,0.0,4,1,0,0
Zone_DH401,3536220993,90.3599722,23.7958607,0.03187059,3,3,0,0
Zone_DH401,11991642946,90.3689879,23.7975309,0.00656262,4,4,0,1
Zone_DH401,5665362753,90.3455729,23.8001488,1.7e-06,4,2,0,0
Zone_DH401,3536220997,90.3593482,23.7957669,0.01838001,4,3,0,0
Zone_DH401,12019954501,90.3497944,23.7859852,0.00368451,4,3,0,1
Zone_DH401,5665362754,90.3459059,23.800161,0.00184417,4,3,0,1
Zone_DH401,11991642947,90.3691638,23.7978444,0.00184374,4,3,0,1
Zone_DH401,11991642950,90.3694431,23.7977627,0.0,4,1,0,0
Zone_DH401,3536221002,90.3594217,23.7952493,0.03807637,3,3,0,0
Zone_DH401,11991642951,90.3689737,23.7981493,0.0,4,1,0,0
Zone_DH401,12019954499,90.3500327,23.7860397,0.0,4,1,0,0
Zone_DH401,4595766094,90.3634105,23.7836618,0.0,4,1,0,0
Zone_DH401,4595766096,90.3635016,23.7842927,0.032321,3,3,0,0
Zone_DH401,7466406737,90.3532476,23.7812215,0.00092208,4,2,0,1
Zone_DH401,4595766098,90.3632376,23.7842124,0.00092208,4,3,0,1
Zone_DH401,4595766100,90.3627973,23.7847259,0.01119133,4,3,0,0
Zone_DH401,5177676628,90.3495803,23.7886157,0.00524159,4,3,0,1
Zone_DH401,11991642966,90.3688168,23.7992227,0.00152731,4,3,0,1
Zone_DH401,5177676629,90.3493791,23.7886959,0.0,4,1,0,0
Zone_DH401,11991642968,90.3693519,23.7995567,0.0,4,1,0,0
Zone_DH401,4595766108,90.362165,23.7845644,0.00206321,4,3,0,0
Zone_DH401,392524654,90.3511524,23.8010081,0.00510251,4,4,0,0
Zone_DH401,4611068359,90.3526679,23.7966618,0.00175443,4,4,0,0
Zone_DH401,4611068360,90.3520602,23.7966113,0.04603104,3,3,0,0
Zone_DH401,382022520,90.3460587,23.7891702,0.0046134,4,3,0,0
Zone_DH401,4590244730,90.3482533,23.7847205,0.0,4,1,0,0
Zone_DH401,4611068361,90.352691,23.7962498,0.00224311,4,3,0,0
Zone_DH401,4613329790,90.3694376,23.7890998,0.0031703,4,3,0,1
Zone_DH401,4613329791,90.3678538,23.7875016,0.01056994,4,3,0,0
Zone_DH401,4613329793,90.3671085,23.7871248,0.01019992,4,4,0,0
Zone_DH401,4611068363,90.3527193,23.7958386,0.0356576,3,3,0,0
Zone_DH401,6349075335,90.3626387,23.801493,0.02717681,3,3,0,0
Zone_DH401,3713299336,90.3638724,23.7814551,0.00121257,4,3,0,1
Zone_DH401,4611068365,90.3527583,23.7954367,0.0669472,2,3,0,0
Zone_DH401,3713299346,90.3630821,23.7816686,0.00661791,4,3,0,0
Zone_DH401,3713299350,90.3631482,23.7823566,0.01206322,4,3,0,0
Zone_DH401,4611068367,90.3527901,23.7950299,0.00517481,4,3,0,0
Zone_DH401,11332522910,90.3680779,23.7870057,0.00473844,4,3,0,1
Zone_DH401,4506588062,90.3629517,23.7889477,0.07218454,2,3,0,0
Zone_DH401,11332522913,90.3678052,23.7865619,0.0,4,1,0,0
Zone_DH401,392524714,90.351876,23.8012167,0.00603182,4,3,0,0
Zone_DH401,11328557994,90.3581708,23.795986,0.00189563,4,3,0,1
Zone_DH401,11328557996,90.3594596,23.7961064,0.0,4,1,0,0
Zone_DH401,3718108084,90.3619177,23.7939828,0.01598038,4,3,0,0
Zone_DH401,3731919802,90.3551342,23.785099,0.11566752,1,3,0,1
Zone_DH401,382022587,90.344792,23.7889537,0.00240941,4,3,0,1
Zone_DH401,3731919803,90.3551707,23.784468,0.00276498,4,4,0,1
Zone_DH401,382022589,90.3456894,23.7889391,0.0,4,1,0,0
Zone_DH401,3731919804,90.3551831,23.7841507,0.0,4,1,0,0
Zone_DH401,4595676122,90.3621083,23.7845674,0.00196326,4,3,0,0
Zone_DH401,4595676123,90.362034,23.7850001,0.01278498,4,3,0,0
Zone_DH401,4595676125,90.3624457,23.7846396,0.01304443,4,3,0,0
Zone_DH401,4595676127,90.3623123,23.78507,0.01522034,4,4,0,0
Zone_DH401,4595676128,90.3617977,23.7841915,0.00092208,4,3,0,1
Zone_DH401,4595676129,90.3617928,23.7845624,0.00423699,4,3,0,0
Zone_DH401,4595676131,90.3617618,23.7849289,0.01712788,4,3,0,0
Zone_DH401,4595676134,90.3615059,23.78558,0.0696756,2,3,0,0
Zone_DH401,4595676135,90.3628942,23.7859175,0.06970452,2,3,0,0
Zone_DH401,382022655,90.3447825,23.7886548,0.00190031,4,3,0,0
Zone_DH401,382022656,90.3459628,23.7886312,0.00372789,4,3,0,0
Zone_DH401,4595676172,90.3647357,23.785248,0.0,4,1,0,0
Zone_DH401,4595676177,90.364701,23.786818,0.0494829,3,3,0,1
Zone_DH401,4595676178,90.3641952,23.7866029,0.0,4,1,0,0
Zone_DH401,4595676179,90.3640107,23.7871598,0.0,4,1,0,0
Zone_DH401,4595676180,90.3643327,23.7873226,0.01041385,4,3,0,1
Zone_DH401,3738948629,90.358211,23.798169,0.00412343,4,3,0,0
Zone_DH401,3738948630,90.3582555,23.7978506,0.03461983,3,3,0,0
Zone_DH401,4595676182,90.3629172,23.7880012,0.02083961,3,3,0,1
Zone_DH401,4595676181,90.3632793,23.7880577,0.0,4,1,0,0
Zone_DH401,4595676183,90.3636495,23.7879878,0.00219037,4,3,0,1
Zone_DH401,4595676184,90.3634598,23.7882998,0.0,4,1,0,0
Zone_DH401,382022684,90.3447777,23.788357,0.00223631,4,3,0,0
Zone_DH401,382022685,90.3459297,23.7883344,0.00290916,4,3,0,0
Zone_DH401,392524833,90.3524948,23.8026916,0.01164429,4,3,0,0
Zone_DH401,392524835,90.3526889,23.8024098,0.01324688,4,3,0,0
Zone_DH401,9559495717,90.3481096,23.7952148,0.00545127,4,3,0,0
Zone_DH401,392524839,90.3507375,23.8016228,0.00064818,4,3,0,0
Zone_DH401,3915887657,90.3472087,23.7913988,0.00420042,4,3,0,0
Zone_DH401,3915887664,90.3477611,23.7915683,0.0,4,1,0,0
Zone_DH401,10185929808,90.360398,23.8031754,0.01384487,4,3,0,0
Zone_DH401,382022737,90.3459322,23.7879114,0.00746046,4,3,0,0
Zone_DH401,10185929810,90.3589196,23.8022299,0.02135679,3,3,0,0
Zone_DH401,382022738,90.3459934,23.7887468,0.00401328,4,3,0,0
Zone_DH401,382022740,90.3471698,23.7895077,0.00662429,4,3,0,0
Zone_DH401,382022739,90.3469683,23.7886171,0.0007056,4,3,0,0
Zone_DH401,10185929811,90.3589936,23.8021342,0.0136237,4,3,0,0
Zone_DH401,10185929809,90.3604748,23.8030836,0.01303081,4,4,0,0
Zone_DH401,10724930653,90.3549451,23.7997241,0.08386838,2,4,0,1
Zone_DH401,8909976684,90.3676595,23.7902587,0.00184374,4,3,0,1
Zone_DH401,8909976685,90.3670428,23.7900354,0.0,4,1,0,0
Zone_DH401,8909976686,90.3663976,23.7899151,0.01490901,4,3,0,1
Zone_DH401,5753590907,90.3526381,23.7996961,0.00633167,4,3,0,1
Zone_DH401,5753590908,90.3531505,23.798891,0.0,4,1,0,0
Zone_DH401,392524926,90.3509159,23.8013586,0.00150434,4,3,0,0
Zone_DH401,4488320128,90.3644356,23.8011079,0.00679739,4,3,0,0
Zone_DH401,4595676291,90.3641144,23.7874545,0.0104215,4,3,0,0
Zone_DH401,4595676295,90.3638072,23.7880564,0.00136441,4,3,0,1
Zone_DH401,4595676298,90.3637894,23.7873283,0.01248939,4,3,0,0
Zone_DH401,12020077710,90.3495226,23.7906158,0.0,4,1,0,0
Zone_DH401,12054475924,90.3472748,23.8015327,0.0,4,1,0,0
Zone_DH401,12054475925,90.3477749,23.8016773,0.00167702,4,3,0,1
Zone_DH401,12054475926,90.3477393,23.7997304,0.01582982,4,3,0,0
Zone_DH401,4595676315,90.3617833,23.7874498,0.0,4,1,0,0
Zone_DH401,4595676317,90.3617921,23.7871,0.0020934,4,3,0,1
Zone_DH401,4595676320,90.3620832,23.7875524,0.0,4,1,0,0
Zone_DH401,12054475937,90.3446752,23.7984849,0.0,4,1,0,0
Zone_DH401,4595676323,90.3624279,23.7872052,0.00115346,4,3,0,1
Zone_DH401,4595676326,90.3626453,23.7866843,0.01444074,4,3,0,0
Zone_DH401,4595676327,90.3615969,23.7868722,0.02651629,3,3,0,0
Zone_DH401,12054475944,90.3479265,23.8014264,0.00292447,4,3,0,1
Zone_DH401,4595676331,90.3614375,23.7862798,0.01028158,4,3,0,0
Zone_DH401,12018398379,90.353084,23.7981441,0.0,4,1,0,0
Zone_DH401,4595676333,90.3615216,23.7862682,0.00800784,4,3,0,1
Zone_DH401,4595676334,90.3615739,23.7855968,0.05894617,3,3,0,0
Zone_DH401,4595676335,90.3625598,23.7866045,0.02761616,3,3,0,0
Zone_DH401,12054475949,90.3468104,23.8012444,0.0,4,1,0,0
Zone_DH401,6153049265,90.3529503,23.7873446,0.01791641,4,3,0,1
Zone_DH401,12054475950,90.3469502,23.8009958,0.0,4,1,0,0
Zone_DH401,6153049267,90.352886,23.7879385,0.0,4,1,0,0
Zone_DH401,12054475957,90.3466695,23.800604,0.01009614,4,3,0,1
Zone_DH401,4590179510,90.3469673,23.7883471,0.01318776,4,3,0,0
Zone_DH401,4595676343,90.361453,23.7868743,0.02517059,3,3,0,0
Zone_DH401,12054475960,90.3461796,23.8005747,0.00735498,4,3,0,1
Zone_DH401,4595676342,90.3617759,23.78681,0.01774714,4,3,0,0
Zone_DH401,12054475959,90.3461376,23.8009295,6.81e-06,4,2,0,0
Zone_DH401,12054475958,90.346625,23.8009743,0.00092208,4,3,0,1
Zone_DH401,4595676351,90.3626912,23.7881794,0.00925359,4,3,0,1
Zone_DH401,4595676353,90.3623021,23.788052,0.01196072,4,3,0,0
Zone_DH401,4595676355,90.3619088,23.7879801,0.0119369,4,3,0,1
Zone_DH401,4595676358,90.3611083,23.7880578,0.05740015,3,3,0,0
Zone_DH401,4599092436,90.3650535,23.7922963,0.03313292,3,3,0,0
Zone_DH401,12018398429,90.3522076,23.7919328,0.0,4,1,0,0
Zone_DH401,392525022,90.3507216,23.8024106,0.0,4,1,0,0
Zone_DH401,392525023,90.3521324,23.8032161,0.01131254,4,3,0,0
Zone_DH401,4610987232,90.3536902,23.7914197,0.05332775,3,3,0,0
Zone_DH401,12018398434,90.351457,23.7919445,0.00552187,4,3,0,1
Zone_DH401,4610987235,90.3498911,23.7885515,0.0013827,4,3,0,1
Zone_DH401,382022891,90.3481615,23.789308,0.03039645,3,3,0,0
Zone_DH401,392525045,90.3493181,23.8019908,0.00767992,4,3,0,0
Zone_DH401,4114617590,90.3654077,23.7930606,0.03666049,3,3,0,0
Zone_DH401,392525046,90.3519311,23.8035097,0.00735285,4,3,0,1
Zone_DH401,4114617595,90.3652716,23.7963137,0.05883389,3,4,0,0
Zone_DH401,4611069189,90.3512104,23.7938416,0.01935568,4,4,0,1
Zone_DH401,4611069191,90.351756,23.7942651,0.0,4,1,0,0
Zone_DH401,4611069193,90.351593,23.7942709,0.00184374,4,3,0,1
Zone_DH401,12047152398,90.3673854,23.7888843,0.0,4,1,0,0
Zone_DH401,4611069199,90.3511054,23.7932119,0.01720273,4,3,0,0
Zone_DH401,12047152400,90.3660151,23.790759,0.06939107,2,3,0,0
Zone_DH401,12047152401,90.3660799,23.790794,0.05313679,3,3,0,0
Zone_DH401,12047152402,90.3659249,23.7909332,0.04199395,3,3,0,0
Zone_DH401,12047152403,90.3657218,23.7915451,0.03464067,3,3,0,0
Zone_DH401,4524414226,90.3455008,23.8005331,0.0,4,2,0,0
Zone_DH401,4524414228,90.3467153,23.8001707,0.0,4,1,0,0
Zone_DH401,4524414230,90.346161,23.8005736,0.00551974,4,3,0,1
Zone_DH401,4524414229,90.3461978,23.8001767,0.00368323,4,3,0,1
Zone_DH401,4524414232,90.3472043,23.8006417,0.01192585,4,3,0,1
Zone_DH401,4493751576,90.3591715,23.7910382,0.13615964,1,3,0,1
Zone_DH401,12047152409,90.3651944,23.7959928,0.02789134,3,3,0,0
Zone_DH401,12047152408,90.365783,23.7954736,0.02344892,3,3,0,1
Zone_DH401,12047152412,90.3659147,23.7979675,0.0382282,3,3,0,1
Zone_DH401,3734836508,90.3646908,23.7993482,0.01361903,4,3,0,1
Zone_DH401,12047152414,90.3666545,23.7976786,0.00423359,4,3,0,1
Zone_DH401,4493751579,90.3584576,23.7907864,0.0,4,1,0,0
Zone_DH401,12020077856,90.350434,23.7907007,0.01177784,4,3,0,0
Zone_DH401,12020077857,90.3508192,23.7906053,0.01220996,4,3,0,1
Zone_DH401,12047152418,90.3682874,23.7978302,0.0,4,1,0,0
Zone_DH401,12020077858,90.3506568,23.7909361,0.0,4,1,0,0
Zone_DH401,4493751583,90.3587656,23.7889006,0.0,4,1,0,0
Zone_DH401,12047152413,90.3662047,23.798018,0.0,4,1,0,0
Zone_DH401,12047152422,90.3679461,23.7979713,0.0,4,1,0,0
Zone_DH401,12047152423,90.3677564,23.7984122,0.00719293,4,3,0,1
Zone_DH401,12047152417,90.3667572,23.7978609,0.0,4,1,0,0
Zone_DH401,12047152425,90.3685303,23.7982137,0.00184374,4,3,0,1
Zone_DH401,12047152424,90.3677778,23.7981235,0.0,4,1,0,0
Zone_DH401,12047152426,90.3684919,23.7980698,0.0,4,1,0,0
Zone_DH401,10936349996,90.3606166,23.7945681,0.0,4,1,0,0
Zone_DH401,12047152429,90.3675774,23.7984028,0.0089631,4,3,0,1
Zone_DH401,12047152428,90.3687028,23.7982428,0.0,4,1,0,0
Zone_DH401,12047152431,90.3665094,23.7984867,0.02449647,3,3,0,1
Zone_DH401,12047152430,90.3675947,23.7981745,0.0,4,1,0,0
Zone_DH401,12047152433,90.3663401,23.7981579,0.0,4,1,0,0
Zone_DH401,4493825334,90.3577168,23.7914099,0.09302457,2,3,0,0
Zone_DH401,12047152438,90.3642176,23.7997144,0.0,4,1,0,0
Zone_DH401,12047152443,90.3646654,23.7997006,0.01214233,4,3,0,1
Zone_DH401,4493825339,90.3580895,23.7902039,0.00163194,4,3,0,0
Zone_DH401,4611069245,90.3518675,23.7939689,0.02326986,3,3,0,1
Zone_DH401,4611069246,90.3518621,23.7938758,0.02045172,3,3,0,1
Zone_DH401,4611069244,90.3522172,23.793894,0.02348167,3,3,0,0
Zone_DH401,4611069247,90.3522382,23.7945432,0.02334812,3,4,0,1
Zone_DH401,4611069249,90.3522114,23.7948552,0.02394271,3,3,0,1
Zone_DH401,4611069248,90.3518545,23.7945927,0.0,4,1,0,0
Zone_DH401,4611069251,90.351651,23.7948835,0.0,4,1,0,0
Zone_DH401,4493825349,90.3580667,23.7891068,0.00878999,4,3,0,0
Zone_DH401,4493825352,90.3581148,23.7887091,0.01465297,4,3,0,0
Zone_DH401,7030560086,90.3523066,23.7813319,0.00368451,4,3,0,1
Zone_DH401,4397823319,90.368382,23.7973041,0.01004935,4,3,0,0
Zone_DH401,4397823327,90.3667685,23.7975131,0.00387207,4,3,0,0
Zone_DH401,4417893730,90.3630624,23.7914563,0.00741878,4,3,0,1
Zone_DH401,4597437795,90.3630133,23.8016252,0.01094507,4,3,0,1
Zone_DH401,12020077926,90.3496492,23.7903634,0.0,4,1,0,0
Zone_DH401,4397823337,90.368223,23.7975445,0.00361901,4,3,0,1
Zone_DH401,4397823339,90.3680618,23.7975783,0.00301251,4,3,0,1
Zone_DH401,12020077936,90.3498559,23.7895107,0.03732441,3,3,0,1
Zone_DH401,3720705402,90.3659961,23.7909634,0.03384618,3,3,0,0
Zone_DH401,12180387204,90.3493327,23.7826267,0.03435571,3,3,0,1
Zone_DH401,12180387205,90.3488218,23.7827436,0.03352039,3,3,0,1
Zone_DH401,4506695046,90.3588274,23.7993092,0.01558398,4,3,0,1
Zone_DH401,264877447,90.3638753,23.8038588,0.00154134,4,3,0,1
Zone_DH401,12180387207,90.3495448,23.782081,0.0,4,1,0,0
Zone_DH401,4506695045,90.3596283,23.7994305,0.0,4,1,0,0
Zone_DH401,12020077979,90.3502332,23.7893192,0.0419914,3,3,0,0
Zone_DH401,12020077980,90.3504477,23.7891494,0.0,4,1,0,0
Zone_DH401,12020077982,90.3505259,23.7891258,0.00702408,4,3,0,1
Zone_DH401,12015277472,90.3595756,23.7952657,0.02152181,3,3,0,1
Zone_DH401,3516781993,90.3556207,23.7999307,0.0077569,4,3,0,0
Zone_DH401,3516782011,90.3551162,23.799949,0.06477257,3,3,0,0
Zone_DH401,12015277520,90.3587736,23.7955338,0.0,4,1,0,0
Zone_DH401,12015277522,90.3587965,23.7951726,0.03939017,3,3,0,1
Zone_DH401,12020012543,90.3504249,23.7867406,0.00568774,4,3,0,0
Zone_DH401,6821123609,90.3615207,23.7944332,0.0,4,1,0,0
Zone_DH401,4948145691,90.3622766,23.7838973,0.0,4,1,0,0
Zone_DH401,11993290311,90.3621083,23.7884472,0.00184374,4,3,0,1
Zone_DH401,11993290312,90.3618642,23.7883822,0.0,4,1,0,0
Zone_DH401,13049632328,90.3534295,23.8024364,0.0,4,1,0,0
Zone_DH401,13049632330,90.3534684,23.8023824,0.02175744,3,4,0,1
Zone_DH401,13049632329,90.3535013,23.8023366,0.0,4,1,0,0
Zone_DH401,11993290325,90.366278,23.793329,0.0,4,1,0,0
Zone_DH401,3416913494,90.3539093,23.7865793,0.0481321,3,3,0,1
Zone_DH401,11993290326,90.3658668,23.7924319,0.0126004,4,3,0,1
Zone_DH401,348354138,90.3538754,23.7910611,0.11850777,1,3,0,0
Zone_DH401,11993290330,90.3673633,23.7924527,0.01052443,4,3,0,1
Zone_DH401,11993290332,90.3667401,23.7925652,0.00818562,4,3,0,1
Zone_DH401,11993290331,90.3678575,23.7924882,0.0,4,1,0,0
Zone_DH401,11993290333,90.3668905,23.7922931,0.0,4,1,0,0
Zone_DH401,348354146,90.3587731,23.7915853,0.19487912,1,3,1,0
Zone_DH401,348354147,90.3587716,23.7916319,0.15747347,1,3,0,0
Zone_DH401,4459214443,90.3555883,23.8038618,0.00269012,4,3,0,0
Zone_DH401,4488918641,90.3601771,23.79544,0.03486694,3,3,0,0
Zone_DH401,4459214452,90.3558595,23.8040519,0.00274414,4,2,0,0
Zone_DH401,4488918644,90.3608948,23.7952628,0.03901249,3,3,0,0
Zone_DH401,4438537849,90.3472962,23.799955,0.01318393,4,3,0,0
Zone_DH401,12045391483,90.3677435,23.7854671,0.00828344,4,3,0,1
Zone_DH401,11409372797,90.363715,23.7893713,0.0,4,1,0,0
Zone_DH401,11409372798,90.3639156,23.7893501,0.00184374,4,3,0,1
Zone_DH401,11409372799,90.3632926,23.789843,0.00184374,4,3,0,1
Zone_DH401,9961199232,90.3546464,23.7972598,0.0152063,4,3,0,1
Zone_DH401,11409372801,90.3627649,23.7895207,0.0,4,1,0,0
Zone_DH401,11409372802,90.3625053,23.7889777,0.06019277,3,3,0,1
Zone_DH401,9961199235,90.3514683,23.7990097,0.04704329,3,3,0,0
Zone_DH401,11409372800,90.3633502,23.7893443,0.0,4,1,0,0
Zone_DH401,12045391490,90.3668464,23.7851987,0.0,4,1,0,0
Zone_DH401,11409372806,90.3625061,23.7894155,0.00184374,4,3,0,1
Zone_DH401,12045391495,90.3645255,23.7878173,0.0,4,1,0,0
Zone_DH401,11409372807,90.3626435,23.7894609,0.0,4,1,0,0
Zone_DH401,11409372808,90.362449,23.7895928,0.0,4,1,0,0
Zone_DH401,11409372815,90.3617299,23.7905922,0.0,4,1,0,0
Zone_DH401,11409372816,90.3614878,23.7903455,0.0,4,1,0,0
Zone_DH401,11409372817,90.3615262,23.7900189,0.01715425,4,3,0,1
Zone_DH401,11409372818,90.360444,23.7901141,0.01956749,4,3,0,1
Zone_DH401,11409372821,90.3605001,23.7906246,0.00184374,4,3,0,1
Zone_DH401,11409372822,90.3602895,23.7906695,0.0,4,1,0,0
Zone_DH401,11409372825,90.3607978,23.7903695,0.0,4,1,0,0
Zone_DH401,11409372827,90.3610446,23.7908351,0.0,4,1,0,0
Zone_DH401,4438537885,90.3467283,23.8003305,0.0,4,1,0,0
Zone_DH401,11409372830,90.3605848,23.7881464,0.02739627,3,3,0,1
Zone_DH401,11409372833,90.3607726,23.7884602,0.0,4,1,0,0
Zone_DH401,11409372834,90.3590453,23.7899561,0.0,4,1,0,0
Zone_DH401,11332531877,90.3682574,23.7917713,0.00996854,4,3,0,1
Zone_DH401,11409372840,90.3597395,23.7896764,0.11677716,1,3,0,1
Zone_DH401,4493244092,90.3571814,23.7928906,0.00626872,4,3,0,0
Zone_DH401,3734812350,90.3646537,23.8002121,0.01569031,4,3,0,0
Zone_DH401,4613338834,90.3668646,23.8027402,8.5e-07,4,2,0,0
Zone_DH401,348403414,90.3587099,23.79383,0.01729928,4,3,0,0
Zone_DH401,4613338845,90.3631739,23.8006021,0.02021227,4,3,0,0
Zone_DH401,4613338856,90.3666771,23.8010092,0.00640355,4,3,0,1
Zone_DH401,4613338862,90.3688339,23.8007815,0.0,4,1,0,0
Zone_DH401,4613338872,90.3674593,23.7947729,0.00180291,4,4,0,1
Zone_DH401,4613314298,90.3664851,23.7866522,0.0,4,1,0,0
Zone_DH401,4613314301,90.3669314,23.7867596,0.01277648,4,3,0,1
Zone_DH401,5660423945,90.3470895,23.8023865,0.0,4,1,0,0
Zone_DH401,5660423946,90.3483364,23.8029767,0.00092293,4,3,0,1
Zone_DH401,4590507796,90.351992,23.7838537,0.0,4,1,0,0
Zone_DH401,4590507797,90.3527987,23.7834212,0.04205562,3,3,0,1
Zone_DH401,4590507798,90.3504006,23.784165,0.0,4,1,0,0
Zone_DH401,4590507802,90.3524988,23.7829113,0.04049726,3,3,0,1
Zone_DH401,4415297337,90.3472637,23.782944,0.0438849,3,4,0,0
Zone_DH401,4415297339,90.3475408,23.7847617,0.01408687,4,3,0,1
Zone_DH401,4415297341,90.3477018,23.7857482,0.01437566,4,3,0,0
Zone_DH401,4415297346,90.3480709,23.7882175,0.01156178,4,3,0,0
Zone_DH401,4415297351,90.3481969,23.7891075,0.0136471,4,3,0,0
Zone_DH401,4415297353,90.3483051,23.7899394,0.01381595,4,3,0,0
Zone_DH401,4415297354,90.3483638,23.790358,0.01379893,4,3,0,0
Zone_DH401,4415297355,90.3484285,23.7908427,0.01170341,4,3,0,0
Zone_DH401,4415297358,90.3486287,23.792243,0.03946204,3,3,0,0
Zone_DH401,4415297359,90.3491768,23.792515,0.00969081,4,3,0,1
Zone_DH401,4415297360,90.3486626,23.7925558,0.04769402,3,3,0,0
Zone_DH401,4474771283,90.3478799,23.8015273,0.00333362,4,3,0,0
Zone_DH401,4415297364,90.3488522,23.7938898,0.05303216,3,3,0,1
Zone_DH401,4415297365,90.3489215,23.7943836,0.05046495,3,3,0,1
Zone_DH401,4415297366,90.3490186,23.7951347,0.04718918,3,3,0,1
Zone_DH401,4455978841,90.3525926,23.8039769,0.0,4,1,0,0
Zone_DH401,9880557419,90.3553612,23.8002609,0.0,4,1,0,0
Zone_DH401,4438538093,90.3472457,23.8004562,0.01404647,4,4,0,1
Zone_DH401,9880557422,90.3550184,23.800053,0.0,4,1,0,0
Zone_DH401,9880557425,90.3551058,23.7995048,0.0,4,1,0,0
Zone_DH401,9880557426,90.3548736,23.7998166,0.0,4,1,0,0
Zone_DH401,9880557427,90.3556607,23.8002757,0.0,4,1,0,0
Zone_DH401,9880557428,90.3558462,23.8000444,0.0,4,1,0,0
Zone_DH401,4438538115,90.3482577,23.8009996,0.00718315,4,3,0,0
Zone_DH401,9069410181,90.3518654,23.7814423,0.00092208,4,3,0,1
Zone_DH401,9069410182,90.3517333,23.7815118,0.00583916,4,3,0,0
Zone_DH401,11991447435,90.3664113,23.7889416,0.04908225,3,3,0,0
Zone_DH401,11287675976,90.3527717,23.8010866,0.00221377,4,4,0,0
Zone_DH401,11991447438,90.36659,23.7886945,0.02827455,3,3,0,0
Zone_DH401,11991447436,90.3665043,23.7889563,0.02519781,3,3,0,0
Zone_DH401,11991447440,90.3682754,23.788804,0.0,4,1,0,0
Zone_DH401,11991447437,90.3665188,23.788667,0.0463866,3,3,0,0
Zone_DH401,11991447445,90.3692938,23.7932019,0.0081533,4,3,0,1
Zone_DH401,11991447448,90.3698623,23.7932196,0.0,4,1,0,0
Zone_DH401,11991447450,90.3698131,23.7937953,0.0,4,1,0,0
Zone_DH401,3732412316,90.3614011,23.8000703,0.0258562,3,3,0,0
Zone_DH401,11991447456,90.3684122,23.7948046,0.0077233,4,3,0,1
Zone_DH401,11991447457,90.3685504,23.7949041,0.0,4,1,0,0
Zone_DH401,11991447459,90.3681692,23.7955183,0.0,4,1,0,0
Zone_DH401,11991447460,90.3686205,23.7956874,0.00184374,4,3,0,1
Zone_DH401,11991447462,90.3686595,23.7952627,0.0,4,1,0,0
Zone_DH401,5701662641,90.3535209,23.8037384,0.00166256,4,3,0,1
Zone_DH401,7241848762,90.3587787,23.7840778,0.00895332,4,3,0,0
Zone_DH401,5701662652,90.3533231,23.8040203,0.0,4,1,0,0
Zone_DH401,7241848765,90.3582114,23.7840369,0.0057643,4,3,0,0
Zone_DH401,7241848766,90.3587697,23.7843138,0.00985031,4,3,0,0
Zone_DH401,7241848772,90.3557593,23.7834224,0.00092208,4,3,0,1
Zone_DH401,7241955296,90.3552887,23.7834352,0.0,4,1,0,0
Zone_DH401,348395490,90.3606666,23.7926624,0.07760731,2,3,0,0
Zone_DH401,3718109157,90.3629423,23.7952867,0.04808999,3,3,0,1
Zone_DH401,348395494,90.3604581,23.7921551,0.07392153,2,3,0,0
Zone_DH401,3718109159,90.36276,23.7948488,0.00368451,4,3,0,1
Zone_DH401,3718109160,90.3627045,23.7943526,0.0,4,1,0,0
Zone_DH401,4497872877,90.361299,23.7903994,0.0,4,1,0,0
Zone_DH401,4497872880,90.3617116,23.7908149,0.00184374,4,3,0,1
Zone_DH401,4497872881,90.3617064,23.7909295,0.02521695,3,3,0,1
Zone_DH401,4611266590,90.3652949,23.7912196,0.00859648,4,3,0,1
Zone_DH401,4314789920,90.3563166,23.7995606,0.00586127,4,3,0,0
Zone_DH401,11492136994,90.3571863,23.7917293,0.0,4,1,0,0
Zone_DH401,11492136995,90.357553,23.7917679,0.0,4,1,0,0
Zone_DH401,4611266596,90.3652639,23.7919152,0.03775525,3,3,0,0
Zone_DH401,386037797,90.363035,23.7921979,0.02040366,3,3,0,0
Zone_DH401,11492136997,90.3590655,23.7921185,0.0,4,1,0,0
Zone_DH401,7297931305,90.3551465,23.7848136,0.00552357,4,4,0,1
Zone_DH401,5927778346,90.3528414,23.794605,0.00125128,4,3,0,0
Zone_DH401,11492137002,90.3618241,23.7942949,0.0161756,4,3,0,0
Zone_DH401,386037804,90.3621748,23.7928421,0.02161708,3,3,0,1
Zone_DH401,386037805,90.3620985,23.7934178,0.05450503,3,3,0,0
Zone_DH401,4611266604,90.3636252,23.7933166,0.0,4,1,0,0
Zone_DH401,4611266605,90.3637421,23.7933552,0.0,4,1,0,0
Zone_DH401,11492137007,90.3613654,23.7937457,0.0,4,1,0,0
Zone_DH401,11492137010,90.3642752,23.7944716,0.0,4,1,0,0
Zone_DH401,4597282869,90.3655428,23.7828231,0.0,4,1,0,0
Zone_DH401,4597282872,90.3655077,23.7824392,0.0010063,4,3,0,1
Zone_DH401,4597282873,90.3654451,23.7823874,0.00256253,4,3,0,0
Zone_DH401,4597282874,90.3620799,23.7860916,0.0,4,1,0,0
Zone_DH401,4611266619,90.3629605,23.7948458,0.0,4,1,0,0
Zone_DH401,4597282875,90.3651535,23.7845523,0.0,4,1,0,0
Zone_DH401,4597282877,90.3650743,23.7848067,0.00768502,4,3,0,1
Zone_DH401,4611266622,90.3625674,23.7948508,0.0,4,1,0,0
Zone_DH401,4611274817,90.3566891,23.7937634,0.0,4,1,0,0
Zone_DH401,4611266626,90.3619333,23.7939008,0.01378788,4,3,0,0
Zone_DH401,4611266625,90.3614267,23.793817,0.00092208,4,3,0,1
Zone_DH401,4611266628,90.3620033,23.7936795,0.01405115,4,3,0,1
Zone_DH401,4611266630,90.3614197,23.793508,0.0,4,1,0,0
Zone_DH401,12049173397,90.3648495,23.7909732,0.0,4,1,0,0
Zone_DH401,4611266634,90.3629597,23.7927998,0.0,4,1,0,0
Zone_DH401,12049173398,90.3648744,23.7907893,0.0,4,1,0,0
Zone_DH401,4611266637,90.3613796,23.7934226,0.0,4,1,0,0
Zone_DH401,4611266638,90.3606659,23.7932023,0.01899289,4,3,0,1
Zone_DH401,4611274831,90.356222,23.7939114,0.0,4,1,0,0
Zone_DH401,4611274832,90.3585072,23.7926197,0.06529443,3,3,0,1
Zone_DH401,6393419857,90.3670864,23.7862799,0.02242008,3,4,0,0
Zone_DH401,4611274833,90.3581164,23.7924719,0.0,4,1,0,0
Zone_DH401,4611274834,90.3619234,23.7922843,0.0,4,1,0,0
Zone_DH401,386029652,90.3612349,23.8018881,0.02314226,3,3,0,0
Zone_DH401,4611274837,90.3616934,23.793044,0.05837072,3,3,0,1
Zone_DH401,4611266644,90.3629955,23.7911796,0.0,4,1,0,0
Zone_DH401,4611274839,90.3640441,23.794008,0.04873307,3,3,0,1
Zone_DH401,4611274840,90.3635575,23.7938529,0.0,4,1,0,0
Zone_DH401,4611266652,90.3592565,23.7919697,0.0,4,1,0,0
Zone_DH401,4611266653,90.3591117,23.791945,0.00184374,4,3,0,1
Zone_DH401,4611266654,90.3565112,23.7923246,0.0,4,1,0,0
Zone_DH401,4611266656,90.3568529,23.7922345,0.01318861,4,3,0,1
Zone_DH401,4611266657,90.3586817,23.7920644,0.10335846,2,3,0,1
Zone_DH401,4611266660,90.3579734,23.7917695,0.0,4,1,0,0
Zone_DH401,386029669,90.361947,23.7982925,0.01986308,4,3,0,0
Zone_DH401,4611266661,90.3578829,23.7915692,0.0,4,1,0,0
Zone_DH401,4611266663,90.3573556,23.7913724,0.09379439,2,3,0,1
Zone_DH401,4611266664,90.3569088,23.7917536,0.01456365,4,3,0,1
Zone_DH401,4611266662,90.3573563,23.7917281,0.00184374,4,3,0,1
Zone_DH401,4611266666,90.3558922,23.7914986,0.0,4,1,0,0
Zone_DH401,4611266665,90.3566111,23.7917444,0.0,4,1,0,0
Zone_DH401,4611266669,90.3562375,23.7914944,0.0,4,1,0,0
Zone_DH401,4611266670,90.3562792,23.7911799,0.08855238,2,3,0,1
Zone_DH401,4611266671,90.3563337,23.7909145,0.0,4,1,0,0
Zone_DH401,4611266672,90.356249,23.7911711,0.08822999,2,3,0,1
Zone_DH401,386029681,90.3623523,23.7975749,0.02439567,3,3,0,0
Zone_DH401,4611266673,90.3554462,23.7901503,0.0,4,1,0,0
Zone_DH401,4611266675,90.3557764,23.7904285,0.02118751,3,3,0,1
Zone_DH401,4611266676,90.3554152,23.7903829,0.00184374,4,3,0,1
Zone_DH401,386029685,90.362562,23.7965547,0.10927035,2,4,0,0
Zone_DH401,4611266674,90.3553771,23.7906698,0.0,4,1,0,0
Zone_DH401,4611266679,90.3557127,23.7926112,0.00644821,4,3,0,1
Zone_DH401,4611266677,90.3557891,23.7921075,0.0,4,1,0,0
Zone_DH401,4611266680,90.3560918,23.793208,0.0,4,1,0,0
Zone_DH401,4611266683,90.3561455,23.7926541,0.00808993,4,3,0,1
Zone_DH401,4611266684,90.3557786,23.7932537,0.0,4,1,0,0
Zone_DH401,4611266685,90.3558256,23.7926246,0.00725801,4,3,0,1
Zone_DH401,4611266686,90.3553505,23.7929896,0.0,4,1,0,0
Zone_DH401,4611422342,90.3671623,23.7863989,0.01001788,4,3,0,0
Zone_DH401,386029711,90.3639689,23.7943528,0.08783445,2,4,0,1
Zone_DH401,11991447698,90.3484721,23.7826602,0.00421062,4,3,0,1
Zone_DH401,11991447699,90.348436,23.7822051,0.00092208,4,2,0,1
Zone_DH401,11991447703,90.349131,23.7818528,0.0,4,1,0,0
Zone_DH401,4380391580,90.3540369,23.7875171,0.06742526,2,3,0,0
Zone_DH401,386029726,90.3644971,23.7925185,0.04371733,3,3,0,0
Zone_DH401,3731847327,90.358203,23.7842929,0.06623778,2,4,0,0
Zone_DH401,3731847329,90.3581567,23.785239,0.14832239,1,3,0,0
Zone_DH401,4609013934,90.3655286,23.7904161,0.0,4,1,0,0
Zone_DH401,4609013935,90.3650037,23.7905331,0.0,4,1,0,0
Zone_DH401,11992111278,90.3671212,23.8009325,0.00101395,4,3,0,1
Zone_DH401,11992111282,90.3673932,23.8002847,0.00192072,4,3,0,0
Zone_DH401,11992111287,90.3677104,23.8006544,0.0,4,1,0,0
Zone_DH401,11992111288,90.3675343,23.7999896,0.0,4,1,0,0
Zone_DH401,11992111290,90.3676009,23.7996353,0.00919745,4,3,0,1
Zone_DH401,11992111292,90.3636347,23.8009702,0.00285429,4,3,0,1
Zone_DH401,11992111293,90.3634312,23.8009578,0.00618026,4,3,0,1
Zone_DH401,11992111294,90.3634807,23.8009616,0.00450452,4,3,0,1
Zone_DH401,11992111295,90.3634413,23.8006882,0.0,4,1,0,0
Zone_DH401,11992111296,90.3634601,23.8012686,0.0,4,1,0,0
Zone_DH401,11992111297,90.3635929,23.8012858,0.0,4,1,0,0
Zone_DH401,4421695694,90.3627613,23.7859136,0.07355618,2,3,0,0
Zone_DH401,382023891,90.3597378,23.7853245,0.15162581,1,4,0,0
Zone_DH401,4611266791,90.3552636,23.7922852,0.0,4,1,0,0
Zone_DH401,3718904040,90.3623462,23.8015018,0.02521398,3,3,0,0
Zone_DH401,4611266793,90.3599447,23.7933136,0.02274459,3,3,0,1
Zone_DH401,4611266795,90.3597372,23.7937254,0.0,4,1,0,0
Zone_DH401,4611266797,90.3611858,23.7941891,0.0,4,1,0,0
Zone_DH401,4611266800,90.3614118,23.79461,0.00184374,4,3,0,1
Zone_DH401,4019804403,90.3505166,23.7937686,0.0,4,1,0,0
Zone_DH401,4611266804,90.3613062,23.7957324,0.04677662,3,3,0,1
Zone_DH401,4611266805,90.3621216,23.7946985,0.0,4,1,0,0
Zone_DH401,4611266808,90.361742,23.7946691,0.01654945,4,3,0,1
Zone_DH401,4611266809,90.3616245,23.7963752,0.11954597,1,3,0,0
Zone_DH401,382023930,90.3637388,23.7858774,0.06926773,2,4,0,1
Zone_DH401,12590430458,90.3632499,23.8035241,0.00314266,4,3,0,0
Zone_DH401,12590430459,90.3622803,23.8034594,0.00188798,4,3,0,0
Zone_DH401,4611266813,90.3616968,23.7956181,0.01700199,4,3,0,1
Zone_DH401,12590430460,90.362568,23.8030724,0.0068025,4,3,0,0
Zone_DH401,4611266811,90.3622469,23.7960095,0.0,4,1,0,0
Zone_DH401,382023938,90.3647993,23.7863046,0.06602129,2,3,0,0
Zone_DH401,4114618642,90.3665436,23.7888029,0.0468183,3,3,0,0
Zone_DH401,4595587383,90.3590764,23.7856456,0.00092208,4,3,0,1
Zone_DH401,4611152185,90.3606006,23.798452,0.0,4,1,0,0
Zone_DH401,4611152186,90.3604384,23.7991318,0.01950497,4,3,0,1
Zone_DH401,4611152187,90.3599263,23.7984214,0.0,4,1,0,0
Zone_DH401,4611152188,90.3615266,23.7993925,0.04151462,3,3,0,0
Zone_DH401,6264830270,90.3471698,23.7828454,0.0,4,2,0,0
Zone_DH401,6264830271,90.3472636,23.7828303,0.0031988,4,3,0,0
Zone_DH401,4493736256,90.3593616,23.7905404,0.13462595,1,3,0,0
Zone_DH401,4601133376,90.3699387,23.7959985,0.0,4,1,0,0
Zone_DH401,10940324165,90.3600571,23.7945762,0.00184374,4,3,0,1
Zone_DH401,386038090,90.3611343,23.7963793,0.08392622,2,3,0,0
Zone_DH401,4415248715,90.3560003,23.7889985,0.00570348,4,3,0,0
Zone_DH401,4493736279,90.3599133,23.7913058,0.00648691,4,4,0,1
Zone_DH401,3732683095,90.36207,23.8026695,0.01810313,4,4,0,0
Zone_DH401,386038117,90.3557232,23.7969101,0.00368451,4,3,0,1
Zone_DH401,386038120,90.3547284,23.7964705,0.01543342,4,3,0,0
Zone_DH401,11492178285,90.3604272,23.7888078,0.00184374,4,3,0,1
Zone_DH401,11492178288,90.3607655,23.7888391,0.0,4,1,0,0
Zone_DH401,11492178290,90.3596512,23.7910126,0.0,4,1,0,0
Zone_DH401,4599314820,90.3664589,23.7909613,0.02778543,3,3,0,1
Zone_DH401,4490606992,90.3697921,23.7972561,0.00020585,4,2,0,0
Zone_DH401,386038172,90.3577497,23.7990893,0.02802318,3,3,0,0
Zone_DH401,386038174,90.3567408,23.7985397,0.05809299,3,3,0,0
Zone_DH401,386038175,90.3561262,23.7985974,0.05798283,3,3,0,1
Zone_DH401,386038177,90.3558357,23.7974794,0.0,4,1,0,0
Zone_DH401,386038183,90.3568068,23.7976856,0.03088003,3,3,0,0
Zone_DH401,3732830640,90.359992,23.8009863,0.02364499,3,3,0,0
Zone_DH401,386038192,90.3575523,23.7977464,0.03139211,3,3,0,0
Zone_DH401,4474771889,90.348779,23.8024502,0.00368238,4,4,0,0
Zone_DH401,3732830641,90.3602507,23.799809,0.00786281,4,3,0,0
Zone_DH401,4497832450,90.3608638,23.7915654,0.02698329,3,3,0,0
Zone_DH401,4380383746,90.3547038,23.7875103,0.0700384,2,4,0,1
Zone_DH401,4397718032,90.3660421,23.7985841,0.02625728,3,3,0,1
Zone_DH401,3853703707,90.3554681,23.8037777,0.00430845,4,3,0,0
Zone_DH401,264878624,90.358797,23.8036011,0.00256593,4,3,0,0
Zone_DH401,386038307,90.3588875,23.7982564,0.02643803,3,3,0,0
Zone_DH401,12015385125,90.3594321,23.7943085,0.0,4,1,0,0
Zone_DH401,4483627558,90.3447922,23.7889636,0.00236093,4,2,0,0
Zone_DH401,12015385129,90.359569,23.7945064,0.00552187,4,3,0,1
Zone_DH401,12015385130,90.3597419,23.7942104,0.0,4,1,0,0
Zone_DH401,4524382764,90.3520019,23.8010324,0.00701771,4,3,0,0
Zone_DH401,4524382765,90.3531681,23.8017169,0.00159408,4,3,0,0
Zone_DH401,4415519278,90.356511,23.7912475,0.0892937,2,3,0,0
Zone_DH401,12015385134,90.3597029,23.7945309,0.00368451,4,3,0,1
Zone_DH401,4524382768,90.3533632,23.8002428,0.01116708,4,3,0,0
Zone_DH401,386038328,90.3607306,23.7956779,0.04622754,3,3,0,0
Zone_DH401,386038331,90.3616791,23.7957185,0.05250689,3,3,0,0
Zone_DH401,6349150796,90.3667161,23.7831708,0.0,4,1,0,0
Zone_DH401,4415519319,90.3578988,23.7914426,0.0917163,2,3,0,1
Zone_DH401,4611086937,90.3521824,23.7881387,0.00817329,4,4,0,1
Zone_DH401,4610996825,90.3520968,23.7844181,0.0,4,1,0,0
Zone_DH401,4611086940,90.3521727,23.791216,0.02247197,3,3,0,1
Zone_DH401,3556612701,90.3550385,23.7995965,0.05990994,3,4,0,1
Zone_DH401,4610996829,90.3531218,23.7839557,0.04362503,3,3,0,1
Zone_DH401,4915886687,90.367215,23.7832783,0.00092208,4,2,0,1
Zone_DH401,12013042277,90.3619936,23.8018637,0.0,4,1,0,0
Zone_DH401,4611086955,90.3522366,23.7892886,0.07960417,2,3,0,0
Zone_DH401,4611086956,90.3534273,23.7914056,0.02392357,3,3,0,0
Zone_DH401,4611086958,90.3537934,23.7898521,0.03574691,3,3,0,0
Zone_DH401,4611086959,90.3533733,23.7898353,0.00621641,4,3,0,1
Zone_DH401,12778437232,90.3660822,23.7827845,0.00185352,4,3,0,1
Zone_DH401,4516770145,90.3496552,23.7863685,0.01747451,4,3,0,1
Zone_DH401,4611086960,90.3517718,23.7881115,0.00181184,4,3,0,1
Zone_DH401,4611086964,90.3518868,23.7893273,0.06756859,2,3,0,0
Zone_DH401,386038389,90.3607986,23.7940955,0.03908564,3,3,0,0
Zone_DH401,12013042312,90.3609724,23.8010697,0.0,4,1,0,0
Zone_DH401,12013042315,90.3609856,23.8012893,0.01890272,4,3,0,1
Zone_DH401,4595587724,90.3604486,23.7884558,0.0,4,1,0,0
Zone_DH401,4595587725,90.3591901,23.788204,0.0,4,1,0,0
Zone_DH401,4595587726,90.3595385,23.7882136,0.00184374,4,3,0,1
Zone_DH401,4595587728,90.3595566,23.787706,0.0,4,1,0,0
Zone_DH401,4595587731,90.3594684,23.7890081,0.0,4,1,0,0
Zone_DH401,4595587732,90.3593556,23.7887641,0.01555379,4,3,0,1
Zone_DH401,4595587733,90.3577733,23.7891017,0.00820646,4,3,0,0
Zone_DH401,4595587734,90.3599087,23.7915554,0.0,4,1,0,0
Zone_DH401,1158322841,90.359687,23.7881876,0.078227,2,3,0,0
Zone_DH401,264878754,90.3578158,23.8029409,0.00242004,4,3,0,0
Zone_DH401,4595587749,90.3583915,23.7854031,0.00183481,4,3,0,0
Zone_DH401,4595587753,90.3581115,23.7857396,0.00275392,4,2,0,0
Zone_DH401,4595587758,90.3576027,23.7861313,0.00367345,4,2,0,0
Zone_DH401,4595587762,90.3572963,23.7869128,0.00461467,4,3,0,0
Zone_DH401,4595587763,90.3574764,23.787092,4.508e-05,4,3,0,0
Zone_DH401,4595587764,90.357258,23.7874398,0.01095995,4,3,0,0
Zone_DH401,4595587772,90.3568546,23.7864871,7.66e-06,4,3,0,0
Zone_DH401,386038462,90.3629611,23.7938246,0.04233718,3,3,0,1
Zone_DH401,386038464,90.36315,23.7939771,0.04363226,3,3,0,0
Zone_DH401,4595587779,90.3559695,23.7862925,0.0,4,3,0,0
Zone_DH401,11409398472,90.3656861,23.7901574,0.0,4,1,0,0
Zone_DH401,4595587787,90.35619,23.7872539,0.00912472,4,3,0,0
Zone_DH401,11409398475,90.3646564,23.7908706,0.04432468,3,3,0,1
Zone_DH401,11409398476,90.3648632,23.790872,0.00184374,4,3,0,1
Zone_DH401,4584807119,90.3549579,23.8016747,0.0076208,4,3,0,0
Zone_DH401,4584807120,90.3544158,23.8013321,0.00523691,4,3,0,0
Zone_DH401,348404465,90.3566584,23.7927507,0.01401414,4,3,0,0
Zone_DH401,348404479,90.3550749,23.7945953,0.09229941,2,3,0,0
Zone_DH401,4524415788,90.3490639,23.7961229,0.03767189,3,3,0,0
Zone_DH401,4488993581,90.3625449,23.7983611,0.00322687,4,3,0,1
Zone_DH401,382024496,90.3638791,23.7833993,0.01542747,4,4,0,1
Zone_DH401,4595587892,90.3566793,23.7867725,0.00730309,4,3,0,0
Zone_DH401,4595587893,90.3559341,23.7875057,0.02280414,3,3,0,1
Zone_DH401,11292547899,90.3645122,23.7928805,0.04386916,3,3,0,1
Zone_DH401,11292547900,90.3637447,23.7928908,0.0,4,1,0,0
Zone_DH401,3731921729,90.3575126,23.8032493,0.00331959,4,3,0,0
Zone_DH401,4488026947,90.366741,23.7995819,0.01031135,4,3,0,0
Zone_DH401,4488026952,90.3667092,23.7984498,0.02276544,3,3,0,0
Zone_DH401,4595587917,90.3554598,23.7885915,0.0,4,1,0,0
Zone_DH401,4595587918,90.3554521,23.7888321,0.0,4,1,0,0
Zone_DH401,4595587919,90.3560067,23.7888481,0.00214444,4,3,0,1
Zone_DH401,4595587921,90.3563838,23.7894249,0.0,4,1,0,0
Zone_DH401,4595587922,90.3559506,23.7892868,0.00738901,4,3,0,1
Zone_DH401,4595587923,90.3554453,23.789091,0.0,4,1,0,0
Zone_DH401,4595587924,90.3559723,23.7892107,0.00668298,4,3,0,1
Zone_DH401,4595587925,90.355267,23.7893416,0.0,4,1,0,0
Zone_DH401,4595587926,90.355534,23.7894002,0.00184374,4,3,0,1
Zone_DH401,4595587927,90.3555073,23.7895261,0.0,4,1,0,0
Zone_DH401,4595587929,90.3559228,23.7893832,0.00937608,4,3,0,1
Zone_DH401,382024550,90.3623417,23.7840961,0.0,4,1,0,0
Zone_DH401,4590181235,90.3447709,23.7879318,0.00254211,4,3,0,0
Zone_DH401,382024569,90.3602291,23.7855855,0.02736692,3,3,0,0
Zone_DH401,4590181241,90.3447682,23.7877625,0.00288874,4,3,0,0
Zone_DH401,4590181243,90.3456241,23.7874463,0.00325792,4,3,0,0
Zone_DH401,382024573,90.3604429,23.7862538,0.02621432,3,3,0,0
Zone_DH401,382024575,90.3604225,23.7867754,0.0247708,3,3,0,1
Zone_DH401,4590181248,90.3447276,23.7868896,0.0,4,2,0,0
Zone_DH401,382024576,90.3603793,23.7871367,0.0,4,1,0,0
Zone_DH401,4415478670,90.35597,23.7911121,0.08791356,2,3,0,1
Zone_DH401,4488027033,90.3664745,23.8002785,0.01307675,4,4,0,0
Zone_DH401,4488027037,90.3657304,23.8002287,0.01797128,4,3,0,0
Zone_DH401,4516412323,90.3460288,23.7858807,0.0,4,1,0,0
Zone_DH401,3765156773,90.3552442,23.800161,0.01487924,4,4,0,1
Zone_DH401,4516412325,90.3457264,23.7859316,0.00453599,4,3,0,1
Zone_DH401,3765156775,90.3547713,23.8008061,0.01900522,4,3,0,0
Zone_DH401,382024618,90.3611493,23.7868689,0.02503662,3,3,0,0
Zone_DH401,3765156779,90.3536189,23.8024914,0.01086298,4,4,0,0
Zone_DH401,382024621,90.3611144,23.7876273,0.05307682,3,3,0,0
Zone_DH401,382024623,90.3610927,23.7880996,0.05161713,3,3,0,0
Zone_DH401,12049021874,90.3563821,23.7972355,0.0,4,1,0,0
Zone_DH401,12049021875,90.3549445,23.7972932,0.0,4,1,0,0
Zone_DH401,382024628,90.361247,23.7886997,0.02733588,3,3,0,0
Zone_DH401,12049021879,90.3533757,23.7955084,0.05025995,3,3,0,0
Zone_DH401,12049021880,90.3535093,23.7955914,0.13434057,1,3,0,0
Zone_DH401,12049021882,90.3601337,23.7963819,0.03149886,3,3,0,0
Zone_DH401,4516412348,90.3465316,23.7879591,0.01143333,4,3,0,1
Zone_DH401,4516412355,90.3464634,23.7871161,0.0,4,1,0,0
Zone_DH401,4516412356,90.3468759,23.7873538,0.0,4,1,0,0
Zone_DH401,4514855879,90.3497467,23.7877553,0.02191906,3,3,0,0
Zone_DH401,4516412360,90.3472571,23.7872638,0.00184374,4,3,0,1
Zone_DH401,4516412359,90.3472331,23.7871211,0.0,4,1,0,0
Zone_DH401,4516412364,90.347326,23.7875923,0.01030199,4,3,0,1
Zone_DH401,4514855885,90.3497714,23.7863964,0.01794874,4,3,0,0
Zone_DH401,3731807182,90.3641399,23.8016979,0.00895629,4,3,0,1
Zone_DH401,4516412367,90.347901,23.7874882,0.02055294,3,3,0,0
Zone_DH401,10100530128,90.3653125,23.8032435,0.0,4,1,0,0
Zone_DH401,3731807183,90.3642855,23.8014157,0.00878276,4,3,0,0
Zone_DH401,3731807186,90.3645862,23.8006171,0.01519057,4,3,0,0
Zone_DH401,386046934,90.367051,23.7968337,0.02858077,3,3,0,0
Zone_DH401,3731807191,90.364667,23.7997149,0.0107507,4,3,0,1
Zone_DH401,386046939,90.3678863,23.7953334,0.00841997,4,3,0,1
Zone_DH401,3731807196,90.3648341,23.7990098,0.02166599,3,3,0,0
Zone_DH401,386046942,90.3687007,23.7945661,0.00842848,4,3,0,1
Zone_DH401,8950397919,90.3619976,23.7840194,0.0,4,1,0,0
Zone_DH401,386046946,90.3699302,23.7941349,0.00092208,4,2,0,1
Zone_DH401,8950397922,90.3603539,23.781342,0.00735541,4,3,0,1
Zone_DH401,4590140399,90.3488452,23.7846728,0.0,4,1,0,0
Zone_DH401,4611636211,90.3649553,23.7899715,0.01986819,4,3,0,1
Zone_DH401,4611636212,90.3647182,23.7899301,0.02031477,4,3,0,1
Zone_DH401,4611636213,90.363083,23.7897963,0.0,4,1,0,0
Zone_DH401,4611636215,90.3637945,23.7898981,0.00368451,4,3,0,1
Zone_DH401,4611636220,90.3646963,23.7900097,0.02429062,3,3,0,1
Zone_DH401,4611636222,90.3650747,23.7894991,0.03215002,3,3,0,0
Zone_DH401,4611636225,90.3648344,23.7890541,0.05743885,3,3,0,0
Zone_DH401,12013042695,90.3606297,23.801533,0.0,4,1,0,0
Zone_DH401,12013042696,90.3605238,23.8017735,0.00276285,4,3,0,1
Zone_DH401,12013042697,90.3608134,23.8016655,0.0,4,1,0,0
Zone_DH401,12013042698,90.360733,23.8018471,0.00092208,4,3,0,1
Zone_DH401,12013042701,90.360559,23.8022032,0.00092208,4,3,0,1
Zone_DH401,4506606615,90.3621605,23.7883228,0.0,4,1,0,0
Zone_DH401,382024728,90.3597015,23.7876397,0.05172899,3,3,0,0
Zone_DH401,4506606620,90.361853,23.7887399,0.02797172,3,3,0,1
Zone_DH401,4506606638,90.3626893,23.7879862,0.0,4,1,0,0
Zone_DH401,4506606640,90.3629483,23.7886111,0.03065036,3,3,0,0
Zone_DH401,13205453900,90.3603654,23.8021061,0.00552145,4,3,0,1
Zone_DH401,4498455634,90.3643082,23.7882246,0.0,4,1,0,0
Zone_DH401,4590550103,90.3490643,23.7859183,0.0,4,1,0,0
Zone_DH401,4590550104,90.3488963,23.7862391,0.00929399,4,3,0,1
Zone_DH401,4590550105,90.3495376,23.7854982,0.0,4,1,0,0
Zone_DH401,4590550107,90.3492915,23.7863247,0.01246089,4,3,0,1
Zone_DH401,4590550110,90.34747,23.7909796,0.02530755,3,3,0,0
Zone_DH401,4498455660,90.3653089,23.7890595,0.03503068,3,3,0,1
Zone_DH401,6342466676,90.3473573,23.7995547,0.00010378,4,3,0,0
Zone_DH401,6342466678,90.34742,23.7991769,0.00092208,4,3,0,1
Zone_DH401,6342466679,90.347975,23.7994117,0.01812354,4,3,0,0
Zone_DH401,6342466683,90.3462073,23.7989694,0.0,4,1,0,0
Zone_DH401,382024830,90.359687,23.7887788,0.08331887,2,3,0,0
Zone_DH401,382024832,90.3560167,23.7886162,0.00151667,4,3,0,1
Zone_DH401,3738967169,90.3589628,23.7985973,0.02566396,3,4,0,1
Zone_DH401,3738967170,90.359766,23.7987291,0.0,4,1,0,0
Zone_DH401,4544306311,90.3477285,23.8022574,0.0,4,1,0,0
Zone_DH401,4544306314,90.3485291,23.8027134,0.0027637,4,4,0,1
Zone_DH401,264879289,90.3584517,23.8040137,0.0,4,2,0,0
Zone_DH401,382024955,90.3522746,23.789285,0.08647769,2,3,0,0
Zone_DH401,12019909574,90.3520212,23.7898817,0.0,4,1,0,0
Zone_DH401,3731774722,90.3638674,23.801951,0.01173615,4,3,0,0
Zone_DH401,382024963,90.3512211,23.7893276,0.06662694,2,3,0,0
Zone_DH401,382024964,90.3510773,23.7894004,0.04899124,3,3,0,0
Zone_DH401,12019909576,90.3522357,23.7898952,0.01078387,4,3,0,1
Zone_DH401,382024977,90.3489116,23.789517,0.00334511,4,3,0,0
Zone_DH401,11303763222,90.3629493,23.7852929,0.01573284,4,3,0,0
Zone_DH401,4483800363,90.3506828,23.788432,0.01740646,4,3,0,1
Zone_DH401,4490952007,90.3692028,23.7986724,0.00101608,4,2,0,0
Zone_DH401,11986943307,90.3677899,23.79634,0.0,4,1,0,0
Zone_DH401,11986943308,90.3675557,23.7970411,0.01958918,4,3,0,1
Zone_DH401,11986943309,90.3635453,23.7989831,0.0,4,1,0,0
Zone_DH401,11986943310,90.3637159,23.7985659,0.00686204,4,3,0,1
Zone_DH401,382025079,90.3522507,23.7873738,0.01706153,4,3,0,0
Zone_DH401,3717979518,90.3539176,23.7863484,0.03578349,3,3,0,1
Zone_DH401,3717979519,90.3528823,23.7863572,0.0,4,1,0,0
Zone_DH401,386047366,90.3698377,23.7918071,0.00092208,4,2,0,1
Zone_DH401,3734977958,90.3657725,23.7988979,0.02153968,3,3,0,0
Zone_DH401,4613348801,90.3676778,23.7886345,0.0,4,1,0,0
Zone_DH401,4613348802,90.367616,23.7890903,0.02582813,3,3,0,1
Zone_DH401,4498709965,90.3662779,23.7886674,0.06484147,3,3,0,1
Zone_DH401,3720732110,90.367624,23.7916484,0.01238391,4,3,0,1
Zone_DH401,6121463263,90.3511684,23.8034513,0.00552187,4,3,0,1
Zone_DH401,6121463264,90.3504682,23.803049,0.0,4,1,0,0
Zone_DH401,9743719906,90.359593,23.7822282,0.0,4,1,0,0
Zone_DH401,6121463267,90.3502252,23.8036904,0.00092208,4,2,0,1
Zone_DH401,6121463268,90.3507593,23.8040101,0.00184332,4,2,0,1
Zone_DH401,6121463269,90.3502787,23.8033336,0.0,4,1,0,0
Zone_DH401,9743719910,90.3521328,23.798044,0.04380962,3,3,0,0
Zone_DH401,4483800550,90.3510419,23.7898169,0.00544787,4,3,0,0
Zone_DH401,6121463270,90.3509619,23.8037281,0.00368451,4,3,0,1
Zone_DH401,9743719914,90.3540449,23.7991459,0.05022253,3,3,0,0
Zone_DH401,4483800559,90.3506695,23.790032,0.00682589,4,3,0,0
Zone_DH401,4483800563,90.3510094,23.7900734,0.01167363,4,3,0,0
Zone_DH401,4483800569,90.3509658,23.7902962,0.01393971,4,3,0,0
Zone_DH401,3734879757,90.3685992,23.7998604,0.00684248,4,3,0,1
Zone_DH401,382025232,90.352795,23.7891916,0.08638497,2,3,0,0
Zone_DH401,382025233,90.3526679,23.7913614,0.02221805,3,3,0,0
Zone_DH401,9974390289,90.3493978,23.8019132,0.01187991,4,3,0,0
Zone_DH401,7030562331,90.3607209,23.8022924,0.0,4,1,0,0
Zone_DH401,3716152864,90.3654962,23.7947874,0.0,4,1,0,0
Zone_DH401,3716152865,90.3656085,23.7941567,0.00368451,4,3,0,1
Zone_DH401,7030562338,90.3598417,23.8026764,0.00833448,4,3,0,1
Zone_DH401,12102868519,90.3614525,23.7914015,0.0,4,1,0,0
Zone_DH401,12102868524,90.3612018,23.7912857,0.02628917,3,3,0,1
Zone_DH401,12102868542,90.3623769,23.7909262,0.00184374,4,3,0,1
Zone_DH401,12102868551,90.3620935,23.7913358,0.0,4,1,0,0
Zone_DH401,7442505310,90.3529605,23.8008052,0.00389121,4,4,0,1
Zone_DH401,7442505311,90.3523899,23.8004645,0.01317968,4,3,0,0
Zone_DH401,386047590,90.369299,23.7927294,0.00951175,4,3,0,0
Zone_DH401,386047603,90.3694543,23.7940067,0.00853481,4,3,0,0
Zone_DH401,386047605,90.3696337,23.7945118,0.00599142,4,3,0,1
Zone_DH401,386219638,90.3638238,23.8023445,0.0037079,4,3,0,0
Zone_DH401,4483800698,90.3512975,23.7907656,0.02553849,3,3,0,0
Zone_DH401,4483800707,90.3509264,23.7908698,0.01339659,4,3,0,1
Zone_DH401,11337145991,90.3608268,23.7983593,0.00092208,4,3,0,1
Zone_DH401,11991686793,90.3648917,23.8014999,0.00202705,4,2,0,0
Zone_DH401,264879764,90.3535167,23.8024118,0.03183316,3,4,0,0
Zone_DH401,382025365,90.3546832,23.7884149,0.00184374,4,3,0,1
Zone_DH401,4483800725,90.352166,23.7910004,0.0183379,4,3,0,1
Zone_DH401,4510277278,90.3636563,23.7967329,0.01957685,4,3,0,0
Zone_DH401,3536199333,90.3619028,23.8025129,0.00963765,4,3,0,0
Zone_DH401,12018245287,90.3527132,23.7922697,0.0,4,1,0,0
Zone_DH401,12018245290,90.3527604,23.7917464,0.00184374,4,3,0,1
Zone_DH401,12018245291,90.3536493,23.791942,0.05398401,3,3,0,1
Zone_DH401,12018245301,90.352461,23.7917248,0.0,4,1,0,0
Zone_DH401,3731865334,90.3587317,23.785272,0.12715018,1,3,0,0
Zone_DH401,3731865337,90.3588957,23.7821858,0.0,4,1,0,0
Zone_DH401,4425416469,90.3476164,23.792765,0.0358358,3,4,0,1
Zone_DH401,4425416470,90.3480953,23.7927528,0.0376553,3,4,0,1
Zone_DH401,4590157599,90.3480434,23.7922455,0.0,4,1,0,0
Zone_DH401,264879925,90.3559679,23.8041277,0.00380445,4,3,0,1
Zone_DH401,264879932,90.3572658,23.8025859,0.01160643,4,3,0,0
Zone_DH401,264879935,90.3579201,23.8015935,0.02267229,3,3,0,0
Zone_DH401,7281598295,90.3567307,23.7835316,0.01809377,4,3,0,0
Zone_DH401,7281598296,90.3567302,23.7835267,0.01183568,4,3,0,0
Zone_DH401,3717980005,90.3539263,23.7860594,0.03533946,3,3,0,1
Zone_DH401,3717980009,90.352936,23.7861606,0.0,4,1,0,0
Zone_DH401,6153043828,90.3518163,23.7887603,0.0025621,4,3,0,1
Zone_DH401,6153043829,90.3515214,23.7887711,0.0,4,1,0,0
Zone_DH401,6153043830,90.3517619,23.7883511,0.0016128,4,3,0,1
Zone_DH401,6153043831,90.3515285,23.7883585,0.0,4,1,0,0
Zone_DH401,6294536057,90.3687219,23.7860124,0.0,4,1,0,0
Zone_DH401,6294536060,90.368557,23.7860909,0.0,4,1,0,0
Zone_DH401,4590157711,90.3483951,23.7910618,0.03088386,3,3,0,0
Zone_DH401,4590157713,90.3475174,23.7912298,0.02525991,3,3,0,0
Zone_DH401,4590157714,90.347548,23.7915204,0.03171024,3,4,0,1
Zone_DH401,12013076373,90.3593188,23.8005364,0.02454963,3,3,0,0
Zone_DH401,4590165919,90.3468709,23.789825,0.0045513,4,3,0,0
Zone_DH401,4590165921,90.346927,23.7901202,0.02422086,3,3,0,0
Zone_DH401,4590165927,90.3474035,23.7883266,0.02151543,3,3,0,0
Zone_DH401,4590165929,90.3470345,23.7889099,0.00094037,4,3,0,0
Zone_DH401,4590165930,90.34603,23.7890265,0.00427272,4,3,0,0
Zone_DH401,4590165931,90.3471,23.789199,0.00127637,4,3,0,0
Zone_DH401,4590165932,90.3461069,23.7893194,0.00495322,4,3,0,0
Zone_DH401,4590165933,90.3475437,23.7894363,0.0073418,4,3,0,0
Zone_DH401,4590165938,90.3474133,23.7883256,0.01984479,4,3,0,0
Zone_DH401,7299014598,90.3587414,23.8027097,0.0,4,1,0,0
Zone_DH401,7299014600,90.3590602,23.8023188,0.01307675,4,3,0,1
Zone_DH401,7466385380,90.3608436,23.7823851,0.00185735,4,3,0,0
Zone_DH401,6266404838,90.3513921,23.7818138,0.03574181,3,3,0,0
Zone_DH401,3738771434,90.3544147,23.7980735,0.00413619,4,3,0,0
Zone_DH401,3738771440,90.3553004,23.7989054,0.03679447,3,4,0,0
Zone_DH401,4425416691,90.3476018,23.7932744,0.0,4,1,0,0
Zone_DH401,4314791935,90.3641119,23.803976,1.7e-06,4,2,0,0
