zone_id,node_id,lon,lat,bc,tier,degree,is_master,is_art_pt
Zone_DH607,12823822338,90.4164678,23.7515438,0.01164649,4,3,0,0
Zone_DH607,3095068675,90.4110598,23.7515521,0.04782148,3,3,0,1
Zone_DH607,3095068676,90.4108928,23.7519151,0.0,4,1,0,0
Zone_DH607,12823822342,90.4160734,23.7493845,0.01245067,4,3,0,0
Zone_DH607,3518619655,90.4097528,23.7496706,0.0,4,1,0,0
Zone_DH607,8718794764,90.4158048,23.7646307,0.0153788,4,3,0,1
Zone_DH607,8718794766,90.415918,23.764069,0.01662877,4,3,0,1
Zone_DH607,10618445838,90.4251354,23.7620157,0.0,4,1,0,0
Zone_DH607,10618445839,90.4256168,23.7620801,0.0,4,1,0,0
Zone_DH607,11503255569,90.4248454,23.7590819,0.0,4,1,0,0
Zone_DH607,10618445843,90.4254051,23.7625103,0.00152977,4,3,0,1
Zone_DH607,10055950376,90.4059504,23.7491453,3.018e-05,4,2,0,0
Zone_DH607,10055950377,90.4061995,23.7492922,0.01002995,4,4,0,0
Zone_DH607,10055950378,90.4061884,23.7491427,0.00340536,4,3,0,0
Zone_DH607,10055950381,90.408023,23.74888,0.04590879,3,4,0,0
Zone_DH607,11795447873,90.4093619,23.7639011,0.00502252,4,3,0,0
Zone_DH607,11795447875,90.4098421,23.7636257,0.01331647,4,3,0,0
Zone_DH607,11795447876,90.4094132,23.7639688,0.00463332,4,3,0,1
Zone_DH607,11795447878,90.409948,23.7637405,0.01117052,4,3,0,0
Zone_DH607,11795447887,90.4058118,23.7612437,0.00550855,4,3,0,1
Zone_DH607,11795447888,90.4062202,23.7601582,0.0,4,1,0,0
Zone_DH607,11795447894,90.4082184,23.7645683,0.0,4,1,0,0
Zone_DH607,11510939736,90.4060452,23.7554468,0.0,4,1,0,0
Zone_DH607,4900421721,90.424166,23.7462071,0.00112108,4,2,0,1
Zone_DH607,4900421722,90.4235224,23.7462108,0.0,4,1,0,0
Zone_DH607,3525271648,90.40566,23.7523486,0.0,4,1,0,0
Zone_DH607,4062814305,90.4112749,23.7606096,0.0,4,1,0,0
Zone_DH607,4062814306,90.411559,23.7606526,0.00224152,4,3,0,1
Zone_DH607,11510939744,90.4067701,23.7547573,0.0,4,1,0,0
Zone_DH607,4077592676,90.4092209,23.7551636,0.05066975,3,3,0,0
Zone_DH607,11510939749,90.4067651,23.7554655,0.00679499,4,3,0,1
Zone_DH607,11510939759,90.4070133,23.75242,0.0,4,1,0,0
Zone_DH607,4072783990,90.4138078,23.7553521,0.00224152,4,3,0,1
Zone_DH607,4062781566,90.4115845,23.7613632,0.0,4,1,0,0
Zone_DH607,4072783999,90.4138126,23.7554804,0.0,4,1,0,0
Zone_DH607,5195038867,90.4156079,23.7502841,0.01171,4,3,0,0
Zone_DH607,5195038868,90.4151381,23.7503002,0.01229789,4,3,0,0
Zone_DH607,4077707435,90.4109834,23.7572629,0.01601133,4,3,0,1
Zone_DH607,4077707445,90.4111783,23.7574909,0.0,4,1,0,0
Zone_DH607,2319147191,90.408349,23.761334,0.03521361,3,3,0,0
Zone_DH607,4077707449,90.4106174,23.7576028,0.0,4,1,0,0
Zone_DH607,10836132036,90.4136261,23.7524469,0.0,4,1,0,0
Zone_DH607,4900421829,90.4193807,23.7476652,0.00145055,4,3,0,1
Zone_DH607,4900421831,90.4196339,23.7477403,0.0,4,1,0,0
Zone_DH607,10836132043,90.4140127,23.7520171,0.08642913,2,3,0,1
Zone_DH607,3855081677,90.4148712,23.7582821,0.06594355,3,3,0,1
Zone_DH607,11505606872,90.428766,23.7596475,0.0,4,1,0,0
Zone_DH607,11505606873,90.4282066,23.7593463,0.00622031,4,3,0,1
Zone_DH607,11505606875,90.4282467,23.7599246,0.0,4,1,0,0
Zone_DH607,4900421856,90.4196602,23.7480148,0.00996771,4,3,0,0
Zone_DH607,1813496039,90.411135,23.748997,0.0070729,4,3,0,0
Zone_DH607,4898906345,90.4256485,23.7544802,0.00224152,4,3,0,1
Zone_DH607,1813496045,90.4074561,23.7499622,0.0,4,1,0,0
Zone_DH607,1813496047,90.4185063,23.7613899,0.0,4,1,0,0
Zone_DH607,4898906353,90.4226135,23.7545281,0.0,4,1,0,0
Zone_DH607,4950139121,90.4217816,23.7627782,0.0,4,1,0,0
Zone_DH607,3720192247,90.426786,23.7480885,0.0,4,2,0,0
Zone_DH607,3720192248,90.4265216,23.748055,0.00464778,4,3,0,0
Zone_DH607,1813496063,90.4124411,23.7480687,0.02309744,3,3,0,0
Zone_DH607,1813496065,90.4169898,23.7589937,0.01132771,4,3,0,1
Zone_DH607,4073095426,90.4082303,23.7541298,0.06119077,3,3,0,0
Zone_DH607,871751944,90.4078379,23.7516129,0.04398857,3,3,0,0
Zone_DH607,3500679437,90.4229411,23.7676523,0.00105003,4,2,0,0
Zone_DH607,3940950286,90.4093061,23.7580511,0.02305531,3,3,0,0
Zone_DH607,5956370705,90.4224158,23.7522813,0.01732795,3,3,0,1
Zone_DH607,5956370708,90.4226414,23.7525655,0.0,4,1,0,0
Zone_DH607,11309203737,90.4196205,23.7594916,0.06703445,3,3,0,1
Zone_DH607,11309203738,90.4198251,23.7595926,0.0,4,1,0,0
Zone_DH607,4073095456,90.4088265,23.753836,0.0,4,1,0,0
Zone_DH607,4599095589,90.4195845,23.7501762,0.01694818,4,3,0,0
Zone_DH607,4599095591,90.4198853,23.7501379,0.01689285,4,3,0,0
Zone_DH607,3518619949,90.4050546,23.7523701,0.00336071,4,3,0,1
Zone_DH607,5749358909,90.4102957,23.7605061,6.539e-05,4,3,0,0
Zone_DH607,1200021827,90.4267755,23.7629453,0.00348395,4,4,0,1
Zone_DH607,3885474116,90.4103665,23.7583573,0.0,4,1,0,0
Zone_DH607,6928875851,90.4258419,23.7671634,0.00224152,4,3,0,1
Zone_DH607,4898906444,90.4254406,23.75497,0.0,4,1,0,0
Zone_DH607,4900421965,90.4275827,23.7490898,0.0,4,1,0,0
Zone_DH607,11503370574,90.4237914,23.7653182,0.0,4,1,0,0
Zone_DH607,11503370573,90.4234583,23.7648245,0.0,4,1,0,0
Zone_DH607,11503370576,90.4242679,23.7654103,0.0,4,1,0,0
Zone_DH607,3518619985,90.4070722,23.752982,0.0,4,1,0,0
Zone_DH607,11503370577,90.4242201,23.7661077,0.0,4,1,0,0
Zone_DH607,2480791891,90.4147991,23.7571718,0.0,4,1,0,0
Zone_DH607,11503370580,90.4248754,23.763765,0.00224152,4,3,0,1
Zone_DH607,11503370579,90.4248426,23.7634541,0.0,4,1,0,0
Zone_DH607,2319139158,90.4121116,23.7688393,5.156e-05,4,3,0,0
Zone_DH607,11503370581,90.4252088,23.7637263,0.0,4,1,0,0
Zone_DH607,11503370585,90.4172547,23.760435,0.01212246,4,3,0,1
Zone_DH607,4077068633,90.4088575,23.7511442,0.00224152,4,3,0,1
Zone_DH607,4077068634,90.4089026,23.7511452,0.0,4,1,0,0
Zone_DH607,4077068636,90.4088484,23.7513369,0.04997246,3,3,0,1
Zone_DH607,11503370586,90.4166099,23.7611024,0.0,4,1,0,0
Zone_DH607,2796503390,90.4218181,23.7657091,0.02697436,3,3,0,0
Zone_DH607,11503370592,90.4159194,23.7620368,0.07529005,3,4,0,0
Zone_DH607,3518620001,90.4068174,23.7537046,0.03922069,3,3,0,1
Zone_DH607,12823814498,90.4155372,23.7544543,0.04221295,3,3,0,0
Zone_DH607,2796503394,90.4211562,23.7665903,0.02310813,3,3,0,0
Zone_DH607,4072800611,90.4064034,23.7551243,0.0,4,1,0,0
Zone_DH607,11503370595,90.4167924,23.7637413,0.0,4,1,0,0
Zone_DH607,4072800615,90.4068134,23.7551789,0.00224152,4,3,0,1
Zone_DH607,4900421998,90.4275451,23.7495522,0.01226268,4,3,0,1
Zone_DH607,2796503407,90.4176526,23.7672199,0.03217797,3,3,0,0
Zone_DH607,2796503409,90.4177861,23.7666041,0.02297546,3,3,0,1
Zone_DH607,4900422010,90.4276551,23.7501154,0.00223712,4,3,0,0
Zone_DH607,2480791931,90.4137879,23.7605287,0.04906516,3,3,0,0
Zone_DH607,4900422015,90.4280525,23.7501847,5.03e-06,4,3,0,0
Zone_DH607,4072792453,90.4111317,23.7547237,0.14049041,1,3,0,0
Zone_DH607,4072792454,90.4111612,23.75464,0.0,4,1,0,0
Zone_DH607,4900422021,90.4272742,23.750436,0.0,4,1,0,0
Zone_DH607,4900422026,90.4276015,23.7504959,0.00112108,4,3,0,1
Zone_DH607,2480791947,90.4075781,23.7553691,0.02184495,3,3,0,0
Zone_DH607,3518620047,90.4071274,23.7544811,0.0,4,1,0,0
Zone_DH607,2480791966,90.4076061,23.7539671,0.06726646,3,3,0,0
Zone_DH607,11373019551,90.4202369,23.7618106,0.0584016,3,4,0,0
Zone_DH607,11373019554,90.4225178,23.7617134,0.0,4,1,0,0
Zone_DH607,11505348820,90.4139336,23.7668126,0.0,4,1,0,0
Zone_DH607,4388880814,90.4243305,23.7667507,0.00851213,4,3,0,0
Zone_DH607,2480791984,90.4170323,23.7572847,0.1015011,2,3,0,0
Zone_DH607,4072939970,90.4175948,23.7617522,0.0069635,4,3,0,0
Zone_DH607,7074464214,90.4139803,23.7492491,0.01397478,4,3,0,0
Zone_DH607,7074464218,90.414456,23.74927,0.0091434,4,3,0,0
Zone_DH607,4891673054,90.4286344,23.758495,0.00597258,4,4,0,1
Zone_DH607,4072956383,90.419161,23.7627071,0.01322279,4,3,0,0
Zone_DH607,4062781922,90.4156481,23.7674937,0.0,4,1,0,0
Zone_DH607,4062781923,90.4159619,23.7674249,0.0,4,1,0,0
Zone_DH607,4062781931,90.4162597,23.767636,0.0,4,1,0,0
Zone_DH607,4062781932,90.4156453,23.7677631,0.00224152,4,3,0,1
Zone_DH607,4062781934,90.4159499,23.7677932,0.00447865,4,3,0,1
Zone_DH607,3888677362,90.4101894,23.7545055,0.08325327,2,3,0,0
Zone_DH607,4062781938,90.416108,23.7678526,0.00894283,4,3,0,1
Zone_DH607,4062781939,90.4164254,23.7678553,0.03101854,3,3,0,1
Zone_DH607,4062781944,90.4164094,23.768523,0.03539595,3,3,0,0
Zone_DH607,4077593092,90.4102607,23.7564269,0.0,4,1,0,0
Zone_DH607,4072874511,90.4124441,23.7554587,0.00224152,4,3,0,1
Zone_DH607,4063068688,90.4141024,23.7614071,0.0,4,1,0,0
Zone_DH607,4072874512,90.4128032,23.7553201,0.0,4,1,0,0
Zone_DH607,4072792596,90.4081001,23.7578631,0.00305451,4,4,0,1
Zone_DH607,3735396885,90.4245455,23.767807,0.0,4,1,0,0
Zone_DH607,4072792602,90.4075666,23.7579029,0.0,4,1,0,0
Zone_DH607,6301811227,90.424416,23.7639486,0.0,4,1,0,0
Zone_DH607,6301811229,90.4248553,23.7639816,0.00447865,4,3,0,1
Zone_DH607,4077634101,90.4126614,23.7536323,0.0,4,1,0,0
Zone_DH607,4077634102,90.4124959,23.753642,0.01325548,4,3,0,1
Zone_DH607,4072940094,90.418567,23.761882,0.0,4,1,0,0
Zone_DH607,4072743489,90.4113387,23.7592903,0.04114469,3,3,0,1
Zone_DH607,4072899138,90.4214955,23.7677592,0.00638819,4,2,0,0
Zone_DH607,4072743492,90.4116433,23.7594511,0.0,4,1,0,0
Zone_DH607,386933318,90.4141187,23.7483252,0.0100287,4,3,0,0
Zone_DH607,8772215367,90.4090139,23.7480465,0.00372351,4,4,0,1
Zone_DH607,386933324,90.415242,23.7492036,0.00852974,4,3,0,0
Zone_DH607,386933325,90.4152532,23.7490452,0.0016266,4,3,0,1
Zone_DH607,386933327,90.4153063,23.7484055,0.0077199,4,3,0,0
Zone_DH607,4072899153,90.4213851,23.7669732,0.00793745,4,3,0,1
Zone_DH607,10891493973,90.4195378,23.7486298,0.01617858,4,3,0,0
Zone_DH607,10891493974,90.4202544,23.7485314,0.03813231,3,4,0,0
Zone_DH607,4981482072,90.4160488,23.7600874,0.00623162,4,3,0,1
Zone_DH607,4981482073,90.4156344,23.7600516,0.0,4,1,0,0
Zone_DH607,4981482080,90.4169301,23.7614667,0.0,4,1,0,0
Zone_DH607,4981482081,90.4168535,23.7616287,0.0,4,1,0,0
Zone_DH607,4981482082,90.4167332,23.76188,0.06437794,3,3,0,1
Zone_DH607,4981482083,90.4172123,23.7605646,0.01216648,4,3,0,1
Zone_DH607,11372978796,90.4261568,23.75795,0.0,4,2,0,0
Zone_DH607,11372978797,90.4263456,23.757416,0.0,4,2,0,0
Zone_DH607,4077609591,90.4108592,23.756778,0.00224152,4,3,0,1
Zone_DH607,4077609592,90.4108334,23.7564673,0.0,4,1,0,0
Zone_DH607,3888808569,90.4116933,23.7459058,0.0,4,1,0,0
Zone_DH607,4062782079,90.4148124,23.7614216,0.0,4,1,0,0
Zone_DH607,4062782081,90.4145311,23.761452,0.0,4,1,0,0
Zone_DH607,9726173839,90.4232592,23.7664032,0.0,4,1,0,0
Zone_DH607,9726173842,90.4210297,23.7665066,0.01491478,4,3,0,0
Zone_DH607,11372978839,90.4230543,23.7629154,0.01801959,3,3,0,1
Zone_DH607,11372978841,90.4218182,23.7630812,0.0,4,1,0,0
Zone_DH607,3515450028,90.405836,23.7509759,0.0,4,1,0,0
Zone_DH607,5735899821,90.4189425,23.7512183,0.05246674,3,3,0,0
Zone_DH607,4065026737,90.4126413,23.7498488,0.06036458,3,3,0,0
Zone_DH607,3515450034,90.4059036,23.7514956,0.01069518,4,3,0,1
Zone_DH607,3515450036,90.4051658,23.7516555,0.0,4,1,0,0
Zone_DH607,4900422327,90.4228135,23.7530737,0.01169805,4,4,0,1
Zone_DH607,4900422328,90.4202357,23.7531758,0.00191834,4,3,0,1
Zone_DH607,3608994493,90.4112111,23.747917,0.00390836,4,3,0,0
Zone_DH607,3608994494,90.4110039,23.7481481,0.00170708,4,3,0,1
Zone_DH607,3608994497,90.4115083,23.7489436,0.00705656,4,3,0,1
Zone_DH607,3608994500,90.4122053,23.7497495,0.0,4,1,0,0
Zone_DH607,3608994501,90.4125694,23.7497265,0.05978172,3,3,0,1
Zone_DH607,4072940230,90.4190027,23.7618131,0.07419789,3,3,0,1
Zone_DH607,4072940232,90.4187315,23.7618923,0.0,4,1,0,0
Zone_DH607,5413143242,90.4227343,23.7670323,0.02463413,3,3,0,0
Zone_DH607,1990877903,90.4166595,23.7566338,0.10155706,2,3,0,0
Zone_DH607,4900422357,90.4230185,23.7537656,0.0,4,1,0,0
Zone_DH607,5413143255,90.4244365,23.7667979,0.00891139,4,3,0,0
Zone_DH607,1990877914,90.4154729,23.7546021,0.14943324,1,3,0,0
Zone_DH607,5413143262,90.4241892,23.7670505,0.00826251,4,3,0,0
Zone_DH607,5413143268,90.422087,23.7679386,0.00969357,4,4,0,0
Zone_DH607,387392230,90.4234533,23.753599,0.07666388,2,3,0,1
Zone_DH607,5413143276,90.4231037,23.7659856,0.00112108,4,3,0,1
Zone_DH607,5413143277,90.4230339,23.7658849,0.0,4,1,0,0
Zone_DH607,387392238,90.4223573,23.7531651,0.02177139,3,4,0,0
Zone_DH607,5413143279,90.4232177,23.7661934,0.00397878,4,4,0,1
Zone_DH607,5413143280,90.4236129,23.7658401,0.0006275,4,3,0,0
Zone_DH607,5413143285,90.424182,23.7653917,0.00224152,4,3,0,1
Zone_DH607,387392246,90.4221316,23.7523524,0.03893964,3,3,0,0
Zone_DH607,5413143293,90.4220449,23.7661112,0.00344057,4,3,0,0
Zone_DH607,4077675271,90.4075121,23.7526172,0.0,4,1,0,0
Zone_DH607,4077675272,90.4077656,23.7526191,0.02492335,3,3,0,1
Zone_DH607,6392136463,90.4269929,23.7510488,0.0,4,1,0,0
Zone_DH607,3409077010,90.4234107,23.7560358,0.08730751,2,3,0,0
Zone_DH607,3409077013,90.423497,23.7570944,0.11195987,2,3,0,0
Zone_DH607,6392136470,90.426995,23.7501978,0.00112108,4,2,0,1
Zone_DH607,6392136471,90.4268445,23.7501278,0.00224089,4,2,0,1
Zone_DH607,6392136480,90.427164,23.7493987,0.01670674,4,3,0,1
Zone_DH607,4887192361,90.4241305,23.7603027,0.04389928,3,4,0,1
Zone_DH607,3384410923,90.4093346,23.7584976,0.03060985,3,3,0,0
Zone_DH607,4887192381,90.4239289,23.756898,0.05973331,3,3,0,0
Zone_DH607,3940983618,90.4107095,23.7481554,0.0,4,1,0,0
Zone_DH607,11505926984,90.4124152,23.7637439,0.0,4,1,0,0
Zone_DH607,4978770761,90.4113773,23.7599111,0.05588908,3,3,0,1
Zone_DH607,11505926985,90.4128349,23.7637683,0.0055708,4,3,0,1
Zone_DH607,11505926986,90.4129597,23.7639955,0.0,4,1,0,0
Zone_DH607,11505926992,90.4178113,23.767827,0.0,4,1,0,0
Zone_DH607,11505926994,90.4179687,23.7676539,0.00224152,4,3,0,1
Zone_DH607,4900422482,90.4250429,23.7547715,0.0,4,1,0,0
Zone_DH607,4886995801,90.4190679,23.7589501,0.01502418,4,3,0,1
Zone_DH607,4898931548,90.4253643,23.7502883,0.02086158,3,3,0,0
Zone_DH607,4900422493,90.4254292,23.7548021,0.00224152,4,3,0,1
Zone_DH607,4062782311,90.4150378,23.7618551,0.00224152,4,3,0,1
Zone_DH607,4062782314,90.4149204,23.7618853,0.0,4,1,0,0
Zone_DH607,3516883825,90.4048929,23.752167,0.0,4,1,0,0
Zone_DH607,3516883827,90.4051018,23.7521279,0.0,4,1,0,0
Zone_DH607,4062782324,90.4153487,23.7619945,0.0583777,3,3,0,0
Zone_DH607,4062782325,90.4148424,23.7621007,0.03292934,3,3,0,1
Zone_DH607,4887413621,90.4210585,23.7627822,0.03676036,3,3,0,1
Zone_DH607,4887413628,90.4214098,23.7633958,0.03518155,3,3,0,0
Zone_DH607,10036126597,90.4162652,23.7559489,0.04840685,3,3,0,0
Zone_DH607,3890504583,90.4130085,23.7556936,0.0,4,1,0,0
Zone_DH607,3398427529,90.4245168,23.7499529,0.01003624,4,3,0,0
Zone_DH607,4077593482,90.4094749,23.7551934,0.05777724,3,3,0,0
Zone_DH607,10266510219,90.4246393,23.7514793,0.0,4,1,0,0
Zone_DH607,10266510220,90.4247595,23.7514541,0.0,4,1,0,0
Zone_DH607,10266510221,90.4246923,23.7514682,0.00224152,4,4,0,1
Zone_DH607,5749875598,90.4104591,23.76013,0.0,4,1,0,0
Zone_DH607,10266510223,90.4247507,23.7515466,0.00630519,4,3,0,0
Zone_DH607,4898931599,90.4259585,23.7507623,0.00252384,4,3,0,0
Zone_DH607,10266510222,90.424703,23.7513423,0.00489488,4,3,0,0
Zone_DH607,4758045586,90.417449,23.7647431,0.00224152,4,3,0,1
Zone_DH607,4758045587,90.417469,23.7645973,0.0,4,1,0,0
Zone_DH607,4758045588,90.4174363,23.7649032,0.0,4,1,0,0
Zone_DH607,10266510240,90.4244595,23.7519545,0.0,4,1,0,0
Zone_DH607,10266510241,90.4244428,23.7518847,0.0,4,1,0,0
Zone_DH607,10266510242,90.425012,23.7518589,0.0,4,1,0,0
Zone_DH607,10266510243,90.4249892,23.7517728,0.0,4,1,0,0
Zone_DH607,10266510244,90.4247949,23.7521519,0.0,4,1,0,0
Zone_DH607,10266510245,90.4248956,23.7521328,0.0,4,1,0,0
Zone_DH607,10266510246,90.4244528,23.7519264,0.00224152,4,3,0,1
Zone_DH607,10266510247,90.4245431,23.7518899,0.0298327,3,3,0,1
Zone_DH607,10266510248,90.4248565,23.7520137,0.0035877,4,3,0,1
Zone_DH607,10266510249,90.4248388,23.7521436,0.00224152,4,3,0,1
Zone_DH607,10266510250,90.4249514,23.7518097,0.01681426,4,3,0,1
Zone_DH607,10266510251,90.4250009,23.7518169,0.00224152,4,3,0,1
Zone_DH607,4887413678,90.4207369,23.7634786,0.04090514,3,3,0,1
Zone_DH607,4887413681,90.4210511,23.7634396,0.0,4,1,0,0
Zone_DH607,4062733238,90.4156557,23.7620896,0.04323028,3,3,0,0
Zone_DH607,4077757367,90.4129623,23.7547274,0.0,4,1,0,0
Zone_DH607,4077757369,90.4129737,23.7549439,0.0475706,3,3,0,1
Zone_DH607,4887413689,90.4216601,23.7640889,0.00355877,4,3,0,1
Zone_DH607,4887413697,90.4215796,23.7649845,0.03956022,3,3,0,0
Zone_DH607,4418528202,90.4099077,23.7635388,0.0,4,2,0,0
Zone_DH607,2456421339,90.4213295,23.7466912,0.00567077,4,3,0,1
Zone_DH607,2456421345,90.4206215,23.7467053,0.00675664,4,3,0,0
Zone_DH607,2456421347,90.4202056,23.7467229,0.00267411,4,3,0,1
Zone_DH607,4073137145,90.4134623,23.7551556,0.00671325,4,3,0,1
Zone_DH607,3888792570,90.4076587,23.7521155,0.0,4,1,0,0
Zone_DH607,3888792571,90.4078052,23.7521401,0.02409465,3,3,0,1
Zone_DH607,2456421394,90.4212682,23.7464111,0.00112108,4,2,0,1
Zone_DH607,4073096210,90.4149954,23.7537138,0.07450347,3,3,0,0
Zone_DH607,3512304667,90.4069487,23.7516485,0.01831322,3,3,0,1
Zone_DH607,4062897187,90.4131889,23.7604951,0.01296248,4,3,0,1
Zone_DH607,4077593652,90.4124638,23.7540001,0.00861462,4,3,0,0
Zone_DH607,4077593653,90.4131043,23.7540169,0.00559029,4,3,0,1
Zone_DH607,4601037894,90.4150608,23.7545628,0.06220496,3,3,0,0
Zone_DH607,10029573253,90.4243673,23.7671257,0.00451071,4,3,0,0
Zone_DH607,4073137293,90.4085631,23.7542526,0.06730922,3,3,0,0
Zone_DH607,6503597205,90.4293159,23.7589289,0.00224089,4,2,0,1
Zone_DH607,4062807192,90.4154829,23.7678017,0.0,4,1,0,0
Zone_DH607,6503597208,90.4295075,23.7593442,0.0,4,1,0,0
Zone_DH607,3384435866,90.412687,23.7585597,0.0666836,3,3,0,0
Zone_DH607,7074456732,90.4134984,23.7459099,0.00317083,4,3,0,1
Zone_DH607,4417332382,90.4079317,23.7616469,0.01981532,3,3,0,0
Zone_DH607,7074456733,90.4134172,23.7462667,0.0,4,1,0,0
Zone_DH607,4077634730,90.413609,23.7531185,0.0,4,1,0,0
Zone_DH607,2434933931,90.4165208,23.7624131,0.0083147,4,3,0,1
Zone_DH607,4077634731,90.4126943,23.7532794,0.01786428,3,3,0,1
Zone_DH607,3512304815,90.4072842,23.7520773,0.0,4,1,0,0
Zone_DH607,2434933963,90.4168206,23.76291,0.00671074,4,3,0,1
Zone_DH607,11372496085,90.429254,23.7606239,0.00112108,4,2,0,1
Zone_DH607,11372496086,90.4291476,23.7603551,0.0,4,1,0,0
Zone_DH607,11372979421,90.4233789,23.7609189,0.06213139,3,3,0,0
Zone_DH607,13478806755,90.4073868,23.7507814,0.00447865,4,3,0,1
Zone_DH607,12586534130,90.4294807,23.7592902,0.00112108,4,2,0,1
Zone_DH607,4979123461,90.4171946,23.7656009,0.0,4,1,0,0
Zone_DH607,4979123469,90.4193171,23.7652074,0.0,4,1,0,0
Zone_DH607,4979123471,90.4126522,23.7635486,0.0,4,1,0,0
Zone_DH607,4979123473,90.4169441,23.76339,0.00447865,4,3,0,1
Zone_DH607,4979123474,90.4172287,23.763406,0.0,4,1,0,0
Zone_DH607,4979123475,90.4164147,23.7640762,0.00447865,4,3,0,1
Zone_DH607,4979123477,90.4158631,23.7638031,0.02660968,3,3,0,1
Zone_DH607,4979123482,90.4126687,23.763845,0.00442772,4,3,0,0
Zone_DH607,4979123483,90.4150105,23.757041,0.0,4,1,0,0
Zone_DH607,4979123484,90.4175174,23.7581396,0.10093962,2,3,0,1
Zone_DH607,4979123486,90.4163835,23.7580712,0.0,4,1,0,0
Zone_DH607,10132194593,90.4179883,23.7647862,0.06829825,3,3,0,1
Zone_DH607,11511112993,90.4075164,23.7507201,0.00671074,4,3,0,1
Zone_DH607,4979123491,90.4146786,23.7578144,0.00671325,4,3,0,1
Zone_DH607,11511112996,90.4075101,23.7518499,0.0,4,1,0,0
Zone_DH607,11511112994,90.4075236,23.7510413,0.0,4,1,0,0
Zone_DH607,1990878508,90.4127657,23.750058,0.05786401,3,3,0,0
Zone_DH607,11505403190,90.4132064,23.7660959,0.0,4,1,0,0
Zone_DH607,11505403194,90.4191652,23.7682589,7.168e-05,4,3,0,0
Zone_DH607,11505403196,90.4185414,23.7682639,0.01031227,4,3,0,0
Zone_DH607,898245949,90.4080874,23.7514313,0.04454125,3,3,0,1
Zone_DH607,898245950,90.4080519,23.7512349,0.0,4,1,0,0
Zone_DH607,11505403199,90.4149277,23.7675116,0.0,4,1,0,0
Zone_DH607,11505403200,90.4128397,23.765702,0.0,4,1,0,0
Zone_DH607,11505403197,90.418557,23.7683249,0.00076394,4,3,0,0
Zone_DH607,3409069395,90.4238463,23.7521532,0.06666474,3,3,0,0
Zone_DH607,3409069396,90.4242299,23.7520763,0.06580523,3,3,0,0
Zone_DH607,6136702291,90.4191054,23.7478709,0.0,4,1,0,0
Zone_DH607,4077659489,90.4101112,23.7517447,0.0,4,1,0,0
Zone_DH607,4077659492,90.410273,23.7520613,0.00671074,4,3,0,1
Zone_DH607,4077659493,90.4098851,23.7520701,0.05187571,3,3,0,1
Zone_DH607,4077659494,90.4104871,23.7521024,0.00447865,4,3,0,1
Zone_DH607,4077659495,90.4109142,23.752198,0.0,4,1,0,0
Zone_DH607,4077659497,90.4106547,23.7523355,0.00224152,4,3,0,1
Zone_DH607,4077659498,90.4107115,23.7524144,0.0,4,1,0,0
Zone_DH607,4077659499,90.4104404,23.7528712,0.0,4,1,0,0
Zone_DH607,4072891764,90.4188797,23.7666333,0.0156083,4,3,0,1
Zone_DH607,4073137527,90.4130295,23.7553579,0.0,4,1,0,0
Zone_DH607,4072891770,90.4189808,23.7663726,0.00671074,4,3,0,1
Zone_DH607,11462804859,90.4161645,23.7575311,0.00243392,4,3,0,0
Zone_DH607,11462804861,90.4162739,23.7583387,0.06040796,3,3,0,0
Zone_DH607,4072891782,90.4191364,23.7659159,0.0,4,1,0,0
Zone_DH607,4072777095,90.41038,23.7558422,0.00224152,4,3,0,1
Zone_DH607,4073145734,90.4133618,23.7560344,0.0,4,1,0,0
Zone_DH607,4072777097,90.410048,23.7560031,0.0,4,1,0,0
Zone_DH607,4072777101,90.4121408,23.7573795,0.0,4,1,0,0
Zone_DH607,4072777102,90.4114614,23.7573922,0.0779849,2,3,0,1
Zone_DH607,3940943257,90.4204181,23.7614521,0.01997377,3,3,0,1
Zone_DH607,4063069593,90.4143999,23.7621824,0.01861628,3,3,0,1
Zone_DH607,2432124330,90.419485,23.7494003,0.01103471,4,3,0,0
Zone_DH607,3734160815,90.4070475,23.7473122,0.00429882,4,2,0,0
Zone_DH607,4062905776,90.412783,23.760722,0.0,4,1,0,0
Zone_DH607,4072957361,90.4185523,23.7633903,0.07979573,2,3,0,1
Zone_DH607,4062758328,90.4135689,23.7664649,0.0,4,1,0,0
Zone_DH607,4896490939,90.4292109,23.7572669,0.00080041,4,2,0,0
Zone_DH607,3073983937,90.4167441,23.7511468,0.00014713,4,3,0,0
Zone_DH607,4072957378,90.4174637,23.7632617,0.0,4,1,0,0
Zone_DH607,3073983939,90.4170075,23.7516312,0.00031124,4,3,0,0
Zone_DH607,4072957383,90.4171096,23.763393,0.00224152,4,3,0,1
Zone_DH607,387392968,90.4232703,23.7529683,0.08599654,2,4,0,0
Zone_DH607,3073983944,90.4179509,23.7520244,0.00200763,4,3,0,0
Zone_DH607,387392970,90.4240273,23.7528118,0.06878177,3,3,0,0
Zone_DH607,3073983947,90.4184285,23.7520906,0.00513696,4,3,0,0
Zone_DH607,6136808907,90.4205447,23.7484908,0.01842199,3,4,0,0
Zone_DH607,3073983951,90.4168598,23.7504277,0.00885795,4,3,0,0
Zone_DH607,3073983952,90.4166418,23.7508421,0.0,4,3,0,0
Zone_DH607,6136808913,90.4243847,23.747152,0.00443149,4,3,0,1
Zone_DH607,3073983954,90.417063,23.7509615,0.00668244,4,3,0,0
Zone_DH607,3073983953,90.4169437,23.750727,0.00816631,4,3,0,0
Zone_DH607,3073983956,90.4174518,23.7519038,0.00123488,4,3,0,0
Zone_DH607,3073983957,90.4175919,23.751204,0.00475027,4,3,0,0
Zone_DH607,6136808917,90.4233146,23.7471117,0.00011569,4,3,0,0
Zone_DH607,6136808914,90.4233705,23.7477814,0.00992558,4,3,0,0
Zone_DH607,3073983960,90.4180504,23.7512446,0.00470814,4,3,0,0
Zone_DH607,4077086168,90.4087481,23.7510328,0.0,4,1,0,0
Zone_DH607,3073983962,90.418417,23.7512485,0.00558589,4,3,0,0
Zone_DH607,4077086171,90.4086723,23.7513359,0.04625776,3,3,0,1
Zone_DH607,3073983964,90.4188161,23.7512251,0.05455674,3,3,0,0
Zone_DH607,3073983965,90.4196683,23.7520604,0.00550604,4,3,0,0
Zone_DH607,3073983963,90.4188232,23.7524991,0.04425013,3,3,0,0
Zone_DH607,4077635039,90.4131665,23.7530586,0.0,4,1,0,0
Zone_DH607,4077635040,90.4131372,23.753331,0.0033582,4,3,0,1
Zone_DH607,4073145846,90.4135858,23.7558482,0.00224152,4,3,0,1
Zone_DH607,4073145847,90.413177,23.7558634,0.0,4,1,0,0
Zone_DH607,4072769031,90.4114697,23.7577718,0.07786544,2,3,0,1
Zone_DH607,4072769035,90.4120919,23.7578354,0.0,4,1,0,0
Zone_DH607,6326273553,90.4241038,23.7608079,0.04203816,3,3,0,1
Zone_DH607,6326273555,90.4254398,23.7603692,0.03659688,3,3,0,0
Zone_DH607,3525215770,90.4053785,23.7523056,0.01333597,4,3,0,1
Zone_DH607,4077651489,90.4103897,23.750625,0.0,4,1,0,0
Zone_DH607,3944146467,90.42597,23.7634103,0.0,4,1,0,0
Zone_DH607,4077651496,90.4103882,23.7507351,0.0033582,4,3,0,1
Zone_DH607,3887760940,90.4175533,23.7623004,0.0,4,1,0,0
Zone_DH607,4077651501,90.4104419,23.7507687,0.0,4,1,0,0
Zone_DH607,4077651504,90.4102777,23.7508575,0.00671011,4,3,0,1
Zone_DH607,3891168824,90.4179393,23.7656136,0.0527063,3,3,0,1
Zone_DH607,3525191243,90.4059771,23.752561,0.00224152,4,3,0,1
Zone_DH607,3525191246,90.4064289,23.7528641,0.0,4,1,0,0
Zone_DH607,4072973902,90.4162833,23.7664775,0.0,4,1,0,0
Zone_DH607,4072973908,90.4167007,23.7670271,0.00671074,4,3,0,1
Zone_DH607,4077069912,90.4088043,23.7511008,0.0,4,1,0,0
Zone_DH607,4069631590,90.4124682,23.7574189,0.01011672,4,3,0,0
Zone_DH607,3889948268,90.4141198,23.7519773,0.03061991,3,3,0,0
Zone_DH607,4069631597,90.4131833,23.7575178,0.01205141,4,3,0,0
Zone_DH607,10036135537,90.4216111,23.7680963,0.00308783,4,4,0,0
Zone_DH607,4073031292,90.4137902,23.7603661,0.03708417,3,3,0,0
Zone_DH607,4950787720,90.4159538,23.7622877,0.05153493,3,3,0,0
Zone_DH607,10036135562,90.4102946,23.7603341,0.02659082,3,4,0,0
Zone_DH607,10036135563,90.4102941,23.7602712,0.00983315,4,4,0,1
Zone_DH607,5008287385,90.4102953,23.7604441,0.00210445,4,4,0,0
Zone_DH607,5008287387,90.4105918,23.7606677,0.04364589,3,3,0,0
Zone_DH607,7129663134,90.4233035,23.7609238,0.06278341,3,3,0,0
Zone_DH607,3843172003,90.4260515,23.7518565,0.0089378,4,3,0,1
Zone_DH607,3843172004,90.4274669,23.7521058,0.0,4,1,0,0
Zone_DH607,3843172005,90.4264125,23.7519233,0.00447865,4,3,0,1
Zone_DH607,3843172006,90.4263899,23.752602,0.0,4,1,0,0
Zone_DH607,5738301095,90.4235665,23.7560247,0.00112108,4,3,0,1
Zone_DH607,3843172007,90.4267583,23.7519831,0.00224152,4,3,0,1
Zone_DH607,3843172009,90.4262191,23.7508229,0.00271246,4,3,0,0
Zone_DH607,3843172008,90.4266674,23.7525616,0.0,4,1,0,0
Zone_DH607,3843172010,90.4250833,23.7505629,0.02530375,3,3,0,0
Zone_DH607,6356272817,90.4177124,23.7582029,0.09719913,2,3,0,0
Zone_DH607,6356272818,90.418875,23.7582306,0.0,4,1,0,0
Zone_DH607,6356272819,90.4174725,23.7577837,0.09929667,2,3,0,0
Zone_DH607,7118784186,90.424946,23.7577997,0.0,4,1,0,0
Zone_DH607,4072965850,90.418062,23.764361,0.06953942,3,3,0,1
Zone_DH607,6136710877,90.4172783,23.7471994,0.00212835,4,3,0,0
Zone_DH607,4072965856,90.4184045,23.7649542,0.0,4,1,0,0
Zone_DH607,2432116460,90.420789,23.7500037,0.00929242,4,3,0,0
Zone_DH607,3311208173,90.411486,23.7630093,0.04426774,3,3,0,1
Zone_DH607,2432116462,90.4212118,23.7499248,0.01075994,4,3,0,0
Zone_DH607,2432116461,90.4206533,23.7492354,0.00987528,4,3,0,0
Zone_DH607,10083796719,90.4129881,23.7499792,0.02513587,3,3,0,0
Zone_DH607,2432116464,90.4210459,23.7491759,0.00823862,4,3,0,0
Zone_DH607,3384436466,90.4123519,23.7577354,0.00723261,4,3,0,0
Zone_DH607,2432116466,90.4215037,23.7490823,0.00889819,4,3,0,0
Zone_DH607,10083796723,90.4128231,23.7497593,0.01284931,4,3,0,0
Zone_DH607,2432116468,90.4220472,23.7497253,0.00666295,4,3,0,0
Zone_DH607,2432116470,90.4222005,23.7489182,0.00701003,4,3,0,0
Zone_DH607,2432116465,90.4216255,23.7498261,0.00939365,4,3,0,0
Zone_DH607,2432116469,90.4224644,23.7496119,0.00611593,4,3,0,0
Zone_DH607,10083796720,90.4129395,23.7498991,0.0443828,3,3,0,0
Zone_DH607,4062783230,90.4155707,23.7663957,0.0,4,1,0,0
Zone_DH607,4062783233,90.4159655,23.7665864,0.0,4,1,0,0
Zone_DH607,11054016264,90.4104933,23.7585217,0.0,4,1,0,0
Zone_DH607,4077020978,90.4089087,23.7507283,0.0089378,4,3,0,1
Zone_DH607,4077020979,90.4089022,23.7508837,0.0,4,1,0,0
Zone_DH607,6394849083,90.4259905,23.7523646,0.0,4,1,0,0
Zone_DH607,4072769348,90.4120325,23.7552681,0.0463483,3,3,0,1
Zone_DH607,4072769354,90.4115842,23.7557966,0.0,4,1,0,0
Zone_DH607,2761680724,90.4178307,23.7605074,0.09207664,2,3,0,0
Zone_DH607,11348150117,90.4248423,23.7668191,0.0085115,4,3,0,1
Zone_DH607,11348150127,90.4231888,23.764389,0.0136516,4,3,0,1
Zone_DH607,2480777084,90.4199992,23.7549197,0.00447173,4,3,0,1
Zone_DH607,4072802172,90.4122067,23.7582424,0.00797643,4,3,0,1
Zone_DH607,4072802173,90.4122889,23.7582593,0.0,4,1,0,0
Zone_DH607,3384412037,90.4092359,23.7575698,0.03006094,3,3,0,0
Zone_DH607,4077766534,90.4134874,23.7548217,0.05003659,3,3,0,0
Zone_DH607,3384412039,90.4096537,23.7577457,0.0,4,1,0,0
Zone_DH607,11462821770,90.4173689,23.7552686,0.0,4,1,0,0
Zone_DH607,11462821773,90.4169492,23.7554565,0.0,4,1,0,0
Zone_DH607,6136825742,90.4218165,23.7475142,0.0,4,1,0,0
Zone_DH607,3714869135,90.4086044,23.746758,0.00018108,4,2,0,0
Zone_DH607,11462821775,90.4173837,23.7548685,0.0,4,1,0,0
Zone_DH607,6136825745,90.4218637,23.7466314,0.00234716,4,3,0,1
Zone_DH607,3940984723,90.4114552,23.7479328,0.00545699,4,3,0,1
Zone_DH607,2480777108,90.4194269,23.7554279,0.0,4,1,0,0
Zone_DH607,3940984725,90.4114983,23.7477682,0.0,4,1,0,0
Zone_DH607,11462821780,90.4191632,23.7532009,0.0,4,1,0,0
Zone_DH607,11462821783,90.4231339,23.7525425,0.01595663,4,3,0,1
Zone_DH607,11462821784,90.4236348,23.7524125,0.0,4,1,0,0
Zone_DH607,1813489565,90.424898,23.7535567,0.0123419,4,3,0,1
Zone_DH607,1813489569,90.418781,23.7603389,0.11710248,2,3,0,0
Zone_DH607,11462821794,90.4239885,23.7512542,0.00890951,4,3,0,0
Zone_DH607,1813489571,90.4204475,23.7544274,0.0,4,1,0,0
Zone_DH607,4062807972,90.4160679,23.7681548,0.00224152,4,3,0,1
Zone_DH607,1813489573,90.4251955,23.7535973,0.009515,4,4,0,1
Zone_DH607,11462821798,90.424869,23.7506339,0.0243122,3,4,0,0
Zone_DH607,4062807974,90.4160199,23.7682309,0.0,4,1,0,0
Zone_DH607,4062807978,90.416069,23.7683363,0.0,4,1,0,0
Zone_DH607,11462821804,90.4257698,23.7498008,0.01280844,4,4,0,0
Zone_DH607,1813489583,90.4256839,23.7536598,0.00671074,4,3,0,1
Zone_DH607,1813489584,90.4180171,23.7597961,0.09250042,2,3,0,0
Zone_DH607,1813489585,90.4257376,23.7549475,0.0,4,1,0,0
Zone_DH607,11462821810,90.4266642,23.7480738,0.0046264,4,3,0,0
Zone_DH607,1813489591,90.4181863,23.7593349,0.27851608,1,4,1,0
Zone_DH607,1813489593,90.4264556,23.7541604,0.0,4,1,0,0
Zone_DH607,1813489594,90.4256817,23.7540573,0.00447865,4,4,0,1
Zone_DH607,11462821820,90.4210406,23.7521909,0.03242696,3,4,0,0
Zone_DH607,11462821821,90.4245215,23.7508933,0.03511741,3,4,0,0
Zone_DH607,11462821822,90.4263708,23.7488709,0.01573594,4,4,0,0
Zone_DH607,4073015230,90.4130863,23.7553226,0.00224152,4,3,0,1
Zone_DH607,2480777155,90.4198098,23.7550971,0.00112108,4,2,0,1
Zone_DH607,7174686660,90.4144988,23.7529136,0.08923339,2,3,0,1
Zone_DH607,2761738182,90.4198352,23.7621883,0.05204925,3,3,0,0
Zone_DH607,7174686663,90.4143366,23.7530178,0.00224152,4,3,0,1
Zone_DH607,10972448711,90.4109499,23.7474907,0.0,4,1,0,0
Zone_DH607,7174686668,90.4138853,23.753553,0.0,4,1,0,0
Zone_DH607,7174686670,90.414008,23.7530749,0.0,4,1,0,0
Zone_DH607,9836136403,90.4188213,23.7524482,0.06672887,3,4,0,0
Zone_DH607,4062914516,90.4131764,23.7623192,0.0,4,1,0,0
Zone_DH607,4062914519,90.4140728,23.7626907,0.00447865,4,3,0,1
Zone_DH607,4062914523,90.4135772,23.762794,0.00224152,4,3,0,1
Zone_DH607,4072777692,90.4114556,23.7571211,0.08601918,2,3,0,1
Zone_DH607,4072777696,90.4120826,23.757235,0.0,4,1,0,0
Zone_DH607,3512829923,90.4155929,23.7561068,0.13820864,1,3,0,0
Zone_DH607,4077668327,90.410141,23.7511091,0.01115983,4,3,0,1
Zone_DH607,4077668328,90.4104275,23.7511343,0.0,4,1,0,0
Zone_DH607,4062914541,90.4063757,23.7568054,0.0,4,1,0,0
Zone_DH607,4062914546,90.406472,23.7573477,0.0078249,4,3,0,1
Zone_DH607,4062865397,90.4119835,23.7603975,0.01514679,4,3,0,1
Zone_DH607,4062865400,90.4127623,23.7603809,0.01223941,4,3,0,1
Zone_DH607,4072851451,90.4103916,23.7553796,0.0,4,1,0,0
Zone_DH607,4072851454,90.411198,23.7553672,0.15400745,1,4,0,1
Zone_DH607,387393537,90.4194318,23.7536781,0.01697711,4,4,0,1
Zone_DH607,3500730381,90.412309,23.7456921,0.00348144,4,3,0,0
Zone_DH607,418809870,90.4224978,23.7665915,0.03023888,3,3,0,0
Zone_DH607,10036324383,90.418252,23.7618226,0.00112108,4,3,0,1
Zone_DH607,10036324386,90.4169821,23.7611393,0.00224152,4,3,0,1
Zone_DH607,7142762532,90.4088283,23.7577306,0.00279797,4,3,0,0
Zone_DH607,7142762533,90.4081421,23.7584815,0.007967,4,3,0,0
Zone_DH607,7142762534,90.4092649,23.7570525,0.03114366,3,3,0,1
Zone_DH607,7142762535,90.4098783,23.7570636,0.05511319,3,3,0,0
Zone_DH607,2320009274,90.4108526,23.7649902,0.02063837,3,3,0,0
Zone_DH607,2320009283,90.4176766,23.768403,0.01066877,4,3,0,0
Zone_DH607,11337713741,90.4221308,23.7578435,0.08052509,2,3,0,1
Zone_DH607,11337713742,90.4220127,23.7573539,0.0,4,1,0,0
Zone_DH607,6311217234,90.4233664,23.761538,0.02184621,3,3,0,1
Zone_DH607,6311217244,90.4208065,23.7619929,0.03869694,3,3,0,1
Zone_DH607,6311217259,90.4241388,23.7630646,0.00527465,4,3,0,1
Zone_DH607,3311184000,90.4092414,23.749318,0.0,4,1,0,0
Zone_DH607,5774461058,90.4242298,23.7476149,0.0,4,1,0,0
Zone_DH607,5774461059,90.4234397,23.7480447,0.01563534,4,3,0,1
Zone_DH607,4077676680,90.4111981,23.752738,0.0,4,1,0,0
Zone_DH607,4077676681,90.411509,23.7527494,0.00224152,4,3,0,1
Zone_DH607,4077676684,90.4117892,23.7527596,0.0,4,1,0,0
Zone_DH607,4077676688,90.4113928,23.7529658,0.01994485,3,3,0,1
Zone_DH607,7118776483,90.4240821,23.7581601,0.0202347,3,3,0,1
Zone_DH607,2320009384,90.4122469,23.7690174,0.0,4,2,0,0
Zone_DH607,1756866737,90.4096194,23.7516276,0.08566016,2,4,0,1
Zone_DH607,1756866739,90.4085734,23.7522047,0.0,4,1,0,0
Zone_DH607,4072999093,90.4091759,23.7575691,0.00672017,4,3,0,1
Zone_DH607,4072999094,90.4091798,23.7576688,0.0,4,1,0,0
Zone_DH607,10031925430,90.4246103,23.7509233,0.03366498,3,3,0,0
Zone_DH607,3518720193,90.4113596,23.753538,0.03066203,3,3,0,0
Zone_DH607,10031925443,90.4204562,23.7523545,0.05504465,3,3,0,0
Zone_DH607,10031925444,90.4190412,23.7490589,0.04290396,3,4,0,0
Zone_DH607,10031925445,90.4203021,23.7488881,0.0100048,4,3,0,0
Zone_DH607,11503347910,90.4181611,23.7612937,0.0,4,1,0,0
Zone_DH607,10031925454,90.424678,23.7473973,0.00290675,4,2,0,0
Zone_DH607,10031925457,90.4132589,23.7497679,0.04309321,3,3,0,0
Zone_DH607,4382034164,90.4291627,23.7540815,0.00112108,4,2,0,1
Zone_DH607,4073023750,90.4151234,23.7609159,0.04531462,3,3,0,0
Zone_DH607,4824680717,90.4247519,23.7646644,0.03184095,3,3,0,1
Zone_DH607,4072884496,90.4113973,23.7566686,0.08621912,2,3,0,1
Zone_DH607,4072884497,90.4111189,23.7566583,0.0,4,1,0,0
Zone_DH607,4072843548,90.4136534,23.7574313,0.0,4,1,0,0
Zone_DH607,1990879519,90.4129201,23.7499059,0.0578747,3,4,0,0
Zone_DH607,265521446,90.421689,23.7651859,0.0437597,3,3,0,0
Zone_DH607,265521453,90.4233956,23.7643247,0.03955896,3,3,0,0
Zone_DH607,265521457,90.424836,23.7647169,0.03167559,3,3,0,0
Zone_DH607,265521458,90.4251103,23.7652418,0.00978097,4,3,0,0
Zone_DH607,6277384504,90.4274593,23.7663421,0.0,4,1,0,0
Zone_DH607,3304728902,90.4167509,23.7557114,0.0,4,1,0,0
Zone_DH607,4391577927,90.4254858,23.7673432,0.00447865,4,3,0,1
Zone_DH607,11428243782,90.4185528,23.7561911,0.0,4,1,0,0
Zone_DH607,3738880332,90.4258623,23.7498492,0.01999074,3,4,0,0
Zone_DH607,3738880333,90.4264479,23.7499823,0.00083499,4,3,0,0
Zone_DH607,4073089371,90.4055511,23.7516627,0.00671074,4,3,0,1
Zone_DH607,4073089374,90.4056246,23.7513626,0.0044799,4,4,0,1
Zone_DH607,4073089376,90.4054221,23.7513761,0.0,4,1,0,0
Zone_DH607,11503184225,90.4180659,23.7622483,0.0,4,1,0,0
Zone_DH607,11503184226,90.418747,23.762386,0.07262977,3,3,0,1
Zone_DH607,4072851810,90.4103596,23.7541512,0.0,4,1,0,0
Zone_DH607,11503184227,90.4183566,23.7636565,0.07810311,2,3,0,1
Zone_DH607,4073089380,90.4056554,23.7509072,0.0,4,1,0,0
Zone_DH607,11503184228,90.4188397,23.7637371,0.0,4,1,0,0
Zone_DH607,265521511,90.42582,23.766352,0.00880639,4,3,0,0
Zone_DH607,11503184235,90.4171024,23.7636341,0.0,4,1,0,0
Zone_DH607,11503184236,90.4175154,23.7637507,0.0,4,1,0,0
Zone_DH607,7074449773,90.4133891,23.7494649,0.0024968,4,3,0,0
Zone_DH607,11503184239,90.4175833,23.7654439,0.0,4,1,0,0
Zone_DH607,4062914932,90.4135846,23.7606929,0.01500595,4,3,0,1
Zone_DH607,4062914933,90.4136509,23.7608783,0.0,4,1,0,0
Zone_DH607,4072851830,90.4104617,23.7545538,0.0771015,2,3,0,1
Zone_DH607,4077652358,90.4075026,23.7534752,0.0,4,1,0,0
Zone_DH607,4077652361,90.4077324,23.7534939,0.02766223,3,3,0,1
Zone_DH607,2968381846,90.4196147,23.7672249,0.00712132,4,3,0,1
Zone_DH607,386935203,90.4153812,23.756245,0.12770712,1,3,0,0
Zone_DH607,4065798563,90.41146,23.7572696,0.08993257,2,3,0,0
Zone_DH607,3429968293,90.41252,23.7458451,0.00222329,4,2,0,0
Zone_DH607,386935206,90.4156359,23.7561624,0.05467872,3,3,0,0
Zone_DH607,4931373495,90.4168694,23.768413,0.0,4,1,0,0
Zone_DH607,642607546,90.4131761,23.7645883,0.02586964,3,3,0,0
Zone_DH607,3518720442,90.4072241,23.7568018,0.01560138,4,3,0,1
Zone_DH607,642607548,90.4138768,23.7640492,0.02254288,3,3,0,0
Zone_DH607,642607549,90.4142382,23.7637645,0.02522767,3,4,0,1
Zone_DH607,642607550,90.4146073,23.763449,0.02529684,3,3,0,0
Zone_DH607,642607551,90.4135275,23.7643216,0.02061825,3,3,0,0
Zone_DH607,642607552,90.4131909,23.7651039,0.00730429,4,3,0,1
Zone_DH607,642607553,90.4138977,23.7650872,0.00632468,4,4,0,0
Zone_DH607,642607554,90.4146476,23.7650694,0.00237482,4,4,0,0
Zone_DH607,642607555,90.4142617,23.7650786,0.00545888,4,4,0,0
Zone_DH607,3518720443,90.4074368,23.7568361,0.02884303,3,3,0,1
Zone_DH607,642607558,90.4135421,23.7650956,0.00724958,4,4,0,0
Zone_DH607,642607560,90.4150599,23.7634273,0.02607775,3,3,0,0
Zone_DH607,642607562,90.4150893,23.765059,0.00244084,4,4,0,0
Zone_DH607,642607564,90.4190804,23.7553123,0.00559029,4,3,0,1
Zone_DH607,4072884686,90.4203112,23.7670561,0.0093773,4,3,0,1
Zone_DH607,642607567,90.4193714,23.7556985,0.00112611,4,3,0,1
Zone_DH607,3518720464,90.4053242,23.7570282,0.0,4,1,0,0
Zone_DH607,4599114191,90.4060709,23.7563738,0.00410642,4,3,0,1
Zone_DH607,265521633,90.4231048,23.7676332,0.02108541,3,3,0,1
Zone_DH607,4599114244,90.4155448,23.7646283,0.01219666,4,3,0,0
Zone_DH607,386935321,90.4151027,23.7549968,0.12820321,1,3,0,0
Zone_DH607,386935323,90.4158202,23.7564306,0.05393364,3,3,0,0
Zone_DH607,3516467753,90.405534,23.7493025,0.00112108,4,2,0,1
Zone_DH607,4072794690,90.4138325,23.7600134,0.03815054,3,3,0,1
Zone_DH607,4072794691,90.4129227,23.7598854,0.0,4,1,0,0
Zone_DH607,10083781190,90.4131971,23.7458832,0.00350218,4,3,0,0
Zone_DH607,265521753,90.4279083,23.7619052,1.509e-05,4,2,0,0
Zone_DH607,11503233626,90.4196921,23.7604085,0.04652686,3,3,0,1
Zone_DH607,11503233629,90.4197502,23.7597628,0.0,4,1,0,0
Zone_DH607,11503233631,90.4216781,23.7604633,0.01165655,4,3,0,1
Zone_DH607,11503233641,90.4224954,23.7594983,0.0,4,1,0,0
Zone_DH607,4062980715,90.4175586,23.7665603,0.0,4,1,0,0
Zone_DH607,2968382059,90.4189961,23.7672101,0.0152235,4,4,0,0
Zone_DH607,2968382062,90.4191174,23.7678502,0.00319095,4,3,0,0
Zone_DH607,2968382063,90.4191531,23.7681268,0.00881582,4,3,0,0
Zone_DH607,11503233647,90.4218295,23.7587245,0.01717328,3,3,0,0
Zone_DH607,11503233650,90.4223681,23.7590405,0.0,4,1,0,0
Zone_DH607,11503233651,90.4223896,23.7587527,0.00309789,4,3,0,1
Zone_DH607,387385975,90.4177899,23.7536479,0.03156619,3,3,0,0
Zone_DH607,11503233655,90.4233319,23.7590294,0.01726885,3,3,0,0
Zone_DH607,387385978,90.4184188,23.7536943,0.03033759,3,3,0,0
Zone_DH607,11503233661,90.423975,23.7592953,0.01385784,4,3,0,0
Zone_DH607,387385982,90.4189445,23.7537169,0.01480978,4,3,0,0
Zone_DH607,6787271296,90.4053998,23.7647558,0.0,4,1,0,0
Zone_DH607,4077660801,90.4136665,23.753729,0.0,4,1,0,0
Zone_DH607,6787271298,90.4053032,23.7644833,0.0,4,1,0,0
Zone_DH607,6787271299,90.4051686,23.762976,0.0023415,4,3,0,1
Zone_DH607,387385988,90.4202945,23.7535903,0.00237356,4,3,0,1
Zone_DH607,11503233667,90.4246449,23.7597712,0.0,4,1,0,0
Zone_DH607,4077644442,90.4127078,23.7529001,0.0361096,3,3,0,0
Zone_DH607,11521354405,90.4068085,23.7551996,0.00447865,4,3,0,1
Zone_DH607,3518720685,90.4093088,23.7578544,0.02426693,3,3,0,0
Zone_DH607,4072884923,90.4113679,23.7564758,0.08683028,2,3,0,1
Zone_DH607,4072884924,90.4111011,23.7564822,0.0,4,1,0,0
Zone_DH607,4062890690,90.4121371,23.7595101,0.05639397,3,3,0,0
Zone_DH607,4077603537,90.4128318,23.7542234,0.00113239,4,3,0,1
Zone_DH607,4077603540,90.4127896,23.7544495,0.0,4,1,0,0
Zone_DH607,6136867550,90.4139782,23.748946,0.01295682,4,3,0,0
Zone_DH607,6136867553,90.413216,23.7490181,0.00144363,4,3,0,0
Zone_DH607,6136867557,90.4140396,23.7485741,0.01192063,4,3,0,1
Zone_DH607,3331312358,90.4105805,23.7591747,0.03286143,3,3,0,0
Zone_DH607,3331312361,90.4105531,23.7603017,0.09812089,2,5,0,0
Zone_DH607,6136867561,90.4133546,23.7484835,0.0,4,1,0,0
Zone_DH607,387377923,90.4153293,23.7518602,0.00638881,4,3,0,0
Zone_DH607,2432133896,90.4184832,23.7512445,0.00693646,4,3,0,0
Zone_DH607,2432133901,90.418712,23.7503107,0.00380587,4,3,0,0
Zone_DH607,3940944655,90.4122187,23.754838,0.0,4,1,0,0
Zone_DH607,386935570,90.4140408,23.7564915,0.11803493,2,3,0,0
Zone_DH607,3518720795,90.4074634,23.7583646,0.0,4,1,0,0
Zone_DH607,3305163550,90.4089073,23.7542716,0.06948912,3,3,0,0
Zone_DH607,386935583,90.4128011,23.7586017,0.06896348,3,3,0,0
Zone_DH607,11524156192,90.4131691,23.7478575,0.00404103,4,3,0,0
Zone_DH607,3518720804,90.4072411,23.7586874,0.00296774,4,2,0,0
Zone_DH607,7074442021,90.414251,23.7473455,0.00637121,4,3,0,0
Zone_DH607,386935590,90.4138544,23.7583044,0.05257741,3,3,0,0
Zone_DH607,7074442023,90.4142484,23.7477436,0.0089202,4,3,0,1
Zone_DH607,386935591,90.4142781,23.758269,0.06579202,3,3,0,0
Zone_DH607,7074442020,90.4131474,23.7473865,0.00346697,4,3,0,0
Zone_DH607,7074442022,90.4138112,23.7477504,0.0,4,1,0,0
Zone_DH607,11524156206,90.4111748,23.7474828,0.00125815,4,3,0,1
Zone_DH607,11524156207,90.4118009,23.7470507,0.0,4,1,0,0
Zone_DH607,6281464626,90.4173665,23.7559366,0.0023591,4,3,0,0
Zone_DH607,11524156213,90.4107163,23.7478793,0.0,4,1,0,0
Zone_DH607,11505519416,90.4164845,23.7589112,0.00224152,4,3,0,1
Zone_DH607,11505519417,90.4164999,23.7588051,0.0,4,1,0,0
Zone_DH607,11505519421,90.4159997,23.7594912,0.01265691,4,3,0,1
Zone_DH607,11505519422,90.4163024,23.7596504,0.01006894,4,3,0,1
Zone_DH607,11505519423,90.4160366,23.7592629,0.0,4,1,0,0
Zone_DH607,11505519425,90.4164999,23.7596827,0.0,4,1,0,0
Zone_DH607,11505519427,90.4161045,23.7587603,0.0,4,1,0,0
Zone_DH607,11505519428,90.4167146,23.7589283,0.01077692,4,3,0,1
Zone_DH607,5854407494,90.4109364,23.7647588,0.02263467,3,4,0,1
Zone_DH607,11505519430,90.4167389,23.7586498,0.0,4,1,0,0
Zone_DH607,4062833486,90.4158536,23.7637793,0.0276572,3,3,0,1
Zone_DH607,4062833487,90.4160272,23.7638124,0.0,4,1,0,0
Zone_DH607,11505519440,90.4105583,23.7601719,0.01699094,3,3,0,0
Zone_DH607,4072860497,90.4076849,23.7547446,0.02371614,3,3,0,1
Zone_DH607,4072860498,90.4080244,23.7547489,0.0,4,1,0,0
Zone_DH607,11505519444,90.4106838,23.7602416,0.08978167,2,3,0,0
Zone_DH607,7454313323,90.4178297,23.7571842,0.00223083,4,3,0,0
Zone_DH607,4062931822,90.4169563,23.768286,0.0,4,1,0,0
Zone_DH607,7454313327,90.417859,23.7577704,0.00829772,4,3,0,0
Zone_DH607,7454313328,90.4182793,23.7559597,0.00224152,4,3,0,1
Zone_DH607,4062931825,90.4168553,23.768313,0.00224152,4,3,0,1
Zone_DH607,265522067,90.4255539,23.7659357,0.00852974,4,3,0,0
Zone_DH607,265522069,90.4289665,23.764159,0.00060487,4,2,0,0
Zone_DH607,3888769942,90.4150324,23.7627438,0.00782238,4,3,0,1
Zone_DH607,3888769943,90.4144799,23.7628244,0.0,4,1,0,0
Zone_DH607,3888769944,90.4147685,23.7627823,0.00224152,4,3,0,1
Zone_DH607,3888769945,90.4148496,23.7631854,0.0,4,1,0,0
Zone_DH607,13056404399,90.4125212,23.7496219,0.05906494,3,3,0,0
Zone_DH607,4072901553,90.4075151,23.7538661,0.0,4,1,0,0
Zone_DH607,5012859831,90.4078152,23.7613546,0.01779764,3,3,0,0
Zone_DH607,5012859833,90.4082755,23.7612988,0.01967637,3,3,0,0
Zone_DH607,5012859838,90.4080908,23.7618131,0.01904258,3,3,0,0
Zone_DH607,4072901570,90.4075058,23.7539647,0.0432963,3,3,0,1
Zone_DH607,4072762308,90.4071387,23.7583291,0.00224152,4,3,0,1
Zone_DH607,5012859845,90.4100722,23.7604575,0.03612406,3,3,0,0
Zone_DH607,387394503,90.4194841,23.7547845,0.01227022,4,3,0,1
Zone_DH607,3305163722,90.4075284,23.755942,0.03471941,3,3,0,1
Zone_DH607,6503599053,90.4276747,23.7548903,0.00640579,4,3,0,1
Zone_DH607,387410896,90.4261274,23.763739,0.00419759,4,3,0,0
Zone_DH607,1719798752,90.413728,23.758564,0.13670968,1,5,0,0
Zone_DH607,6503599073,90.4288241,23.7571832,0.0014977,4,3,0,0
Zone_DH607,386845680,90.4064647,23.7620548,0.00331356,4,3,0,0
Zone_DH607,11308952564,90.4133393,23.7509789,0.03801599,3,3,0,0
Zone_DH607,4824525820,90.4235445,23.7631813,0.02036989,3,3,0,0
Zone_DH607,387386370,90.4208911,23.7546186,0.0,4,1,0,0
Zone_DH607,11332250636,90.4180031,23.7484035,0.00456604,4,3,0,0
Zone_DH607,4072868881,90.4182384,23.7676097,0.00181774,4,3,0,1
Zone_DH607,4072868884,90.418437,23.7679362,0.0,4,1,0,0
Zone_DH607,4062825497,90.4063827,23.7573783,0.00559281,4,3,0,1
Zone_DH607,1989815339,90.4055639,23.7653315,0.00646741,4,4,0,1
Zone_DH607,1989815344,90.4061007,23.7665754,0.0,4,2,0,0
Zone_DH607,7031917622,90.4077386,23.7489933,0.0143577,4,2,0,0
Zone_DH607,4348136527,90.4139025,23.749751,0.02558858,3,3,0,0
Zone_DH607,7074458749,90.4131186,23.7469817,0.00237545,4,3,0,0
Zone_DH607,7074458750,90.4125964,23.7470371,0.00269612,4,3,0,0
Zone_DH607,7074458751,90.4126361,23.7484107,0.00975644,4,3,0,0
Zone_DH607,7074458752,90.4130637,23.748336,0.0057544,4,3,0,0
Zone_DH607,4072770690,90.4114739,23.7580121,0.10149795,2,3,0,1
Zone_DH607,7074458754,90.4149327,23.7490564,0.0,4,1,0,0
Zone_DH607,4072770692,90.4118914,23.7582327,0.0,4,1,0,0
Zone_DH607,6272216213,90.4102416,23.7639934,0.00224089,4,3,0,1
Zone_DH607,3803655329,90.4192436,23.7524406,0.01049335,4,4,0,0
Zone_DH607,4417227954,90.4241186,23.7669278,0.01209102,4,3,0,0
Zone_DH607,9372044468,90.4074,23.7615454,0.00563682,4,3,0,0
Zone_DH607,4417227958,90.4244502,23.7670882,0.00136189,4,2,0,0
Zone_DH607,9372044472,90.4067664,23.7619972,5.785e-05,4,3,0,0
Zone_DH607,9372044474,90.4075513,23.7612294,0.00971809,4,3,0,0
Zone_DH607,9372044478,90.4066123,23.7621313,0.00462263,4,3,0,0
Zone_DH607,387394765,90.4181846,23.7560669,0.0,4,1,0,0
Zone_DH607,4824526031,90.4234328,23.7637025,0.04129119,3,3,0,0
Zone_DH607,5540662492,90.4251394,23.7625819,0.00332802,4,3,0,1
Zone_DH607,4824681695,90.4184836,23.7528167,0.04246194,3,3,0,0
Zone_DH607,5540662495,90.426344,23.7626445,0.0050351,4,3,0,0
Zone_DH607,4072959207,90.4172714,23.7629413,0.0,4,1,0,0
Zone_DH607,5988461808,90.4105746,23.7498569,0.0,4,1,0,0
Zone_DH607,5988461809,90.4105148,23.7494772,0.00224152,4,3,0,1
Zone_DH607,5988461810,90.4108643,23.7494548,0.0,4,1,0,0
Zone_DH607,11428228352,90.4159228,23.7588899,0.0,4,1,0,0
Zone_DH607,11428228354,90.4159798,23.758329,0.05928249,3,3,0,1
Zone_DH607,387411220,90.4288073,23.7637866,0.00071741,4,3,0,0
Zone_DH607,3745639714,90.4104913,23.7577351,0.02477622,3,3,0,1
Zone_DH607,4950789438,90.4093431,23.7630116,0.02068427,3,4,0,0
Zone_DH607,4950789439,90.4081972,23.7630158,0.0,4,1,0,0
Zone_DH607,4073139535,90.4071701,23.7554349,0.01248714,4,3,0,0
Zone_DH607,386936144,90.4152007,23.7620322,0.03698357,3,3,0,1
Zone_DH607,4073139541,90.4067681,23.755848,0.00487979,4,3,0,1
Zone_DH607,4062924118,90.4123664,23.7602246,0.0,4,1,0,0
Zone_DH607,386936154,90.4124541,23.763952,0.0023874,4,3,0,1
Zone_DH607,4062924123,90.4123471,23.7604207,0.01224696,4,3,0,1
Zone_DH607,387386716,90.4177663,23.7541217,0.02364949,3,3,0,0
Zone_DH607,386936157,90.4131179,23.7646284,0.03392843,3,3,0,0
Zone_DH607,6559427932,90.4161394,23.7573237,0.0,4,1,0,0
Zone_DH607,11347643746,90.4194853,23.7579724,0.0065875,4,3,0,1
Zone_DH607,4073139556,90.4060706,23.7562831,0.0,4,1,0,0
Zone_DH607,11347643748,90.4195359,23.7576638,0.00597258,4,3,0,1
Zone_DH607,11347643752,90.4198669,23.757744,0.00447865,4,3,0,1
Zone_DH607,4072901993,90.4213408,23.7648531,0.03240244,3,3,0,1
Zone_DH607,4073139564,90.4059271,23.7563747,0.00540103,4,3,0,0
Zone_DH607,4072902013,90.4202859,23.7653505,0.0,4,1,0,0
Zone_DH607,4072795527,90.4059375,23.754061,0.00939176,4,3,0,1
Zone_DH607,4950789514,90.4096127,23.7646576,0.00635046,4,3,0,1
Zone_DH607,4072795531,90.4058367,23.7541939,0.00761238,4,3,0,1
Zone_DH607,4950789516,90.4100262,23.7646822,0.0,4,1,0,0
Zone_DH607,3384438160,90.4131001,23.7586115,0.07279953,3,3,0,0
Zone_DH607,4072795541,90.4057863,23.7542759,0.00598138,4,3,0,1
Zone_DH607,4072795543,90.4052503,23.7543375,0.0,4,1,0,0
Zone_DH607,8779885975,90.4249944,23.7506368,0.02962144,3,3,0,0
Zone_DH607,4072795550,90.4057335,23.75438,0.00438433,4,3,0,1
Zone_DH607,3749547425,90.4155641,23.74743,0.0,4,1,0,0
Zone_DH607,4072795561,90.4059463,23.754536,0.0,4,1,0,0
Zone_DH607,4062809523,90.4173633,23.7676128,0.02832431,3,3,0,0
Zone_DH607,4062809528,90.416788,23.7677592,0.02889333,3,3,0,1
Zone_DH607,4366699963,90.4139826,23.749386,0.03618945,3,4,0,0
Zone_DH607,3510357462,90.4155289,23.7634345,0.02878267,3,3,0,0
Zone_DH607,4072885723,90.4125108,23.7567301,0.00419256,4,3,0,1
Zone_DH607,4072885724,90.4121293,23.756714,0.0,4,1,0,0
Zone_DH607,387411431,90.4280924,23.7622908,0.00131914,4,3,0,0
Zone_DH607,387395052,90.4193691,23.7566586,0.0,4,1,0,0
Zone_DH607,4072795629,90.4124821,23.7571734,0.00477731,4,3,0,1
Zone_DH607,4072844794,90.41379,23.7570715,0.0,4,1,0,0
Zone_DH607,11658178044,90.4102949,23.7603834,0.03943007,3,4,0,0
Zone_DH607,4065398274,90.4125366,23.7564947,0.0613511,3,3,0,0
Zone_DH607,387411475,90.4250741,23.7642755,0.01552782,4,4,0,1
Zone_DH607,4072893975,90.4193242,23.7665247,0.00447865,4,3,0,1
Zone_DH607,4072893980,90.4195468,23.7661823,0.00224152,4,3,0,1
Zone_DH607,1676766756,90.4164366,23.7533738,0.12365163,1,3,0,0
Zone_DH607,386846248,90.4061005,23.7649375,0.00859073,4,3,0,0
Zone_DH607,386846250,90.4085518,23.7666956,0.00342233,4,3,0,0
Zone_DH607,4072853039,90.406888,23.7571812,0.01115983,4,3,0,1
Zone_DH607,4072853043,90.4068397,23.7576145,0.0,4,1,0,0
Zone_DH607,2036248119,90.4235881,23.7492229,0.01613771,4,4,0,0
Zone_DH607,2036248123,90.4220699,23.7507094,0.00655041,4,3,0,0
Zone_DH607,2036248128,90.4203448,23.7510852,0.01718837,3,3,0,0
Zone_DH607,2036248129,90.4198727,23.7511501,0.02006745,3,3,0,0
Zone_DH607,2036248130,90.4216574,23.7508165,0.00747531,4,3,0,0
Zone_DH607,3327520331,90.4082993,23.752847,0.0,4,1,0,0
Zone_DH607,3327520332,90.4084656,23.7529648,0.0,4,1,0,0
Zone_DH607,3327520333,90.408443,23.7527687,0.00224152,4,3,0,1
Zone_DH607,11503275604,90.4248162,23.7581366,0.00671074,4,3,0,1
Zone_DH607,11503275605,90.4252034,23.758197,0.00447865,4,3,0,1
Zone_DH607,11503275606,90.4251739,23.7583332,0.00224152,4,3,0,1
Zone_DH607,11503275607,90.4257902,23.75846,0.0,4,1,0,0
Zone_DH607,11503275608,90.4251258,23.7584652,0.0,4,1,0,0
Zone_DH607,11503275610,90.4254568,23.7582146,0.0,4,1,0,0
Zone_DH607,11503275614,90.4222608,23.7638248,0.00224152,4,3,0,1
Zone_DH607,11503275615,90.4221401,23.7637929,0.0,4,1,0,0
Zone_DH607,11503275616,90.4225196,23.7638788,0.0,4,1,0,0
Zone_DH607,11503275617,90.421565,23.7637342,0.00542493,4,3,0,1
Zone_DH607,11503275618,90.4220207,23.7637843,0.0,4,1,0,0
Zone_DH607,4062883430,90.4118987,23.760759,0.0,4,1,0,0
Zone_DH607,4077653619,90.4109778,23.7509052,0.00112108,4,3,0,1
Zone_DH607,4077653620,90.4109994,23.7509118,0.0,4,1,0,0
Zone_DH607,3937283713,90.4197723,23.7672319,0.00710497,4,3,0,1
Zone_DH607,3556380321,90.4197529,23.7679425,0.0,4,1,0,0
Zone_DH607,5956374178,90.4249281,23.7533952,0.01381445,4,3,0,1
Zone_DH607,5956374179,90.4248332,23.7533895,0.0,4,1,0,0
Zone_DH607,5956374180,90.4247733,23.7532511,0.01567935,4,3,0,1
Zone_DH607,5956374181,90.4247677,23.7533146,0.0,4,1,0,0
Zone_DH607,4063039147,90.4179583,23.7672886,0.01452118,4,3,0,0
Zone_DH607,3886927531,90.4098424,23.75717,0.03306829,3,3,0,0
Zone_DH607,4063039151,90.4179723,23.7679019,0.0,4,1,0,0
Zone_DH607,2249805493,90.412394,23.7471965,0.00713767,4,3,0,0
Zone_DH607,2249805494,90.413961,23.7519225,0.10447261,2,3,0,0
Zone_DH607,3556380341,90.4238751,23.7689232,0.0,4,2,0,0
Zone_DH607,386846392,90.4093581,23.7652547,0.00459119,4,3,0,0
Zone_DH607,2249805496,90.414388,23.75243,0.03146684,3,3,0,0
Zone_DH607,386846394,90.4100256,23.7655044,0.00286714,4,3,0,1
Zone_DH607,2249805497,90.4147932,23.7531143,0.07605336,3,4,0,0
Zone_DH607,2249805500,90.4156001,23.7547741,0.14760732,1,3,0,0
Zone_DH607,5852950205,90.4073524,23.747802,0.00762558,4,3,0,0
Zone_DH607,4077694652,90.411873,23.7529873,0.0203353,3,3,0,0
Zone_DH607,4077694651,90.4118976,23.7529834,0.0,4,1,0,0
Zone_DH607,4077694656,90.4118702,23.7530602,0.00171777,4,3,0,1
Zone_DH607,2249805505,90.4177488,23.7585199,0.15998695,1,3,0,0
Zone_DH607,2249805506,90.4178956,23.758593,0.09611515,2,3,0,0
Zone_DH607,5773782721,90.4101634,23.7500891,0.00224152,4,3,0,1
Zone_DH607,5773782720,90.4101737,23.7501929,0.0,4,1,0,0
Zone_DH607,2249805509,90.4159556,23.7623613,0.05673224,3,3,0,0
Zone_DH607,4824526543,90.4201462,23.7488136,0.04829116,3,3,0,0
Zone_DH607,4824526544,90.4202522,23.7485443,0.03865544,3,3,0,0
Zone_DH607,386846417,90.4071801,23.7626221,0.01356483,4,3,0,1
Zone_DH607,386846418,90.4060422,23.7634232,0.01154212,4,3,0,0
Zone_DH607,386846419,90.4043061,23.7604274,2.075e-05,4,2,0,0
Zone_DH607,386846420,90.4047218,23.7630086,0.00012135,4,2,0,0
Zone_DH607,4077694674,90.4117988,23.753846,0.01165781,4,3,0,0
Zone_DH607,4824526555,90.4180576,23.7473928,0.00119653,4,3,0,0
Zone_DH607,4824526560,90.4190004,23.7470404,0.0,4,1,0,0
Zone_DH607,2320191223,90.4095974,23.7477195,0.00542178,4,2,0,0
Zone_DH607,2320191225,90.4125248,23.7460979,0.00420514,4,3,0,0
Zone_DH607,2320191227,90.4107931,23.7466997,0.00655418,4,3,0,1
Zone_DH607,11289972491,90.4229121,23.7642566,0.0,4,1,0,0
Zone_DH607,11289972499,90.4224646,23.7647798,0.01542847,4,3,0,1
Zone_DH607,11289972500,90.4226712,23.7643847,0.00224152,4,3,0,1
Zone_DH607,1756851989,90.4138179,23.7584966,0.10799617,2,3,0,0
Zone_DH607,11289972501,90.4226102,23.7642305,0.0,4,1,0,0
Zone_DH607,4073082662,90.4079445,23.7540125,0.06088016,3,3,0,1
Zone_DH607,10036326183,90.4174965,23.7622009,0.0,4,1,0,0
Zone_DH607,2320191276,90.4086687,23.7484646,0.01210171,4,3,0,0
Zone_DH607,3937210159,90.4123975,23.7618818,0.0,4,1,0,0
Zone_DH607,4073082672,90.4084442,23.7542086,0.06284314,3,3,0,1
Zone_DH607,2320191282,90.4102091,23.7472449,0.00563808,4,3,0,0
Zone_DH607,10036326195,90.4167549,23.7625354,0.0089378,4,3,0,1
Zone_DH607,10036326198,90.4164535,23.762923,0.0,4,1,0,0
Zone_DH607,11373039416,90.4164279,23.7562344,0.04837101,3,3,0,0
Zone_DH607,4077752120,90.4142241,23.756469,0.11830718,2,3,0,0
Zone_DH607,4073082683,90.4081828,23.7543524,0.0,4,1,0,0
Zone_DH607,3714789181,90.4260158,23.7479099,0.00335002,4,3,0,0
Zone_DH607,2320191294,90.4118836,23.7459804,0.00332676,4,3,0,0
Zone_DH607,3714789182,90.4265333,23.7480256,0.00224404,4,3,0,0
Zone_DH607,4073082688,90.4083775,23.7545753,0.0,4,1,0,0
Zone_DH607,4073115462,90.4095216,23.7559936,0.04380686,3,3,0,1
Zone_DH607,4073115463,90.4097534,23.755992,0.0,4,1,0,0
Zone_DH607,4077662036,90.4133606,23.7565396,0.06189749,3,3,0,1
Zone_DH607,4077702997,90.4106555,23.7535207,0.07956183,2,3,0,0
Zone_DH607,4072886105,90.4201771,23.7678551,0.0,4,1,0,0
Zone_DH607,4423315291,90.4216394,23.7463928,0.0,4,1,0,0
Zone_DH607,387395443,90.4199559,23.7556384,0.00112485,4,3,0,1
Zone_DH607,4950314875,90.4159087,23.7668487,0.0,4,1,0,0
Zone_DH607,4950314879,90.415813,23.7669994,0.00224152,4,3,0,1
Zone_DH607,4077621135,90.4071839,23.7567663,0.00224152,4,3,0,1
Zone_DH607,9997930388,90.4136822,23.7666791,0.03640826,3,3,0,0
Zone_DH607,642568088,90.4263803,23.7491096,0.0224341,3,3,0,0
Zone_DH607,642568092,90.4268182,23.7492764,0.02026111,3,4,0,1
Zone_DH607,8635191200,90.4093527,23.7650025,0.00550541,4,3,0,1
Zone_DH607,8635191206,90.4088288,23.7647899,0.0,4,1,0,0
Zone_DH607,4973236138,90.4129327,23.7610827,0.0,4,1,0,0
Zone_DH607,4073099180,90.4087227,23.7542724,0.06747521,3,3,0,0
Zone_DH607,4952010680,90.4163455,23.755861,0.09523049,2,3,0,1
Zone_DH607,4676120518,90.4107142,23.7645169,0.0,4,2,0,0
Zone_DH607,6416510920,90.4056522,23.7497569,0.0,4,1,0,0
Zone_DH607,4676317133,90.4141848,23.7671782,0.02963967,3,3,0,0
Zone_DH607,387379189,90.4164586,23.7531581,0.00072181,4,2,0,0
Zone_DH607,4072845321,90.4108115,23.7539209,0.07605525,2,3,0,0
Zone_DH607,4072845326,90.4099679,23.7543917,0.07453176,3,3,0,0
Zone_DH607,387411988,90.4278351,23.7601382,0.01059835,4,3,0,1
Zone_DH607,4077703193,90.4091653,23.7532778,0.0,4,1,0,0
Zone_DH607,4072886300,90.408803,23.7549594,0.0,4,1,0,0
Zone_DH607,13056446507,90.4087404,23.7501406,0.07409603,3,3,0,0
Zone_DH607,13056446508,90.4116038,23.7497035,0.0,4,1,0,0
Zone_DH607,4676341803,90.4115557,23.763541,0.00336637,4,3,0,0
Zone_DH607,4676341816,90.4117678,23.7638201,0.0431278,3,3,0,0
Zone_DH607,4848971845,90.4142562,23.7474395,0.00694212,4,3,0,0
Zone_DH607,4077580363,90.4099048,23.7568007,0.04556864,3,3,0,1
Zone_DH607,4077580364,90.410154,23.7568011,0.0,4,1,0,0
Zone_DH607,4848971856,90.4153431,23.7484014,0.00641082,4,3,0,0
Zone_DH607,4077678679,90.4137661,23.7565533,0.06968089,3,3,0,1
Zone_DH607,387395681,90.4174583,23.7543739,0.02426504,3,3,0,0
Zone_DH607,387395684,90.416799,23.7551309,0.02632108,3,3,0,1
Zone_DH607,387395686,90.4160409,23.7553187,0.1020456,2,3,0,0
Zone_DH607,387395741,90.4223665,23.7557247,0.0,4,1,0,0
Zone_DH607,4077580450,90.4097697,23.7548854,0.0,4,1,0,0
Zone_DH607,4077580451,90.4091811,23.7548857,0.01375095,4,3,0,1
Zone_DH607,4072902826,90.410249,23.7557457,0.0,4,1,0,0
Zone_DH607,387395756,90.4234006,23.7544137,0.08708115,2,4,0,1
Zone_DH607,387395759,90.4241132,23.7560264,0.0,4,1,0,0
Zone_DH607,4077645999,90.4149641,23.7540568,0.03047781,3,3,0,0
Zone_DH607,4077719729,90.4087206,23.7534831,0.0,4,1,0,0
Zone_DH607,4077646002,90.4136451,23.7541423,0.01196401,4,3,0,1
Zone_DH607,4077646000,90.4146178,23.754133,0.01300272,4,3,0,1
Zone_DH607,4077580470,90.4088266,23.7502857,0.07303532,3,3,0,1
Zone_DH607,4077646008,90.4143788,23.7542247,0.01538383,4,3,0,0
Zone_DH607,387395777,90.4253382,23.7522629,0.00331356,4,3,0,0
Zone_DH607,387395779,90.4242032,23.7519646,0.06547701,3,3,0,0
Zone_DH607,11332358341,90.4225021,23.7576326,0.07820497,2,3,0,1
Zone_DH607,11332358346,90.4223249,23.7565995,0.0,4,1,0,0
Zone_DH607,13047959759,90.4274046,23.7484918,0.0,4,1,0,0
Zone_DH607,11505348817,90.4136911,23.7671605,0.00327898,4,3,0,0
Zone_DH607,387395796,90.4247043,23.7487291,0.01731852,3,3,0,0
Zone_DH607,13047959764,90.4270062,23.7489089,0.00112108,4,2,0,1
Zone_DH607,11505348822,90.4137192,23.7671323,0.00775825,4,4,0,0
Zone_DH607,11505348821,90.4136316,23.7670632,0.00936284,4,4,0,0
Zone_DH607,11505348824,90.4135651,23.7662665,0.00112108,4,3,0,1
Zone_DH607,11505348825,90.4139217,23.7662582,0.00146941,4,4,0,1
Zone_DH607,11505348826,90.4142878,23.7662496,0.00313939,4,4,0,1
Zone_DH607,11505348827,90.4146639,23.7662408,0.00779849,4,4,0,0
Zone_DH607,11505348823,90.4136699,23.7670935,0.00839267,4,4,0,0
Zone_DH607,10939027677,90.4276326,23.7577459,0.0,4,1,0,0
Zone_DH607,10939027679,90.4280533,23.7566074,0.00142917,4,3,0,1
Zone_DH607,10939027683,90.4271029,23.7567051,0.0,4,1,0,0
Zone_DH607,10939027686,90.4270341,23.7573389,0.01241672,4,2,0,0
Zone_DH607,4073099495,90.4089083,23.7544685,0.01285119,4,3,0,0
Zone_DH607,5773742311,90.4097062,23.750142,0.00447865,4,3,0,1
Zone_DH607,5773742312,90.409738,23.7502896,0.0,4,1,0,0
Zone_DH607,10939027690,90.4268685,23.7570775,0.01310333,4,2,0,0
Zone_DH607,10939027691,90.4271042,23.7574342,0.01176407,4,3,0,0
Zone_DH607,10939027692,90.4269567,23.7577373,0.00944584,4,3,0,0
Zone_DH607,10269774063,90.4134374,23.7507609,0.0276836,3,3,0,0
Zone_DH607,4077629680,90.4138892,23.7578754,0.05761942,3,3,0,1
Zone_DH607,4077629681,90.4147879,23.7580777,0.0,4,1,0,0
Zone_DH607,5852950198,90.4060707,23.7485493,7.231e-05,4,2,0,0
Zone_DH607,7725691142,90.4151813,23.7506227,0.00542115,4,3,0,0
Zone_DH607,5852950202,90.4063683,23.7481892,0.00117766,4,3,0,1
Zone_DH607,4073124132,90.4082929,23.756127,0.00118772,4,3,0,1
Zone_DH607,4073124137,90.4081592,23.7566645,0.0,4,1,0,0
Zone_DH607,642781493,90.4247133,23.7487874,0.00676544,4,3,0,0
Zone_DH607,11505594682,90.4203712,23.7580141,0.0,4,1,0,0
Zone_DH607,11505594684,90.4198576,23.7585699,0.00217613,4,3,0,1
Zone_DH607,11505594685,90.4199635,23.7582952,0.0,4,1,0,0
Zone_DH607,5790708033,90.4085674,23.7498494,0.04842068,3,4,0,1
Zone_DH607,11505594690,90.4199836,23.7581995,0.0,4,1,0,0
Zone_DH607,11505594694,90.4201324,23.7579006,0.0,4,1,0,0
Zone_DH607,11505594695,90.419901,23.7576608,0.00224152,4,3,0,1
Zone_DH607,11505594698,90.4205254,23.7577993,0.0,4,1,0,0
Zone_DH607,11505594703,90.420913,23.7574875,0.0,4,1,0,0
Zone_DH607,11505594704,90.4219125,23.758262,0.01821324,3,3,0,1
Zone_DH607,11505594707,90.4223647,23.7582191,0.0,4,1,0,0
Zone_DH607,11505594708,90.422457,23.7576563,0.07933548,2,3,0,1
Zone_DH607,11505594709,90.4225746,23.7579159,0.0,4,1,0,0
Zone_DH607,11505594710,90.4233129,23.757194,0.0772392,2,3,0,1
Zone_DH607,387412314,90.4282849,23.7626302,0.00185798,4,3,0,0
Zone_DH607,11505594715,90.4232707,23.757741,0.0,4,1,0,0
Zone_DH607,3937194332,90.4191184,23.7668733,0.0,4,1,0,0
Zone_DH607,11505594717,90.4267821,23.7581498,0.00322302,4,3,0,0
Zone_DH607,11490136419,90.4239735,23.7687101,0.01777689,3,3,0,0
Zone_DH607,11505594725,90.4262668,23.7599395,0.00500303,4,3,0,1
Zone_DH607,11505594736,90.4259341,23.7588579,0.00224152,4,3,0,1
Zone_DH607,387412342,90.4284691,23.7630047,0.00097709,4,3,0,0
Zone_DH607,11505594743,90.4251549,23.7590058,0.0,4,1,0,0
Zone_DH607,11505594745,90.4260355,23.7588032,0.0,4,1,0,0
Zone_DH607,11505594747,90.425735,23.7614088,0.00447865,4,3,0,1
Zone_DH607,11505594750,90.4258397,23.7608258,0.0,4,1,0,0
Zone_DH607,11505594751,90.4260824,23.7614199,0.0,4,1,0,0
Zone_DH607,7127323008,90.4102039,23.7640233,0.01219414,4,3,0,1
Zone_DH607,11505594752,90.4257446,23.7612297,0.00224152,4,3,0,1
Zone_DH607,11505594754,90.4260542,23.7612394,0.0,4,1,0,0
Zone_DH607,11505594755,90.4265893,23.7611621,0.0,4,1,0,0
Zone_DH607,11505594756,90.4266279,23.7605437,0.02368407,3,3,0,1
Zone_DH607,11505594757,90.4263573,23.7604739,0.02558292,3,3,0,1
Zone_DH607,11505594760,90.4263184,23.7612345,0.0,4,1,0,0
Zone_DH607,11505594761,90.4273359,23.7611473,0.01227902,4,3,0,1
Zone_DH607,11505594765,90.4279203,23.7613529,0.0,4,1,0,0
Zone_DH607,4077605276,90.4144463,23.7538552,0.0,4,1,0,0
Zone_DH607,3500724637,90.4126242,23.7479285,0.00334248,4,3,0,0
Zone_DH607,4077605281,90.414014,23.7541682,0.01359124,4,4,0,1
Zone_DH607,7521710501,90.4208661,23.7510049,0.01774356,3,3,0,0
Zone_DH607,11505512870,90.4162316,23.763914,0.00894283,4,3,0,1
Zone_DH607,11505512871,90.4162476,23.7637853,0.00224152,4,3,0,1
Zone_DH607,11505512872,90.4164915,23.7637798,0.0,4,1,0,0
Zone_DH607,4072960425,90.4188446,23.7642624,0.00112108,4,3,0,1
Zone_DH607,11505512876,90.4169602,23.7625493,0.0,4,1,0,0
Zone_DH607,7521710509,90.4198824,23.7503699,0.00842411,4,3,0,1
Zone_DH607,7521710511,90.4189556,23.7502713,0.04010976,3,3,0,0
Zone_DH607,4072960434,90.4189281,23.765058,0.0,4,1,0,0
Zone_DH607,4077728226,90.4070576,23.7507483,0.0,4,1,0,0
Zone_DH607,4077728228,90.4074013,23.7509703,0.0,4,1,0,0
Zone_DH607,6781973005,90.4247033,23.7683111,0.00889882,4,3,0,0
Zone_DH607,6781973006,90.4245664,23.7685374,0.00446544,4,3,0,0
Zone_DH607,4072780325,90.4112398,23.7557484,0.12096054,2,3,0,1
Zone_DH607,4072780327,90.4115345,23.7558467,0.0,4,1,0,0
Zone_DH607,6503608872,90.4292442,23.7587864,0.00335946,4,2,0,1
Zone_DH607,6503608881,90.4242123,23.7598697,0.0,4,1,0,0
Zone_DH607,6503608882,90.4244128,23.7595242,0.00242512,4,3,0,1
Zone_DH607,6503608883,90.4246649,23.7590099,0.00112108,4,3,0,1
Zone_DH607,4069634627,90.4119837,23.7568988,0.0,4,1,0,0
Zone_DH607,4069634631,90.4124951,23.7569301,0.00494833,4,4,0,1
Zone_DH607,11462750791,90.4240367,23.7513051,0.05659329,3,4,0,0
Zone_DH607,11462750796,90.4242799,23.7542226,0.0,4,1,0,0
Zone_DH607,4069634637,90.4134226,23.7565427,0.07104153,3,3,0,0
Zone_DH607,11462750798,90.4239572,23.7573206,0.03571788,3,3,0,1
Zone_DH607,11462750799,90.4247772,23.7576154,0.0,4,1,0,0
Zone_DH607,4069634641,90.413187,23.756531,0.06059722,3,3,0,0
Zone_DH607,4072952425,90.4176591,23.7612326,0.07926757,2,3,0,1
Zone_DH607,4601098863,90.4240391,23.7500855,0.01637035,4,4,0,0
Zone_DH607,4077638257,90.4052193,23.7507487,0.0,4,1,0,0
Zone_DH607,3940938357,90.4088096,23.7575896,0.00477794,4,3,0,0
Zone_DH607,4077097608,90.4096475,23.7511328,0.0,4,1,0,0
Zone_DH607,11612582548,90.4056294,23.7529165,0.0,4,1,0,0
Zone_DH607,642577049,90.416211,23.753657,0.00118332,4,2,0,0
Zone_DH607,642577051,90.4160197,23.7541738,0.1240226,1,3,0,0
Zone_DH607,642577053,90.4194096,23.7528177,0.04313094,3,3,0,0
Zone_DH607,4072829598,90.4123566,23.7551866,0.04843892,3,4,0,1
Zone_DH607,642577055,90.4224759,23.7536039,0.01083539,4,3,0,1
Zone_DH607,642577057,90.4232687,23.7539909,0.08656368,2,3,0,0
Zone_DH607,4072829601,90.4124696,23.755817,0.0,4,1,0,0
Zone_DH607,4123808428,90.4086176,23.7538188,0.00112108,4,3,0,1
Zone_DH607,3525210797,90.4059546,23.7540269,0.01130067,4,3,0,1
Zone_DH607,642560694,90.4249244,23.76485,0.018068,3,3,0,0
Zone_DH607,642560696,90.4253492,23.7656155,0.00934021,4,3,0,0
Zone_DH607,642560697,90.4263499,23.7640988,0.00671891,4,4,0,0
Zone_DH607,4899066553,90.4249081,23.7507003,0.03027032,3,3,0,0
Zone_DH607,4899066557,90.4245581,23.7509542,0.05625124,3,3,0,0
Zone_DH607,2432078529,90.4208013,23.7510123,0.0181466,3,3,0,0
Zone_DH607,642560707,90.4265575,23.7644577,0.00513758,4,4,0,0
Zone_DH607,642560708,90.427,23.7651872,0.00241066,4,4,0,0
Zone_DH607,642560709,90.4267665,23.7648091,0.00357198,4,4,0,0
Zone_DH607,2432078534,90.4209614,23.7518586,0.02478754,3,4,0,0
Zone_DH607,642560711,90.4272447,23.7655998,0.0009073,4,2,0,0
Zone_DH607,2432078536,90.4218997,23.7516589,0.00417684,4,3,0,0
Zone_DH607,642560713,90.428636,23.7634295,0.00084505,4,3,0,0
Zone_DH607,2432078532,90.4210478,23.7522211,0.05622043,3,3,0,0
Zone_DH607,2432078540,90.4232447,23.751238,0.00228994,4,3,0,0
Zone_DH607,2432078542,90.4236294,23.7510872,0.00192526,4,3,0,0
Zone_DH607,2432078546,90.421257,23.7509222,0.00872088,4,3,0,0
Zone_DH607,2432078548,90.4215012,23.7517598,0.00512564,4,3,0,0
Zone_DH607,2432078552,90.4223219,23.7515362,0.00339907,4,3,0,0
Zone_DH607,2432078556,90.4228308,23.7513865,0.00275773,4,3,0,0
Zone_DH607,2432078557,90.4225315,23.7505833,0.00561796,4,3,0,0
Zone_DH607,2432078559,90.4229297,23.750483,0.00491689,4,3,0,0
Zone_DH607,5956948704,90.4155909,23.7545283,0.17542171,1,4,0,0
Zone_DH607,2432078561,90.4205313,23.7519196,0.01276191,4,3,0,0
Zone_DH607,2432078566,90.4201186,23.7520015,0.00486659,4,3,0,0
Zone_DH607,2432078568,90.4200124,23.7511322,0.01793093,3,3,0,0
Zone_DH607,2432078572,90.419646,23.7511696,0.01322971,4,3,0,0
Zone_DH607,5956948718,90.4170362,23.7521197,0.11913148,2,4,0,0
Zone_DH607,2432078574,90.4188082,23.7521059,0.05689132,3,3,0,0
Zone_DH607,2432078576,90.4191622,23.751205,0.01574663,4,3,0,0
Zone_DH607,11337044720,90.4211862,23.7583616,0.07508759,3,3,0,1
Zone_DH607,11337044721,90.4213694,23.7574166,0.0,4,1,0,0
Zone_DH607,2432078579,90.4240321,23.7508626,0.00178316,4,3,0,0
Zone_DH607,871707389,90.4093632,23.7512052,0.10391302,2,3,0,0
Zone_DH607,871707391,90.4077374,23.7529601,0.02563008,3,3,0,1
Zone_DH607,6503609089,90.4237947,23.757901,0.0355368,3,3,0,0
Zone_DH607,4072747787,90.4061758,23.7576332,0.00224152,4,3,0,1
Zone_DH607,3515339531,90.4151441,23.7608365,0.00891642,4,3,0,0
Zone_DH607,3515339539,90.4157721,23.7609773,0.01413009,4,3,0,0
Zone_DH607,3608990487,90.4121539,23.7480421,0.01391945,4,3,0,0
Zone_DH607,10029265703,90.4191491,23.7681967,0.00265273,4,3,0,0
Zone_DH607,10029265706,90.4137402,23.7671489,0.00467922,4,4,0,0
Zone_DH607,3940938553,90.4199367,23.762118,0.05211275,3,3,0,0
Zone_DH607,6782571332,90.4135108,23.7465916,0.0,4,1,0,0
Zone_DH607,6782571333,90.4141503,23.7466498,0.00441326,4,3,0,1
Zone_DH607,4072887113,90.4171372,23.7666975,0.00611216,4,3,0,1
Zone_DH607,7056184144,90.4254247,23.7599366,0.0093641,4,3,0,1
Zone_DH607,4072887124,90.4170681,23.7670572,0.0,4,1,0,0
Zone_DH607,1812681557,90.4258367,23.7678857,0.0,4,2,0,0
Zone_DH607,4077728599,90.4072537,23.750586,0.0,4,1,0,0
Zone_DH607,7056184152,90.4269305,23.7595802,0.0,4,1,0,0
Zone_DH607,4077728603,90.4071821,23.7507633,0.00224152,4,3,0,1
Zone_DH607,7056184155,90.4276779,23.7593698,0.00120407,4,2,0,0
Zone_DH607,7056184159,90.4280654,23.759633,0.0086492,4,3,0,0
Zone_DH607,1812681582,90.4238061,23.7688046,0.01998823,3,3,0,1
Zone_DH607,4072887158,90.4179709,23.7666261,0.04859988,3,3,0,0
Zone_DH607,1812681591,90.4247692,23.7684294,0.00336008,4,3,0,0
Zone_DH607,4077605756,90.4127698,23.7577691,0.0,4,1,0,0
Zone_DH607,1812681597,90.4244913,23.7684179,0.0100048,4,3,0,0
Zone_DH607,4077605757,90.4131085,23.7578216,0.00660825,4,3,0,1
Zone_DH607,4072887168,90.4185101,23.7666867,0.02581493,3,3,0,0
Zone_DH607,1812681601,90.4257654,23.767776,0.00670634,4,3,0,1
Zone_DH607,4077605761,90.4106794,23.7567881,0.0,4,1,0,0
Zone_DH607,3346977678,90.4061708,23.7574128,0.00447865,4,3,0,1
Zone_DH607,6551770003,90.4224674,23.766173,0.0,4,1,0,0
Zone_DH607,4072895389,90.4192786,23.7666879,0.0,4,1,0,0
Zone_DH607,4072895391,90.4193335,23.7668057,0.0,4,1,0,0
Zone_DH607,4072895393,90.4193354,23.7668563,0.00224152,4,3,0,1
Zone_DH607,2319143857,90.4120981,23.7645904,0.06037527,3,3,0,0
Zone_DH607,2319143866,90.4123397,23.7652037,0.06256398,3,3,0,0
Zone_DH607,4073132991,90.413467,23.7549604,0.05243719,3,3,0,1
Zone_DH607,6551770048,90.4217872,23.7653677,0.0322421,3,3,0,1
Zone_DH607,11332219839,90.4193746,23.7476647,0.00575817,4,3,0,0
Zone_DH607,11332219840,90.4193183,23.7479124,0.00770669,4,3,0,1
Zone_DH607,11332219843,90.4201809,23.7478027,0.0051772,4,3,0,0
Zone_DH607,11048981447,90.4050171,23.7654597,0.0,4,2,0,0
Zone_DH607,2319143882,90.4226505,23.7673248,0.0090931,4,3,0,0
Zone_DH607,11328992205,90.4253619,23.7679793,0.00781798,4,3,0,0
Zone_DH607,11048981454,90.4051319,23.7656169,6.3e-07,4,2,0,0
Zone_DH607,11048981455,90.4052066,23.7656089,0.00112045,4,2,0,0
Zone_DH607,11328992208,90.4251664,23.7682271,0.00225536,4,3,0,1
Zone_DH607,11328992206,90.425427,23.7680944,3.018e-05,4,3,0,0
Zone_DH607,11328992207,90.4251944,23.7682727,0.0,4,1,0,0
Zone_DH607,4072895453,90.4198139,23.7672274,0.00817637,4,3,0,1
Zone_DH607,7056184286,90.4257634,23.7566786,0.01496822,4,3,0,1
Zone_DH607,7056184295,90.4258304,23.7558875,0.02300438,3,3,0,0
Zone_DH607,4072895467,90.4201618,23.7664692,0.0,4,1,0,0
Zone_DH607,7056184299,90.4254268,23.757571,0.0,4,1,0,0
Zone_DH607,4077646841,90.4057006,23.7535443,0.0,4,1,0,0
Zone_DH607,3890484248,90.4149743,23.7534523,0.03989409,3,2,0,0
Zone_DH607,4077630491,90.4147596,23.7576951,0.0,4,1,0,0
Zone_DH607,387380252,90.4166991,23.7526387,0.02145952,3,3,0,0
Zone_DH607,4073141277,90.4086176,23.7540199,0.00336071,4,3,0,1
Zone_DH607,4073141278,90.4087807,23.7540257,0.0,4,1,0,0
Zone_DH607,4077630492,90.4147488,23.7578152,0.00224152,4,3,0,1
Zone_DH607,4600837157,90.4074162,23.7582126,0.00447865,4,3,0,1
Zone_DH607,4077630505,90.4132327,23.7528344,0.0,4,1,0,0
Zone_DH607,4077630509,90.4131584,23.7529537,0.00112108,4,3,0,1
Zone_DH607,3890738222,90.4076775,23.7548795,0.02162992,3,3,0,1
Zone_DH607,3890738223,90.408028,23.7549272,0.0,4,1,0,0
Zone_DH607,4077630511,90.4129504,23.7533094,0.00670759,4,3,0,1
Zone_DH607,4077630512,90.4133227,23.7533295,0.00112359,4,3,0,1
Zone_DH607,4601246771,90.4243718,23.7506447,0.0131115,4,3,0,0
Zone_DH607,4077646900,90.4098486,23.7520093,0.04900103,3,3,0,1
Zone_DH607,4077597749,90.4066302,23.7564218,0.0,4,1,0,0
Zone_DH607,4062876730,90.4066958,23.7572639,0.0089334,4,3,0,1
Zone_DH607,4894807098,90.4234871,23.7619599,0.0,4,1,0,0
Zone_DH607,3888665669,90.4124792,23.7640286,0.00208811,4,3,0,1
Zone_DH607,13014807664,90.4084361,23.7473392,0.0,4,1,0,0
Zone_DH607,13014807665,90.4084823,23.7471704,0.0,4,1,0,0
Zone_DH607,4894815351,90.4216436,23.7617391,0.02003287,3,3,0,1
Zone_DH607,11332277370,90.4196106,23.7469231,0.00049546,4,3,0,0
Zone_DH607,11332277371,90.4201999,23.7469379,0.00458554,4,3,0,0
Zone_DH607,7056176267,90.4274371,23.7579755,0.00528974,4,4,0,1
Zone_DH607,3384439950,90.4121556,23.758443,0.07273792,3,3,0,0
Zone_DH607,7056176271,90.4270744,23.7577823,0.00704398,4,3,0,0
Zone_DH607,7056176273,90.4266941,23.7575995,0.00167313,4,3,0,0
Zone_DH607,7056176274,90.4265279,23.7580398,0.00144929,4,3,0,0
Zone_DH607,7056176275,90.4272152,23.7585892,0.00136818,4,2,0,0
Zone_DH607,4072821909,90.4089861,23.757879,0.00190828,4,3,0,1
Zone_DH607,318321828,90.405275,23.7654248,0.00335946,4,3,0,1
Zone_DH607,7521776805,90.4208487,23.7505939,0.0,4,1,0,0
Zone_DH607,7521776806,90.420918,23.7505942,0.00795757,4,3,0,1
Zone_DH607,2258490536,90.42436,23.7470864,0.00226982,4,3,0,1
Zone_DH607,2258490538,90.4244175,23.7472389,0.0,4,1,0,0
Zone_DH607,386929836,90.4141977,23.7467924,0.00753881,4,3,0,0
Zone_DH607,12211737780,90.421189,23.7569524,0.0,4,1,0,0
Zone_DH607,4894807230,90.4242638,23.7607967,0.00671074,4,3,0,1
Zone_DH607,12211737798,90.4253708,23.7530155,0.00307526,4,3,0,1
Zone_DH607,12211737800,90.4271222,23.7530419,0.0,4,1,0,0
Zone_DH607,4894807242,90.4253353,23.760729,0.0,4,1,0,0
Zone_DH607,4734366924,90.4078907,23.7616012,0.01883446,3,3,0,0
Zone_DH607,4734366931,90.4072815,23.7623285,0.01665833,4,3,0,0
Zone_DH607,4887033043,90.4210243,23.759511,0.00249806,4,3,0,1
Zone_DH607,4887033052,90.4210919,23.7594061,0.0,4,1,0,0
Zone_DH607,4887033056,90.4206636,23.760533,0.04511845,3,3,0,0
Zone_DH607,4887033057,90.4183608,23.7593842,0.17834795,1,3,0,0
Zone_DH607,4601115915,90.4090022,23.7580732,0.0,4,1,0,0
Zone_DH607,4072994075,90.4138143,23.7557569,0.0,4,1,0,0
Zone_DH607,4072994076,90.413832,23.7558919,0.00224152,4,3,0,1
Zone_DH607,10029610272,90.4265859,23.7626184,0.00850018,4,3,0,0
Zone_DH607,10029610273,90.4215279,23.7607538,0.06110714,3,4,0,0
Zone_DH607,4073018659,90.4138921,23.7553513,0.0,4,1,0,0
Zone_DH607,3500668197,90.424058,23.7688268,0.00556703,4,3,0,0
Zone_DH607,10029610278,90.427569,23.7606643,0.02435433,3,4,0,1
Zone_DH607,4077647143,90.4091295,23.7558332,0.00301867,4,3,0,1
Zone_DH607,4077647142,90.4087716,23.7557798,0.0,4,1,0,0
Zone_DH607,4062876971,90.411827,23.7583712,0.07585216,3,3,0,1
Zone_DH607,4062876972,90.4120513,23.7583944,0.07591566,3,3,0,0
Zone_DH607,4077761837,90.4146025,23.7540387,0.0,4,1,0,0
Zone_DH607,4062876974,90.4118642,23.7586553,0.0,4,1,0,0
Zone_DH607,4062876978,90.4114821,23.7587801,0.05144941,3,3,0,0
Zone_DH607,6092330344,90.4261547,23.7510967,0.00288349,4,3,0,1
Zone_DH607,6092330345,90.4254758,23.7509837,0.0,4,1,0,0
Zone_DH607,3384407406,90.4080752,23.7575746,0.00112108,4,3,0,1
Zone_DH607,4975015296,90.4143609,23.7564833,0.12036699,2,3,0,1
Zone_DH607,4975015298,90.4139125,23.7574695,0.05324578,3,3,0,1
Zone_DH607,4975015303,90.414563,23.759146,0.00254773,4,3,0,1
Zone_DH607,4072764808,90.4070951,23.7582047,0.0,4,1,0,0
Zone_DH607,4975015304,90.4141011,23.7591491,0.0,4,1,0,0
Zone_DH607,4072764813,90.407174,23.7584329,0.0,4,1,0,0
Zone_DH607,3732731279,90.4181448,23.7500033,0.0033123,4,3,0,0
Zone_DH607,4073035165,90.4159197,23.7596925,0.0,4,3,0,0
Zone_DH607,3304715680,90.4158651,23.7550002,0.07936251,2,3,0,0
Zone_DH607,4948374947,90.4103965,23.7649201,0.0,4,1,0,0
Zone_DH607,4948374948,90.4107575,23.7659758,0.00915221,4,3,0,0
Zone_DH607,4077598115,90.4130977,23.754068,0.00113365,4,3,0,1
Zone_DH607,4077598116,90.4133732,23.7540817,0.0,4,1,0,0
Zone_DH607,4948374950,90.4085009,23.7679586,0.0,4,1,0,0
Zone_DH607,4073035187,90.4160551,23.7604343,0.00475719,4,3,0,0
Zone_DH607,3304715720,90.4171426,23.7546419,0.0236212,3,3,0,1
Zone_DH607,3304715722,90.4166457,23.7546552,0.0,4,1,0,0
Zone_DH607,4063057356,90.413778,23.7590535,0.04299261,3,3,0,1
Zone_DH607,4063057362,90.4131682,23.7593407,0.0,4,1,0,0
Zone_DH607,4063057364,90.4138043,23.7593444,0.04131383,3,3,0,1
Zone_DH607,4063057372,90.4131787,23.7596705,0.0,4,1,0,0
Zone_DH607,4063057373,90.4138481,23.7596319,0.04021476,3,3,0,1
Zone_DH607,4063057374,90.4138595,23.7597092,0.03983813,3,3,0,0
Zone_DH607,268416479,90.4175805,23.7615039,0.07757118,2,4,0,0
Zone_DH607,3731445224,90.4192212,23.7520836,0.00818266,4,3,0,0
Zone_DH607,6136837649,90.4233529,23.7475678,0.00110913,4,3,0,0
Zone_DH607,3888805395,90.406189,23.7498503,0.00447865,4,3,0,1
Zone_DH607,3888805396,90.4059482,23.7492989,0.00224089,4,3,0,1
Zone_DH607,6136837656,90.4223561,23.7468095,0.00012449,4,3,0,0
Zone_DH607,3855078948,90.4153731,23.7577015,0.00814305,4,3,0,1
Zone_DH607,10240013873,90.4180777,23.7684165,0.0,4,3,0,0
Zone_DH607,4950677045,90.4274399,23.7616842,0.0,4,1,0,0
Zone_DH607,4950677046,90.4276499,23.7620281,0.00224089,4,3,0,1
Zone_DH607,6547994167,90.4217606,23.7596713,0.01194327,4,3,0,0
Zone_DH607,4950677048,90.4273004,23.7622189,0.00446293,4,3,0,1
Zone_DH607,4950677047,90.4271549,23.7619684,0.0,4,1,0,0
Zone_DH607,10240013880,90.4201669,23.7681182,0.00101482,4,3,0,0
Zone_DH607,6547994174,90.4218221,23.7580123,0.08674917,2,3,0,0
Zone_DH607,6122550847,90.4169456,23.7495608,0.0,4,1,0,0
Zone_DH607,6122550851,90.4174393,23.7501292,0.00590593,4,3,0,1
Zone_DH607,6426039890,90.4166273,23.7554614,0.00224152,4,3,0,1
Zone_DH607,3525301844,90.4042662,23.754907,0.00186993,4,2,0,0
Zone_DH607,6806394458,90.4081203,23.7471775,0.0012003,4,3,0,1
Zone_DH607,6806394459,90.4081028,23.7473474,0.00325634,4,3,0,1
Zone_DH607,3500750448,90.4079409,23.7487762,0.01725313,3,4,0,0
Zone_DH607,4063688312,90.4168983,23.7618642,0.07213871,3,4,0,0
Zone_DH607,5910328976,90.4170725,23.7548121,0.02495165,3,3,0,1
Zone_DH607,5910328977,90.4165276,23.7552713,0.02955542,3,3,0,1
Zone_DH607,5910328979,90.416693,23.7555968,0.0,4,1,0,0
Zone_DH607,4899157654,90.4289221,23.750181,0.0,4,2,0,0
Zone_DH607,4899157660,90.4281628,23.7495383,0.00224089,4,3,0,1
Zone_DH607,4899157666,90.4282456,23.7492633,0.00112108,4,2,0,1
Zone_DH607,4072806054,90.4133487,23.7592121,0.0,4,1,0,0
Zone_DH607,386938597,90.4179722,23.7662098,0.04993222,3,3,0,1
Zone_DH607,386938604,90.4128265,23.7648725,0.03403909,3,4,0,1
Zone_DH607,9372088046,90.4078507,23.7615533,0.00241946,4,3,0,0
Zone_DH607,11505161966,90.4166438,23.7599142,0.0,4,1,0,0
Zone_DH607,6782457587,90.4104284,23.746847,0.00112108,4,2,0,1
Zone_DH607,386938656,90.4158395,23.7650412,0.0,4,1,0,0
Zone_DH607,386938671,90.4139358,23.7669404,0.02503402,3,3,0,0
Zone_DH607,4072888114,90.41849,23.7671721,0.01813088,3,3,0,0
Zone_DH607,386938678,90.4143077,23.7671475,0.0,4,1,0,0
Zone_DH607,3604666189,90.4182673,23.7592896,0.23712366,1,3,0,0
Zone_DH607,4072961891,90.4181156,23.7640667,0.07700907,2,3,0,1
Zone_DH607,4072961901,90.4174967,23.7639471,0.00224152,4,3,0,1
Zone_DH607,4077655956,90.4127416,23.7565077,0.05916742,3,3,0,1
Zone_DH607,4077655957,90.4127608,23.7562607,0.0,4,1,0,0
Zone_DH607,6633035673,90.4292738,23.7527005,0.0,4,1,0,0
Zone_DH607,386930588,90.4155621,23.746865,0.00379078,4,3,0,1
Zone_DH607,386930590,90.4164133,23.7469055,0.00518034,4,3,0,1
Zone_DH607,4072830893,90.4113938,23.7591494,0.04241981,3,3,0,1
Zone_DH607,4072830894,90.4119806,23.7591492,0.0,4,1,0,0
Zone_DH607,642611136,90.4168181,23.7502308,0.01665455,4,3,0,0
Zone_DH607,642611138,90.4161963,23.7503391,0.01922303,3,3,0,0
Zone_DH607,642611141,90.415553,23.7523672,0.02758866,3,3,0,0
Zone_DH607,642611144,90.4190857,23.7494569,0.03406739,3,3,0,0
Zone_DH607,642611147,90.4168806,23.7524519,0.11324693,2,3,0,0
Zone_DH607,3489462249,90.4168554,23.7595513,0.0,4,1,0,0
Zone_DH607,4898904044,90.4165121,23.7461822,0.00112108,4,2,0,1
Zone_DH607,4082989055,90.4126509,23.7548601,0.0,4,1,0,0
Zone_DH607,11399763969,90.4066214,23.7546025,0.0,4,1,0,0
Zone_DH607,4898904066,90.4188136,23.747255,0.00112108,4,3,0,1
Zone_DH607,11399763971,90.4065254,23.7557989,0.0,4,1,0,0
Zone_DH607,4898904082,90.4183871,23.7475373,0.00110976,4,3,0,0
Zone_DH607,4073035795,90.4161105,23.7609321,0.0145457,4,3,0,0
Zone_DH607,4898904086,90.4187733,23.7476172,0.00264644,4,3,0,0
Zone_DH607,4077770781,90.4096669,23.7537983,0.0,4,1,0,0
Zone_DH607,6326278173,90.4240386,23.7585552,0.01186467,4,3,0,0
Zone_DH607,4077770783,90.4096911,23.7542606,0.06404219,3,3,0,1
Zone_DH607,3355433003,90.4158973,23.7634346,0.05693785,3,3,0,0
Zone_DH607,6559324209,90.4198936,23.7622931,0.06108199,3,3,0,0
Zone_DH607,4072765508,90.4073078,23.757865,0.00671074,4,3,0,1
Zone_DH607,4072765511,90.4070328,23.7581033,0.0,4,1,0,0
Zone_DH607,4077615180,90.4117922,23.7498019,0.0,4,1,0,0
Zone_DH607,11505188779,90.4206051,23.7660057,0.0,4,1,0,0
Zone_DH607,2319145046,90.4123612,23.7685318,0.00218368,4,3,0,0
Zone_DH607,4072962136,90.4177293,23.7639931,0.00447865,4,3,0,1
Zone_DH607,4072962140,90.4176635,23.7642828,0.0,4,1,0,0
Zone_DH607,4975032419,90.4136138,23.7561734,0.00782113,4,3,0,1
Zone_DH607,4975032420,90.414369,23.7582667,0.06533114,3,3,0,0
Zone_DH607,4064819305,90.4093562,23.7511925,0.07884756,2,3,0,1
Zone_DH607,4077639797,90.4051947,23.7511187,0.00112108,4,2,0,1
Zone_DH607,4077729931,90.4143468,23.7541186,0.0,4,1,0,0
Zone_DH607,4077729932,90.4143466,23.7542285,0.01428665,4,3,0,1
Zone_DH607,4899575950,90.4195853,23.7462201,0.0,4,1,0,0
Zone_DH607,4072954001,90.4178699,23.7624578,0.00224152,4,3,0,1
Zone_DH607,4072954009,90.4172203,23.7626772,0.0,4,1,0,0
Zone_DH607,386939034,90.4146923,23.7676287,0.03645038,3,3,0,0
Zone_DH607,4899575963,90.420328,23.7463599,0.00112108,4,2,0,1
Zone_DH607,4072954016,90.4175363,23.7625846,0.0,4,1,0,0
Zone_DH607,4072954020,90.4173209,23.7625409,0.00224152,4,3,0,1
Zone_DH607,4072872107,90.4187806,23.7678619,0.00438873,4,3,0,0
Zone_DH607,4072872109,90.4188134,23.7682107,0.01334037,4,4,0,0
Zone_DH607,3074054319,90.4191889,23.7610457,0.11722949,2,3,0,0
Zone_DH607,4899575983,90.4237961,23.7470977,8.174e-05,4,3,0,0
Zone_DH607,4072954034,90.417282,23.7620039,0.00428562,4,3,0,0
Zone_DH607,3523197120,90.4061751,23.7532824,0.02025734,3,3,0,1
Zone_DH607,4899576004,90.4238211,23.7475402,0.00661768,4,3,0,0
Zone_DH607,3489437893,90.4155706,23.7594416,0.01358433,4,3,0,0
Zone_DH607,3489437895,90.4158988,23.7594671,0.01285056,4,3,0,0
Zone_DH607,3489437903,90.4161718,23.7597013,0.00720934,4,3,0,0
Zone_DH607,123033811,90.4181246,23.7593558,0.08529045,2,3,0,0
Zone_DH607,642586853,90.4045019,23.7617241,0.00122042,4,3,0,0
Zone_DH607,4978768104,90.4099186,23.7566846,0.04441298,3,3,0,1
Zone_DH607,4072896744,90.4209239,23.7665739,0.00983567,4,3,0,0
Zone_DH607,642586860,90.4072336,23.7657339,0.00188753,4,4,0,0
Zone_DH607,4072896749,90.4209511,23.7664475,0.00447865,4,3,0,1
Zone_DH607,642586862,90.4080736,23.7663378,0.00340913,4,3,0,0
Zone_DH607,11503147247,90.4190692,23.7616444,0.0760892,2,3,0,1
Zone_DH607,11503147249,90.4186517,23.7616229,0.0,4,1,0,0
Zone_DH607,4072896766,90.4203158,23.7662261,0.0,4,1,0,0
Zone_DH607,4899068159,90.4266263,23.7537039,0.0,4,1,0,0
Zone_DH607,3489437955,90.4148123,23.7589094,0.0,4,1,0,0
Zone_DH607,3489437959,90.415711,23.7583232,0.07019396,3,3,0,0
Zone_DH607,3489437960,90.4153947,23.7583073,0.07187149,3,3,0,0
Zone_DH607,4062837013,90.4132035,23.7636195,0.01197408,4,3,0,0
Zone_DH607,4899576086,90.420284,23.7492862,0.0036141,4,3,0,0
Zone_DH607,4072806679,90.4127318,23.7591564,0.05265097,3,3,0,0
Zone_DH607,4062837014,90.4133502,23.7639057,0.0068214,4,4,0,1
Zone_DH607,4077648160,90.4089311,23.7557361,0.0,4,1,0,0
Zone_DH607,4077648161,90.4091443,23.7557564,0.00518663,4,3,0,1
Zone_DH607,3516324154,90.4104349,23.750646,0.00112108,4,3,0,1
Zone_DH607,3516324162,90.4098336,23.7514793,0.04653252,3,3,0,1
Zone_DH607,3516324163,90.409749,23.7511398,0.0,4,1,0,0
Zone_DH607,11335072073,90.4209638,23.7584822,0.07613007,2,3,0,1
Zone_DH607,11335072074,90.4208679,23.7588658,0.0,4,1,0,0
Zone_DH607,7085685068,90.4208592,23.7499925,0.01367675,4,3,0,0
Zone_DH607,4899576147,90.4233201,23.7503495,0.00434221,4,3,0,0
Zone_DH607,4072986996,90.4169299,23.7653052,0.00760483,4,3,0,1
Zone_DH607,5988448633,90.4104701,23.7490372,0.00804245,4,4,0,1
Zone_DH607,5761087868,90.4191789,23.7504671,0.0,4,1,0,0
Zone_DH607,3310532991,90.4160636,23.7566941,0.05370477,3,3,0,1
Zone_DH607,7768283522,90.4091022,23.7481212,0.00596692,4,3,0,0
Zone_DH607,4072987017,90.4179392,23.765139,0.06160826,3,3,0,0
Zone_DH607,4072987022,90.4179418,23.7651141,0.06520225,3,3,0,1
Zone_DH607,4973279640,90.4071546,23.7625978,0.01571079,4,3,0,0
Zone_DH607,10186275243,90.4269837,23.7632895,0.00356946,4,3,0,0
Zone_DH607,3220453824,90.4259024,23.7483029,0.00721689,4,3,0,0
Zone_DH607,3220453826,90.4264783,23.748146,0.00138012,4,3,0,0
Zone_DH607,3220453827,90.4265881,23.7478745,0.00112422,4,3,0,0
Zone_DH607,3220453828,90.4266247,23.7475741,7.55e-06,4,2,0,0
Zone_DH607,3220453835,90.4259765,23.7480428,0.00446041,4,3,0,0
Zone_DH607,3220453836,90.4260636,23.7477624,0.00223398,4,3,0,0
Zone_DH607,3220453837,90.4261521,23.7474892,0.00112296,4,3,0,1
Zone_DH607,3220453838,90.4262213,23.7472085,0.0,4,1,0,0
Zone_DH607,3220453840,90.4256076,23.7486484,0.0131706,4,3,0,0
Zone_DH607,4676295120,90.4061347,23.758302,0.0087454,4,3,0,0
Zone_DH607,4077648338,90.4143781,23.7544285,0.00510363,4,3,0,1
Zone_DH607,4077648337,90.4142296,23.7544309,0.0,4,1,0,0
Zone_DH607,3220453845,90.4254812,23.7467244,0.0,4,2,0,0
Zone_DH607,3220453846,90.4240725,23.7490122,0.01409236,4,3,0,0
Zone_DH607,3220453848,90.4236934,23.7483844,0.01673692,4,3,0,0
Zone_DH607,3220453849,90.4238631,23.748693,0.01119882,4,3,0,0
Zone_DH607,1756862942,90.4096037,23.7507404,0.0,4,1,0,0
Zone_DH607,3220453855,90.4256702,23.7482143,0.00494393,4,3,0,0
Zone_DH607,3220453856,90.4252118,23.7500202,0.00211011,4,3,0,0
Zone_DH607,3220453857,90.4253061,23.7502238,0.01570638,4,4,0,0
Zone_DH607,1756862946,90.4102211,23.7509217,0.0089378,4,3,0,1
Zone_DH607,3220453858,90.4253459,23.7503052,0.02269629,3,3,0,0
Zone_DH607,4898904553,90.4280732,23.7497741,0.00782113,4,4,0,0
Zone_DH607,4879751660,90.4091233,23.7674529,0.0,4,1,0,0
Zone_DH607,4898904594,90.4285924,23.7500156,0.00112108,4,3,0,0
Zone_DH607,4077623834,90.4073363,23.7565134,0.0,4,1,0,0
Zone_DH607,4898904611,90.4279004,23.7501603,0.00112736,4,3,0,0
Zone_DH607,4077681190,90.4098807,23.7557182,0.0,4,1,0,0
Zone_DH607,4077681197,90.4145384,23.7564945,0.11973321,2,3,0,1
Zone_DH607,4077681198,90.4145676,23.7569008,0.0,4,1,0,0
Zone_DH607,10143177278,90.4166537,23.7564114,0.09424145,2,3,0,0
Zone_DH607,7421540927,90.4091708,23.7556235,0.03593291,3,3,0,0
Zone_DH607,7421540932,90.4080696,23.7554821,0.02893232,3,3,0,1
Zone_DH607,3220453961,90.4247231,23.7518506,0.02613057,3,3,0,0
Zone_DH607,3220453962,90.4248363,23.7519214,0.00464338,4,3,0,0
Zone_DH607,3220453963,90.4249265,23.7523328,0.00212017,4,3,0,0
Zone_DH607,3220453964,90.4252292,23.7517545,0.01354974,4,3,0,0
Zone_DH607,3462576716,90.4135892,23.7519457,0.0844215,2,3,0,0
Zone_DH607,3220453966,90.4247991,23.7517536,0.02340553,3,3,0,0
Zone_DH607,3220453965,90.4249068,23.7518189,0.01845532,3,3,0,0
Zone_DH607,4601068113,90.4236791,23.7502199,0.00397627,4,3,0,0
Zone_DH607,4973066843,90.4127528,23.7638024,0.00523504,4,3,0,1
Zone_DH607,10239580765,90.4188258,23.7682683,0.00481377,4,3,0,0
Zone_DH607,4077582942,90.4094979,23.7501696,0.00671074,4,3,0,1
Zone_DH607,3220453983,90.4246132,23.7501993,0.01021544,4,3,0,0
Zone_DH607,3220453984,90.4250162,23.750078,0.00067214,4,3,0,0
Zone_DH607,3220453985,90.4245726,23.7492511,0.00578206,4,3,0,0
Zone_DH607,3220453986,90.4256263,23.7478503,0.00383543,4,3,0,1
Zone_DH607,3220453987,90.4246736,23.7479164,0.0,4,1,0,0
Zone_DH607,3220453988,90.4255744,23.7475095,0.00224718,4,3,0,1
Zone_DH607,3220453989,90.4250692,23.7475707,0.0,4,1,0,0
Zone_DH607,387381862,90.4101351,23.7513648,0.05255226,3,3,0,1
Zone_DH607,3220453990,90.4255185,23.7471549,0.00122608,4,3,0,0
Zone_DH607,3220453992,90.4250578,23.7471276,0.00188502,4,3,0,0
Zone_DH607,4077582945,90.409456,23.7503483,0.0,4,1,0,0
Zone_DH607,7283153511,90.405328,23.7611032,0.00117138,4,3,0,1
Zone_DH607,3220453996,90.4228676,23.7486991,0.00573113,4,3,0,0
Zone_DH607,4072782445,90.4130226,23.7571626,0.0,4,1,0,0
Zone_DH607,3220453997,90.4231888,23.7493816,0.00565505,4,3,0,0
Zone_DH607,3220453998,90.422853,23.7494885,0.00577452,4,3,0,0
Zone_DH607,3220454000,90.4198623,23.749345,0.00420388,4,3,0,0
Zone_DH607,3220453999,90.4225804,23.7487994,0.00631148,4,3,0,0
Zone_DH607,3220454003,90.4171877,23.7501712,0.00654349,4,3,0,0
Zone_DH607,4599200368,90.4140703,23.75076,0.00205667,4,3,0,0
Zone_DH607,4599200367,90.4140384,23.7504896,0.00178693,4,3,0,0
Zone_DH607,3220454008,90.4185936,23.7508413,0.00267914,4,3,0,0
Zone_DH607,3220454009,90.419247,23.7524954,0.04300707,3,3,0,0
Zone_DH607,3220454010,90.4225485,23.7518245,0.03724262,3,3,0,0
Zone_DH607,11182324347,90.4196767,23.7591132,0.01716573,3,3,0,0
Zone_DH607,3220454012,90.4205333,23.7527052,0.05259564,3,3,0,0
Zone_DH607,3220454013,90.4180413,23.752774,0.02956925,3,3,0,0
Zone_DH607,3220454014,90.4181158,23.7524654,0.04613452,3,3,0,0
Zone_DH607,11182324345,90.4195706,23.7589,0.0,4,1,0,0
Zone_DH607,3220454016,90.4146605,23.7531711,0.10723663,2,3,0,0
Zone_DH607,11182324352,90.4199041,23.7585884,0.00289292,4,3,0,1
Zone_DH607,3220454020,90.4127203,23.7499803,0.07266372,3,3,0,0
Zone_DH607,4062804614,90.4114836,23.7610149,0.0,4,1,0,0
Zone_DH607,11182324360,90.4185312,23.7582156,0.0026389,4,3,0,1
Zone_DH607,3220454026,90.4197034,23.7616839,0.06423019,3,3,0,0
Zone_DH607,3220454027,90.4189631,23.7603899,0.11244527,2,3,0,0
Zone_DH607,6285580945,90.4065808,23.7481873,0.0,4,1,0,0
Zone_DH607,3220454034,90.4234843,23.7481109,0.01905075,3,4,0,0
Zone_DH607,6285580947,90.4060932,23.7491458,0.0023044,4,3,0,0
Zone_DH607,3220454036,90.4160845,23.7494745,0.02441658,3,4,0,0
Zone_DH607,11337177799,90.4139318,23.7499475,0.0087957,4,3,0,0
Zone_DH607,386939596,90.415116,23.7662303,0.00714458,4,4,0,1
Zone_DH607,4894907090,90.4071443,23.7491868,0.01327057,4,3,0,0
Zone_DH607,387128019,90.4197964,23.7590815,0.07973222,2,3,0,0
Zone_DH607,387128023,90.4277129,23.7548697,0.00336071,4,3,0,1
Zone_DH607,387128036,90.4176693,23.7500908,0.00443652,4,3,0,0
Zone_DH607,387128042,90.4264863,23.7489074,0.00542807,4,3,0,0
Zone_DH607,387128044,90.4257903,23.7486961,0.01318506,4,3,0,0
Zone_DH607,387128046,90.4250355,23.748636,0.01424704,4,3,0,0
Zone_DH607,6196574962,90.4183164,23.7463936,0.0,4,1,0,0
Zone_DH607,4062780149,90.4061569,23.7580304,0.0,4,1,0,0
Zone_DH607,387128055,90.4204059,23.75006,0.00804811,4,3,0,0
Zone_DH607,387128056,90.4199624,23.7501247,0.00885858,4,3,0,0
Zone_DH607,387128069,90.4172669,23.7511228,0.00536142,4,3,0,0
Zone_DH607,4072798981,90.4070942,23.7547854,0.0,4,1,0,0
Zone_DH607,386923280,90.404876,23.7523429,0.00112108,4,2,0,1
Zone_DH607,3940989717,90.4177325,23.7592548,0.01275374,4,3,0,1
Zone_DH607,386923285,90.4062049,23.7533138,0.03314437,3,3,0,0
Zone_DH607,3462576917,90.4118206,23.7535909,0.01193572,4,3,0,0
Zone_DH607,3940989720,90.4176226,23.7595855,0.0,4,1,0,0
Zone_DH607,4388870934,90.4246387,23.7653678,0.0,4,1,0,0
Zone_DH607,4388870939,90.4253839,23.7665867,0.00843228,4,3,0,1
Zone_DH607,386923291,90.4077712,23.7539661,0.07702228,2,3,0,0
Zone_DH607,387128097,90.4232567,23.7485556,0.01049461,4,3,0,0
Zone_DH607,3462576933,90.4135278,23.753704,0.0,4,1,0,0
Zone_DH607,4077673259,90.4140045,23.7543535,0.0,4,1,0,0
Zone_DH607,386939696,90.4155503,23.765048,0.01172383,4,4,0,1
Zone_DH607,386939697,90.415566,23.7662198,0.00872654,4,4,0,1
Zone_DH607,5753281334,90.4117375,23.7686601,0.00219122,4,3,0,0
Zone_DH607,3462576954,90.4124618,23.7538193,0.01575606,4,3,0,0
Zone_DH607,386939707,90.4166411,23.7624503,0.01355855,4,3,0,1
Zone_DH607,4062829376,90.4114908,23.7584635,0.05310179,3,3,0,1
Zone_DH607,3489487680,90.4216763,23.7619252,0.0,4,1,0,0
Zone_DH607,3384425284,90.4159833,23.7575443,0.00933643,4,3,0,0
Zone_DH607,387128133,90.4190363,23.7489876,0.0433925,3,3,0,0
Zone_DH607,387128134,90.4191262,23.7498805,0.02744468,3,3,0,0
Zone_DH607,3489487687,90.4204254,23.7613207,0.0,4,1,0,0
Zone_DH607,3462576965,90.413122,23.7538417,0.00224152,4,3,0,1
Zone_DH607,3384425290,90.4156379,23.7569196,0.00958102,4,3,0,1
Zone_DH607,3489487691,90.4197295,23.7592738,0.06612904,3,3,0,1
Zone_DH607,386931532,90.4185613,23.7487535,0.00978411,4,3,0,0
Zone_DH607,3462576971,90.4134827,23.7539749,0.0,4,1,0,0
Zone_DH607,387128143,90.4203572,23.7492762,0.01029089,4,3,0,0
Zone_DH607,387128145,90.4218323,23.7490002,0.00797832,4,3,0,0
Zone_DH607,3462576982,90.4124656,23.7542323,0.00224215,4,3,0,0
Zone_DH607,3937205078,90.4125774,23.762269,0.00224152,4,3,0,1
Zone_DH607,3937205081,90.4128263,23.7619249,0.0,4,1,0,0
Zone_DH607,4073085785,90.4078945,23.7569365,0.00224152,4,3,0,1
Zone_DH607,4073085786,90.4079614,23.7569477,0.0,4,1,0,0
Zone_DH607,4073085788,90.4074323,23.7568783,0.01116738,4,3,0,1
Zone_DH607,4072831846,90.4079983,23.7559567,0.02765594,3,3,0,0
Zone_DH607,386931564,90.4169913,23.7478682,0.006253,4,3,0,0
Zone_DH607,4073110388,90.4095237,23.7553832,0.04375404,3,3,0,1
Zone_DH607,3462577022,90.4117758,23.7542131,0.00253956,4,3,0,1
Zone_DH607,6546045841,90.4112694,23.7463398,0.00674532,4,3,0,0
Zone_DH607,6546045842,90.4113275,23.7469046,0.00447613,4,3,0,1
Zone_DH607,4879760276,90.4051461,23.7616819,0.00229182,4,3,0,0
Zone_DH607,6546045845,90.4114455,23.7472827,0.00451323,4,3,0,0
Zone_DH607,4879760286,90.4067126,23.7621977,0.00573491,4,3,0,0
Zone_DH607,4599094177,90.4186606,23.7505025,0.00184666,4,3,0,0
Zone_DH607,4599094187,90.4191727,23.7502349,0.03959292,3,4,0,1
Zone_DH607,4077582943,90.4094006,23.7501831,0.0089378,4,3,0,1
Zone_DH607,4077582944,90.4093739,23.7503352,0.0,4,1,0,0
Zone_DH607,4676541364,90.4216147,23.7681691,0.00109718,4,2,0,0
Zone_DH607,4077616054,90.407107,23.7563226,0.0,4,1,0,0
Zone_DH607,4077616055,90.4074844,23.756349,0.03093177,3,3,0,1
Zone_DH607,4676541365,90.4216081,23.7680402,0.01203129,4,3,0,0
Zone_DH607,4676541369,90.4215181,23.7681581,1.823e-05,4,2,0,0
Zone_DH607,4676541367,90.421702,23.768032,0.0082556,4,2,0,0
Zone_DH607,3499424699,90.4062576,23.7523314,0.0,4,1,0,0
Zone_DH607,4073110491,90.4094972,23.7556987,0.04374775,3,3,0,1
Zone_DH607,3499424754,90.4067332,23.7525409,0.0,4,1,0,0
Zone_DH607,4072831999,90.4091334,23.7582064,0.00112108,4,3,0,1
Zone_DH607,4072832002,90.408941,23.7582266,0.0,4,1,0,0
Zone_DH607,3499424782,90.405736,23.7527416,0.01906144,3,3,0,1
Zone_DH607,4072750097,90.405861,23.7577681,0.0,4,1,0,0
Zone_DH607,5956369435,90.4227386,23.7528608,0.0,4,1,0,0
Zone_DH607,2761727009,90.4175319,23.7619958,0.00526837,4,3,0,1
Zone_DH607,4898905122,90.4265292,23.7512534,0.0,4,1,0,0
Zone_DH607,2761727017,90.4186651,23.7627344,0.08385374,2,4,0,1
Zone_DH607,4898905132,90.4251397,23.7513374,0.01471798,4,3,0,0
Zone_DH607,4898905134,90.4254332,23.7513578,0.01305051,4,3,0,1
Zone_DH607,4898905139,90.4260944,23.7513986,0.01177413,4,3,0,1
Zone_DH607,11043191865,90.4180666,23.7655436,0.0,4,1,0,0
Zone_DH607,11043191866,90.4186063,23.7655341,0.00224152,4,3,0,1
Zone_DH607,4072946750,90.4191211,23.7613433,0.07797925,2,3,0,1
Zone_DH607,11043191870,90.4185815,23.7660046,0.0,4,1,0,0
Zone_DH607,4072848454,90.4093104,23.7582031,0.02409151,3,3,0,0
Zone_DH607,5738364008,90.4263907,23.7666527,0.0,4,1,0,0
Zone_DH607,3888725100,90.4145434,23.7621574,0.03241124,3,3,0,1
Zone_DH607,3888725101,90.4149866,23.7625759,0.01338375,4,3,0,1
Zone_DH607,3888725103,90.4151255,23.763138,0.0,4,1,0,0
Zone_DH607,3888725104,90.4150835,23.7629644,0.00112108,4,3,0,1
Zone_DH607,3888725106,90.4151886,23.7625489,0.00112233,4,3,0,1
Zone_DH607,3888725107,90.4152596,23.7625243,0.0,4,1,0,0
Zone_DH607,3888725108,90.4150402,23.762778,0.00335443,4,3,0,0
Zone_DH607,3888725109,90.4152189,23.7627565,3.77e-06,4,3,0,0
Zone_DH607,3888725110,90.4151413,23.7625576,0.00335568,4,3,0,1
Zone_DH607,4077763700,90.4127235,23.7550308,0.0472361,3,3,0,1
Zone_DH607,3888725112,90.415281,23.7623721,0.0,4,1,0,0
Zone_DH607,3489487994,90.4204577,23.7593551,0.0,4,1,0,0
Zone_DH607,1756855426,90.4129651,23.7499861,0.05167828,3,4,0,0
Zone_DH607,11795438733,90.4077851,23.7639884,0.00119401,4,3,0,1
Zone_DH607,11795438741,90.4095342,23.7643361,0.00224089,4,2,0,1
Zone_DH607,3489488038,90.4195214,23.7599883,0.0,4,1,0,0
Zone_DH607,3489488039,90.4194977,23.7603809,0.04796924,3,3,0,1
Zone_DH607,11795438767,90.4086907,23.7644893,0.0,4,1,0,0
Zone_DH607,11795438768,90.4089848,23.7644975,0.00112108,4,2,0,1
Zone_DH607,4077706429,90.4101818,23.7531506,0.00224152,4,3,0,1
Zone_DH607,4072791230,90.4112937,23.7559498,0.1210121,1,3,0,1
Zone_DH607,4077706430,90.4101881,23.7533518,0.0,4,1,0,0
Zone_DH607,4072791232,90.4128694,23.7560474,0.0,4,1,0,0
Zone_DH607,3885497550,90.4103383,23.7572161,0.01284239,4,3,0,1
Zone_DH607,3885497552,90.4105638,23.7572385,0.01428979,4,3,0,1
Zone_DH607,4062993629,90.41229,23.7594294,0.05265474,3,3,0,1
Zone_DH607,4062993632,90.4124004,23.7598253,0.0,4,1,0,0
Zone_DH607,3120389363,90.4084318,23.7668178,0.00155806,4,3,0,0
Zone_DH607,3120389364,90.4090184,23.7672965,0.00483264,4,3,0,0
Zone_DH607,4898905332,90.4263758,23.7519169,0.00671074,4,3,0,1
Zone_DH607,3937279224,90.413818,23.7636202,0.0,4,1,0,0
Zone_DH607,3937279227,90.4129317,23.7642059,0.00774505,4,3,0,0
Zone_DH607,3937279228,90.4127818,23.76432,0.00956153,4,3,0,0
Zone_DH607,11897765122,90.40762,23.7613063,0.01081967,4,3,0,0
Zone_DH607,11897765125,90.405765,23.7598732,0.0,4,1,0,0
Zone_DH607,871742727,90.4053493,23.7524592,0.01641059,4,3,0,1
Zone_DH607,11897765129,90.4053194,23.7604641,0.0,4,1,0,0
Zone_DH607,871742731,90.4054091,23.7520394,0.01267577,4,3,0,1
Zone_DH607,871742732,90.4055888,23.7516705,0.01451552,4,3,0,1
Zone_DH607,871742738,90.406486,23.7515029,0.01417724,4,3,0,1
Zone_DH607,871742740,90.4064683,23.7517116,0.01620939,4,3,0,1
Zone_DH607,871742742,90.4075102,23.7516332,0.02042585,3,3,0,1
Zone_DH607,4898905368,90.4255522,23.7520642,0.0,4,1,0,0
Zone_DH607,871742747,90.4066358,23.7505972,0.0,4,1,0,0
Zone_DH607,3304725798,90.4054021,23.7550311,0.00300735,4,3,0,1
Zone_DH607,4072889647,90.4145481,23.7572016,0.0,4,1,0,0
Zone_DH607,4072889648,90.4143364,23.7572029,0.00224152,4,3,0,1
Zone_DH607,4072889649,90.414337,23.7572728,0.0,4,1,0,0
Zone_DH607,4072889650,90.4144244,23.7573196,0.0,4,1,0,0
Zone_DH607,4072889651,90.414422,23.7575656,0.00224152,4,3,0,1
Zone_DH607,6136847664,90.4139821,23.7496528,0.04844395,3,3,0,0
Zone_DH607,4072889653,90.4144032,23.7576918,0.0,4,1,0,0
Zone_DH607,6136847663,90.412719,23.7495585,0.01179739,4,3,0,0
Zone_DH607,6281919800,90.4071078,23.7616355,0.00756459,4,3,0,0
Zone_DH607,10186276157,90.426437,23.7625415,0.01248526,4,3,0,0
Zone_DH607,386923840,90.411358,23.7563681,0.13373188,1,3,0,0
Zone_DH607,4077665601,90.4133129,23.7544002,0.0,4,1,0,0
Zone_DH607,386923842,90.4114718,23.7578775,0.10193494,2,3,0,0
Zone_DH607,386923843,90.4114858,23.7583763,0.11493452,2,3,0,0
Zone_DH607,4077665602,90.4135541,23.7544304,0.01120447,4,3,0,1
Zone_DH607,4417199429,90.4138677,23.7668758,0.02564831,3,3,0,0
Zone_DH607,11505950022,90.419288,23.7659588,0.0,4,1,0,0
Zone_DH607,4417199430,90.4135775,23.7671855,0.00533502,4,3,0,0
Zone_DH607,386923848,90.4109897,23.7601009,0.09273055,2,4,0,1
Zone_DH607,11505950024,90.4196273,23.7662436,0.0,4,1,0,0
Zone_DH607,4417199431,90.4123149,23.7684864,0.00425104,4,3,0,0
Zone_DH607,11505950027,90.415594,23.7669133,0.0,4,1,0,0
Zone_DH607,11505950032,90.4169386,23.7666425,0.00389767,4,3,0,1
Zone_DH607,4417199440,90.4120096,23.768766,7.859e-05,4,3,0,0
Zone_DH607,11505950034,90.417686,23.7662086,0.0,4,1,0,0
Zone_DH607,3518725458,90.4050834,23.7544256,0.0,4,1,0,0
Zone_DH607,4077665619,90.4073451,23.7531689,0.0,4,1,0,0
Zone_DH607,4077665621,90.4077231,23.7531953,0.02652543,3,3,0,1
Zone_DH607,11505950039,90.4128905,23.7633513,0.0,4,1,0,0
Zone_DH607,4077616476,90.406007,23.7562842,0.0,4,1,0,0
Zone_DH607,6136872285,90.4144349,23.7493268,0.01870305,3,3,0,0
Zone_DH607,4077616477,90.4060026,23.7563746,0.00401714,4,3,0,1
Zone_DH607,6136872294,90.4150956,23.7484147,0.00838701,4,3,0,0
Zone_DH607,11505474921,90.4157747,23.7642295,0.0,4,1,0,0
Zone_DH607,11505474922,90.4155396,23.7642365,0.00122105,4,3,0,1
Zone_DH607,871718252,90.4090867,23.75076,0.07914056,2,3,0,1
Zone_DH607,11505474928,90.4163816,23.764823,0.0,4,1,0,0
Zone_DH607,4133944689,90.4117252,23.7597381,0.06289345,3,3,0,0
Zone_DH607,11505474929,90.4159938,23.7647756,0.00224152,4,3,0,1
Zone_DH607,3429973363,90.4123031,23.7460086,0.00143043,4,3,0,0
Zone_DH607,3429973364,90.4122287,23.7457512,0.00280741,4,2,0,0
Zone_DH607,11505474931,90.4161959,23.7646215,0.0,4,1,0,0
Zone_DH607,11505474937,90.416268,23.7643057,0.0,4,1,0,0
Zone_DH607,11505474938,90.4169079,23.7640885,0.0,4,1,0,0
Zone_DH607,11505474942,90.416617,23.7646081,0.0,4,1,0,0
Zone_DH607,11505474943,90.4167407,23.7640625,0.00224152,4,3,0,1
Zone_DH607,11505474946,90.4170419,23.7647618,0.0,4,1,0,0
Zone_DH607,11505474947,90.4169526,23.7650786,0.0,4,1,0,0
Zone_DH607,11505474950,90.4120462,23.7641645,0.0,4,1,0,0
Zone_DH607,11505474951,90.4124422,23.7645069,0.0,4,1,0,0
Zone_DH607,11505474953,90.4134963,23.7640951,0.0,4,1,0,0
Zone_DH607,11505474954,90.4140118,23.7634857,0.0,4,1,0,0
Zone_DH607,11505474956,90.4173046,23.7626132,0.0,4,1,0,0
Zone_DH607,11505474957,90.4172989,23.7624148,0.00335946,4,3,0,1
Zone_DH607,3499425165,90.4089618,23.7536311,0.00224152,4,3,0,1
Zone_DH607,11505474961,90.416722,23.7622758,0.00926664,4,3,0,0
Zone_DH607,11505474966,90.4163788,23.763349,0.0,4,1,0,0
Zone_DH607,11505474967,90.4164096,23.7635417,0.0,4,1,0,0
Zone_DH607,3499425187,90.4068644,23.7537312,0.04119122,3,3,0,1
Zone_DH607,11399642544,90.4071471,23.7494869,0.00112108,4,3,0,1
Zone_DH607,11399642545,90.4074921,23.7494329,0.0,4,1,0,0
Zone_DH607,11399642546,90.4066097,23.7503253,0.0,4,1,0,0
Zone_DH607,11399642547,90.406654,23.7499889,0.00224152,4,3,0,1
Zone_DH607,11399642548,90.4068457,23.7500208,0.0,4,1,0,0
Zone_DH607,11399642552,90.4057192,23.7503756,0.0,4,1,0,0
Zone_DH607,3475905977,90.4136116,23.7565521,0.07161244,3,3,0,0
Zone_DH607,11337022905,90.4053939,23.7611138,0.00332425,4,3,0,1
Zone_DH607,3475905979,90.4136001,23.7559414,0.00671325,4,3,0,1
Zone_DH607,3475905980,90.4135502,23.755616,0.0,4,1,0,0
Zone_DH607,3475905982,90.413986,23.7556659,0.0,4,1,0,0
Zone_DH607,11399642559,90.4055712,23.752582,0.01621442,4,3,0,1
Zone_DH607,11399642561,90.4054298,23.7519924,0.01215264,4,3,0,1
Zone_DH607,7516675522,90.4204016,23.7505405,0.0,4,1,0,0
Zone_DH607,11399642564,90.4059397,23.7521283,0.0,4,1,0,0
Zone_DH607,11399642565,90.4050707,23.7519736,0.0,4,1,0,0
Zone_DH607,4062854618,90.4183397,23.7671782,0.01193321,4,3,0,0
Zone_DH607,4062854621,90.418345,23.7675977,0.00266153,4,3,0,1
Zone_DH607,11332533742,90.4166467,23.7589233,0.0112925,4,3,0,1
Zone_DH607,4072988144,90.4183931,23.7658565,0.0,4,1,0,0
Zone_DH607,5269913075,90.4042154,23.7586994,0.0,4,2,0,0
Zone_DH607,11332533748,90.4161718,23.7596317,0.01493427,4,3,0,0
Zone_DH607,4072988150,90.4179342,23.7658119,0.05129034,3,3,0,1
Zone_DH607,386924034,90.4141053,23.7460217,0.00243015,4,2,0,0
Zone_DH607,4073004560,90.4092634,23.7568965,0.0,4,1,0,0
Zone_DH607,4418846227,90.4105645,23.7600135,0.02507111,3,3,0,0
Zone_DH607,4077739546,90.4144101,23.754579,0.04452993,3,3,0,0
Zone_DH607,4418846242,90.4100792,23.7603867,0.02061573,3,3,0,0
Zone_DH607,4077616675,90.4134209,23.7577193,0.0,4,1,0,0
Zone_DH607,6279806500,90.4081845,23.7677205,0.00112108,4,3,0,1
Zone_DH607,6279806501,90.4087421,23.7670721,0.0037606,4,3,0,0
Zone_DH607,4077616676,90.413929,23.7577618,0.05321685,3,3,0,1
Zone_DH607,4418846248,90.4076835,23.7613785,0.00831659,4,4,0,0
Zone_DH607,4418846251,90.407754,23.7614523,0.0020793,4,3,0,0
Zone_DH607,3941146156,90.4062291,23.7497299,0.00559281,4,3,0,1
Zone_DH607,3499425331,90.4087673,23.7539969,0.0,4,1,0,0
Zone_DH607,3499425352,90.406688,23.7541695,0.00447865,4,3,0,1
Zone_DH607,3499425356,90.4066487,23.7544241,0.00224152,4,3,0,1
Zone_DH607,3499425396,90.4112352,23.7557201,0.12307443,1,3,0,1
Zone_DH607,3499425401,90.4105475,23.7558544,0.00447865,4,3,0,1
Zone_DH607,3499425407,90.4105175,23.7560143,0.0,4,1,0,0
Zone_DH607,4072832644,90.4063346,23.7541978,0.0,4,1,0,0
Zone_DH607,4077633159,90.4142317,23.7577225,0.0,4,1,0,0
Zone_DH607,4072832648,90.4070693,23.7542576,0.0,4,1,0,0
Zone_DH607,4077633161,90.4141687,23.7578668,0.0089378,4,3,0,1
Zone_DH607,4077649543,90.4146422,23.7541263,0.01423383,4,3,0,1
Zone_DH607,4077649545,90.414661,23.7544167,0.0,4,1,0,0
Zone_DH607,4072832654,90.4063459,23.7543456,0.0,4,1,0,0
Zone_DH607,4073102994,90.4091937,23.7542539,0.05885745,3,3,0,1
Zone_DH607,4073102996,90.4091898,23.7538563,0.0,4,1,0,0
Zone_DH607,4073103000,90.4094104,23.7542346,0.06254071,3,3,0,1
Zone_DH607,4073086618,90.4077886,23.7571498,0.0,4,1,0,0
Zone_DH607,3328122535,90.4132204,23.7601983,0.0,4,1,0,0
Zone_DH607,4073086632,90.4076186,23.7575273,0.0,4,1,0,0
Zone_DH607,4077608619,90.4048801,23.7563429,0.00772178,4,3,0,0
Zone_DH607,3886923453,90.4099687,23.7563118,0.0,4,1,0,0
Zone_DH607,3499425471,90.4096115,23.7585979,0.03214339,3,3,0,1
Zone_DH607,4077674177,90.4076089,23.7522565,0.0,4,1,0,0
Zone_DH607,4077674180,90.4077897,23.7522808,0.02444047,3,3,0,1
Zone_DH607,4077641417,90.4104307,23.753081,0.05184302,3,3,0,1
Zone_DH607,6281461464,90.4191811,23.7536965,0.01405086,4,3,0,1
Zone_DH607,6281461465,90.418907,23.7541792,0.00112108,4,3,0,1
Zone_DH607,6281461471,90.4187284,23.7549012,0.0,4,1,0,0
Zone_DH607,6281461472,90.4179066,23.7536565,0.03103363,3,3,0,1
Zone_DH607,6281461477,90.418145,23.7531643,0.0,4,1,0,0
Zone_DH607,3328122602,90.4132038,23.7606902,0.01371699,4,3,0,1
Zone_DH607,11373002474,90.4240161,23.7620979,0.0,4,1,0,0
Zone_DH607,6547955436,90.4269607,23.7543139,0.0,4,1,0,0
Zone_DH607,4077706993,90.4065868,23.7508932,0.00224152,4,3,0,1
Zone_DH607,4077706995,90.4070045,23.7509052,0.0,4,1,0,0
Zone_DH607,3328122637,90.4132445,23.7608876,0.0,4,1,0,0
Zone_DH607,4072881937,90.4193438,23.76721,0.01209543,4,4,0,1
Zone_DH607,13056294682,90.4124306,23.7492397,0.0251824,3,3,0,1
Zone_DH607,13056294683,90.4122212,23.749255,0.0,4,1,0,0
Zone_DH607,4072881963,90.4193723,23.7679822,0.0,4,1,0,0
Zone_DH607,4898905909,90.4268079,23.7535384,0.0,4,1,0,0
Zone_DH607,4072881974,90.4114156,23.7568129,0.08719622,2,3,0,1
Zone_DH607,4072800054,90.412222,23.7580628,0.00745079,4,3,0,1
Zone_DH607,4072800056,90.4124516,23.7581273,0.0,4,1,0,0
Zone_DH607,4072881976,90.4196216,23.7678794,0.0,4,1,0,0
Zone_DH607,4062887741,90.4135149,23.7620918,0.0,4,1,0,0
Zone_DH607,5956370241,90.4231292,23.7525279,0.01648102,4,3,0,1
Zone_DH607,5956370242,90.4227475,23.7526355,0.0,4,1,0,0
Zone_DH607,4062887750,90.4141288,23.7627147,0.01750966,3,3,0,1
Zone_DH607,4062879562,90.4121968,23.7604006,0.01590885,4,3,0,1
Zone_DH607,387391309,90.420189,23.7527556,0.04187217,3,3,0,0
Zone_DH607,387391310,90.4213738,23.7525517,0.03901697,3,3,0,0
Zone_DH607,387391314,90.4226834,23.7521922,0.03222575,3,3,0,0
Zone_DH607,387391317,90.4229991,23.7521061,0.03145175,3,3,0,0
Zone_DH607,3887857494,90.4054762,23.7558176,0.0,4,1,0,0
Zone_DH607,4062879573,90.4121938,23.7608787,0.00447865,4,3,0,1
Zone_DH607,4077756251,90.4098589,23.7538337,0.0,4,1,0,0
Zone_DH607,4062879580,90.4121378,23.7611701,0.00224152,4,3,0,1
Zone_DH607,3887857501,90.4058585,23.7558591,0.00212457,4,3,0,1
Zone_DH607,4077068126,90.4092436,23.7512527,0.05149406,3,3,0,1
Zone_DH607,4062879581,90.411784,23.7611947,0.0,4,1,0,0
Zone_DH607,4062879583,90.4120686,23.7612417,0.0,4,1,0,0
Zone_DH607,4077068125,90.4091666,23.7511205,0.0,4,1,0,0
Zone_DH607,4072906601,90.4202421,23.764894,0.00447865,4,3,0,1
Zone_DH607,4072906605,90.4196623,23.764862,0.00224152,4,3,0,1
Zone_DH607,4072906607,90.4196529,23.7650338,0.0,4,1,0,0
Zone_DH607,4077756274,90.4097968,23.7543301,0.06586684,3,3,0,1
Zone_DH607,3937222548,90.4125851,23.7624913,0.0,4,1,0,0
Zone_DH607,4077690777,90.409926,23.7554156,0.0,4,1,0,0
Zone_DH607,11503361945,90.4237291,23.7616702,0.00224152,4,3,0,1
Zone_DH607,4072898471,90.4215288,23.7680402,0.01343468,4,3,0,0
Zone_DH607,11505188776,90.4209562,23.766475,0.00559281,4,3,0,1
Zone_DH607,11505188777,90.4210611,23.7661849,0.0,4,1,0,0
Zone_DH607,11505188778,90.4204843,23.766277,0.00224152,4,3,0,1
Zone_DH607,3518619562,90.4091867,23.7488234,0.00590593,4,3,0,1
Zone_DH607,11503361963,90.4230976,23.7630635,0.01652943,4,3,0,1
Zone_DH607,11503361965,90.4240772,23.7632855,0.0,4,1,0,0
Zone_DH607,11503361966,90.4235142,23.7634373,0.02033845,3,3,0,1
Zone_DH607,11505188783,90.421554,23.766975,0.0,4,1,0,0
Zone_DH607,11503361960,90.4224926,23.7630049,0.0,4,1,0,0
Zone_DH607,11505188785,90.4218862,23.7680588,0.00070358,4,2,0,0
Zone_DH607,11505188786,90.4195872,23.7672217,0.00822164,4,3,0,1
Zone_DH607,3937206193,90.4120002,23.7627454,0.00447865,4,3,0,1
Zone_DH607,11330731954,90.423143,23.7581625,0.0,4,1,0,0
Zone_DH607,11503361967,90.4242305,23.7634612,0.0,4,1,0,0
Zone_DH607,4676042678,90.409308,23.7669652,0.00535702,4,3,0,0
Zone_DH607,11505188790,90.4186875,23.7671815,0.01218408,4,3,0,0
Zone_DH607,11505188792,90.4179683,23.7676247,0.00474524,4,3,0,1
Zone_DH607,11505188793,90.4185174,23.7675937,0.0,4,1,0,0
Zone_DH607,3518619574,90.4098514,23.7489858,0.00614989,4,3,0,1
Zone_DH607,11330731961,90.4223219,23.7589067,0.00486596,4,3,0,1
Zone_DH607,11505188787,90.4196221,23.7667487,0.0,4,1,0,0
Zone_DH607,3663126461,90.4177391,23.7667749,0.02523396,3,3,0,0
Zone_DH607,3663126468,90.4169151,23.766636,0.00816569,4,3,0,1
Zone_DH607,4077658053,90.4104067,23.7566357,0.00224152,4,3,0,1
Zone_DH607,4077658052,90.4102606,23.7566324,0.0,4,1,0,0
Zone_DH607,3663126478,90.4163336,23.7672428,0.00447865,4,3,0,1
Zone_DH607,12823822327,90.4159976,23.7493944,0.01758449,3,3,0,0
Zone_DH607,3518619614,90.408973,23.7493295,0.0,4,1,0,0
Zone_DH607,386932713,90.4166641,23.7476549,0.00923457,4,3,0,0
Zone_DH607,3663126510,90.4204402,23.7632342,0.03362726,3,3,0,1
Zone_DH607,3663126512,90.4198116,23.7642011,0.0,4,1,0,0
Zone_DH607,3500687347,90.4200066,23.7622399,0.06506958,3,3,0,0
Zone_DH607,12823822324,90.416059,23.7499909,0.00752687,4,3,0,0
Zone_DH607,12823822326,90.4160075,23.7494762,0.02725039,3,4,0,0
Zone_DH607,3663126519,90.4180847,23.7641987,0.07160741,3,3,0,0
Zone_DH607,12823822328,90.4170188,23.7520058,0.01067632,4,3,0,0
Zone_DH607,12823822330,90.4169691,23.7520769,0.03381337,3,4,0,0
Zone_DH607,12823822331,90.4170805,23.752053,0.07253734,3,3,0,0
