zone_id,node_id,lon,lat,bc,tier,degree,is_master,is_art_pt
Zone_DH568,3735412743,90.4083626,23.7100035,0.00975084,4,3,0,0
Zone_DH568,2538250260,90.4048651,23.7155185,0.0100236,4,3,0,0
Zone_DH568,10006962196,90.4173086,23.7249646,0.00105485,4,2,0,1
Zone_DH568,401719321,90.4060919,23.7212174,0.01460595,4,3,0,0
Zone_DH568,2541191195,90.4063364,23.7153669,0.0,4,1,0,0
Zone_DH568,2541191199,90.4055817,23.7153775,0.00631241,4,3,0,1
Zone_DH568,10006962209,90.4169143,23.7249803,0.00210859,4,2,0,1
Zone_DH568,2541191208,90.4063147,23.7153677,0.00105485,4,3,0,1
Zone_DH568,2538250297,90.4042929,23.7155556,0.00910569,4,3,0,1
Zone_DH568,2375819330,90.3955494,23.7216917,0.01348207,4,3,0,1
Zone_DH568,2375819332,90.3966598,23.7216051,0.0,4,1,0,0
Zone_DH568,2375819334,90.3960049,23.7216598,0.00631742,4,3,0,1
Zone_DH568,2375819336,90.3954588,23.7209816,0.0,4,1,0,0
Zone_DH568,2375819337,90.3963488,23.7216268,0.00210915,4,3,0,1
Zone_DH568,2375819339,90.3963452,23.7213218,0.0,4,1,0,0
Zone_DH568,394215531,90.4077538,23.7099112,0.00069637,4,2,0,0
Zone_DH568,2484060268,90.40595,23.7206442,0.09324171,2,3,0,1
Zone_DH568,2492203123,90.3992149,23.7167186,0.03324204,3,3,0,0
Zone_DH568,12023169143,90.3958601,23.7249171,0.0,4,1,0,0
Zone_DH568,2492203129,90.3992088,23.7167303,0.0286853,3,3,0,1
Zone_DH568,3015254156,90.4102074,23.7301379,0.02364205,3,4,0,0
Zone_DH568,401604773,90.4162103,23.7150384,0.00606137,4,4,0,0
Zone_DH568,2538250410,90.4045977,23.7156446,0.0,4,1,0,0
Zone_DH568,2518614192,90.4043732,23.7119965,0.00530042,4,3,0,0
Zone_DH568,2504548537,90.4036786,23.717507,0.06467442,3,3,0,0
Zone_DH568,2504548544,90.403799,23.7175063,0.04689667,3,3,0,0
Zone_DH568,2504548548,90.4043293,23.7175373,0.04511762,3,3,0,1
Zone_DH568,13563560142,90.3980134,23.7274485,0.01003585,4,3,0,0
Zone_DH568,13563560148,90.3994834,23.7253421,0.02928871,3,3,0,1
Zone_DH568,13563560152,90.3977064,23.7272879,0.02426717,3,4,0,0
Zone_DH568,13563560153,90.3976354,23.7273635,0.02967002,3,4,0,0
Zone_DH568,13563560155,90.3976309,23.7272488,0.00079879,4,3,0,0
Zone_DH568,2538250461,90.4044757,23.7157066,0.0,4,1,0,0
Zone_DH568,2518614240,90.4044953,23.7121342,0.0,4,1,0,0
Zone_DH568,2492203244,90.3994759,23.7167884,0.0,4,1,0,0
Zone_DH568,2518614253,90.4051243,23.7123193,0.01183494,4,3,0,1
Zone_DH568,2571223282,90.3967265,23.7164474,0.01596195,4,3,0,0
Zone_DH568,10230612211,90.4065263,23.7274587,0.0,4,1,0,0
Zone_DH568,2518614264,90.4046306,23.7124664,0.0,4,1,0,0
Zone_DH568,10230612216,90.4065829,23.727781,0.00867985,4,3,0,1
Zone_DH568,2518614273,90.404814,23.7127253,0.0,4,1,0,0
Zone_DH568,13451976962,90.3983568,23.7313888,0.0,4,1,0,0
Zone_DH568,13451976963,90.3983486,23.7313373,0.00105485,4,2,0,1
Zone_DH568,4903248134,90.414429,23.729536,0.0,4,1,0,0
Zone_DH568,2546426119,90.4019677,23.7213245,0.03428465,3,3,0,0
Zone_DH568,4903248139,90.4150951,23.7275254,0.01920764,4,4,0,0
Zone_DH568,3014828300,90.4031249,23.7301943,0.02016243,4,3,0,0
Zone_DH568,2426355981,90.4038578,23.7187388,0.05673881,3,3,0,0
Zone_DH568,10562380047,90.4039418,23.7276346,0.00732273,4,3,0,0
Zone_DH568,2484568336,90.4069613,23.7174619,0.12373279,1,4,0,0
Zone_DH568,10562380049,90.403289,23.7274462,0.00496476,4,3,0,0
Zone_DH568,4501111058,90.4018938,23.7158026,0.05512063,3,3,0,1
Zone_DH568,6225133846,90.3971279,23.7297827,0.00210915,4,4,0,1
Zone_DH568,2320154904,90.4000709,23.7280698,0.02705487,3,3,0,0
Zone_DH568,6225133848,90.3966833,23.7297299,0.0,4,1,0,0
Zone_DH568,13451976987,90.4006694,23.7314055,0.00421273,4,2,0,1
Zone_DH568,6649594140,90.4082815,23.7300864,0.01593189,4,3,0,0
Zone_DH568,6225133853,90.398227,23.7301247,0.01527059,4,4,0,0
Zone_DH568,6225133855,90.3981007,23.7300189,0.00519633,4,3,0,0
Zone_DH568,6649594146,90.4097867,23.7302177,0.01564577,4,3,0,0
Zone_DH568,3565093157,90.4004702,23.7281294,0.03401189,3,3,0,0
Zone_DH568,2492203307,90.398245,23.716824,0.02787371,3,3,0,0
Zone_DH568,2484060460,90.4046459,23.7206656,0.0,4,1,0,0
Zone_DH568,3565093167,90.403672,23.7283594,0.02345502,3,3,0,0
Zone_DH568,3013607732,90.4076031,23.7300689,0.01643232,4,3,0,0
Zone_DH568,2452554037,90.4008716,23.7215401,0.0,4,1,0,0
Zone_DH568,2442813768,90.4029675,23.7223966,0.05277212,3,3,0,0
Zone_DH568,2492203338,90.3999459,23.7168466,0.02095566,3,3,0,1
Zone_DH568,4165345612,90.4120939,23.7275734,0.00860247,4,3,0,0
Zone_DH568,4165345618,90.4116076,23.7276961,0.0096885,4,3,0,0
Zone_DH568,401875286,90.418462,23.7198186,0.01786068,4,3,0,0
Zone_DH568,4165345622,90.4105746,23.7277824,0.02190475,3,3,0,0
Zone_DH568,2525528410,90.4007164,23.7233993,0.06583503,3,3,0,0
Zone_DH568,2526069082,90.39946,23.7145048,0.00563664,4,3,0,0
Zone_DH568,2546426204,90.4010013,23.7214215,0.00929773,4,3,0,0
Zone_DH568,2526069086,90.4001003,23.7147603,0.01522105,4,3,0,1
Zone_DH568,2526069087,90.3982837,23.7147571,0.00384256,4,3,0,1
Zone_DH568,2526069092,90.399901,23.7148111,0.00210915,4,3,0,1
Zone_DH568,2526069094,90.3998504,23.7148166,0.0,4,1,0,0
Zone_DH568,2526069098,90.3994279,23.7149,0.01252463,4,3,0,0
Zone_DH568,2526069100,90.3989947,23.7149418,0.00635361,4,3,0,1
Zone_DH568,4950794610,90.4187327,23.7150351,0.00341616,4,3,0,0
Zone_DH568,2526069106,90.3986938,23.7149568,0.00479499,4,3,0,1
Zone_DH568,2526069107,90.3985477,23.7149682,0.00410585,4,3,0,1
Zone_DH568,4903248244,90.4135802,23.7290717,0.00166592,4,3,0,0
Zone_DH568,2526069110,90.3999484,23.7149681,0.0,4,1,0,0
Zone_DH568,2452554103,90.4008927,23.7216561,0.00233348,4,3,0,1
Zone_DH568,2526069111,90.3983988,23.714976,0.0,4,1,0,0
Zone_DH568,2492203385,90.3996322,23.7168561,0.0,4,1,0,0
Zone_DH568,9086058875,90.4032658,23.7281499,0.01982176,4,4,0,1
Zone_DH568,2526069116,90.4002249,23.71512,0.03722599,3,3,0,1
Zone_DH568,2526069119,90.3998452,23.7151267,0.0,4,1,0,0
Zone_DH568,2529403264,90.4028692,23.716512,0.00385035,4,3,0,1
Zone_DH568,2320155010,90.3992417,23.729262,0.02092949,3,3,0,0
Zone_DH568,4389822851,90.4164048,23.7194234,0.01257918,4,3,0,1
Zone_DH568,2526069124,90.3982816,23.7152363,0.0,4,1,0,0
Zone_DH568,2526069123,90.3994389,23.7152437,0.01186277,4,2,0,0
Zone_DH568,13563773318,90.400287,23.7246483,0.09616301,2,4,0,0
Zone_DH568,2526069127,90.3986845,23.7152474,0.0,4,1,0,0
Zone_DH568,2526069128,90.399564,23.7152977,0.0135266,4,3,0,1
Zone_DH568,13563773316,90.4002171,23.7246097,0.01925064,4,4,0,0
Zone_DH568,2526069130,90.399795,23.7153025,0.0,4,1,0,0
Zone_DH568,4389822854,90.4169487,23.7195703,0.0,4,1,0,0
Zone_DH568,13563773322,90.3954083,23.7246527,0.00018926,4,3,0,0
Zone_DH568,2526069133,90.3998537,23.7153612,0.0,4,1,0,0
Zone_DH568,2526069134,90.3989435,23.7154973,0.0,4,1,0,0
Zone_DH568,4903248269,90.4121039,23.7266585,0.00517685,4,3,0,0
Zone_DH568,4889018769,90.4149484,23.710147,0.0,4,2,0,0
Zone_DH568,2526069139,90.3997113,23.7156441,0.01513755,4,3,0,1
Zone_DH568,2525528468,90.402075,23.7235171,0.01715652,4,3,0,0
Zone_DH568,4903248278,90.4125339,23.7273722,0.0088513,4,3,0,0
Zone_DH568,1778188695,90.3980177,23.7142583,0.01544259,4,3,0,0
Zone_DH568,11329020310,90.4164498,23.7318409,0.0,4,1,0,0
Zone_DH568,4903248282,90.4128998,23.7270023,0.01072721,4,3,0,0
Zone_DH568,2320155051,90.4116944,23.7302347,0.00974917,4,3,0,0
Zone_DH568,2529403318,90.4029765,23.7165302,0.00336161,4,3,0,0
Zone_DH568,2426380730,90.4047567,23.7136115,0.0,4,2,0,0
Zone_DH568,2426380735,90.4047151,23.713819,0.01190953,4,3,0,0
Zone_DH568,11350360515,90.4136553,23.72689,0.00810038,4,3,0,0
Zone_DH568,2426380741,90.4033575,23.7144575,0.0003557,4,2,0,0
Zone_DH568,2492203462,90.3998506,23.7168932,0.02117609,3,3,0,1
Zone_DH568,11350360517,90.4136234,23.7248788,3.451e-05,4,3,0,0
Zone_DH568,2426380744,90.4048273,23.7144959,0.03529664,3,3,0,0
Zone_DH568,401621451,90.4175711,23.7201659,0.00177126,4,3,0,0
Zone_DH568,2426380751,90.4029013,23.7145775,0.03396457,3,3,0,0
Zone_DH568,401621455,90.4182329,23.7201495,0.01952284,4,3,0,0
Zone_DH568,2426380753,90.4037637,23.7146068,0.02891743,3,3,0,0
Zone_DH568,2492203479,90.3998287,23.7169028,0.02202554,3,3,0,1
Zone_DH568,2320155098,90.4039536,23.7281085,0.04378667,3,4,0,0
Zone_DH568,2426380763,90.4033299,23.7150371,0.03095198,3,3,0,1
Zone_DH568,2532458970,90.4010747,23.7222921,0.0096011,4,3,0,0
Zone_DH568,2532458973,90.4007985,23.7223236,0.00404852,4,3,0,0
Zone_DH568,2426380766,90.4031323,23.715086,0.04149494,3,3,0,0
Zone_DH568,10264748508,90.410138,23.7310974,0.00449551,4,3,0,0
Zone_DH568,2532458977,90.4009781,23.7225263,0.0,4,1,0,0
Zone_DH568,2532458979,90.400969,23.7226027,0.00527649,4,3,0,1
Zone_DH568,4908532199,90.4068182,23.7230392,0.00019928,4,3,0,0
Zone_DH568,4908532200,90.4062298,23.7230819,0.0004314,4,4,0,0
Zone_DH568,4908532201,90.405645,23.7230919,0.0008539,4,3,0,0
Zone_DH568,4908532202,90.4108274,23.7229154,0.0761236,2,4,0,0
Zone_DH568,6112297466,90.3960484,23.7209597,0.0,4,1,0,0
Zone_DH568,6557049339,90.4057476,23.7138201,0.01493827,4,3,0,0
Zone_DH568,6557049340,90.4057254,23.7138797,0.0141751,4,4,0,0
Zone_DH568,6557049341,90.4057018,23.7139459,0.01470893,4,4,0,0
Zone_DH568,2525528580,90.4020905,23.7236238,0.00278882,4,3,0,0
Zone_DH568,321511944,90.4197383,23.7217857,0.00355811,4,3,0,0
Zone_DH568,2450358799,90.401588,23.7225844,0.00210915,4,3,0,1
Zone_DH568,2492203535,90.3996429,23.7169372,0.0,4,1,0,0
Zone_DH568,2538250770,90.4042662,23.715994,0.04247353,3,2,0,0
Zone_DH568,2480382491,90.4038773,23.7197519,0.05313227,3,3,0,0
Zone_DH568,321511964,90.420182,23.720739,0.00043085,4,3,0,0
Zone_DH568,2426200606,90.3964108,23.7210596,0.0,4,1,0,0
Zone_DH568,13274227233,90.4189735,23.7150317,0.0026285,4,3,0,0
Zone_DH568,2538250789,90.4048084,23.7160068,0.03807377,3,3,0,0
Zone_DH568,13274227238,90.4190665,23.7148107,0.00273705,4,3,0,0
Zone_DH568,2538250792,90.4050054,23.7160076,0.00603576,4,3,0,0
Zone_DH568,2450358825,90.40275,23.722597,0.04918618,3,3,0,0
Zone_DH568,4124533291,90.3998305,23.7220332,0.0,4,1,0,0
Zone_DH568,373391924,90.3962314,23.7153807,0.00924429,4,3,0,0
Zone_DH568,394215993,90.4096425,23.7099604,0.00769235,4,2,0,0
Zone_DH568,2492203580,90.399025,23.7169941,0.02918072,3,3,0,1
Zone_DH568,3895140930,90.405546,23.7221525,0.06804939,2,3,0,1
Zone_DH568,10677437004,90.3975271,23.7274301,0.02757367,3,3,0,0
Zone_DH568,373391956,90.40281,23.7137979,0.04259655,3,4,0,0
Zone_DH568,2541191765,90.4060818,23.7157721,3.34e-06,4,3,0,0
Zone_DH568,373391961,90.4029656,23.7151132,0.06441446,3,3,0,0
Zone_DH568,2450358873,90.4017477,23.7226236,0.0,4,1,0,0
Zone_DH568,2529403483,90.4032173,23.716592,0.00432239,4,3,0,1
Zone_DH568,373391969,90.4025945,23.7156973,0.07838082,2,4,0,0
Zone_DH568,2492203619,90.3992378,23.7170236,0.0,4,1,0,0
Zone_DH568,6139732579,90.4143456,23.7230459,0.00338833,4,3,0,0
Zone_DH568,6139732582,90.4148693,23.7253801,0.09033655,2,3,0,0
Zone_DH568,4981482087,90.4091271,23.7132929,0.00321243,4,3,0,0
Zone_DH568,6139732584,90.415145,23.7257219,0.09248244,2,4,0,1
Zone_DH568,4981482091,90.4089893,23.7133294,0.0,4,1,0,0
Zone_DH568,4981482092,90.408991,23.7134987,0.0023396,4,3,0,1
Zone_DH568,2538250863,90.4043643,23.7160383,0.04937377,3,3,0,0
Zone_DH568,394216064,90.4091221,23.7099585,0.0084121,4,2,0,0
Zone_DH568,2529403527,90.4035354,23.7166323,0.0,4,1,0,0
Zone_DH568,2541191819,90.4057605,23.7158163,0.00210748,4,3,0,1
Zone_DH568,2450358927,90.401385,23.7226971,0.0,4,1,0,0
Zone_DH568,2450358931,90.4020304,23.7227037,0.0,4,1,0,0
Zone_DH568,2452538007,90.4036917,23.7210012,0.05931387,3,3,0,1
Zone_DH568,2484060829,90.4043046,23.720705,0.0,4,1,0,0
Zone_DH568,373392033,90.4046866,23.7113417,0.02770783,3,3,0,0
Zone_DH568,401711777,90.4002156,23.7184757,0.06756232,3,3,0,0
Zone_DH568,373392035,90.4040742,23.711424,0.02639524,3,3,0,0
Zone_DH568,373392036,90.4038087,23.7114455,0.02906939,3,3,0,0
Zone_DH568,2538250917,90.4048772,23.7160607,0.03532002,3,4,0,1
Zone_DH568,2426274472,90.3955697,23.7241788,0.01297051,4,5,0,1
Zone_DH568,373392046,90.40201,23.7117749,0.02512831,3,3,0,0
Zone_DH568,3015189166,90.4016399,23.725405,0.00215257,4,3,0,1
Zone_DH568,2492203696,90.398939,23.7170755,0.03001458,3,3,0,1
Zone_DH568,2513576627,90.4035288,23.7196445,0.07746012,2,3,0,0
Zone_DH568,2452538036,90.4036725,23.7212015,0.0,4,1,0,0
Zone_DH568,2450358965,90.4018177,23.7227342,0.0,4,1,0,0
Zone_DH568,2452538038,90.4033031,23.7212324,0.0,4,1,0,0
Zone_DH568,2484060853,90.4043036,23.7207054,0.00210915,4,3,0,1
Zone_DH568,373392058,90.3993278,23.7134122,0.02174387,3,3,0,0
Zone_DH568,2450358974,90.4014761,23.7227475,0.0,4,1,0,0
Zone_DH568,2452538047,90.4037881,23.7213695,0.0,4,1,0,0
Zone_DH568,2452538048,90.4030071,23.7214032,0.02519288,3,2,0,0
Zone_DH568,2484060864,90.4041845,23.7206997,0.01399308,4,3,0,1
Zone_DH568,10562601666,90.403634,23.7276401,0.00686071,4,3,0,0
Zone_DH568,10562601667,90.4036319,23.7274407,0.00513844,4,3,0,0
Zone_DH568,2492203718,90.3994825,23.7170878,0.0,4,1,0,0
Zone_DH568,2492203722,90.3989158,23.7170965,0.03096868,3,3,0,1
Zone_DH568,373392075,90.3959044,23.7155484,0.00657126,4,3,0,1
Zone_DH568,6653125332,90.4092133,23.7301628,0.01194572,4,3,0,1
Zone_DH568,2492203733,90.3997411,23.7171171,0.02295515,3,3,0,1
Zone_DH568,6653125334,90.4088015,23.7308975,0.0,4,1,0,0
Zone_DH568,395068128,90.4118062,23.7105469,0.00709451,4,3,0,0
Zone_DH568,2538250983,90.4049826,23.7161138,0.0400521,3,3,0,0
Zone_DH568,395068140,90.4129329,23.7103726,0.00580586,4,3,0,0
Zone_DH568,395068142,90.4132037,23.7103237,0.00494027,4,3,0,0
Zone_DH568,2492203761,90.3991717,23.7171397,0.0,4,1,0,0
Zone_DH568,395068152,90.4142392,23.7101785,0.00376351,4,3,0,0
Zone_DH568,2492203790,90.3997005,23.7171802,0.02397382,3,3,0,1
Zone_DH568,2492203797,90.3994938,23.7171851,0.0,4,1,0,0
Zone_DH568,2450359071,90.401444,23.7228766,0.0,4,1,0,0
Zone_DH568,6149481254,90.3977588,23.7306043,0.0015024,4,2,0,0
Zone_DH568,6149481263,90.3973399,23.7302537,0.00109382,4,3,0,0
Zone_DH568,2492203828,90.3991331,23.7172067,0.0,4,1,0,0
Zone_DH568,6149481270,90.3976857,23.7305524,0.00045701,4,2,0,0
Zone_DH568,2484060983,90.4051509,23.7207272,0.0,4,1,0,0
Zone_DH568,9085985594,90.4032658,23.7282321,0.04119713,3,4,0,1
Zone_DH568,4389700416,90.4164737,23.7208836,0.01295214,4,3,0,0
Zone_DH568,393921351,90.4053798,23.7128889,0.01785178,4,3,0,0
Zone_DH568,393921355,90.4051387,23.7123808,0.01304621,4,3,0,1
Zone_DH568,4389700430,90.4173775,23.7210684,0.01788907,4,3,0,0
Zone_DH568,2492203855,90.3996859,23.7172734,0.02501475,3,3,0,1
Zone_DH568,2450359122,90.4021578,23.7229773,0.04211839,3,3,0,1
Zone_DH568,2484061013,90.4049512,23.7207331,0.0,4,1,0,0
Zone_DH568,393921368,90.4050074,23.7112201,0.02766218,3,3,0,0
Zone_DH568,2426446684,90.4018448,23.7108049,0.0,4,1,0,0
Zone_DH568,2426446693,90.4017592,23.7110149,0.00105485,4,3,0,1
Zone_DH568,2541192039,90.4054624,23.7159834,0.0,4,1,0,0
Zone_DH568,2492203880,90.39943,23.7172847,0.0,4,1,0,0
Zone_DH568,2426446704,90.3992428,23.7111218,0.00141389,4,3,0,1
Zone_DH568,4912210802,90.4106788,23.7210212,0.01568919,4,3,0,0
Zone_DH568,9725961078,90.3955233,23.7277869,0.00375294,4,4,0,0
Zone_DH568,9725961080,90.3960434,23.7279419,0.00644545,4,3,0,0
Zone_DH568,2552546170,90.4051426,23.7186406,0.01449573,4,3,0,0
Zone_DH568,2426446719,90.3991308,23.7118502,0.0,4,1,0,0
Zone_DH568,2426446721,90.3984319,23.7114374,0.00138606,4,2,0,0
Zone_DH568,387097474,90.4037697,23.7187369,0.08495319,2,3,0,0
Zone_DH568,10100597639,90.4199001,23.7282571,0.0,4,1,0,0
Zone_DH568,2484061063,90.404389,23.7207591,0.0,4,1,0,0
Zone_DH568,3015197575,90.4005189,23.7253276,0.00787215,4,3,0,0
Zone_DH568,2484061069,90.405338,23.7207593,0.00210915,4,3,0,1
Zone_DH568,2450359197,90.4019592,23.7230947,0.04215624,3,3,0,1
Zone_DH568,2492203937,90.3989369,23.7173613,0.0,4,1,0,0
Zone_DH568,6139151273,90.4118959,23.7098979,0.00717578,4,4,0,0
Zone_DH568,6139151274,90.4114971,23.7124916,0.01142135,4,4,0,0
Zone_DH568,6139151276,90.41163,23.7108749,0.00404295,4,3,0,0
Zone_DH568,3429917614,90.4104354,23.72773,0.03467653,3,3,0,0
Zone_DH568,2450359216,90.4013802,23.7231505,0.01862329,4,3,0,1
Zone_DH568,2480382901,90.4032101,23.7206953,0.08338065,2,3,0,0
Zone_DH568,4896900028,90.4188346,23.7296608,1.225e-05,4,2,0,0
Zone_DH568,2444002239,90.4041361,23.7214261,0.0946556,2,3,0,0
Zone_DH568,2442044356,90.4006165,23.7217673,0.02235452,3,3,0,1
Zone_DH568,2426446788,90.4012614,23.7120247,0.02331474,3,3,0,0
Zone_DH568,7334282183,90.4026111,23.7100889,0.00233125,4,3,0,0
Zone_DH568,2442044364,90.4005422,23.7221347,0.02443583,3,3,0,0
Zone_DH568,2442044365,90.4007809,23.7221407,0.00574185,4,3,0,0
Zone_DH568,2444002252,90.4038034,23.7214873,0.00105485,4,3,0,1
Zone_DH568,2442044370,90.4010847,23.7223864,0.00907284,4,3,0,0
Zone_DH568,2426446803,90.3994556,23.712763,0.0,4,1,0,0
Zone_DH568,2426446809,90.3989294,23.7124202,0.00437082,4,3,0,1
Zone_DH568,2444002265,90.4032922,23.72151,0.0,4,1,0,0
Zone_DH568,2492203995,90.3994647,23.717458,0.0,4,1,0,0
Zone_DH568,2426446812,90.4004779,23.7124327,0.01584616,4,3,0,1
Zone_DH568,2426446814,90.3989062,23.7124219,0.00375628,4,3,0,0
Zone_DH568,387097568,90.4045051,23.7182789,0.06742705,3,3,0,0
Zone_DH568,387097570,90.4048345,23.7183243,0.03152199,3,3,0,0
Zone_DH568,387097574,90.4054379,23.7181333,0.024069,3,3,0,1
Zone_DH568,387097575,90.4056218,23.7180709,0.02379346,3,3,0,0
Zone_DH568,387097588,90.4071219,23.7182804,0.09261993,2,4,0,0
Zone_DH568,2426446837,90.3975745,23.7125977,0.0,4,1,0,0
Zone_DH568,3015189494,90.4010994,23.7265342,0.00708894,4,3,0,0
Zone_DH568,2426446839,90.3981973,23.7126468,0.0025155,4,3,0,1
Zone_DH568,11740431352,90.4166756,23.7270905,0.00852733,4,3,0,0
Zone_DH568,373392377,90.4039628,23.713567,0.0137604,4,3,0,0
Zone_DH568,2538251255,90.4048755,23.7163148,0.00210915,4,3,0,1
Zone_DH568,3015189495,90.4010987,23.7253153,0.00732663,4,3,0,0
Zone_DH568,387097599,90.4095485,23.714231,0.01392015,4,3,0,0
Zone_DH568,387097600,90.409618,23.7144301,0.02022923,3,4,0,0
Zone_DH568,387097604,90.4099294,23.7148443,0.01799261,4,3,0,0
Zone_DH568,2444002309,90.4037253,23.7219803,0.02821827,3,3,0,0
Zone_DH568,387097608,90.4097357,23.7167237,0.04980684,3,3,0,0
Zone_DH568,9559745550,90.3957642,23.7225616,0.01247286,4,3,0,0
Zone_DH568,2426446866,90.3967645,23.7131653,3.674e-05,4,2,0,0
Zone_DH568,373392404,90.4002256,23.7150647,0.03860871,3,3,0,0
Zone_DH568,373392405,90.4002224,23.7153746,0.03753883,3,3,0,0
Zone_DH568,9559745556,90.3955013,23.7245505,0.01218619,4,4,0,0
Zone_DH568,2538251287,90.4047574,23.7163408,0.0,4,1,0,0
Zone_DH568,2484061209,90.4055558,23.7207744,0.01023958,4,3,0,0
Zone_DH568,387097628,90.4093024,23.7174166,0.06682698,3,3,0,0
Zone_DH568,387097630,90.4084215,23.7144121,0.03580987,3,3,0,0
Zone_DH568,401851424,90.4084642,23.7210163,0.00081494,4,3,0,0
Zone_DH568,387097634,90.4090118,23.7140382,0.0064371,4,3,0,0
Zone_DH568,387097635,90.4094027,23.7139419,0.01300446,4,4,0,0
Zone_DH568,2426446888,90.3992206,23.7134946,0.01772764,4,3,0,0
Zone_DH568,2426446890,90.3981511,23.713654,0.00287176,4,3,0,0
Zone_DH568,2426446896,90.3967112,23.7139494,0.00285673,4,4,0,1
Zone_DH568,2426446912,90.3970502,23.714778,0.00997851,4,3,0,0
Zone_DH568,2426446913,90.3958893,23.7155497,0.0,4,1,0,0
Zone_DH568,401859650,90.4108359,23.7141917,0.00117954,4,3,0,0
Zone_DH568,2525135945,90.4010456,23.7142845,0.00862808,4,3,0,0
Zone_DH568,11109360715,90.405241,23.7245301,0.06377097,3,3,0,0
Zone_DH568,2525135963,90.4003599,23.7148093,0.02519622,3,3,0,1
Zone_DH568,2503730270,90.4042892,23.7177391,0.0063152,4,3,0,1
Zone_DH568,2492204129,90.398914,23.7175702,0.02597887,3,3,0,1
Zone_DH568,2525135970,90.4013523,23.7148591,0.0,4,1,0,0
Zone_DH568,2529404001,90.4035058,23.7169111,0.0,4,1,0,0
Zone_DH568,2503730281,90.4040692,23.7177844,0.0,4,1,0,0
Zone_DH568,2538251373,90.4050016,23.716395,0.0,4,1,0,0
Zone_DH568,13440189550,90.4185679,23.7125398,0.00105986,4,2,0,0
Zone_DH568,8768914544,90.3983342,23.7306011,0.0,4,1,0,0
Zone_DH568,8768914545,90.398306,23.7305814,0.00839707,4,3,0,1
Zone_DH568,2503730291,90.4042186,23.7179133,0.0042144,4,3,0,1
Zone_DH568,2503730300,90.403905,23.7179224,0.0010337,4,2,0,0
Zone_DH568,2503730302,90.4037055,23.7179246,0.02730425,3,3,0,0
Zone_DH568,401859715,90.4087237,23.7146549,0.05010298,3,4,0,0
Zone_DH568,2492204168,90.3997056,23.7176485,0.05414203,3,3,0,0
Zone_DH568,11350385801,90.4085836,23.7202857,0.02327077,3,3,0,0
Zone_DH568,2503730312,90.404146,23.7179644,0.00210915,4,3,0,1
Zone_DH568,11350385804,90.4084752,23.7191387,0.00186478,4,3,0,0
Zone_DH568,2534630545,90.4041821,23.7100541,0.0,4,1,0,0
Zone_DH568,2503730321,90.4041457,23.7180288,0.0,4,1,0,0
Zone_DH568,395068567,90.4127123,23.709603,0.0,4,2,0,0
Zone_DH568,2503730329,90.4042189,23.7180373,0.0,4,1,0,0
Zone_DH568,2503779483,90.4000601,23.7163157,0.0,4,1,0,0
Zone_DH568,2503730331,90.4040671,23.7180984,0.0,4,1,0,0
Zone_DH568,2484061342,90.4054618,23.7207844,0.0,4,1,0,0
Zone_DH568,2552546463,90.4057998,23.7188219,0.01303675,4,3,0,1
Zone_DH568,2503730343,90.4039001,23.7183712,0.00189038,4,3,0,1
Zone_DH568,2503730351,90.4041322,23.7183939,0.05589771,3,3,0,0
Zone_DH568,2503730360,90.4038974,23.7185292,0.0,4,1,0,0
Zone_DH568,11482563773,90.4125919,23.7097153,0.00527259,4,3,0,0
Zone_DH568,11482563776,90.4127544,23.7097476,0.00352527,4,3,0,0
Zone_DH568,4600874187,90.4005134,23.7279203,0.04435724,3,3,0,0
Zone_DH568,2426201297,90.4006364,23.7216645,0.02424268,3,3,0,0
Zone_DH568,2426201298,90.3983945,23.7216993,0.00450052,4,4,0,0
Zone_DH568,11482563795,90.4116215,23.7124944,0.00964842,4,3,0,0
Zone_DH568,3565102293,90.4034,23.7282415,0.03098761,3,3,0,0
Zone_DH568,2522809560,90.4012525,23.7139958,0.00860748,4,3,0,0
Zone_DH568,3565102297,90.4041139,23.7285699,0.04171537,3,3,0,0
Zone_DH568,2426201307,90.3998047,23.7222879,0.05145341,3,3,0,0
Zone_DH568,2426201317,90.3996117,23.7227793,0.0,4,1,0,0
Zone_DH568,373392615,90.4009799,23.7158597,0.04370095,3,3,0,1
Zone_DH568,2426201319,90.3996344,23.7234954,0.00707558,4,3,0,1
Zone_DH568,386925800,90.4063635,23.7317511,0.00357091,4,3,0,1
Zone_DH568,2426201320,90.4007558,23.7237986,0.06335014,3,3,0,0
Zone_DH568,373392621,90.4005427,23.7160129,0.0581566,3,3,0,0
Zone_DH568,2503779565,90.4002561,23.7166645,0.0,4,1,0,0
Zone_DH568,387810560,90.4176521,23.7278604,0.00224608,4,3,0,0
Zone_DH568,387810563,90.4189172,23.7295854,1.002e-05,4,2,0,0
Zone_DH568,7334274309,90.4129182,23.7136944,0.01024292,4,4,0,0
Zone_DH568,2451563795,90.400237,23.7193959,0.04015063,3,3,0,0
Zone_DH568,7007225107,90.4067537,23.717454,0.08070038,2,3,0,0
Zone_DH568,2503779605,90.4004525,23.7167852,0.0,4,1,0,0
Zone_DH568,3015058709,90.4032861,23.727082,0.0049514,4,3,0,1
Zone_DH568,2503779607,90.4003836,23.7167875,0.0,4,1,0,0
Zone_DH568,3015058710,90.4032908,23.7276462,0.00063291,4,3,0,0
Zone_DH568,2503779612,90.4002544,23.7167941,0.0,4,1,0,0
Zone_DH568,2451563805,90.4004382,23.7196996,0.03999477,3,3,0,0
Zone_DH568,2484061471,90.4053787,23.7208287,0.0,4,1,0,0
Zone_DH568,2451563814,90.400075,23.7197843,0.01639224,4,3,0,0
Zone_DH568,2451563823,90.400588,23.7200261,0.02973125,3,3,0,0
Zone_DH568,2503779637,90.4006336,23.7168405,0.02491678,3,3,0,1
Zone_DH568,2451563839,90.4001105,23.7201255,0.00819445,4,3,0,0
Zone_DH568,2503779650,90.4001576,23.7168516,0.00210915,4,3,0,1
Zone_DH568,2451563846,90.4004148,23.7202579,0.0,4,1,0,0
Zone_DH568,2451563847,90.4002817,23.7202648,0.00210915,4,3,0,1
Zone_DH568,11308959053,90.4151591,23.7322555,0.0,4,2,0,0
Zone_DH568,2529404238,90.4029641,23.7170326,0.0,4,1,0,0
Zone_DH568,2451563859,90.4001815,23.720359,0.0042144,4,3,0,1
Zone_DH568,2451563861,90.4000968,23.7203576,0.01022511,4,3,0,1
Zone_DH568,2529404250,90.4030992,23.7170342,0.00442593,4,2,0,0
Zone_DH568,12986025308,90.4172001,23.7214824,0.01591742,4,3,0,0
Zone_DH568,2503779678,90.4004525,23.7168584,0.00210915,4,3,0,1
Zone_DH568,12986025312,90.4180886,23.720683,0.00489017,4,4,0,1
Zone_DH568,12986025316,90.418685,23.7198731,0.01059194,4,4,0,0
Zone_DH568,2451563876,90.4004484,23.7204712,0.0,4,1,0,0
Zone_DH568,12986025318,90.4189154,23.7195006,0.00482727,4,4,0,0
Zone_DH568,11461961071,90.4028991,23.7302024,0.01460428,4,3,0,0
Zone_DH568,12986025328,90.4197313,23.7196089,0.00471538,4,3,0,0
Zone_DH568,2451563887,90.4008173,23.7205417,0.03566347,3,3,0,0
Zone_DH568,2451563890,90.4005235,23.7205482,0.00535553,4,2,0,0
Zone_DH568,402130291,90.4023053,23.7194702,0.0751823,2,3,0,0
Zone_DH568,60917111,90.4201546,23.727516,0.0,4,1,0,0
Zone_DH568,5883045243,90.4201964,23.7208176,0.00101422,4,2,0,0
Zone_DH568,5883045244,90.4201485,23.7202459,0.00058337,4,3,0,0
Zone_DH568,373392767,90.3967678,23.7164266,0.01270165,4,3,0,0
Zone_DH568,2451563905,90.4005235,23.7206537,0.00552086,4,3,0,0
Zone_DH568,11461961097,90.4023442,23.7321418,0.0018876,4,3,0,0
Zone_DH568,11461961098,90.402355,23.7320945,0.002938,4,3,0,0
Zone_DH568,2451563917,90.4003101,23.720688,0.002825,4,3,0,1
Zone_DH568,10761471379,90.4044744,23.7262519,0.03560614,3,3,0,1
Zone_DH568,10761471380,90.4046958,23.7262452,0.00210915,4,3,0,1
Zone_DH568,10761471382,90.4048273,23.7264792,0.0,4,1,0,0
Zone_DH568,10761471391,90.4046952,23.7261645,0.0,4,1,0,0
Zone_DH568,11461961122,90.4018293,23.7304963,0.0,4,1,0,0
Zone_DH568,11461961123,90.4021633,23.7307897,0.00105485,4,3,0,1
Zone_DH568,11461961124,90.4022827,23.7308088,0.01261258,4,3,0,0
Zone_DH568,11461961125,90.4021168,23.7310615,0.0009708,4,3,0,0
Zone_DH568,7030449600,90.4018896,23.7280665,0.03109504,3,3,0,0
Zone_DH568,7030449601,90.4018942,23.7281522,0.04720395,3,4,0,0
Zone_DH568,11461961157,90.4035627,23.7283106,0.02474144,3,3,0,0
Zone_DH568,11461961159,90.4036336,23.7284842,0.01451577,4,4,0,0
Zone_DH568,11461961161,90.4040546,23.7285407,0.03836991,3,3,0,0
Zone_DH568,13130966482,90.4136784,23.731283,0.0,4,1,0,0
Zone_DH568,13130966488,90.4130049,23.7309166,0.00210915,4,3,0,1
Zone_DH568,2503779811,90.4007776,23.7169171,0.02315498,3,3,0,0
Zone_DH568,373392869,90.3960395,23.7165531,0.01296327,4,3,0,0
Zone_DH568,2538251755,90.4051281,23.7166211,0.0,4,1,0,0
Zone_DH568,2503779822,90.4006434,23.7169368,0.02576623,3,3,0,0
Zone_DH568,2462647794,90.4045264,23.7216671,0.08437761,2,3,0,0
Zone_DH568,2503779829,90.4013821,23.7169462,0.00723868,4,3,0,1
Zone_DH568,2538251772,90.4053591,23.7166273,0.0397671,3,3,0,1
Zone_DH568,2462647806,90.4042295,23.7223779,0.0,4,1,0,0
Zone_DH568,2462647809,90.4045484,23.7224824,0.00952651,4,3,0,1
Zone_DH568,2462647815,90.4029085,23.7225528,0.01028022,4,3,0,1
Zone_DH568,2538251786,90.4044744,23.7166336,0.01799873,4,3,0,0
Zone_DH568,2462647819,90.403187,23.722571,0.0,4,1,0,0
Zone_DH568,2462647820,90.4049407,23.7226114,0.0,4,1,0,0
Zone_DH568,2462647821,90.4032117,23.7226681,0.0042144,4,3,0,1
Zone_DH568,3006301706,90.404948,23.7300043,0.00585819,4,3,0,0
Zone_DH568,2462647823,90.4028952,23.7226678,0.0104294,4,3,0,1
Zone_DH568,3006301708,90.4049874,23.7297989,0.02546619,3,3,0,0
Zone_DH568,4896622115,90.4176616,23.7289415,0.01236487,4,3,0,0
Zone_DH568,2462647844,90.4032123,23.7229316,0.0,4,1,0,0
Zone_DH568,4896622117,90.4180444,23.7293169,0.00821115,4,4,0,0
Zone_DH568,2462647846,90.4053457,23.7229604,0.00945805,4,3,0,1
Zone_DH568,6139733539,90.4152508,23.7260236,0.04554012,3,3,0,0
Zone_DH568,2462647852,90.4040908,23.7230364,0.00736727,4,3,0,1
Zone_DH568,2441430573,90.4011185,23.7226557,0.02105196,3,3,0,0
Zone_DH568,2462647858,90.4032094,23.7231408,0.00210915,4,3,0,1
Zone_DH568,2462647860,90.4031007,23.7231642,0.0,4,1,0,0
Zone_DH568,2476500534,90.3977517,23.7165176,0.02369994,3,3,0,0
Zone_DH568,2462647864,90.4032244,23.7232244,0.0,4,1,0,0
Zone_DH568,6139733560,90.4143637,23.7249909,0.08165336,2,3,0,0
Zone_DH568,4987659834,90.3969493,23.7139159,0.0,4,1,0,0
Zone_DH568,3014936134,90.3987774,23.7299947,0.00526981,4,3,0,1
Zone_DH568,2503779914,90.4006183,23.7170373,0.00416931,4,3,0,1
Zone_DH568,2484061777,90.4053355,23.7208872,0.0042144,4,3,0,1
Zone_DH568,2992129618,90.4036305,23.7312332,0.00292464,4,3,0,0
Zone_DH568,2484061785,90.4051597,23.7208875,0.0,4,1,0,0
Zone_DH568,6138734176,90.4101979,23.7302456,0.01982343,4,4,0,0
Zone_DH568,2538251883,90.4048662,23.7167446,0.0,4,1,0,0
Zone_DH568,6649783920,90.4092428,23.7312551,0.00519967,4,3,0,0
Zone_DH568,6649783921,90.4086677,23.7320839,0.0,4,1,0,0
Zone_DH568,6649783922,90.4078891,23.7317581,0.00108491,4,2,0,0
Zone_DH568,4986177142,90.4165883,23.7113485,0.0066798,4,3,0,0
Zone_DH568,2503779973,90.4002536,23.7170772,0.0,4,1,0,0
Zone_DH568,2442823309,90.4020665,23.7219702,0.01779834,4,3,0,0
Zone_DH568,7187744399,90.3987184,23.7297953,0.0,4,1,0,0
Zone_DH568,2538251944,90.4054481,23.7168154,0.07257495,2,3,0,0
Zone_DH568,2441430697,90.401009,23.7230123,0.02714895,3,3,0,0
Zone_DH568,2966308535,90.4045694,23.7227817,0.0,4,1,0,0
Zone_DH568,2523473599,90.404664,23.7112123,0.00646883,4,3,0,0
Zone_DH568,2441430720,90.4006746,23.7230484,0.02830177,3,3,0,0
Zone_DH568,4986177215,90.4167626,23.7117027,0.00353918,4,3,0,0
Zone_DH568,2441430721,90.4007295,23.7230466,0.03697661,3,3,0,0
Zone_DH568,2503780031,90.4014046,23.7171338,0.0,4,1,0,0
Zone_DH568,7130048230,90.394958,23.7239006,0.0,4,1,0,0
Zone_DH568,11328857857,90.4060298,23.7095013,0.0,4,1,0,0
Zone_DH568,2503780102,90.4006278,23.7171845,0.0,4,1,0,0
Zone_DH568,6557083405,90.4068896,23.7151536,0.07596273,2,3,0,0
Zone_DH568,10759178015,90.3956219,23.7282849,0.00210859,4,2,0,1
Zone_DH568,10759178039,90.3958514,23.7285927,0.00105485,4,2,0,1
Zone_DH568,60917561,90.4151097,23.7303158,0.01484419,4,4,0,1
Zone_DH568,10759178042,90.3957679,23.7288852,0.0,4,1,0,0
Zone_DH568,10759178043,90.3954516,23.728273,0.00316122,4,3,0,1
Zone_DH568,2503780163,90.4010745,23.7172254,0.0,4,1,0,0
Zone_DH568,386926404,90.4036845,23.731301,0.00272981,4,3,0,0
Zone_DH568,386926410,90.4036479,23.7311249,0.00414927,4,3,0,0
Zone_DH568,2503780177,90.4004411,23.717233,0.00465916,4,3,0,0
Zone_DH568,2992121697,90.402608,23.7320488,0.00122519,4,4,0,0
Zone_DH568,2529404769,90.4037597,23.7171566,0.00953542,4,3,0,0
Zone_DH568,401598311,90.4145957,23.7151406,0.01163399,4,3,0,0
Zone_DH568,2992121706,90.4025423,23.7322806,0.00022155,4,4,0,0
Zone_DH568,2519500655,90.400671,23.7214626,0.02711388,3,3,0,0
Zone_DH568,2992121715,90.4021106,23.73257,0.0,4,2,0,0
Zone_DH568,2519500669,90.4002579,23.7215944,0.00679559,4,3,0,1
Zone_DH568,2503780229,90.4008165,23.7172592,0.01794418,4,3,0,1
Zone_DH568,2503780230,90.4007972,23.7172599,0.01820469,4,2,0,0
Zone_DH568,2519500681,90.4004316,23.7216514,0.0,4,1,0,0
Zone_DH568,6545672085,90.3994747,23.7269587,0.0,4,1,0,0
Zone_DH568,401811352,90.4009308,23.7210808,0.03697939,3,4,0,0
Zone_DH568,401647515,90.4097214,23.717416,0.01570032,4,3,0,0
Zone_DH568,2519500706,90.4004641,23.7217765,0.0,4,1,0,0
Zone_DH568,2503780263,90.4002939,23.7172888,0.0042016,4,3,0,1
Zone_DH568,2529404843,90.4035541,23.7171743,0.00605135,4,3,0,1
Zone_DH568,401647532,90.4097476,23.7195664,0.01995981,4,3,0,0
Zone_DH568,2519500734,90.3998293,23.7220337,0.00105485,4,2,0,1
Zone_DH568,10972440521,90.4119598,23.7228919,0.03079946,3,4,0,0
Zone_DH568,10972440522,90.4119541,23.7230402,0.0863526,2,4,0,0
Zone_DH568,2519500749,90.3997042,23.722089,0.05025439,3,3,0,1
Zone_DH568,7874619344,90.402882,23.7105951,0.00452056,4,4,0,0
Zone_DH568,3249580002,90.3983659,23.7201079,0.05639814,3,3,0,0
Zone_DH568,4388939747,90.4181801,23.7166555,0.00428064,4,3,0,0
Zone_DH568,4388939748,90.4173096,23.7160914,0.00073923,4,3,0,0
Zone_DH568,4388939749,90.4181365,23.7161211,0.00130201,4,3,0,0
Zone_DH568,2538252262,90.404863,23.7170643,0.03465705,3,3,0,1
Zone_DH568,373393394,90.3951135,23.718303,0.0090773,4,2,0,0
Zone_DH568,373393411,90.3958776,23.7166311,0.01095766,4,2,0,0
Zone_DH568,2538252291,90.4047132,23.7170816,0.05070528,3,3,0,0
Zone_DH568,373393425,90.3969641,23.7163587,0.0085212,4,3,0,0
Zone_DH568,2503780378,90.4006123,23.7173891,0.00175234,4,2,0,0
Zone_DH568,2484062258,90.4058735,23.7209905,0.10145675,1,3,0,0
Zone_DH568,6139734073,90.4152274,23.7301925,0.00956437,4,4,0,0
Zone_DH568,6139734076,90.4152423,23.7315024,0.00205961,4,2,0,0
Zone_DH568,6139734077,90.4181537,23.7286651,0.00209746,4,3,0,0
Zone_DH568,7227394112,90.4084437,23.7191509,0.00273649,4,3,0,0
Zone_DH568,2503780424,90.4007992,23.7174242,0.02103637,3,3,0,0
Zone_DH568,373393489,90.399224,23.7214459,0.04524175,3,3,0,0
Zone_DH568,6139734099,90.4176489,23.7220712,0.01168632,4,3,0,0
Zone_DH568,6345279575,90.4181349,23.7153704,0.00220434,4,3,0,1
Zone_DH568,373393500,90.400194,23.7230858,0.05145842,3,3,0,0
Zone_DH568,2492311644,90.3999584,23.7166573,0.01868118,4,3,0,1
Zone_DH568,6139734108,90.4176638,23.7217888,0.01338855,4,3,0,0
Zone_DH568,2503780452,90.4003196,23.7174408,0.0,4,1,0,0
Zone_DH568,2424080503,90.3983746,23.7201498,0.05203344,3,3,0,0
Zone_DH568,401860730,90.410145,23.7140672,0.01050677,4,3,0,0
Zone_DH568,401860733,90.4102217,23.7142938,0.00153357,4,3,0,0
Zone_DH568,4971882622,90.4078147,23.7152488,0.0,4,1,0,0
Zone_DH568,4971882623,90.4068951,23.7152788,0.07604845,2,3,0,1
Zone_DH568,2538252417,90.4046546,23.7172051,0.05067689,3,3,0,0
Zone_DH568,3015035024,90.4002762,23.7245849,0.07583637,2,4,0,0
Zone_DH568,6557182102,90.4191476,23.7198802,0.00774523,4,3,0,0
Zone_DH568,6557182103,90.4193317,23.7218422,0.00457121,4,3,0,0
Zone_DH568,8771766432,90.3978014,23.7280206,0.0,4,3,0,0
Zone_DH568,6139734186,90.4152408,23.7259227,0.06274117,3,4,0,0
Zone_DH568,6139734187,90.4152489,23.7267471,0.04583737,3,3,0,0
Zone_DH568,2538252461,90.4048494,23.7172356,0.00105485,4,3,0,1
Zone_DH568,6139734189,90.4152624,23.7277331,0.0444758,3,4,0,0
Zone_DH568,388311215,90.3956952,23.7223611,0.01699954,4,4,0,0
Zone_DH568,6139734194,90.4198516,23.7274905,0.0,4,2,0,0
Zone_DH568,6139734196,90.4180668,23.7285093,0.00077486,4,3,0,0
Zone_DH568,6139734197,90.4173505,23.7289333,0.00633078,4,4,0,0
Zone_DH568,6139734198,90.416754,23.729465,0.00309498,4,3,0,0
Zone_DH568,6139734201,90.416221,23.729609,0.00195551,4,3,0,0
Zone_DH568,6139734202,90.4166771,23.7293406,0.00133986,4,3,0,0
Zone_DH568,6139734204,90.4151068,23.7259264,0.01444174,4,3,0,0
Zone_DH568,393922753,90.4041622,23.7132118,0.00041693,4,3,0,0
Zone_DH568,6139734211,90.4145704,23.7229984,0.01205371,4,3,0,0
Zone_DH568,393922756,90.4043025,23.7130652,0.00889806,4,3,0,0
Zone_DH568,6139734215,90.410073,23.7301229,0.01745822,4,4,0,0
Zone_DH568,4689676490,90.416622,23.7259406,0.0042517,4,3,0,0
Zone_DH568,6139734219,90.4103026,23.7286611,0.01652027,4,3,0,0
Zone_DH568,393922767,90.4045019,23.7119882,0.00192323,4,3,0,1
Zone_DH568,4689676496,90.4181811,23.722002,0.0055743,4,3,0,0
Zone_DH568,393922777,90.404499,23.7113725,0.02119279,3,3,0,0
Zone_DH568,373393639,90.3975122,23.7217723,0.00901106,4,3,0,0
Zone_DH568,4901472497,90.4153271,23.7267476,0.00332487,4,3,0,0
Zone_DH568,2503780597,90.4008383,23.7178844,0.06088084,3,3,0,0
Zone_DH568,2484062456,90.4054961,23.7210359,0.00105485,4,3,0,1
Zone_DH568,373393658,90.3972507,23.723064,0.00415818,4,3,0,0
Zone_DH568,4901472513,90.4173886,23.7273614,0.0,4,3,0,0
Zone_DH568,6139734285,90.4104581,23.7277563,0.03433697,3,3,0,0
Zone_DH568,4901472530,90.4160459,23.7259304,0.01541031,4,3,0,0
Zone_DH568,4901472531,90.4160271,23.7267455,0.00048206,4,3,0,0
Zone_DH568,5624154388,90.401892,23.7156571,0.01363292,4,3,0,1
Zone_DH568,4901472533,90.4162527,23.7267407,0.00870657,4,3,0,0
Zone_DH568,3014936852,90.3987508,23.729817,0.00105485,4,3,0,1
Zone_DH568,4901472532,90.4162623,23.7259338,0.01439665,4,3,0,0
Zone_DH568,401606936,90.4160281,23.7128213,0.00210525,4,3,0,0
Zone_DH568,2471725336,90.4046066,23.7225313,0.00970575,4,3,0,1
Zone_DH568,401606948,90.4166663,23.7123222,0.00128642,4,3,0,0
Zone_DH568,401590565,90.4148945,23.7151568,0.01062645,4,3,0,0
Zone_DH568,2538252580,90.4046313,23.7172781,0.05223829,3,3,0,0
Zone_DH568,5624154406,90.4016018,23.7155585,0.0,4,1,0,0
Zone_DH568,5624154408,90.401631,23.7155103,0.0,4,1,0,0
Zone_DH568,5624154410,90.4015542,23.7157681,0.0,4,1,0,0
Zone_DH568,5624154411,90.401761,23.7157562,0.00105485,4,3,0,1
Zone_DH568,5624154412,90.401631,23.7155521,0.00210915,4,3,0,1
Zone_DH568,402131247,90.4030257,23.7206227,0.08065028,2,3,0,0
Zone_DH568,401590575,90.41526,23.7144615,0.00919809,4,3,0,0
Zone_DH568,401590578,90.4153319,23.7141013,0.0115928,4,3,0,0
Zone_DH568,2471725362,90.4033293,23.7226696,0.0,4,1,0,0
Zone_DH568,2471725363,90.4032568,23.7226701,0.00210915,4,3,0,1
Zone_DH568,5624154418,90.4018363,23.7156123,0.0052609,4,3,0,1
Zone_DH568,5624154420,90.4017624,23.7156116,0.00105931,4,3,0,1
Zone_DH568,5624154419,90.4016997,23.7156123,0.0,4,1,0,0
Zone_DH568,4979075385,90.4150813,23.7181591,0.01275731,4,3,0,0
Zone_DH568,2471725371,90.4033486,23.7227239,0.0,4,1,0,0
Zone_DH568,393374014,90.4073987,23.7097655,0.00025773,4,2,0,0
Zone_DH568,393374015,90.4075968,23.7098494,0.00205237,4,3,0,0
Zone_DH568,4901472577,90.4121481,23.724774,0.01881589,4,4,0,0
Zone_DH568,4901472578,90.4119064,23.724855,0.01400421,4,4,0,0
Zone_DH568,13563791690,90.4016779,23.7254005,0.00162932,4,3,0,0
Zone_DH568,401606989,90.4183926,23.7118192,0.00117899,4,2,0,0
Zone_DH568,13563791693,90.4016936,23.7252086,0.00468588,4,3,0,0
Zone_DH568,4901472589,90.412112,23.7251493,0.00668036,4,3,0,0
Zone_DH568,4901472596,90.4119245,23.7250442,0.00327644,4,3,0,0
Zone_DH568,2424080736,90.3958489,23.7209394,0.00210915,4,3,0,1
Zone_DH568,11461544300,90.3954061,23.7196038,0.00237467,4,4,0,0
Zone_DH568,11461544301,90.3954236,23.719463,0.00155639,4,2,0,0
Zone_DH568,11461544304,90.3953282,23.7199064,0.00574519,4,4,0,0
Zone_DH568,2538252656,90.4049417,23.7173032,0.0,4,1,0,0
Zone_DH568,11461544306,90.3954223,23.7195365,0.00195941,4,3,0,0
Zone_DH568,11461544307,90.3955027,23.7195334,0.00767064,4,3,0,0
Zone_DH568,4986161526,90.4141275,23.7138419,0.00555203,4,3,0,0
Zone_DH568,4986161527,90.4145291,23.7138618,0.00403905,4,3,0,0
Zone_DH568,11461544314,90.3956164,23.7172096,0.01006257,4,3,0,0
Zone_DH568,4986161531,90.4153017,23.7140205,0.00748194,4,3,0,0
Zone_DH568,11461544316,90.39515,23.7182311,0.00929495,4,3,0,0
Zone_DH568,11461544317,90.3953078,23.7200428,0.00595226,4,3,0,0
Zone_DH568,11461544315,90.3950718,23.7181983,0.0,4,2,0,0
Zone_DH568,393357719,90.4030645,23.7098798,0.00052325,4,3,0,0
Zone_DH568,4908501411,90.4118327,23.7228911,0.0224113,3,4,0,0
Zone_DH568,387811761,90.419445,23.7284995,0.00106376,4,3,0,1
Zone_DH568,2484062674,90.4052766,23.7211144,0.0261737,3,3,0,1
Zone_DH568,6545607124,90.4064566,23.7295544,0.0,4,1,0,0
Zone_DH568,6545607135,90.4072706,23.7295286,0.0,4,1,0,0
Zone_DH568,6545607136,90.4074327,23.7295268,0.00336996,4,3,0,0
Zone_DH568,401861092,90.4107299,23.7139135,0.00978647,4,3,0,0
Zone_DH568,4885113338,90.4117603,23.7195685,0.01863944,4,3,0,0
Zone_DH568,2484062719,90.4058817,23.7211451,0.11494829,1,4,0,0
Zone_DH568,6269299200,90.3974412,23.7303471,6.401e-05,4,3,0,0
Zone_DH568,6269299201,90.3972565,23.7301132,4.175e-05,4,3,0,0
Zone_DH568,393914884,90.4105546,23.7122885,0.00664195,4,3,0,0
Zone_DH568,393914885,90.4104529,23.7124703,0.00756321,4,3,0,0
Zone_DH568,393914892,90.4106714,23.7131655,0.00836089,4,3,0,0
Zone_DH568,387811858,90.418501,23.7299113,0.00194104,4,3,0,0
Zone_DH568,3015010840,90.4032658,23.7282905,0.0,4,1,0,0
Zone_DH568,3015010841,90.4032658,23.7281206,0.0,4,1,0,0
Zone_DH568,387123762,90.3965011,23.7158315,0.00806809,4,3,0,0
Zone_DH568,6397938234,90.4116347,23.7187407,0.01901239,4,3,0,1
Zone_DH568,6397938236,90.4109239,23.7187961,0.0,4,1,0,0
Zone_DH568,6397938237,90.4107147,23.7173776,0.01541866,4,3,0,1
Zone_DH568,6397938238,90.4106965,23.7178513,0.0,4,1,0,0
Zone_DH568,2432289350,90.405558,23.7229705,0.11901462,1,3,0,1
Zone_DH568,373393996,90.4002474,23.7234772,0.05398061,3,4,0,0
Zone_DH568,9995733590,90.4015891,23.7271251,0.0042439,4,3,0,0
Zone_DH568,9995733591,90.4015749,23.7265304,0.00680115,4,3,0,0
Zone_DH568,9995733593,90.4013962,23.7272605,0.00200951,4,3,0,0
Zone_DH568,9995733597,90.4011536,23.7265338,0.00676775,4,3,0,0
Zone_DH568,5838735976,90.4151047,23.7302232,0.01421587,4,4,0,0
Zone_DH568,373394025,90.3978176,23.7233239,0.00539004,4,3,0,0
Zone_DH568,5838735980,90.413573,23.7301911,0.00920366,4,3,0,0
Zone_DH568,3462990445,90.4055213,23.7231534,0.15010075,1,4,1,0
Zone_DH568,5838735983,90.4116321,23.7301197,0.00955156,4,3,0,0
Zone_DH568,2525137521,90.4017151,23.715096,0.0,4,1,0,0
Zone_DH568,4971784818,90.3967146,23.7282686,0.01002527,4,3,0,0
Zone_DH568,2525137524,90.4009668,23.7155403,0.0,4,1,0,0
Zone_DH568,394234493,90.4079908,23.7113723,0.00276655,4,3,0,0
Zone_DH568,2504624768,90.403241,23.7126799,0.01752224,4,3,0,0
Zone_DH568,6119557792,90.4127831,23.7307938,0.00429623,4,3,0,1
Zone_DH568,2445240995,90.4014388,23.7225376,0.01246062,4,3,0,1
Zone_DH568,4600875690,90.4002609,23.7282042,0.03229629,3,3,0,0
Zone_DH568,2445241003,90.4013171,23.7226215,0.01029692,4,3,0,1
Zone_DH568,2504624810,90.4026625,23.7129391,0.02094341,3,3,0,0
Zone_DH568,4600875691,90.4000543,23.7279962,0.03106387,3,3,0,0
Zone_DH568,387123900,90.4046735,23.7094433,0.00105485,4,2,0,1
Zone_DH568,2445241021,90.4016984,23.7229866,0.0,4,1,0,0
Zone_DH568,393358016,90.4028198,23.7106112,0.0,4,2,0,0
Zone_DH568,387123908,90.4056614,23.7095669,0.0,4,1,0,0
Zone_DH568,9732180676,90.4065853,23.7258785,0.0,4,1,0,0
Zone_DH568,387812041,90.4182809,23.729648,0.0029753,4,3,0,0
Zone_DH568,9732180682,90.4061082,23.7277919,0.0111202,4,3,0,1
Zone_DH568,9732180683,90.4074329,23.7270891,0.0,4,1,0,0
Zone_DH568,6446287564,90.4158339,23.7323326,0.0,4,1,0,0
Zone_DH568,387123917,90.403552,23.7097369,0.0,4,2,0,0
Zone_DH568,9732180684,90.4074493,23.7277555,0.00698318,4,3,0,1
Zone_DH568,9732180685,90.408318,23.7270842,0.0,4,1,0,0
Zone_DH568,9732180688,90.4087556,23.7276995,0.00953264,4,3,0,1
Zone_DH568,387123922,90.4041074,23.710546,0.00200116,4,3,0,0
Zone_DH568,2445241043,90.401949,23.7231004,0.04228538,3,3,0,1
Zone_DH568,9974467291,90.4092863,23.7241548,0.0,4,1,0,0
Zone_DH568,1556433642,90.4065262,23.7097473,0.0,4,2,0,0
Zone_DH568,2441284330,90.4021627,23.7231559,0.0,4,1,0,0
Zone_DH568,1556433653,90.4070463,23.7100869,0.0142419,4,3,0,0
Zone_DH568,3006368508,90.4003606,23.7253326,0.0845151,2,4,0,0
Zone_DH568,3006368512,90.3986938,23.7261851,0.02828563,3,3,0,1
Zone_DH568,1556433664,90.4084198,23.7114495,0.00744909,4,3,0,0
Zone_DH568,2504624898,90.4016695,23.7130225,0.0,4,1,0,0
Zone_DH568,1556433677,90.4162138,23.7153779,0.01486924,4,4,0,0
Zone_DH568,373394198,90.4035888,23.7196475,0.10672044,1,3,0,0
Zone_DH568,373394200,90.4032835,23.7196354,0.05152856,3,3,0,0
Zone_DH568,373394207,90.4020014,23.7194431,0.07226991,2,3,0,1
Zone_DH568,373394213,90.400889,23.7191952,0.07334035,2,4,0,0
Zone_DH568,1556433702,90.4191585,23.7280776,0.00105485,4,3,0,1
Zone_DH568,2441284401,90.4022533,23.7234696,0.01794418,4,3,0,1
Zone_DH568,2504624954,90.4011394,23.7131567,0.01569086,4,3,0,1
Zone_DH568,2445257553,90.4013801,23.721548,0.0,4,1,0,0
Zone_DH568,2445257556,90.4010538,23.7216178,0.01096378,4,4,0,1
Zone_DH568,2445257559,90.4011452,23.721897,0.02063614,3,4,0,0
Zone_DH568,4962823028,90.4118299,23.7230383,0.07913007,2,4,0,0
Zone_DH568,4962823029,90.4108319,23.723044,0.0948816,2,4,0,0
Zone_DH568,2492517239,90.4003114,23.7160181,0.06909422,2,3,0,0
Zone_DH568,4962823031,90.4055032,23.7232817,0.13095421,1,4,0,0
Zone_DH568,4962823037,90.4125051,23.7228959,0.02113935,3,3,0,0
Zone_DH568,6139259777,90.412033,23.7244414,0.08104327,2,3,0,0
Zone_DH568,2504625034,90.4027016,23.7133427,0.02174387,3,3,0,1
Zone_DH568,2492517265,90.3999575,23.7161151,0.04946172,3,3,0,1
Zone_DH568,9559468957,90.3954327,23.7224868,0.0,4,2,0,0
Zone_DH568,395070376,90.4132983,23.7118731,0.00101867,4,4,0,0
Zone_DH568,2504625076,90.4023043,23.7133695,0.0,4,1,0,0
Zone_DH568,387828678,90.4178154,23.7281367,0.00154916,4,4,0,0
Zone_DH568,5206174663,90.3991032,23.7222722,0.00105485,4,3,0,1
Zone_DH568,5206174666,90.3994117,23.7220723,0.0,4,1,0,0
Zone_DH568,2520042445,90.4059043,23.710732,0.01658094,4,3,0,0
Zone_DH568,373394382,90.3953673,23.7200516,0.00818833,4,3,0,0
Zone_DH568,373394386,90.3953269,23.7205047,0.01948053,4,4,0,0
Zone_DH568,373394389,90.3953228,23.7206721,0.01014495,4,2,0,0
Zone_DH568,2452499422,90.4034083,23.7208132,0.05935729,3,3,0,1
Zone_DH568,401804270,90.4007707,23.7233931,0.06628202,3,3,0,0
Zone_DH568,2504625139,90.402297,23.7134915,0.0,4,1,0,0
Zone_DH568,401804287,90.40163,23.7232529,0.05545963,3,4,0,0
Zone_DH568,2504625156,90.4021328,23.7135142,0.0,4,1,0,0
Zone_DH568,2504625160,90.4020747,23.713516,0.00210915,4,3,0,1
Zone_DH568,2504625169,90.4019935,23.7135188,0.0,4,1,0,0
Zone_DH568,2520042516,90.4060927,23.7108652,0.0,4,1,0,0
Zone_DH568,2452499480,90.4038378,23.7211253,0.05977255,3,3,0,1
Zone_DH568,10211666971,90.406413,23.7266246,0.0,4,1,0,0
Zone_DH568,10211666974,90.4060294,23.7267699,0.00210915,4,3,0,1
Zone_DH568,10211666976,90.4078112,23.7294977,0.00187535,4,3,0,0
Zone_DH568,10211666977,90.4098789,23.7294104,0.0,4,1,0,0
Zone_DH568,393923621,90.4038702,23.7114382,0.02939726,3,3,0,0
Zone_DH568,2492517417,90.3997218,23.7174883,0.02880164,3,3,0,0
Zone_DH568,386927662,90.407231,23.7278795,0.01377765,4,4,0,0
Zone_DH568,2511146040,90.4027632,23.7184541,0.01530677,4,3,0,0
Zone_DH568,2452499518,90.4041099,23.7211805,0.10310611,1,3,0,0
Zone_DH568,2504625226,90.4016334,23.7135909,0.0,4,1,0,0
Zone_DH568,6139259985,90.4105094,23.7212234,0.07217361,2,3,0,0
Zone_DH568,2514594898,90.397291,23.7155642,0.00113056,4,3,0,0
Zone_DH568,2520042581,90.4062202,23.7109018,0.0,4,1,0,0
Zone_DH568,2514594908,90.3973598,23.71583,0.00318348,4,3,0,0
Zone_DH568,2511146088,90.40258,23.7195182,0.03508066,3,3,0,0
Zone_DH568,2514594920,90.3977132,23.715938,0.0128024,4,3,0,0
Zone_DH568,2476559466,90.4058778,23.7173783,0.08747036,2,3,0,0
Zone_DH568,2574126187,90.404461,23.7166276,0.01955513,4,3,0,0
Zone_DH568,2476559469,90.4061202,23.7173809,0.08879797,2,4,0,0
Zone_DH568,387124338,90.4077495,23.7100199,0.00987219,4,3,0,0
Zone_DH568,2514594930,90.3967962,23.7159805,0.00282222,4,3,0,0
Zone_DH568,2514594931,90.3977349,23.7160376,0.01337408,4,3,0,1
Zone_DH568,387124345,90.4106889,23.7098542,0.00758158,4,3,0,0
Zone_DH568,387124346,90.4117577,23.7098836,0.00578861,4,3,0,0
Zone_DH568,387124347,90.4119963,23.7099166,0.00765784,4,3,0,0
Zone_DH568,2520042619,90.4061403,23.710938,0.00210915,4,3,0,1
Zone_DH568,2514594943,90.3968371,23.716077,0.0043107,4,3,0,0
Zone_DH568,2504625281,90.4012352,23.7136617,0.00889583,4,3,0,0
Zone_DH568,2476559490,90.4060907,23.7176918,0.00116618,4,3,0,0
Zone_DH568,2507975812,90.4029419,23.7115995,0.0402447,3,3,0,0
Zone_DH568,2514594948,90.3971185,23.7160975,0.0,4,1,0,0
Zone_DH568,2514594952,90.3966641,23.7161313,0.00931332,4,3,0,0
Zone_DH568,387124361,90.4076719,23.7097888,0.00038576,4,2,0,0
Zone_DH568,387124366,90.4084534,23.7113373,0.00486123,4,3,0,0
Zone_DH568,2507975823,90.402424,23.7117013,0.02708326,3,3,0,0
Zone_DH568,2520042640,90.4060824,23.7109641,0.0071062,4,3,0,1
Zone_DH568,6338342032,90.3967121,23.7251198,0.0,4,1,0,0
Zone_DH568,6338342034,90.3964359,23.7253948,0.00210915,4,3,0,1
Zone_DH568,2476559507,90.4060274,23.7178268,0.0005856,4,3,0,0
Zone_DH568,6338342035,90.3971044,23.7259548,0.0042144,4,3,0,1
Zone_DH568,6338342036,90.3972352,23.7258294,0.0,4,1,0,0
Zone_DH568,6338342038,90.3965244,23.7264801,0.01167129,4,3,0,1
Zone_DH568,9566170263,90.4053521,23.7243789,0.1082195,1,3,0,0
Zone_DH568,6338342044,90.3979153,23.7265303,0.0,4,1,0,0
Zone_DH568,2476559519,90.4056464,23.7178914,0.01902185,4,3,0,0
Zone_DH568,6338342047,90.3985038,23.7260409,0.00316122,4,3,0,1
Zone_DH568,6338342050,90.3980303,23.7263977,0.00105485,4,3,0,1
Zone_DH568,2476559523,90.4070348,23.7179345,0.03874954,3,3,0,0
Zone_DH568,2476559524,90.4061532,23.7178858,0.00069247,4,3,0,0
Zone_DH568,6338342058,90.3982693,23.7258438,0.0,4,2,0,0
Zone_DH568,6338342059,90.3991117,23.7247178,0.0,4,1,0,0
Zone_DH568,369790138,90.4071264,23.718544,0.09297062,2,3,0,0
Zone_DH568,369790143,90.4050717,23.717519,0.03355265,3,3,0,1
Zone_DH568,2507975883,90.4024073,23.7118861,0.00365552,4,3,0,1
Zone_DH568,2507975899,90.402249,23.7119111,0.0,4,1,0,0
Zone_DH568,2520042719,90.4067856,23.7110643,0.00986663,4,3,0,1
Zone_DH568,2510253280,90.400864,23.7158846,0.04364639,3,3,0,1
Zone_DH568,2510253282,90.4009071,23.7160458,0.0,4,1,0,0
Zone_DH568,2510253283,90.4009654,23.7162669,0.0,4,1,0,0
Zone_DH568,2520042725,90.4062552,23.7110652,0.0,4,1,0,0
Zone_DH568,2510253288,90.4020921,23.7170619,0.0,4,1,0,0
Zone_DH568,2510253292,90.402377,23.7171767,0.04052915,3,3,0,1
Zone_DH568,2520042732,90.4060967,23.7110708,0.00669094,4,3,0,0
Zone_DH568,2507975925,90.4014064,23.7119641,0.02365764,3,3,0,1
Zone_DH568,2520042743,90.4065605,23.7110803,0.00210915,4,3,0,1
Zone_DH568,4823690506,90.4151116,23.7315605,0.00526369,4,3,0,1
Zone_DH568,4823690508,90.4152241,23.7302855,0.01327555,4,4,0,0
Zone_DH568,12732370192,90.4137601,23.7303157,0.00421997,4,3,0,0
Zone_DH568,12732370194,90.4134602,23.7314653,0.0,4,1,0,0
Zone_DH568,12732370200,90.4098459,23.7300969,0.01232758,4,3,0,0
Zone_DH568,2520042789,90.4064254,23.7110947,0.0,4,1,0,0
Zone_DH568,2520042801,90.4061028,23.7110989,0.00698429,4,3,0,1
Zone_DH568,9907465527,90.4174401,23.7290695,0.00654509,4,3,0,0
Zone_DH568,2504625466,90.4023038,23.7138611,0.02186077,3,3,0,1
Zone_DH568,9907465531,90.4172033,23.7284554,0.01312025,4,4,0,0
Zone_DH568,9907465530,90.4174596,23.728868,0.01321766,4,4,0,0
Zone_DH568,9907465534,90.4170198,23.727944,0.00322078,4,3,0,0
Zone_DH568,2504625471,90.4021487,23.7138622,0.0216125,3,3,0,1
Zone_DH568,2504625470,90.4014889,23.7138632,0.01760574,4,3,0,0
Zone_DH568,2504625473,90.401655,23.7138651,0.01860437,4,3,0,1
Zone_DH568,9907465538,90.4168001,23.7279726,0.00417877,4,3,0,0
Zone_DH568,9907465536,90.4175473,23.7290076,0.01352104,4,3,0,0
Zone_DH568,9907465542,90.4152632,23.7275287,0.04582178,3,3,0,0
Zone_DH568,2513374535,90.4068977,23.7159685,0.07678991,2,3,0,0
Zone_DH568,3396177223,90.4150865,23.7295518,0.00824858,4,3,0,1
Zone_DH568,9907465544,90.4150918,23.7277303,0.01021453,4,3,0,0
Zone_DH568,13563743573,90.3954377,23.7271363,0.00286397,4,3,0,0
Zone_DH568,387124568,90.4068343,23.714075,0.06924952,2,3,0,0
Zone_DH568,2513374552,90.4064635,23.7159819,0.00583704,4,3,0,0
Zone_DH568,13563743577,90.395399,23.7277759,0.00120292,4,3,0,0
Zone_DH568,13563743579,90.3953994,23.7276715,0.00150741,4,3,0,0
Zone_DH568,13563743582,90.4036145,23.7266942,0.0,4,1,0,0
Zone_DH568,13563743583,90.4034535,23.7258857,0.00959164,4,3,0,1
Zone_DH568,13563743584,90.4034592,23.7264335,0.0,4,1,0,0
Zone_DH568,2520042850,90.4064256,23.7111231,0.0,4,1,0,0
Zone_DH568,13563743587,90.4033265,23.7258605,0.00861194,4,3,0,0
Zone_DH568,13563743586,90.4035954,23.7258396,0.0176653,4,3,0,0
Zone_DH568,2507976037,90.4008473,23.7122259,0.02449094,3,3,0,0
Zone_DH568,13563743590,90.4033278,23.725745,0.00152244,4,3,0,0
Zone_DH568,13563743593,90.403018,23.7257437,0.00142057,4,3,0,0
Zone_DH568,2507976042,90.403068,23.7122537,0.0157944,4,3,0,0
Zone_DH568,13563743595,90.4045558,23.7258561,0.03803925,3,3,0,0
Zone_DH568,13563743596,90.3986049,23.7297377,0.01920833,4,4,0,1
Zone_DH568,5657193834,90.412281,23.731658,0.00105485,4,3,0,1
Zone_DH568,5657193838,90.4106733,23.7325595,0.00197611,4,3,0,0
Zone_DH568,5657193839,90.4112289,23.7316333,0.00290738,4,4,0,0
Zone_DH568,5657193835,90.4122512,23.7307877,0.00468533,4,3,0,0
Zone_DH568,5657193836,90.4122878,23.7323679,0.0,4,1,0,0
Zone_DH568,5657193843,90.4112464,23.7325545,0.00106933,4,3,0,0
Zone_DH568,5657193844,90.4105351,23.7316176,0.00671933,4,4,0,0
Zone_DH568,5657193845,90.4117659,23.7316461,0.00233069,4,4,0,0
Zone_DH568,5657193849,90.4092398,23.7326194,0.00151298,4,3,0,1
Zone_DH568,5657193854,90.408348,23.7312978,0.00484787,4,3,0,1
Zone_DH568,5657193861,90.4082944,23.7313337,0.00461741,4,3,0,0
Zone_DH568,5657193865,90.4073192,23.7311135,0.0001336,4,3,0,0
Zone_DH568,5657193868,90.4117173,23.7325601,0.00019316,4,2,0,0
Zone_DH568,2442677644,90.4015565,23.7219575,0.0,4,1,0,0
Zone_DH568,5037550990,90.4124185,23.724795,0.08249669,2,3,0,0
Zone_DH568,5657193870,90.4091733,23.7326205,0.0,4,1,0,0
Zone_DH568,5657193869,90.4100438,23.7326058,0.00060174,4,2,0,0
Zone_DH568,2442677650,90.4014336,23.7221826,0.0,4,1,0,0
Zone_DH568,2442677652,90.4017721,23.7221004,0.01192957,4,3,0,1
Zone_DH568,387124633,90.4064409,23.7103737,0.01843514,4,3,0,0
Zone_DH568,387812762,90.4174542,23.7296471,0.00190374,4,4,0,0
Zone_DH568,387812763,90.4177194,23.7300026,0.0,4,3,0,0
Zone_DH568,2442677658,90.4013086,23.7222751,0.0,4,1,0,0
Zone_DH568,2513374622,90.4062109,23.7160949,0.00778809,4,3,0,0
Zone_DH568,2991959455,90.4059411,23.7277957,0.01152878,4,3,0,1
Zone_DH568,6557044129,90.4138041,23.7131689,0.00989168,4,3,0,0
Zone_DH568,2991959457,90.4058467,23.7264442,0.0,4,1,0,0
Zone_DH568,2507976099,90.402397,23.7123556,0.0034902,4,3,0,0
Zone_DH568,9630920102,90.408648,23.7144685,0.05288401,3,4,0,0
Zone_DH568,2442677670,90.4016031,23.7223333,0.01130835,4,3,0,1
Zone_DH568,2442677672,90.4015629,23.7223802,0.01120036,4,3,0,1
Zone_DH568,9630920104,90.4088146,23.7143234,0.02016577,3,3,0,0
Zone_DH568,9630920108,90.4086199,23.7144473,0.05217483,3,4,0,0
Zone_DH568,2470301118,90.3998881,23.7185493,0.07656057,2,3,0,0
Zone_DH568,2470301120,90.3997119,23.7187383,0.04002761,3,3,0,0
Zone_DH568,271896005,90.4056465,23.7231466,0.0348669,3,3,0,0
Zone_DH568,2507976134,90.4015305,23.7124294,0.0,4,1,0,0
Zone_DH568,271896009,90.4108251,23.7253864,0.0092827,4,3,0,0
Zone_DH568,6397947340,90.4141739,23.7187056,0.0,4,1,0,0
Zone_DH568,3565186510,90.4051794,23.7245114,0.06312025,3,3,0,0
Zone_DH568,2507976144,90.401255,23.7124401,0.0,4,1,0,0
Zone_DH568,3565186514,90.4047192,23.7247461,0.04996159,3,3,0,0
Zone_DH568,7007178195,90.4022913,23.7324411,0.00105485,4,3,0,0
Zone_DH568,2520042981,90.4065639,23.7112263,0.0,4,1,0,0
Zone_DH568,395054570,90.4134431,23.7127618,0.00111386,4,3,0,0
Zone_DH568,2455530987,90.4002876,23.7211028,0.01001525,4,3,0,0
Zone_DH568,401853933,90.4094125,23.7200992,0.02276254,3,3,0,0
Zone_DH568,401853936,90.4094761,23.7203284,0.00137771,4,4,0,0
Zone_DH568,395054577,90.412708,23.7129189,0.00195106,4,3,0,0
Zone_DH568,2513374704,90.4055454,23.7162044,0.0051056,4,3,0,0
Zone_DH568,395054583,90.4122,23.7130557,0.00302929,4,3,0,0
Zone_DH568,395054587,90.4116123,23.7130573,0.01298275,4,3,0,0
Zone_DH568,2507976188,90.4009735,23.7125078,0.01118867,4,3,0,1
Zone_DH568,10759228930,90.3983846,23.7291762,0.00297251,4,3,0,1
Zone_DH568,10759228931,90.3985777,23.7292303,0.00292575,4,3,0,1
Zone_DH568,2651713030,90.3986417,23.7312299,0.00210859,4,2,0,1
Zone_DH568,10759228934,90.3984973,23.7295937,0.00480612,4,3,0,1
Zone_DH568,10759228935,90.3986422,23.7297875,0.0,4,1,0,0
Zone_DH568,10759228938,90.3980337,23.7294605,0.0,4,1,0,0
Zone_DH568,10759228940,90.3980939,23.7292007,0.0,4,1,0,0
Zone_DH568,2513374733,90.4064274,23.7162365,0.0,4,1,0,0
Zone_DH568,10759228948,90.3986946,23.7294051,0.0,4,1,0,0
Zone_DH568,264891930,90.4167233,23.7280368,0.0209885,3,3,0,0
Zone_DH568,264891944,90.4169208,23.7269613,0.00728099,4,3,0,0
Zone_DH568,264891945,90.417296,23.7269248,0.00624172,4,3,0,0
Zone_DH568,264891946,90.417944,23.726825,0.00417933,4,3,0,0
Zone_DH568,264891947,90.4185491,23.7267474,0.00220712,4,3,0,0
Zone_DH568,264891948,90.4191594,23.7266655,0.0018414,4,2,0,0
Zone_DH568,395062826,90.4116727,23.7115625,0.01125269,4,3,0,0
Zone_DH568,264891962,90.4192306,23.7274979,0.00120403,4,3,0,0
Zone_DH568,2520911423,90.3982588,23.7168455,0.02461062,3,3,0,1
Zone_DH568,2507976268,90.4017829,23.7126643,0.0,4,1,0,0
Zone_DH568,401731153,90.4092632,23.7225114,0.03100375,3,3,0,0
Zone_DH568,2520043096,90.4062569,23.7113178,0.00774134,4,3,0,1
Zone_DH568,2507976281,90.401319,23.7126775,0.0,4,1,0,0
Zone_DH568,2455531103,90.4004738,23.7214572,0.00976198,4,3,0,0
Zone_DH568,2513374822,90.4068581,23.7164147,0.07408236,2,3,0,0
Zone_DH568,4907273833,90.4104522,23.7229316,0.05406577,3,3,0,0
Zone_DH568,4907273835,90.4100008,23.7229536,0.05424891,3,3,0,0
Zone_DH568,2455531135,90.3992598,23.7214868,0.04583125,3,3,0,0
Zone_DH568,2457620103,90.404676,23.7213569,0.0,4,1,0,0
Zone_DH568,2507976327,90.4010614,23.7127349,0.01264264,4,3,0,1
Zone_DH568,264892044,90.4108112,23.7266229,0.01136903,4,4,0,0
Zone_DH568,401813136,90.4015375,23.71942,0.07587867,2,3,0,0
Zone_DH568,2452098705,90.4024077,23.7200977,0.04860837,3,3,0,0
Zone_DH568,264892049,90.4093869,23.7247395,0.03053951,3,4,0,1
Zone_DH568,3015159451,90.4023268,23.7276633,0.00048095,4,2,0,0
Zone_DH568,2507976356,90.4013016,23.7127814,0.0,4,1,0,0
Zone_DH568,3015159463,90.4014021,23.7276797,0.0021097,4,3,0,0
Zone_DH568,2507976367,90.4017893,23.7127914,0.00210915,4,3,0,1
Zone_DH568,4907200192,90.4085841,23.7246925,0.03160605,3,3,0,1
Zone_DH568,2454990536,90.3993766,23.719839,0.01628313,4,3,0,1
Zone_DH568,2454990538,90.3995048,23.7199396,0.0,4,1,0,0
Zone_DH568,2454990539,90.3994174,23.7199614,0.00210915,4,3,0,1
Zone_DH568,2455531212,90.4001409,23.7216546,0.00577803,4,2,0,0
Zone_DH568,2454990541,90.398787,23.7200179,0.01423132,4,3,0,1
Zone_DH568,2520911570,90.3980714,23.7171128,0.0,4,1,0,0
Zone_DH568,2507976403,90.4016351,23.7128144,0.0,4,1,0,0
Zone_DH568,2513374937,90.4065107,23.7164873,0.03867551,3,3,0,1
Zone_DH568,2454990561,90.3993118,23.7203164,0.0,4,1,0,0
Zone_DH568,2454990562,90.3995722,23.7203285,0.0,4,1,0,0
Zone_DH568,2454990564,90.3993313,23.7207644,0.0,4,1,0,0
Zone_DH568,2507976427,90.4010876,23.7128415,0.01413892,4,3,0,1
Zone_DH568,2454990573,90.3988937,23.7209951,0.04090879,3,3,0,1
Zone_DH568,2486693614,90.3990272,23.7136718,0.01244058,4,3,0,1
Zone_DH568,2454990575,90.4003215,23.7210786,0.00939681,4,3,0,0
Zone_DH568,10089295600,90.414435,23.7145532,5.567e-05,4,3,0,0
Zone_DH568,2520911626,90.3980469,23.7171971,0.0,4,1,0,0
Zone_DH568,264892190,90.3979901,23.7269347,0.02425993,3,3,0,0
Zone_DH568,264892192,90.3996215,23.7252333,0.03021164,3,3,0,0
Zone_DH568,2455531296,90.3996482,23.7219815,0.04888837,3,3,0,0
Zone_DH568,5235494690,90.410703,23.7229188,0.07592599,2,4,0,0
Zone_DH568,12981686059,90.4169546,23.711626,0.00269085,4,3,0,0
Zone_DH568,2520911659,90.3984326,23.7172708,0.0279984,3,3,0,1
Zone_DH568,2520911661,90.3982977,23.7172727,0.00210915,4,3,0,1
Zone_DH568,401870638,90.4162384,23.7136455,0.00469145,4,3,0,0
Zone_DH568,12981686063,90.4166491,23.7113125,0.00360375,4,3,0,0
Zone_DH568,2507976496,90.4015695,23.7129286,0.0,4,1,0,0
Zone_DH568,12981686061,90.4168542,23.7110915,9.964e-05,4,2,0,0
Zone_DH568,12981686060,90.4167543,23.7112503,0.0020713,4,3,0,0
Zone_DH568,12981686062,90.4169053,23.711161,0.00013193,4,2,0,0
Zone_DH568,401870648,90.4159509,23.7141217,0.00985215,4,3,0,0
Zone_DH568,2507976505,90.4025936,23.7129501,0.00854681,4,3,0,1
Zone_DH568,264892235,90.4025475,23.723509,0.02359863,3,3,0,0
Zone_DH568,2513375051,90.4063664,23.7165052,0.04087261,3,3,0,0
Zone_DH568,2504576845,90.400242,23.7220679,0.00532993,4,3,0,1
Zone_DH568,2507976526,90.4017937,23.713018,0.0042144,4,3,0,1
Zone_DH568,2452098899,90.4027184,23.7204494,0.0501091,3,3,0,0
Zone_DH568,13573902166,90.4003065,23.7239877,0.09640404,2,3,0,0
Zone_DH568,13573902168,90.4003145,23.7238976,0.11173029,1,3,0,0
Zone_DH568,13573902173,90.4025554,23.7236361,0.03151977,3,3,0,0
Zone_DH568,13573902174,90.4003457,23.723951,0.1059261,1,3,0,0
Zone_DH568,13573902178,90.4003965,23.724567,0.0226796,3,3,0,0
Zone_DH568,13573902180,90.4002908,23.7238943,0.05366053,3,3,0,0
Zone_DH568,2504576868,90.400181,23.7220917,0.00469201,4,3,0,1
Zone_DH568,13573902183,90.4002572,23.7239738,0.00325362,4,3,0,0
Zone_DH568,2513375080,90.4063079,23.7165049,0.03876179,3,3,0,0
Zone_DH568,13573902185,90.4003236,23.723902,0.10639981,1,3,0,0
Zone_DH568,2513375092,90.4052934,23.7165108,0.04014562,3,4,0,0
Zone_DH568,3797659509,90.4063427,23.731963,0.00105485,4,2,0,1
Zone_DH568,6397906824,90.4104873,23.7211377,0.07225711,2,3,0,0
Zone_DH568,6397906830,90.4110622,23.7206376,0.03619619,3,3,0,0
Zone_DH568,2520911762,90.3981902,23.717506,0.0,4,1,0,0
Zone_DH568,3458903964,90.420454,23.7186505,0.00124189,4,3,0,1
Zone_DH568,2520043429,90.4065389,23.7114116,0.00928103,4,3,0,0
Zone_DH568,7548268455,90.4195323,23.7209047,0.00011189,4,3,0,0
Zone_DH568,2520043433,90.4065174,23.7114122,0.0087845,4,3,0,1
Zone_DH568,7548268458,90.4194585,23.7203154,0.00171949,4,3,0,0
Zone_DH568,7548268459,90.4193763,23.7197989,0.00668203,4,3,0,0
Zone_DH568,2504576944,90.4002906,23.7221765,0.0,4,1,0,0
Zone_DH568,2467352497,90.4039335,23.7187889,0.0024103,4,3,0,1
Zone_DH568,2486693824,90.3982826,23.7141358,0.01217227,4,3,0,1
Zone_DH568,2486693827,90.3982751,23.7141407,0.01513699,4,3,0,0
Zone_DH568,6545600460,90.403427,23.7321988,0.00125135,4,3,0,0
Zone_DH568,2426376142,90.40409,23.7137696,0.01508578,4,3,0,0
Zone_DH568,6545600463,90.4034767,23.7323045,0.00038687,4,3,0,0
Zone_DH568,2426376150,90.4041615,23.7145092,0.03416052,3,3,0,0
Zone_DH568,2504576983,90.4002334,23.7222041,0.0,4,1,0,0
Zone_DH568,2426376155,90.4041963,23.7147045,0.03365285,3,3,0,0
Zone_DH568,2504576989,90.4005452,23.7221934,0.02429556,3,3,0,0
Zone_DH568,2520911843,90.3984437,23.7176647,0.0379591,3,3,0,1
Zone_DH568,2520911844,90.3982148,23.7176656,0.0,4,1,0,0
Zone_DH568,2518323174,90.4028135,23.7205286,0.08039311,2,3,0,0
Zone_DH568,2426376177,90.4043272,23.7155423,0.00931053,4,3,0,0
Zone_DH568,2426376181,90.4041519,23.7155973,0.00910736,4,3,0,0
Zone_DH568,2486693879,90.3990217,23.7141915,0.0,4,1,0,0
Zone_DH568,2520043512,90.4050992,23.7114236,0.01269163,4,3,0,0
Zone_DH568,2520043513,90.4067702,23.7114249,0.01000022,4,3,0,0
Zone_DH568,2528366591,90.4019964,23.7173969,0.05245817,3,3,0,1
Zone_DH568,2426376195,90.4031315,23.7156496,0.03531445,3,3,0,0
Zone_DH568,393359372,90.4037236,23.71059,0.00129254,4,3,0,0
Zone_DH568,2518323213,90.4030321,23.7206249,0.05920978,3,3,0,1
Zone_DH568,2467352592,90.4038499,23.7191964,0.0,4,1,0,0
Zone_DH568,2426376209,90.4020199,23.7157918,0.05388319,3,3,0,0
Zone_DH568,393359377,90.4033843,23.7104394,0.00078321,4,3,0,0
Zone_DH568,5607174163,90.4019505,23.7149897,0.0,4,1,0,0
Zone_DH568,5607174164,90.4019532,23.7148737,0.00210915,4,3,0,1
Zone_DH568,2486693917,90.3995972,23.7142647,0.01404206,4,3,0,0
Zone_DH568,2513375265,90.4068202,23.7165874,0.04335415,3,3,0,0
Zone_DH568,2528366626,90.4015995,23.7174671,0.0438017,3,3,0,1
Zone_DH568,2520043555,90.4057548,23.7114332,0.00153413,4,3,0,0
Zone_DH568,2528366628,90.4026824,23.7174689,0.05669595,3,3,0,0
Zone_DH568,2426376231,90.4052559,23.7162272,0.04060764,3,3,0,0
Zone_DH568,5063397418,90.4116966,23.7307813,0.00551473,4,3,0,0
Zone_DH568,2426376239,90.4025486,23.7164809,0.04195251,3,4,0,0
Zone_DH568,3734802480,90.4083722,23.7141441,0.01022567,4,3,0,0
Zone_DH568,2424303672,90.4061859,23.71052,0.01342084,4,3,0,1
Zone_DH568,2426376251,90.4045777,23.7175697,0.0906171,2,4,0,0
Zone_DH568,5607174216,90.402045,23.7138645,0.01932022,4,3,0,1
Zone_DH568,2504577099,90.3997967,23.7222665,0.05244815,3,3,0,0
Zone_DH568,2486693969,90.3983468,23.7143758,0.0,4,1,0,0
Zone_DH568,2528366678,90.4031203,23.7175239,0.06129833,3,3,0,0
Zone_DH568,387813463,90.4170896,23.7285146,0.02009786,4,4,0,0
Zone_DH568,5607174262,90.4018707,23.7148731,0.0,4,1,0,0
Zone_DH568,5624172664,90.4024011,23.717383,0.05388486,3,3,0,0
Zone_DH568,5607174267,90.4019529,23.7152562,0.0042144,4,3,0,1
Zone_DH568,5624172668,90.4023475,23.7172734,0.0409561,3,3,0,0
Zone_DH568,5607174268,90.4019545,23.7152163,0.0,4,1,0,0
Zone_DH568,2518323329,90.4029802,23.7207628,0.0,4,1,0,0
Zone_DH568,1806217360,90.4033177,23.7293821,0.02066175,3,3,0,0
Zone_DH568,2513375376,90.406582,23.7164688,0.03823798,3,3,0,0
Zone_DH568,8723116181,90.398139,23.7307971,0.01153212,4,3,0,0
Zone_DH568,4965331096,90.420339,23.7213942,0.00173341,4,2,0,0
Zone_DH568,8723116184,90.3990888,23.7311226,0.0,4,1,0,0
Zone_DH568,2470768796,90.4045832,23.7220342,0.01315699,4,3,0,0
Zone_DH568,10009079988,90.4039363,23.7282279,0.02820324,3,4,0,0
Zone_DH568,10009079989,90.4041109,23.7281482,0.02460951,3,4,0,0
Zone_DH568,7705686197,90.4199253,23.7189248,0.0,4,1,0,0
Zone_DH568,2504577210,90.3998391,23.7223664,0.05124801,3,3,0,0
Zone_DH568,2528366778,90.4012032,23.7176401,0.04607784,3,3,0,0
Zone_DH568,2513375423,90.4059331,23.7166944,0.0,4,1,0,0
Zone_DH568,4389941440,90.4168458,23.7167231,0.00511784,4,3,0,1
Zone_DH568,4389941441,90.4168369,23.7163873,0.0,4,1,0,0
Zone_DH568,2470768834,90.4039555,23.722878,0.0,4,1,0,0
Zone_DH568,2470768836,90.4041588,23.7228338,0.0,4,1,0,0
Zone_DH568,2470768839,90.4040861,23.722948,0.00316289,4,4,0,1
Zone_DH568,2470768840,90.4039733,23.7229509,0.0,4,1,0,0
Zone_DH568,6052335818,90.4076643,23.7099948,0.01221124,4,3,0,0
Zone_DH568,7705686218,90.4203874,23.7189324,0.00282945,4,3,0,1
Zone_DH568,6052335822,90.4107323,23.7108287,0.00270142,4,3,0,0
Zone_DH568,2513375441,90.4061549,23.716702,0.00682732,4,3,0,0
Zone_DH568,6199677158,90.403368,23.7257142,0.00635639,4,3,0,0
Zone_DH568,6199677160,90.403023,23.7252716,0.0062651,4,3,0,0
Zone_DH568,6199677162,90.4067516,23.7254906,0.0,4,1,0,0
Zone_DH568,6199677163,90.4068015,23.7246507,0.03189105,3,3,0,1
Zone_DH568,2467352818,90.4045939,23.7200248,0.04572214,3,4,0,1
Zone_DH568,2504577267,90.4001316,23.7225275,0.0,4,1,0,0
Zone_DH568,2513375481,90.4054264,23.7167408,0.07226323,2,3,0,0
Zone_DH568,4978921724,90.4149062,23.7175639,0.0,4,1,0,0
Zone_DH568,2486694142,90.3980165,23.7147582,0.01081516,4,3,0,0
Zone_DH568,2504577284,90.3999385,23.7225709,0.05081048,3,3,0,1
Zone_DH568,2513375494,90.4067151,23.716748,0.0,4,1,0,0
Zone_DH568,2513375495,90.406815,23.7167585,0.04430658,3,3,0,1
Zone_DH568,12980056338,90.4199225,23.7172384,0.00615767,4,3,0,0
Zone_DH568,12980056339,90.4200995,23.7173907,0.00124244,4,3,0,0
Zone_DH568,12980056343,90.4205052,23.7167399,0.00113946,4,2,0,0
Zone_DH568,12980056344,90.4203654,23.7165938,0.00155305,4,2,0,0
Zone_DH568,6139867427,90.4102127,23.7325784,0.0,4,2,0,0
Zone_DH568,6139867429,90.4101448,23.7315864,0.00350022,4,3,0,0
Zone_DH568,4903407919,90.4155785,23.731348,0.00106376,4,3,0,1
Zone_DH568,387813687,90.4163633,23.7289402,0.00087171,4,3,0,0
Zone_DH568,2426360127,90.4080171,23.717588,0.08534674,2,3,0,0
Zone_DH568,2426360130,90.4080332,23.7180769,0.0490754,3,3,0,0
Zone_DH568,2426360137,90.4037394,23.7187181,0.03167006,3,3,0,0
Zone_DH568,2513375598,90.4059768,23.7168086,0.00210915,4,3,0,1
Zone_DH568,2518323596,90.4025312,23.7210805,0.0311418,3,3,0,1
Zone_DH568,2518323605,90.4020365,23.7210854,0.03082618,3,3,0,0
Zone_DH568,8953336217,90.3973928,23.7278215,0.00420438,4,3,0,0
Zone_DH568,8953336221,90.3975822,23.7279369,0.00315287,4,3,0,0
Zone_DH568,8953336222,90.3975795,23.7285422,0.0,4,3,0,0
Zone_DH568,2528367007,90.4019801,23.7177665,0.0,4,1,0,0
Zone_DH568,8953336227,90.3976327,23.7280878,0.0010465,4,3,0,0
Zone_DH568,6140498371,90.4085835,23.7159398,0.00017813,4,2,0,0
Zone_DH568,6140498373,90.4086099,23.7175453,0.13518698,1,4,0,0
Zone_DH568,3006280148,90.4040009,23.7312155,0.00174009,4,3,0,0
Zone_DH568,2518323668,90.4027688,23.7211304,0.0,4,1,0,0
Zone_DH568,3015242205,90.4053049,23.7298072,0.03766407,3,3,0,0
Zone_DH568,8723075552,90.3997665,23.7319859,0.00316122,4,2,0,1
Zone_DH568,2518323683,90.4025675,23.7211548,0.00210915,4,3,0,1
Zone_DH568,2528367076,90.4022953,23.7177858,0.0,4,1,0,0
Zone_DH568,3015242211,90.4052561,23.7297674,0.03833484,3,3,0,0
Zone_DH568,2513375719,90.4057585,23.7168879,0.0,4,1,0,0
Zone_DH568,2528367109,90.4026075,23.717804,0.00388375,4,3,0,1
Zone_DH568,2520044052,90.4061441,23.7117332,0.0,4,1,0,0
Zone_DH568,401732117,90.4084391,23.7225458,0.03386827,3,3,0,0
Zone_DH568,1723609644,90.3968778,23.7220905,0.01070884,4,3,0,0
Zone_DH568,2530251315,90.3997777,23.7144397,0.0,4,1,0,0
Zone_DH568,2520044085,90.4059427,23.7117577,0.0,4,1,0,0
Zone_DH568,2530947642,90.3954872,23.7195936,0.00807978,4,3,0,0
Zone_DH568,2530947644,90.3952387,23.7196249,0.00134431,4,3,0,1
Zone_DH568,2530947646,90.3951958,23.7196233,0.0,4,1,0,0
Zone_DH568,4601131584,90.416321,23.7176483,0.00713793,4,3,0,0
Zone_DH568,2530947656,90.3952336,23.7197827,0.0014729,4,2,0,0
Zone_DH568,2530251339,90.3992352,23.7149091,0.00828184,4,3,0,1
Zone_DH568,2530947668,90.3952756,23.719908,0.00223606,4,2,0,0
Zone_DH568,3015012949,90.4042942,23.7280663,0.01599089,4,3,0,0
Zone_DH568,3015012950,90.4042499,23.7279622,0.02317113,3,3,0,0
Zone_DH568,2530947674,90.3953904,23.7199045,0.008529,4,3,0,0
Zone_DH568,2520044127,90.4058399,23.7117807,0.00257228,4,3,0,1
Zone_DH568,2530251361,90.3992503,23.7150554,0.0,4,1,0,0
Zone_DH568,4971655792,90.4073236,23.7317252,0.00153357,4,3,0,0
Zone_DH568,2518323828,90.4025742,23.7212751,0.0,4,1,0,0
Zone_DH568,2513130103,90.4013171,23.7193544,0.06639057,3,3,0,1
Zone_DH568,3014832762,90.3998115,23.7286521,0.02231444,3,3,0,1
Zone_DH568,3014832763,90.4003565,23.7287633,0.0,4,1,0,0
Zone_DH568,9646543494,90.3975087,23.7274479,0.02689734,3,3,0,0
Zone_DH568,2528367267,90.4037032,23.7179124,0.0274757,3,3,0,0
Zone_DH568,2528367270,90.4035268,23.7179155,0.00027888,4,2,0,0
Zone_DH568,2520044203,90.4055053,23.7118029,0.00505327,4,3,0,0
Zone_DH568,2510213832,90.4013792,23.7158336,0.04543881,3,3,0,1
Zone_DH568,2510213837,90.4013761,23.7162539,0.00210915,4,3,0,1
Zone_DH568,2510213839,90.4005815,23.7163073,0.02258219,3,3,0,1
Zone_DH568,2510213842,90.4015022,23.7163256,0.0,4,1,0,0
Zone_DH568,10031330005,90.395406,23.7245594,0.00034178,4,3,0,0
Zone_DH568,2510213845,90.4013621,23.7165366,0.0,4,1,0,0
Zone_DH568,2528367324,90.4016969,23.7179511,0.0,4,1,0,0
Zone_DH568,401871581,90.4146739,23.7124152,0.01073055,4,3,0,0
Zone_DH568,4971655907,90.4047137,23.7313267,0.00394832,4,3,0,0
Zone_DH568,2528367334,90.4031364,23.7179581,0.0090773,4,3,0,1
Zone_DH568,401871593,90.4149971,23.7131991,0.00396502,4,3,0,0
Zone_DH568,2528367346,90.4012659,23.7179631,0.00623114,4,3,0,1
Zone_DH568,2452427509,90.4001812,23.720386,0.0,4,1,0,0
Zone_DH568,12980138741,90.4011512,23.7281071,0.02480712,3,3,0,1
Zone_DH568,12980138743,90.4011556,23.7288565,0.00210915,4,3,0,1
Zone_DH568,12980138744,90.4015854,23.7288699,0.0,4,1,0,0
Zone_DH568,12980138745,90.4007808,23.7288837,0.0,4,1,0,0
Zone_DH568,2520044286,90.4051013,23.7118519,0.01215446,4,3,0,0
Zone_DH568,2513376002,90.4068564,23.7170219,0.04446189,3,3,0,0
Zone_DH568,2528367376,90.4007432,23.7179766,0.04564477,3,3,0,1
Zone_DH568,6559314707,90.412623,23.7122546,0.0,4,1,0,0
Zone_DH568,2513376021,90.4060857,23.7170954,0.00967013,4,3,0,1
Zone_DH568,6559314710,90.4116337,23.7121515,0.00860971,4,3,0,1
Zone_DH568,2528367383,90.4025608,23.7179806,0.00309887,4,3,0,1
Zone_DH568,6559314712,90.4122744,23.7153778,0.04589081,3,3,0,0
Zone_DH568,2513662744,90.4019754,23.719191,0.0,4,1,0,0
Zone_DH568,6559314716,90.4128215,23.714374,0.0,4,1,0,0
Zone_DH568,2528367393,90.4019801,23.7179829,0.0,4,1,0,0
Zone_DH568,2528367418,90.4028118,23.7179877,0.0,4,1,0,0
Zone_DH568,387814216,90.4166058,23.7267434,0.00785712,4,3,0,0
Zone_DH568,2513130322,90.4011414,23.719606,0.0,4,1,0,0
Zone_DH568,7834923873,90.4124456,23.7111471,0.0,4,1,0,0
Zone_DH568,7834923875,90.4117286,23.7111494,0.01019171,4,3,0,1
Zone_DH568,7834923877,90.4117801,23.7107427,0.00868653,4,3,0,1
Zone_DH568,2528367463,90.4021676,23.7180015,0.00309219,4,3,0,1
Zone_DH568,401707904,90.4061256,23.7203451,0.12133028,1,4,0,0
Zone_DH568,2528367510,90.4011585,23.7180155,0.0,4,1,0,0
Zone_DH568,7114830765,90.405977,23.7187913,0.0,4,1,0,0
Zone_DH568,3015218105,90.4047897,23.7291691,0.01830266,4,3,0,1
Zone_DH568,2513130428,90.4011151,23.7198068,0.0,4,1,0,0
Zone_DH568,2524951486,90.4001978,23.7126802,0.01631319,4,3,0,0
Zone_DH568,3015218113,90.4056487,23.729387,0.0,4,1,0,0
Zone_DH568,9026171842,90.4107436,23.7105865,0.00202008,4,3,0,0
Zone_DH568,5624157121,90.4017624,23.7156926,0.00105819,4,4,0,1
Zone_DH568,2518324164,90.4027067,23.7219092,0.0,4,1,0,0
Zone_DH568,2518324165,90.4022731,23.721911,0.0,4,1,0,0
Zone_DH568,5624157124,90.4018368,23.7156575,0.01154882,4,3,0,1
Zone_DH568,5624157123,90.4018365,23.7156936,0.00420382,4,3,0,0
Zone_DH568,5624157122,90.4016973,23.7156918,0.0,4,1,0,0
Zone_DH568,2483295177,90.4067549,23.7174448,0.08203244,2,3,0,0
Zone_DH568,9026171841,90.4116683,23.7106259,0.00279717,4,3,0,0
Zone_DH568,2468418509,90.404736,23.7217521,0.08745032,2,3,0,0
Zone_DH568,3014939601,90.3978475,23.7306211,0.0171337,4,3,0,1
Zone_DH568,2483295192,90.4062618,23.7176534,0.0,4,1,0,0
Zone_DH568,2468418522,90.4049672,23.7218664,0.07672144,2,3,0,0
Zone_DH568,6559699933,90.4088904,23.7278031,0.00722087,4,3,0,0
Zone_DH568,6559699934,90.4088815,23.7276941,0.00937176,4,3,0,0
Zone_DH568,3565253598,90.4086442,23.7301017,0.01220066,4,3,0,1
Zone_DH568,2520044513,90.4058972,23.7119886,0.0,4,1,0,0
Zone_DH568,5892412386,90.4037554,23.7197068,0.05514122,3,3,0,1
Zone_DH568,4894766058,90.4187099,23.7276324,0.00077931,4,4,0,0
Zone_DH568,5624157162,90.4018874,23.7143126,0.0,4,1,0,0
Zone_DH568,5624157167,90.401929,23.7157995,0.05499872,3,3,0,1
Zone_DH568,2468418544,90.4046306,23.72195,0.01390958,4,3,0,0
Zone_DH568,2468418545,90.4051385,23.7219513,0.07703818,2,3,0,0
Zone_DH568,5892412403,90.4038875,23.7192801,0.0,4,1,0,0
Zone_DH568,2483295221,90.4061631,23.7179276,0.00197166,4,3,0,0
Zone_DH568,2483295223,90.4064319,23.71795,0.00190764,4,3,0,1
Zone_DH568,2518324216,90.4020619,23.7219432,0.01607773,4,3,0,1
Zone_DH568,396317689,90.4147228,23.7122852,0.0069392,4,4,0,0
Zone_DH568,2476463097,90.4031803,23.7206772,0.08329047,2,3,0,0
Zone_DH568,3565163513,90.4041253,23.7280178,0.04226924,3,4,0,0
Zone_DH568,2468418556,90.4047842,23.7219783,0.0,4,1,0,0
Zone_DH568,396317694,90.4147589,23.7123705,0.00879507,4,3,0,0
Zone_DH568,2513130494,90.4014399,23.7199393,0.01347149,4,3,0,1
Zone_DH568,2483295239,90.4066748,23.7180197,0.0,4,1,0,0
Zone_DH568,3565163527,90.4053714,23.7245695,0.06874687,2,4,0,0
Zone_DH568,12022985737,90.4163615,23.7185063,0.01738809,4,3,0,0
Zone_DH568,12022985738,90.4174595,23.7184276,0.00168053,4,3,0,0
Zone_DH568,2483295243,90.406681,23.717976,0.00105485,4,3,0,1
Zone_DH568,2518324236,90.4030144,23.7219854,0.02541944,3,3,0,1
Zone_DH568,2528367628,90.4013639,23.7180532,0.00532603,4,3,0,1
Zone_DH568,2520044558,90.4055793,23.7120033,0.00610534,4,3,0,1
Zone_DH568,4908618767,90.4107095,23.7204341,0.02172383,3,3,0,0
Zone_DH568,2524951568,90.3998265,23.7129919,0.01490209,4,3,0,0
Zone_DH568,2468418580,90.404876,23.7219957,0.00398729,4,3,0,1
Zone_DH568,5892412437,90.4038131,23.7195223,0.00210915,4,3,0,1
Zone_DH568,5892412436,90.4040082,23.7195699,0.0,4,1,0,0
Zone_DH568,2483295259,90.4060788,23.7181773,0.00567338,4,3,0,0
Zone_DH568,6139180061,90.4084413,23.7145047,0.03984781,3,3,0,0
Zone_DH568,6139180072,90.4085502,23.714575,0.00050433,4,3,0,0
Zone_DH568,6139180075,90.4088919,23.714409,0.01834775,4,3,0,0
Zone_DH568,12732380205,90.410127,23.7298222,0.01289926,4,3,0,0
Zone_DH568,12732380206,90.4084657,23.7284291,0.0,4,1,0,0
Zone_DH568,12732380207,90.408023,23.7282542,0.0,4,1,0,0
Zone_DH568,2468418612,90.4053098,23.7220383,0.06698284,3,3,0,1
Zone_DH568,2520044597,90.4052801,23.7120392,0.0,4,1,0,0
Zone_DH568,2518324281,90.4025267,23.7220842,0.0,4,1,0,0
Zone_DH568,2518324285,90.4021009,23.7220877,0.00796177,4,3,0,1
Zone_DH568,393352265,90.4046368,23.7108224,0.00526313,4,3,0,1
Zone_DH568,393352269,90.404345,23.7099302,0.0042144,4,3,0,1
Zone_DH568,393352270,90.4042441,23.7098158,0.00210859,4,2,0,1
Zone_DH568,11461784657,90.4044582,23.7324182,0.00052548,4,2,0,0
Zone_DH568,2524951641,90.401147,23.7132072,0.01896285,4,3,0,0
Zone_DH568,2468418658,90.4049518,23.7220709,0.00528317,4,3,0,1
Zone_DH568,2520044645,90.4051183,23.7120479,0.01084299,4,3,0,1
Zone_DH568,6545658984,90.3994488,23.7277493,0.00451555,4,3,0,1
Zone_DH568,387806314,90.4159505,23.7291902,0.00288735,4,3,0,0
Zone_DH568,10863866987,90.4167612,23.7249868,0.0042144,4,3,0,1
Zone_DH568,2528367724,90.401463,23.7180965,0.00506997,4,3,0,1
Zone_DH568,3014751341,90.4055671,23.7306295,0.0,4,1,0,0
Zone_DH568,10863866986,90.4173839,23.7256502,0.0,4,1,0,0
Zone_DH568,10863866988,90.4168233,23.7256747,0.0,4,1,0,0
Zone_DH568,10863866989,90.4148278,23.7287607,0.0,4,1,0,0
Zone_DH568,10863866995,90.4150865,23.7292898,0.00958566,4,3,0,1
Zone_DH568,6335730813,90.3963347,23.7203625,0.01432428,4,3,0,1
Zone_DH568,2468418694,90.4045479,23.7220979,0.01267882,4,3,0,0
Zone_DH568,2468418704,90.4054354,23.7221083,0.06713982,3,3,0,1
Zone_DH568,2513130645,90.4011146,23.7203449,0.0,4,1,0,0
Zone_DH568,395056279,90.4125409,23.7137874,0.01331341,4,3,0,0
Zone_DH568,2513130650,90.4014088,23.7203572,0.0127857,4,3,0,1
Zone_DH568,2468418718,90.4050911,23.7221179,0.00356757,4,3,0,0
Zone_DH568,2468418734,90.404533,23.7221307,0.01251573,4,3,0,1
Zone_DH568,3015177398,90.4016326,23.7257354,0.0,4,1,0,0
Zone_DH568,9087161529,90.3986992,23.7300899,0.0063113,4,3,0,0
Zone_DH568,9087161530,90.3986046,23.7309769,0.00105485,4,3,0,1
Zone_DH568,3015038139,90.4005938,23.7276941,0.00235296,4,3,0,0
Zone_DH568,3015038140,90.4005572,23.7265388,0.00854904,4,4,0,0
Zone_DH568,2520044744,90.406484,23.7121215,0.01054852,4,3,0,1
Zone_DH568,2520044750,90.4062797,23.7121237,0.0,4,1,0,0
Zone_DH568,11347588304,90.4180123,23.7270979,1.503e-05,4,3,0,0
Zone_DH568,11347588305,90.4185942,23.7269963,0.00099919,4,3,0,0
Zone_DH568,2468418769,90.4047693,23.7221496,0.0,4,1,0,0
Zone_DH568,4973393117,90.4158611,23.7198589,0.00402959,4,3,0,0
Zone_DH568,2468418785,90.404887,23.7221565,0.00210915,4,3,0,1
Zone_DH568,2468418786,90.4049291,23.7221571,0.0042144,4,3,0,1
Zone_DH568,2524951784,90.4004887,23.7134281,0.00255224,4,3,0,0
Zone_DH568,2991969522,90.4030168,23.7258607,0.00765338,4,3,0,0
Zone_DH568,401831155,90.402538,23.7237187,0.03067533,3,3,0,0
Zone_DH568,2991969523,90.4028453,23.7265203,0.0110868,4,3,0,0
Zone_DH568,2991969525,90.4028385,23.7270888,0.0088847,4,3,0,0
Zone_DH568,2468418810,90.4049585,23.7221641,0.0,4,1,0,0
Zone_DH568,401831164,90.4027918,23.7240067,0.01223295,4,3,0,0
Zone_DH568,2468418812,90.4046399,23.7221657,0.0,4,1,0,0
Zone_DH568,2468418828,90.4051807,23.7221841,0.0,4,1,0,0
Zone_DH568,2520044826,90.406734,23.7121572,0.02177505,3,3,0,0
Zone_DH568,2468418851,90.405388,23.7222042,0.0,4,1,0,0
Zone_DH568,2513130788,90.4013941,23.7205958,0.01278904,4,3,0,0
Zone_DH568,2468418859,90.4045049,23.7222079,0.01162954,4,3,0,1
Zone_DH568,2520044844,90.4061343,23.7121705,0.0,4,1,0,0
Zone_DH568,2524951866,90.4007336,23.7135363,0.01655255,4,3,0,0
Zone_DH568,2528367930,90.4032832,23.718168,0.0,4,1,0,0
Zone_DH568,2524951869,90.4006,23.7135386,0.00487347,4,3,0,0
Zone_DH568,2524951871,90.4004793,23.7135399,0.00105485,4,3,0,1
Zone_DH568,2513130817,90.4009559,23.7206297,0.00514902,4,2,0,0
Zone_DH568,2513130827,90.4008149,23.7206536,0.03599524,3,3,0,0
Zone_DH568,401864018,90.4098251,23.7157275,0.00276266,4,3,0,0
Zone_DH568,2468418903,90.4046164,23.7222313,0.0,4,1,0,0
Zone_DH568,2468418904,90.4046869,23.7222313,0.0,4,1,0,0
Zone_DH568,401864035,90.4106827,23.7163483,0.04995046,3,3,0,0
Zone_DH568,2513130852,90.4011884,23.7206972,0.0,4,1,0,0
Zone_DH568,2513130854,90.4014031,23.7207002,0.00809425,4,3,0,1
Zone_DH568,2524951933,90.3994259,23.7136218,0.01111742,4,3,0,0
Zone_DH568,2468418946,90.4051688,23.7222587,0.0,4,1,0,0
Zone_DH568,2490635651,90.4056177,23.717401,0.07131748,2,3,0,1
Zone_DH568,2490635657,90.4057048,23.717479,0.0,4,1,0,0
Zone_DH568,2490635661,90.4051474,23.7175074,0.03334669,3,3,0,1
Zone_DH568,2490635666,90.4048087,23.7175484,0.03405475,3,3,0,1
Zone_DH568,2484057504,90.4049671,23.7201584,0.03725716,3,3,0,1
Zone_DH568,2524951972,90.4000838,23.7136791,0.0,4,2,0,0
Zone_DH568,2468418981,90.4045023,23.7222777,0.01076228,4,3,0,1
Zone_DH568,2468418987,90.4045783,23.7222792,0.0,4,1,0,0
Zone_DH568,2490635691,90.4056211,23.7177077,0.0,4,1,0,0
Zone_DH568,2530268588,90.3985441,23.7147571,0.00413313,4,3,0,0
Zone_DH568,3014743470,90.4049621,23.730663,0.00105485,4,2,0,1
Zone_DH568,2531218865,90.4010413,23.7226279,0.01262316,4,3,0,0
Zone_DH568,2528368051,90.4013599,23.7182063,0.0,4,1,0,0
Zone_DH568,3014743475,90.4053151,23.7300397,0.01102112,4,3,0,0
Zone_DH568,2490635701,90.4053308,23.7179302,0.0,4,1,0,0
Zone_DH568,2490635702,90.4048197,23.7179659,0.0,4,1,0,0
Zone_DH568,2490635705,90.4053417,23.7180337,0.0,4,1,0,0
Zone_DH568,3014743481,90.4051447,23.7301209,0.00502878,4,3,0,1
Zone_DH568,3015218625,90.4047224,23.7241993,0.01374648,4,3,0,0
Zone_DH568,6263428546,90.3979841,23.7302108,0.00170112,4,3,0,0
Zone_DH568,2449724867,90.4029478,23.7195893,0.03203244,3,3,0,0
Zone_DH568,6263428547,90.3980752,23.7302802,0.00585707,4,3,0,0
Zone_DH568,6263428549,90.3976634,23.7305344,0.00111441,4,3,0,0
Zone_DH568,2520044998,90.405458,23.7122774,0.0,4,1,0,0
Zone_DH568,6263428548,90.3981397,23.7300539,0.00624506,4,3,0,0
Zone_DH568,6263428550,90.397835,23.7306366,0.00106432,4,2,0,0
Zone_DH568,6263428551,90.3977763,23.7305863,0.00313672,4,3,0,0
Zone_DH568,6263428555,90.3982931,23.7301847,0.02008561,4,3,0,0
Zone_DH568,2513130956,90.4014203,23.720835,0.00779923,4,3,0,1
Zone_DH568,11330254284,90.3959698,23.7134592,0.0,4,1,0,0
Zone_DH568,2513130958,90.4011671,23.7208364,0.0,4,1,0,0
Zone_DH568,6139180504,90.4068268,23.7142806,0.08305612,2,4,0,0
Zone_DH568,6139180508,90.4084655,23.7144058,0.03251172,3,3,0,0
Zone_DH568,6139180510,90.4075268,23.7145164,0.04075627,3,3,0,1
Zone_DH568,6139180512,90.4023637,23.7096682,0.00036739,4,2,0,0
Zone_DH568,2528368096,90.4017732,23.718229,0.0,4,1,0,0
Zone_DH568,6139180517,90.411996,23.7097781,0.00095911,4,3,0,0
Zone_DH568,6139180518,90.4120833,23.709683,8.294e-05,4,2,0,0
Zone_DH568,4715484649,90.3960839,23.7134063,0.00105485,4,2,0,1
Zone_DH568,2484057579,90.4053572,23.7201782,0.03067922,3,3,0,0
Zone_DH568,2468419051,90.4054852,23.7223211,0.0,4,1,0,0
Zone_DH568,4715484653,90.3957308,23.7142625,0.00219766,4,2,0,0
Zone_DH568,4715484655,90.3964145,23.7140155,0.00232012,4,3,0,1
Zone_DH568,2520045059,90.4056981,23.7123189,0.00716409,4,3,0,1
Zone_DH568,2529637902,90.3963227,23.7153308,0.01306458,4,3,0,0
Zone_DH568,2468419086,90.4052613,23.7223533,0.0,4,1,0,0
Zone_DH568,2484057616,90.4051494,23.720186,0.03726718,3,3,0,0
Zone_DH568,6559200785,90.4151476,23.7237035,0.00629293,4,3,0,1
Zone_DH568,2468419100,90.4049737,23.7223606,0.0,4,1,0,0
Zone_DH568,2468419105,90.4045113,23.7223696,0.00990281,4,3,0,1
Zone_DH568,7030609443,90.3972459,23.7277502,0.01524387,4,3,0,0
Zone_DH568,2528368166,90.4004973,23.7182577,0.04528907,3,3,0,0
Zone_DH568,2468419112,90.4045771,23.7223727,0.0,4,1,0,0
Zone_DH568,387126825,90.4139541,23.7187051,0.00480946,4,3,0,1
Zone_DH568,387126827,90.4139408,23.7200164,0.00836367,4,3,0,0
Zone_DH568,387126831,90.4139235,23.7209909,0.02574563,3,3,0,0
Zone_DH568,387126834,90.4164991,23.7214212,0.02758481,3,4,0,0
Zone_DH568,387126841,90.4133864,23.72092,0.02809637,3,3,0,0
Zone_DH568,387126843,90.412364,23.7209079,0.03029235,3,3,0,0
Zone_DH568,387126844,90.4117767,23.7208371,0.0404078,3,4,0,1
Zone_DH568,387126845,90.4156489,23.7222204,0.02346671,3,3,0,0
Zone_DH568,387126853,90.4107679,23.7223652,0.06579495,3,4,0,0
Zone_DH568,387126854,90.4105231,23.7224827,0.01050232,4,3,0,0
Zone_DH568,2468419143,90.4047449,23.7224027,0.0,4,1,0,0
Zone_DH568,387126856,90.4099981,23.722517,0.03099318,3,3,0,0
Zone_DH568,387126861,90.4068904,23.7230818,0.03348641,3,3,0,0
Zone_DH568,387126865,90.4175105,23.7192224,0.00640704,4,3,0,0
Zone_DH568,387126866,90.4175194,23.7193605,0.00617882,4,3,0,0
Zone_DH568,387126867,90.4186236,23.7193008,0.00796121,4,3,0,0
Zone_DH568,2520045145,90.405741,23.7123552,0.00762166,4,3,0,0
Zone_DH568,387126876,90.4174288,23.7179487,0.00459626,4,4,0,0
Zone_DH568,387126877,90.4184964,23.7178925,0.00492413,4,4,0,0
Zone_DH568,387126878,90.4181139,23.7151068,0.00645213,4,3,0,0
Zone_DH568,387126879,90.4180903,23.7156429,0.00091513,4,3,0,0
Zone_DH568,6139229792,90.410686,23.726614,0.04055476,3,3,0,0
Zone_DH568,387126881,90.4184369,23.7166523,0.00398228,4,4,0,0
Zone_DH568,2455098978,90.3992788,23.7184621,0.01856763,4,3,0,0
Zone_DH568,387126883,90.4186746,23.7193833,0.01279182,4,4,0,0
Zone_DH568,2455098972,90.3988033,23.7183596,0.01354831,4,3,0,0
Zone_DH568,6139229794,90.4106369,23.7249661,0.03210258,3,4,0,0
Zone_DH568,2470721127,90.4042021,23.7198729,0.0407045,3,3,0,0
Zone_DH568,6139229800,90.4107118,23.7230454,0.06892555,2,4,0,0
Zone_DH568,6139229801,90.4106441,23.7223951,0.03796077,3,4,0,0
Zone_DH568,6139229803,90.4103997,23.7212728,0.03528606,3,4,0,0
Zone_DH568,6139229806,90.4099099,23.7200736,0.07905102,2,4,0,0
Zone_DH568,2528368239,90.4015,23.7182923,0.00518687,4,3,0,1
Zone_DH568,5838747247,90.4096769,23.7326118,7.24e-06,4,2,0,0
Zone_DH568,2513131123,90.4012726,23.7210518,0.00996181,4,3,0,0
Zone_DH568,394270323,90.4106762,23.7113053,0.00562829,4,3,0,1
Zone_DH568,6139229812,90.409132,23.7190292,0.05755987,3,3,0,0
Zone_DH568,6139229818,90.4086483,23.7178438,0.10227559,1,3,0,0
Zone_DH568,2455099005,90.3988432,23.7188155,0.00316122,4,3,0,1
Zone_DH568,2468419201,90.4051889,23.7224407,0.0,4,1,0,0
Zone_DH568,394270342,90.4098885,23.711388,0.00210915,4,3,0,1
Zone_DH568,4384872072,90.3990388,23.7277183,0.0140415,4,3,0,0
Zone_DH568,13285447306,90.3955029,23.7246435,0.01356501,4,4,0,0
Zone_DH568,2468419211,90.4053868,23.7224441,0.0,4,1,0,0
Zone_DH568,387126923,90.4153447,23.7167973,0.00691638,4,3,0,0
Zone_DH568,387126922,90.4173478,23.7166878,0.00397782,4,4,0,0
Zone_DH568,387126926,90.4163382,23.718006,0.01984904,4,4,0,0
Zone_DH568,387126925,90.4162778,23.7167338,0.01194293,4,4,0,0
Zone_DH568,387126928,90.4164068,23.7194668,0.01323547,4,3,0,0
Zone_DH568,387126929,90.4164376,23.7201196,0.01343309,4,3,0,0
Zone_DH568,394270354,90.4095855,23.7113959,0.0,4,1,0,0
Zone_DH568,387126932,90.4165138,23.7217331,0.02315276,3,3,0,0
Zone_DH568,4974696088,90.4163918,23.7191489,0.01794975,4,3,0,0
Zone_DH568,387126937,90.4155385,23.7176939,0.00709395,4,3,0,0
Zone_DH568,387126938,90.4155862,23.7180456,0.01438941,4,4,0,0
Zone_DH568,2455099033,90.399313,23.7191289,0.0,4,1,0,0
Zone_DH568,2528368282,90.4010032,23.7183107,0.0,4,1,0,0
Zone_DH568,2455099040,90.3993145,23.7192859,0.00210915,4,3,0,1
Zone_DH568,2455099045,90.3993131,23.7193946,0.0,4,1,0,0
Zone_DH568,2484057787,90.4045522,23.7202339,0.00841154,4,3,0,1
Zone_DH568,6139180737,90.4059973,23.7140935,0.02983089,3,3,0,0
Zone_DH568,6139180739,90.4056857,23.7139833,0.04241731,3,4,0,0
Zone_DH568,6139180741,90.4047481,23.7136543,0.01322211,4,4,0,0
Zone_DH568,2528368328,90.4022469,23.7183239,0.00311001,4,3,0,0
Zone_DH568,6139180750,90.4030112,23.7115894,0.04148603,3,4,0,0
Zone_DH568,6139180753,90.4021459,23.7097775,0.00164045,4,3,0,0
Zone_DH568,401626834,90.4113836,23.7178262,0.03035414,3,3,0,0
Zone_DH568,3015022292,90.402447,23.7270947,0.00510448,4,3,0,0
Zone_DH568,4973393621,90.4151655,23.7180677,0.00981319,4,3,0,1
Zone_DH568,401708758,90.4077512,23.7204432,0.02376396,3,3,0,0
Zone_DH568,6139180756,90.4060913,23.7139673,0.01976832,4,3,0,0
Zone_DH568,2484057819,90.4046836,23.7202368,0.0063152,4,3,0,1
Zone_DH568,6421886689,90.413951,23.7182583,0.01536744,4,4,0,0
Zone_DH568,401626851,90.4138788,23.7175613,0.01328168,4,3,0,0
Zone_DH568,6139180774,90.4032327,23.7115556,0.03850294,3,4,0,0
Zone_DH568,2468419303,90.4050535,23.7225316,0.01070884,4,3,0,1
Zone_DH568,2468419304,90.4049111,23.7225322,0.00996961,4,3,0,0
Zone_DH568,318322411,90.407432,23.7099462,0.01430257,4,3,0,0
Zone_DH568,6139180783,90.4042026,23.7131712,0.01551329,4,4,0,0
Zone_DH568,2468419311,90.4051385,23.722535,0.01124768,4,3,0,1
Zone_DH568,318322425,90.4066145,23.7102105,0.01565356,4,3,0,0
Zone_DH568,2468419324,90.4051904,23.7225391,0.01188226,4,3,0,1
Zone_DH568,2468419333,90.4047596,23.7225417,0.01004197,4,3,0,1
Zone_DH568,4901582598,90.4170445,23.7298917,2.561e-05,4,4,0,0
Zone_DH568,4901582599,90.4171703,23.7292215,0.00613039,4,3,0,0
Zone_DH568,2484057871,90.4048607,23.7202402,0.0,4,1,0,0
Zone_DH568,2468419345,90.4053134,23.7225481,0.01262483,4,3,0,1
Zone_DH568,318322453,90.3965787,23.7284019,0.00719192,4,2,0,0
Zone_DH568,2468419350,90.4053736,23.7225525,0.01347539,4,3,0,1
Zone_DH568,11462154009,90.4068081,23.7300903,0.01850139,4,3,0,0
Zone_DH568,387127084,90.4202848,23.7193657,0.00378522,4,3,0,0
Zone_DH568,2520045357,90.4055963,23.7124273,0.0,4,1,0,0
Zone_DH568,7834933040,90.405955,23.7319259,0.0,4,1,0,0
Zone_DH568,2528368447,90.4028485,23.7183805,0.01001748,4,3,0,0
Zone_DH568,2520045379,90.4054402,23.7124372,0.0,4,1,0,0
Zone_DH568,6294533960,90.4003406,23.727779,0.02914231,3,3,0,0
Zone_DH568,6294533961,90.4004618,23.7278419,0.04499738,3,3,0,0
Zone_DH568,6294533968,90.400078,23.7278953,0.02851497,3,3,0,0
Zone_DH568,6294533970,90.4004405,23.7276968,0.06921279,2,4,0,0
Zone_DH568,6180018018,90.4119648,23.7231983,0.0850879,2,3,0,0
Zone_DH568,2528368489,90.4016041,23.7184032,0.005365,4,3,0,1
Zone_DH568,2524952426,90.3997993,23.7143492,0.01176647,4,3,0,1
Zone_DH568,2528368497,90.4029867,23.7184086,0.01254745,4,3,0,0
Zone_DH568,6397925235,90.4085919,23.7144806,0.03999755,3,4,0,0
Zone_DH568,373389179,90.4139049,23.7132279,0.01439553,4,4,0,0
Zone_DH568,2520045454,90.4065203,23.7124785,0.0235502,3,3,0,1
Zone_DH568,4319229845,90.4063607,23.7300908,0.00911292,4,3,0,0
Zone_DH568,2524952470,90.4004894,23.7145161,0.02381684,3,3,0,0
Zone_DH568,4316665760,90.4179251,23.7205166,0.02008172,4,3,0,0
Zone_DH568,4316665762,90.418298,23.7210167,0.0,4,1,0,0
Zone_DH568,4907243435,90.4100917,23.724068,0.0,4,1,0,0
Zone_DH568,4907243437,90.4094304,23.7245731,0.00210915,4,3,0,1
Zone_DH568,4907243438,90.4099535,23.723875,0.0,4,1,0,0
Zone_DH568,4907243451,90.4073453,23.7245081,0.0,4,1,0,0
Zone_DH568,4907243452,90.4073498,23.7244246,0.00105485,4,3,0,1
Zone_DH568,4907243453,90.4066257,23.7243983,0.00421496,4,3,0,1
Zone_DH568,4907243456,90.4066595,23.7239129,0.00105485,4,3,0,1
Zone_DH568,4907243457,90.4074191,23.7233392,0.0,4,1,0,0
Zone_DH568,6559676364,90.4072247,23.7277651,0.00765672,4,3,0,0
Zone_DH568,2520045524,90.4052659,23.7124875,0.01436102,4,3,0,1
Zone_DH568,2528368611,90.4019496,23.7184751,0.0,4,1,0,0
Zone_DH568,6720862182,90.4063755,23.7311982,0.00457233,4,3,0,0
Zone_DH568,4907243495,90.4079127,23.7242303,0.0,4,1,0,0
Zone_DH568,4907243496,90.4085616,23.7241824,0.00210915,4,3,0,1
Zone_DH568,2520045545,90.4062629,23.7124885,0.00825624,4,3,0,1
Zone_DH568,11308881906,90.4181576,23.7300982,1.336e-05,4,2,0,0
Zone_DH568,11308881911,90.4163409,23.731351,0.00105485,4,2,0,1
Zone_DH568,394237946,90.4083848,23.7141938,0.01300057,4,3,0,0
Zone_DH568,2528368657,90.4014235,23.7184972,0.0,4,1,0,0
Zone_DH568,401610780,90.4195406,23.7178376,0.00535999,4,3,0,0
Zone_DH568,3561543725,90.3954627,23.7256379,0.0123838,4,3,0,0
Zone_DH568,277542965,90.4202943,23.7166592,0.00251105,4,2,0,0
Zone_DH568,2520045629,90.4062635,23.7124935,0.00978035,4,3,0,1
Zone_DH568,7602534473,90.4060167,23.728113,0.0,4,1,0,0
Zone_DH568,7602534475,90.4063855,23.7278908,0.01432261,4,3,0,1
Zone_DH568,2484058193,90.4051688,23.720317,0.00859023,4,3,0,1
Zone_DH568,2442221659,90.4005339,23.7219563,0.02724247,3,3,0,0
Zone_DH568,2520045670,90.4061316,23.7124956,0.0,4,1,0,0
Zone_DH568,2484058220,90.4049487,23.7203213,0.0,4,1,0,0
Zone_DH568,2484058239,90.4052571,23.7203222,0.0,4,1,0,0
Zone_DH568,387807366,90.4184644,23.7290851,0.003164,4,4,0,0
Zone_DH568,387807367,90.4162071,23.7303538,0.00335883,4,3,0,0
Zone_DH568,2520045705,90.4061317,23.7124998,0.0,4,1,0,0
Zone_DH568,7127578766,90.3967721,23.7283869,0.0,4,1,0,0
Zone_DH568,4910069906,90.4181385,23.7153643,0.0,4,1,0,0
Zone_DH568,7127578773,90.3966757,23.7283056,0.00913073,4,3,0,1
Zone_DH568,2528368792,90.4023113,23.7186104,0.01275509,4,3,0,0
Zone_DH568,373389487,90.4187102,23.7130852,0.00180522,4,3,0,0
Zone_DH568,4971665588,90.4064109,23.7151107,0.00679503,4,3,0,0
Zone_DH568,373389493,90.4187715,23.7136565,0.0016744,4,2,0,0
Zone_DH568,401627322,90.4114474,23.7147853,0.04954522,3,4,0,0
Zone_DH568,2520045762,90.4056325,23.7125222,0.00175178,4,3,0,1
Zone_DH568,6784424132,90.404913,23.7286827,0.0,4,1,0,0
Zone_DH568,2990717131,90.414565,23.7275242,0.00844258,4,3,0,0
Zone_DH568,352999628,90.3954746,23.7250438,0.01277178,4,3,0,0
Zone_DH568,2528368850,90.4014044,23.7186542,0.0,4,1,0,0
Zone_DH568,2484058323,90.4044198,23.720341,0.0,4,1,0,0
Zone_DH568,2528368851,90.400445,23.7186544,0.01852922,4,3,0,1
Zone_DH568,6256294104,90.3979467,23.7306866,0.01466662,4,3,0,1
Zone_DH568,2528368861,90.4014413,23.7186635,0.00601962,4,3,0,1
Zone_DH568,2426280174,90.3997274,23.718559,0.05421106,3,3,0,0
Zone_DH568,2484058367,90.4041591,23.7203474,0.01331508,4,3,0,1
Zone_DH568,2426280198,90.4002742,23.7206914,0.00821894,4,3,0,0
Zone_DH568,2484058379,90.4045427,23.720349,0.0,4,1,0,0
Zone_DH568,2528368907,90.4006534,23.718689,0.0,4,1,0,0
Zone_DH568,2454984985,90.4048152,23.7210622,0.02405342,3,4,0,1
Zone_DH568,401832218,90.4023585,23.7240066,0.02298298,3,3,0,0
Zone_DH568,7227406620,90.408371,23.7187181,0.00714572,4,3,0,0
Zone_DH568,2530818332,90.4051667,23.7182914,0.02388197,3,3,0,0
Zone_DH568,2454984989,90.4041072,23.7210845,0.05192879,3,3,0,0
Zone_DH568,2454984990,90.4042233,23.7210561,0.03309731,3,3,0,0
Zone_DH568,2454984992,90.4052042,23.7210823,0.02364762,3,3,0,1
Zone_DH568,395057441,90.4129483,23.713797,0.01244447,4,3,0,0
Zone_DH568,2454984994,90.4054062,23.7211288,0.02453492,3,3,0,1
Zone_DH568,2528368925,90.4021257,23.7186964,0.013334,4,3,0,0
Zone_DH568,2528368932,90.4035268,23.7186999,0.0050516,4,3,0,0
Zone_DH568,7227406626,90.4088364,23.7185707,0.05801465,3,3,0,0
Zone_DH568,2454985000,90.4054003,23.7212327,0.0,4,1,0,0
Zone_DH568,2454985001,90.4051934,23.7212429,0.0,4,1,0,0
Zone_DH568,2454985003,90.4055484,23.7212911,0.0,4,1,0,0
Zone_DH568,2454985005,90.4058667,23.7213049,0.08886254,2,3,0,1
Zone_DH568,2454985008,90.4052483,23.7213962,0.0,4,1,0,0
Zone_DH568,2454985009,90.4053436,23.7214062,0.01243056,4,3,0,1
Zone_DH568,2454985011,90.4055554,23.7214246,0.01252853,4,3,0,1
Zone_DH568,2454985013,90.4050218,23.7214927,0.0,4,1,0,0
Zone_DH568,2454985014,90.4053278,23.7215199,0.01311746,4,3,0,1
Zone_DH568,2454985015,90.404149,23.72152,0.10325752,1,3,0,0
Zone_DH568,2454985016,90.4045852,23.7215355,0.0,4,1,0,0
Zone_DH568,2454985018,90.4053182,23.7215735,0.0138656,4,3,0,1
Zone_DH568,2528368955,90.4003254,23.7187212,0.05893312,3,3,0,0
Zone_DH568,2454985020,90.40554,23.7215936,0.0,4,1,0,0
Zone_DH568,2454985021,90.4047624,23.7216393,0.0,4,1,0,0
Zone_DH568,2454985022,90.404541,23.7216732,0.08490977,2,3,0,1
Zone_DH568,2454985024,90.4054063,23.7217017,0.0,4,1,0,0
Zone_DH568,2454985026,90.4047233,23.7217464,0.0849543,2,3,0,1
Zone_DH568,2454985027,90.4052873,23.7217542,0.01467497,4,3,0,1
Zone_DH568,2454985028,90.4051438,23.7217782,0.0,4,1,0,0
Zone_DH568,2530818374,90.4048124,23.7185565,0.01641005,4,3,0,0
Zone_DH568,2454985031,90.4055653,23.7217994,0.0,4,1,0,0
Zone_DH568,2454985034,90.4057834,23.7218347,0.07599056,2,3,0,1
Zone_DH568,2454985035,90.404929,23.7218472,0.07606738,2,3,0,1
Zone_DH568,2530818381,90.4051479,23.7185703,0.01503401,4,3,0,0
Zone_DH568,2454985038,90.405116,23.7219416,0.07344778,2,3,0,1
Zone_DH568,2454985039,90.4054476,23.7219467,0.0,4,1,0,0
Zone_DH568,2454985040,90.4052315,23.7219915,0.07928092,2,3,0,0
Zone_DH568,2454985041,90.4055281,23.7219862,0.0,4,1,0,0
Zone_DH568,2454985042,90.4053816,23.7220813,0.0667279,3,3,0,1
Zone_DH568,2454985043,90.4054676,23.7221244,0.06757067,2,3,0,1
Zone_DH568,387807572,90.4160286,23.7298899,0.0075376,4,3,0,0
Zone_DH568,387807573,90.416356,23.7309925,0.00233014,4,4,0,1
Zone_DH568,2454985045,90.405642,23.7225632,0.14760139,1,4,0,0
Zone_DH568,2484058456,90.4053351,23.7203555,0.00283836,4,3,0,1
Zone_DH568,394271067,90.409708,23.7104835,0.0,4,1,0,0
Zone_DH568,7241013595,90.4106171,23.7275857,0.00963228,4,3,0,0
Zone_DH568,9938975071,90.4150483,23.725786,0.01481079,4,3,0,0
Zone_DH568,2530818408,90.405458,23.7186591,0.01348207,4,3,0,1
Zone_DH568,10759272826,90.3989783,23.7279516,0.00496087,4,3,0,1
Zone_DH568,10759272827,90.3995233,23.728086,0.0,4,1,0,0
Zone_DH568,2483165564,90.4064463,23.7174255,0.08265422,2,3,0,0
Zone_DH568,2520045949,90.4060426,23.7126323,0.0,4,1,0,0
Zone_DH568,2483165567,90.4064354,23.7176535,0.00296639,4,3,0,1
Zone_DH568,2483165576,90.40641,23.7180819,0.0,4,1,0,0
Zone_DH568,2520045976,90.4063099,23.7126533,0.01131781,4,3,0,1
Zone_DH568,6397917609,90.408585,23.7164726,0.00072754,4,2,0,0
Zone_DH568,373389743,90.4188709,23.7144626,0.00179854,4,2,0,0
Zone_DH568,9722018225,90.4002194,23.7246932,0.01264821,4,4,0,0
Zone_DH568,9722018226,90.4002626,23.7244974,0.09548056,2,3,0,0
Zone_DH568,373389748,90.419196,23.7150315,0.00232624,4,3,0,0
Zone_DH568,401627574,90.4100718,23.7201305,0.07910279,2,4,0,0
Zone_DH568,2520046012,90.4058843,23.7126663,0.0,4,1,0,0
Zone_DH568,1118476733,90.39545,23.7264578,0.00363715,4,2,0,0
Zone_DH568,2530818494,90.4047894,23.7188005,0.00672712,4,3,0,1
Zone_DH568,373389759,90.4196641,23.7165886,0.00384757,4,3,0,0
Zone_DH568,401627587,90.4117781,23.7204509,0.04434276,3,3,0,0
Zone_DH568,6138976716,90.4114585,23.7137048,0.02472084,3,4,0,0
Zone_DH568,9722018259,90.400265,23.723903,0.00474656,4,3,0,0
Zone_DH568,6138976724,90.41161,23.713672,0.02040569,3,3,0,0
Zone_DH568,6138976726,90.4094609,23.7141342,0.02731984,3,4,0,0
Zone_DH568,2530818518,90.4050517,23.7188155,0.0,4,1,0,0
Zone_DH568,6138976728,90.4109101,23.7137724,0.01851419,4,3,0,0
Zone_DH568,6138976729,90.4111731,23.7137364,0.02101633,3,3,0,0
Zone_DH568,6138976732,90.412546,23.7136861,0.0111241,4,4,0,0
Zone_DH568,11353381340,90.4190477,23.7259223,0.00338109,4,2,0,0
Zone_DH568,11353381342,90.4191064,23.7266726,0.0028417,4,3,0,0
Zone_DH568,9722018270,90.4106728,23.7243052,0.03379814,3,3,0,0
Zone_DH568,11353381344,90.4158363,23.7267461,0.00235964,4,3,0,0
Zone_DH568,6138976738,90.4141022,23.7127752,0.0070689,4,3,0,0
Zone_DH568,6138976739,90.4142008,23.7126593,0.00668203,4,3,0,0
Zone_DH568,6138976741,90.4157685,23.7117138,0.00352137,4,3,0,0
Zone_DH568,6138976742,90.4165973,23.7112408,0.0034195,4,4,0,0
Zone_DH568,11353381351,90.4162881,23.7273125,0.0019878,4,3,0,0
Zone_DH568,3561568744,90.3955269,23.7276783,0.00175122,4,4,0,0
Zone_DH568,2520046057,90.4058298,23.7126785,0.00379357,4,3,0,1
Zone_DH568,9722018277,90.4108166,23.7248508,0.02036394,3,3,0,0
Zone_DH568,9722018287,90.4106242,23.7248572,0.04129956,3,3,0,0
Zone_DH568,9722018294,90.4107803,23.7249913,0.00231678,4,3,0,0
Zone_DH568,2484058617,90.4054513,23.7203724,0.0,4,1,0,0
Zone_DH568,9722018297,90.4106324,23.7248471,0.04138027,3,3,0,0
Zone_DH568,4905294331,90.4136688,23.7321729,0.00315955,4,3,0,0
Zone_DH568,9722018299,90.4108315,23.7249221,0.00913686,4,3,0,0
Zone_DH568,9722018298,90.4107964,23.7248286,0.02057769,3,3,0,0
Zone_DH568,9722018303,90.4106805,23.7251905,0.03898723,3,3,0,0
Zone_DH568,4905294336,90.4125906,23.7327163,0.00105374,4,2,0,0
Zone_DH568,9722018307,90.4104021,23.7249329,0.01342251,4,3,0,0
Zone_DH568,9722018309,90.4103567,23.7248503,0.01487648,4,3,0,0
Zone_DH568,2532440593,90.4008341,23.7216902,0.0044365,4,3,0,0
Zone_DH568,373389847,90.4172514,23.7151853,0.00825457,4,3,0,0
Zone_DH568,2520046112,90.4056771,23.712694,0.0033271,4,3,0,0
Zone_DH568,2532440610,90.4011313,23.7218256,0.00940683,4,3,0,0
Zone_DH568,12212910628,90.4081142,23.7148025,0.0,4,1,0,0
Zone_DH568,373389866,90.4149857,23.7153522,0.02338043,3,3,0,0
Zone_DH568,2532440619,90.4010248,23.721843,0.00635917,4,3,0,0
Zone_DH568,373389870,90.4144305,23.7152919,0.03647674,3,3,0,0
Zone_DH568,2532440626,90.4005886,23.7218451,0.02784365,3,3,0,0
Zone_DH568,2528369206,90.4011742,23.7189738,0.00804694,4,3,0,0
Zone_DH568,373389880,90.4138439,23.7152193,0.0418473,3,3,0,0
Zone_DH568,373389890,90.413351,23.7152898,0.04446745,3,3,0,0
Zone_DH568,373389898,90.4128706,23.7153989,0.04501353,3,3,0,0
Zone_DH568,2532440651,90.4008059,23.7218568,0.0103036,4,4,0,0
Zone_DH568,4389689939,90.4172625,23.7206404,0.0,4,1,0,0
Zone_DH568,4389689940,90.4171859,23.7201424,0.00252775,4,3,0,1
Zone_DH568,373389910,90.4114685,23.7154099,0.06244169,3,3,0,0
Zone_DH568,2530818651,90.4053609,23.7189422,0.0,4,1,0,0
Zone_DH568,373389923,90.4115317,23.7141092,0.03394064,3,4,0,1
Zone_DH568,2532440675,90.4007791,23.722055,0.0053071,4,3,0,0
Zone_DH568,373389925,90.4116168,23.7137949,0.03221669,3,3,0,0
Zone_DH568,393919083,90.4093518,23.7133081,0.00920254,4,3,0,0
Zone_DH568,2528369260,90.4005732,23.7190138,0.05892255,3,3,0,0
Zone_DH568,393919086,90.4090635,23.7131893,0.00208967,4,3,0,0
Zone_DH568,2532440687,90.4010957,23.7220723,0.01180878,4,3,0,0
Zone_DH568,393919092,90.4089548,23.7118151,0.00186367,4,3,0,0
Zone_DH568,2484058741,90.4052958,23.7203997,0.00936453,4,3,0,0
Zone_DH568,393919098,90.4090224,23.7107902,0.0,4,1,0,0
Zone_DH568,2426337923,90.405708,23.7222105,0.14097726,1,3,0,0
Zone_DH568,2520046215,90.4053265,23.7127308,0.01666054,4,3,0,0
Zone_DH568,2426337929,90.4062307,23.7228351,0.0,4,3,0,0
Zone_DH568,2426337931,90.4068117,23.7230854,0.03252285,3,3,0,0
Zone_DH568,2426337932,90.4062354,23.7231125,0.03276165,3,3,0,0
Zone_DH568,401873555,90.4170533,23.7137077,0.00313728,4,3,0,0
Zone_DH568,2530818707,90.405551,23.7190063,0.0,4,1,0,0
Zone_DH568,401873564,90.4174934,23.7133966,0.00221881,4,3,0,0
Zone_DH568,401873567,90.417453,23.71291,0.00024994,4,3,0,0
Zone_DH568,373389986,90.413931,23.7144855,0.00263852,4,3,0,0
Zone_DH568,401873579,90.4178732,23.7117794,0.00192267,4,3,0,0
Zone_DH568,3988847281,90.4163465,23.7219069,0.0,4,2,0,0
Zone_DH568,3988847283,90.4164016,23.7219624,0.0,4,2,0,0
Zone_DH568,6323731128,90.4137979,23.7327941,1.11e-06,4,3,0,0
Zone_DH568,6323731129,90.4126159,23.7328619,1.11e-06,4,2,0,0
Zone_DH568,3015056058,90.4020963,23.7265157,0.00565779,4,3,0,0
Zone_DH568,3015056059,90.4020873,23.7252299,0.00631798,4,3,0,0
Zone_DH568,2432400089,90.396697,23.7157598,0.0008539,4,3,0,0
Zone_DH568,2530818777,90.4059324,23.7190457,0.01424691,4,3,0,1
Zone_DH568,2424224476,90.4055678,23.7174078,0.07163421,2,3,0,0
Zone_DH568,3988847355,90.4003379,23.723968,0.10614152,1,3,0,0
Zone_DH568,2530818814,90.4056585,23.7190836,0.00210915,4,3,0,1
Zone_DH568,2492201735,90.3996911,23.7159031,0.02024314,3,3,0,0
Zone_DH568,3015088904,90.4024378,23.7276613,0.0013727,4,3,0,0
Zone_DH568,2492201743,90.3994168,23.71591,0.00393886,4,3,0,0
Zone_DH568,6119496463,90.4117668,23.7307821,0.00525478,4,3,0,0
Zone_DH568,2492070673,90.3984951,23.7174539,0.06149706,3,4,0,0
Zone_DH568,2530818841,90.4056615,23.7191057,0.0,4,1,0,0
Zone_DH568,2484058922,90.404676,23.7204299,0.0042144,4,3,0,1
Zone_DH568,2530818858,90.405964,23.7191535,0.01359785,4,3,0,1
Zone_DH568,2492201775,90.3987242,23.7159474,0.00333489,4,3,0,0
Zone_DH568,2492070708,90.3989364,23.7175753,0.02611135,3,3,0,1
Zone_DH568,6545668916,90.4074584,23.7279805,0.00269085,4,3,0,0
Zone_DH568,6545668918,90.4089779,23.7294486,0.00220712,4,3,0,1
Zone_DH568,6545668919,90.4089377,23.728679,0.00268138,4,3,0,1
Zone_DH568,6545668923,90.4084523,23.7282374,0.00210915,4,3,0,1
Zone_DH568,2530818876,90.404663,23.7191606,0.0082362,4,4,0,1
Zone_DH568,6545668925,90.4072425,23.7280075,0.00523697,4,3,0,0
Zone_DH568,9944537918,90.4115412,23.7138232,0.04089654,3,3,0,0
Zone_DH568,9944537919,90.4114892,23.7138056,0.01691326,4,3,0,0
Zone_DH568,9944537920,90.4116293,23.713694,0.0237929,3,3,0,0
Zone_DH568,2484058944,90.4047797,23.7204313,0.0,4,1,0,0
Zone_DH568,2492070717,90.3990302,23.7176037,0.02668804,3,3,0,1
Zone_DH568,2520046402,90.4059508,23.7128541,0.0,4,1,0,0
Zone_DH568,6545668924,90.408442,23.7279512,0.00382307,4,3,0,1
Zone_DH568,2492070731,90.3994731,23.7176404,0.02873095,3,3,0,1
Zone_DH568,2530818902,90.4057569,23.7191727,0.0,4,1,0,0
Zone_DH568,2492201815,90.3977232,23.7159823,0.01447625,4,3,0,0
Zone_DH568,393919322,90.4094985,23.7142461,0.0201051,4,3,0,0
Zone_DH568,2492070746,90.3992289,23.7176501,0.03035414,3,3,0,0
Zone_DH568,2424126313,90.4058517,23.721434,0.08800975,2,3,0,0
Zone_DH568,2492070770,90.3997148,23.7176489,0.05034568,3,3,0,0
Zone_DH568,2520046456,90.4058682,23.7128702,0.00502822,4,3,0,1
Zone_DH568,5838723964,90.4068068,23.7299875,0.03097815,3,3,0,0
Zone_DH568,2991971197,90.4042901,23.724678,0.0,4,1,0,0
Zone_DH568,394230656,90.4089378,23.711373,0.00260735,4,3,0,1
Zone_DH568,2991971205,90.4035936,23.7257383,0.00759772,4,3,0,1
Zone_DH568,5838723973,90.407482,23.7299601,0.01449573,4,3,0,0
Zone_DH568,2492070807,90.3988648,23.7177157,0.0,4,1,0,0
Zone_DH568,401628076,90.4125381,23.7209186,0.02944235,3,3,0,0
Zone_DH568,373390254,90.4114798,23.7162622,0.06510081,3,3,0,0
Zone_DH568,373390264,90.4114519,23.7166078,0.01771039,4,3,0,0
Zone_DH568,2530819004,90.404972,23.7193192,0.0,4,1,0,0
Zone_DH568,373390269,90.4114025,23.717322,0.03176859,3,3,0,0
Zone_DH568,401628097,90.4129102,23.7222117,0.00412701,4,3,0,0
Zone_DH568,2492201924,90.3987817,23.7161314,0.00034067,4,3,0,0
Zone_DH568,4907121605,90.410545,23.7302457,0.01578048,4,3,0,0
Zone_DH568,4907121608,90.4100594,23.7302338,0.01825312,4,4,0,0
Zone_DH568,6559120347,90.4157993,23.7236191,0.00420382,4,3,0,0
Zone_DH568,6559120361,90.4166146,23.7235119,0.00210803,4,3,0,0
Zone_DH568,6559120362,90.4166212,23.7235478,0.00106098,4,3,0,0
Zone_DH568,6559120363,90.415879,23.7236106,0.00316122,4,3,0,0
Zone_DH568,6559120365,90.4158847,23.7236481,0.00735836,4,4,0,1
Zone_DH568,2492070894,90.3989463,23.7177909,0.0,4,1,0,0
Zone_DH568,6559120366,90.4151474,23.7237434,0.01570589,4,3,0,1
Zone_DH568,6559120368,90.4169779,23.7234946,3.9e-06,4,3,0,0
Zone_DH568,2492070897,90.4001879,23.7177915,0.01422687,4,3,0,1
Zone_DH568,2520587249,90.4055524,23.7143107,0.03246552,3,3,0,0
Zone_DH568,2492201971,90.3998481,23.7161692,0.05933391,3,3,0,0
Zone_DH568,2492201972,90.3981277,23.7161643,0.0,4,1,0,0
Zone_DH568,2520587253,90.4047904,23.7143619,0.03528495,3,3,0,0
Zone_DH568,6559120374,90.4174188,23.7232585,0.0,4,3,0,0
Zone_DH568,6559120383,90.4169708,23.7234592,0.00105764,4,3,0,0
Zone_DH568,373390341,90.4118559,23.7222716,0.01996705,4,5,0,0
Zone_DH568,8779119624,90.4126607,23.7106333,0.0,4,1,0,0
Zone_DH568,2426371082,90.3976785,23.7154636,0.01010487,4,3,0,0
Zone_DH568,2492201996,90.3998166,23.7161846,0.0499243,3,3,0,0
Zone_DH568,393919510,90.408774,23.7140966,0.0070561,4,3,0,0
Zone_DH568,2492070934,90.3984404,23.7178149,0.0382185,3,3,0,1
Zone_DH568,2492202018,90.3977695,23.7162011,0.01421796,4,3,0,1
Zone_DH568,6559489059,90.4115403,23.7117297,0.00953152,4,3,0,0
Zone_DH568,4907162660,90.4108439,23.7249852,0.00937455,4,4,0,0
Zone_DH568,6559489060,90.4116605,23.7117337,0.01193069,4,3,0,0
Zone_DH568,2530819119,90.4059085,23.7194287,0.01445621,4,3,0,0
Zone_DH568,2492070967,90.398653,23.7178327,0.0,4,1,0,0
Zone_DH568,6653131831,90.4085296,23.7307416,0.0,4,1,0,0
Zone_DH568,2520046650,90.4058855,23.7129543,0.00565835,4,3,0,0
Zone_DH568,6511762507,90.4119673,23.7253523,0.00247654,4,3,0,0
Zone_DH568,6511762508,90.4120023,23.7265649,0.0,4,3,0,0
Zone_DH568,2520046694,90.4063724,23.712968,0.01293767,4,3,0,0
Zone_DH568,2492071035,90.3984335,23.7179087,0.03849014,3,3,0,1
Zone_DH568,2492071038,90.3987121,23.7179111,0.0,4,1,0,0
Zone_DH568,393362564,90.4040578,23.7110767,0.00445877,4,3,0,0
Zone_DH568,393362565,90.4043931,23.7109507,0.00555314,4,4,0,0
Zone_DH568,2492071045,90.4008027,23.7179153,0.05870378,3,3,0,0
Zone_DH568,2453929096,90.4002701,23.7201737,0.0,4,1,0,0
Zone_DH568,6269262998,90.3970341,23.7295648,0.0,4,1,0,0
Zone_DH568,2492071071,90.3989126,23.7179401,0.0,4,1,0,0
Zone_DH568,2426354851,90.4056013,23.72019,0.04326397,3,3,0,0
Zone_DH568,2426354858,90.4079783,23.7225738,0.02847656,3,3,0,0
Zone_DH568,2426354859,90.4068654,23.7226232,0.03104606,3,4,0,0
Zone_DH568,2492071084,90.400166,23.7179511,0.0,4,1,0,0
Zone_DH568,2426354861,90.407995,23.7230505,0.02859624,3,3,0,0
Zone_DH568,2492071083,90.3990092,23.7179509,0.00210915,4,3,0,1
Zone_DH568,2492071090,90.399223,23.7179545,0.00801632,4,3,0,1
Zone_DH568,2492202163,90.3980912,23.7163382,0.0,4,1,0,0
Zone_DH568,2492202180,90.3994858,23.7163639,0.03321922,3,3,0,0
Zone_DH568,2520046796,90.4060665,23.7130031,5.344e-05,4,3,0,0
Zone_DH568,2484059344,90.4050176,23.720475,0.0,4,1,0,0
Zone_DH568,8953322706,90.4070049,23.7299824,0.01649132,4,3,0,1
Zone_DH568,8953322707,90.4070015,23.7297851,0.00210915,4,3,0,1
Zone_DH568,6052240596,90.4002107,23.7136541,0.0,4,1,0,0
Zone_DH568,401874138,90.4155281,23.7154144,0.0153641,4,3,0,0
Zone_DH568,401874140,90.4157685,23.7167626,0.00541899,4,3,0,0
Zone_DH568,123043044,90.4049651,23.7279324,0.01540919,4,3,0,1
Zone_DH568,3015040230,90.4021788,23.7265167,0.00583091,4,3,0,0
Zone_DH568,4901469415,90.4151506,23.7229539,0.0,4,1,0,0
Zone_DH568,2529402088,90.4035868,23.7155761,0.03538515,3,3,0,0
Zone_DH568,2492071149,90.3989153,23.7180208,0.0,4,1,0,0
Zone_DH568,2492202226,90.398236,23.7163977,0.0,4,1,0,0
Zone_DH568,3415743740,90.4032453,23.7249173,0.0,4,1,0,0
Zone_DH568,2492071171,90.3984233,23.7180343,0.03879741,3,3,0,1
Zone_DH568,3415743752,90.4036851,23.7244921,0.00105485,4,2,0,1
Zone_DH568,3415743753,90.4035484,23.7241768,0.00210859,4,2,0,1
Zone_DH568,3415743754,90.4035432,23.7240573,0.01423188,4,3,0,1
Zone_DH568,2991971596,90.4044555,23.72585,0.05358149,3,4,0,0
Zone_DH568,3565198604,90.4104448,23.7276057,0.0378756,3,3,0,0
Zone_DH568,2479824148,90.4056503,23.7178813,0.01827316,4,3,0,1
Zone_DH568,2492202261,90.3993977,23.7164176,0.03273382,3,3,0,0
Zone_DH568,2520046871,90.4064958,23.7130423,0.0,4,1,0,0
Zone_DH568,2492071193,90.3987438,23.7180418,0.0,4,1,0,0
Zone_DH568,2530819361,90.4056307,23.719571,0.0,4,1,0,0
Zone_DH568,2520046895,90.4063728,23.7130467,0.01469835,4,3,0,1
Zone_DH568,2530819377,90.4058844,23.719574,0.01558621,4,3,0,1
Zone_DH568,6559644994,90.4101256,23.7281719,0.0,4,1,0,0
Zone_DH568,2520046917,90.4058609,23.7130499,0.00651671,4,3,0,0
Zone_DH568,6559644998,90.4084374,23.7278238,0.01038765,4,4,0,0
Zone_DH568,11335212363,90.4077421,23.7175272,0.08623292,2,3,0,1
Zone_DH568,11335212368,90.4076517,23.716652,0.0,4,1,0,0
Zone_DH568,2530819455,90.4051899,23.7196102,0.00105485,4,3,0,1
Zone_DH568,2530819482,90.4049971,23.7196142,0.0,4,1,0,0
Zone_DH568,2454371742,90.3983572,23.7183033,0.05335382,3,4,0,0
Zone_DH568,2454371762,90.3999156,23.7195862,0.02191477,3,3,0,0
Zone_DH568,2976357814,90.4038346,23.7148691,0.0,4,1,0,0
Zone_DH568,9077145015,90.3986075,23.7275291,0.00413814,4,3,0,1
Zone_DH568,9077145014,90.3985632,23.7267371,0.0,4,1,0,0
Zone_DH568,2976357817,90.4036094,23.7150078,0.00210915,4,3,0,1
Zone_DH568,2484059578,90.4042769,23.7205146,0.0,4,1,0,0
Zone_DH568,2976357820,90.403794,23.7150661,0.0,4,1,0,0
Zone_DH568,2443951557,90.402916,23.7225098,0.05608196,3,3,0,0
Zone_DH568,2530819529,90.4051969,23.7196578,0.0,4,1,0,0
Zone_DH568,7705673164,90.4198515,23.7185625,0.0,4,1,0,0
Zone_DH568,373390798,90.4068226,23.7143971,0.09693731,2,4,0,0
Zone_DH568,2484059601,90.4053621,23.7205178,0.0,4,1,0,0
Zone_DH568,2529402328,90.4025906,23.7159566,0.03229017,3,3,0,0
Zone_DH568,2454371809,90.3983465,23.720014,0.0558632,3,3,0,0
Zone_DH568,2492071400,90.4001268,23.7182985,0.0,4,1,0,0
Zone_DH568,3654860265,90.4061151,23.7165371,0.03277167,3,3,0,0
Zone_DH568,2443951597,90.4018879,23.7231359,0.04187736,3,3,0,0
Zone_DH568,401604089,90.4161019,23.714518,0.00789386,4,3,0,0
Zone_DH568,401604091,90.4160039,23.7144016,0.00814268,4,3,0,0
Zone_DH568,2443951616,90.4018037,23.723346,0.01691215,4,3,0,0
Zone_DH568,2530819593,90.4051948,23.7197457,0.0,4,1,0,0
Zone_DH568,401628682,90.4135623,23.7209435,0.02726418,3,3,0,0
Zone_DH568,2443951628,90.4025439,23.7234897,0.02337152,3,3,0,0
Zone_DH568,3565166097,90.4066292,23.7246395,0.03642553,3,3,0,1
Zone_DH568,9889455634,90.4099797,23.7202236,0.01921946,4,3,0,0
Zone_DH568,401604115,90.4171605,23.7140986,0.00240918,4,3,0,0
Zone_DH568,401628693,90.4142201,23.7221978,0.00416207,4,3,0,0
Zone_DH568,2426658330,90.3980765,23.7207835,0.00922481,4,3,0,0
Zone_DH568,2530819617,90.4056194,23.7197593,0.0,4,1,0,0
Zone_DH568,2484059684,90.4041588,23.7205422,0.01305902,4,3,0,1
Zone_DH568,2520047144,90.4061266,23.7132507,0.0,4,1,0,0
Zone_DH568,2492202544,90.3999537,23.7165632,0.01802322,4,3,0,1
Zone_DH568,401604145,90.4187768,23.7135625,0.00236131,4,3,0,0
Zone_DH568,6139903536,90.4084334,23.7277133,0.00912628,4,3,0,0
Zone_DH568,3429932603,90.4106482,23.7276185,0.00877504,4,3,0,0
Zone_DH568,6711721537,90.4143053,23.7152798,0.03791067,3,3,0,1
Zone_DH568,2423971394,90.3974956,23.7232268,0.00500095,4,3,0,0
Zone_DH568,3429932609,90.4106519,23.7277236,0.01534574,4,3,0,0
Zone_DH568,3429932612,90.4104857,23.7275745,0.03857642,3,3,0,0
Zone_DH568,395075147,90.4144641,23.7105035,0.0028456,4,3,0,0
Zone_DH568,395075153,90.4152106,23.7106125,0.00194828,4,4,0,0
Zone_DH568,6711721553,90.4148482,23.7167727,0.0,4,1,0,0
Zone_DH568,401702484,90.4111599,23.720821,0.0,4,1,0,0
Zone_DH568,395075160,90.4162032,23.71066,0.00163989,4,2,0,0
Zone_DH568,2492071526,90.3991218,23.7184189,0.01756844,4,3,0,0
Zone_DH568,2492071531,90.4002906,23.7184442,0.0279945,3,3,0,1
Zone_DH568,11330690674,90.4139682,23.7207672,0.00966568,4,3,0,0
Zone_DH568,2426199666,90.395502,23.719451,0.00916079,4,3,0,0
Zone_DH568,2492202614,90.3980925,23.716577,0.00210915,4,3,0,1
Zone_DH568,1719148152,90.4024047,23.7317378,0.00601015,4,4,0,0
Zone_DH568,1200103033,90.4018955,23.7174114,0.05134431,3,3,0,0
Zone_DH568,393354875,90.4040144,23.710562,0.00147958,4,3,0,0
Zone_DH568,1719148155,90.4015708,23.7314832,0.0,4,3,0,0
Zone_DH568,1719148156,90.4023782,23.7303892,0.01363292,4,3,0,0
Zone_DH568,2520047230,90.4067078,23.7133167,0.06580831,3,3,0,0
Zone_DH568,11330690688,90.41589,23.7205108,0.00050099,4,3,0,0
Zone_DH568,2530819713,90.4046584,23.7198152,0.00833973,4,3,0,1
Zone_DH568,1719148170,90.4023889,23.7300848,0.00138272,4,3,0,0
Zone_DH568,373390986,90.4087391,23.7175233,0.10136101,2,4,0,0
Zone_DH568,2520047245,90.4058657,23.7133227,0.02296238,3,3,0,0
Zone_DH568,1719148183,90.4022435,23.7310181,0.00963562,4,3,0,0
Zone_DH568,4894998170,90.4157914,23.7276147,0.00824065,4,3,0,0
Zone_DH568,1719148188,90.4022843,23.7316145,0.00688799,4,3,0,0
Zone_DH568,4894998174,90.4159491,23.7277829,0.00537669,4,3,0,0
Zone_DH568,4894998175,90.4159268,23.7278645,0.02197154,3,3,0,0
Zone_DH568,4894998179,90.4157489,23.7279539,0.02614586,3,3,0,0
Zone_DH568,4894998184,90.4155787,23.7277541,0.03593122,3,3,0,0
Zone_DH568,2484059818,90.4046504,23.7205692,0.00210915,4,3,0,1
Zone_DH568,13563870902,90.4015407,23.7252608,0.00684624,4,3,0,0
Zone_DH568,2454494910,90.4004981,23.720958,0.00366053,4,3,0,1
Zone_DH568,13563870911,90.4020884,23.725403,0.00196498,4,3,0,0
Zone_DH568,2530819776,90.4051967,23.719872,0.0,4,1,0,0
Zone_DH568,2454494928,90.4007145,23.7210088,0.0,4,1,0,0
Zone_DH568,2484059856,90.4047563,23.720575,0.0,4,1,0,0
Zone_DH568,2541190865,90.4056433,23.7150624,0.00800797,4,3,0,1
Zone_DH568,2575990483,90.4051653,23.7203774,0.00819501,4,3,0,1
Zone_DH568,2530819793,90.4055965,23.7199085,0.00210915,4,3,0,1
Zone_DH568,2575990486,90.4055065,23.7207729,0.00170168,4,3,0,1
Zone_DH568,2530819800,90.4056972,23.7199178,0.01859323,4,3,0,1
Zone_DH568,2492202720,90.399777,23.7166096,0.0,4,1,0,0
Zone_DH568,2530819811,90.4051846,23.7199709,0.00210915,4,3,0,1
Zone_DH568,2490810089,90.4051437,23.7179558,0.0,4,1,0,0
Zone_DH568,1719049967,90.4021658,23.7271095,0.00394498,4,3,0,0
Zone_DH568,2484059888,90.4057595,23.7205887,0.0,4,1,0,0
Zone_DH568,2530819836,90.4051772,23.7200232,0.0,4,1,0,0
Zone_DH568,1197629190,90.3982191,23.7217042,0.00269808,4,3,0,0
Zone_DH568,7963893511,90.4058729,23.7207888,0.1014022,2,3,0,0
Zone_DH568,1719050000,90.4004553,23.7265394,0.0761364,2,3,0,0
Zone_DH568,1719050003,90.4040792,23.7276322,0.03843782,3,3,0,0
Zone_DH568,1197629205,90.3975548,23.7216421,0.00996794,4,3,0,0
Zone_DH568,2530819870,90.4053469,23.7201786,0.03053895,3,3,0,1
Zone_DH568,2520047392,90.4063641,23.7133946,0.04085535,3,3,0,0
Zone_DH568,11461582625,90.3993902,23.7115663,0.0,4,1,0,0
Zone_DH568,2457624368,90.4052631,23.7215134,0.0,4,1,0,0
Zone_DH568,2457624369,90.4052536,23.7215658,0.0,4,1,0,0
Zone_DH568,2520047408,90.406236,23.7134006,0.02457834,3,3,0,1
Zone_DH568,2492202804,90.3979892,23.7166394,0.02702092,3,3,0,1
Zone_DH568,401874750,90.4179244,23.7166643,0.00295136,4,3,0,0
Zone_DH568,401874754,90.4179733,23.71792,0.00263073,4,3,0,0
Zone_DH568,2541190996,90.4059801,23.7152767,0.00210525,4,3,0,0
Zone_DH568,387817321,90.4170264,23.7213734,0.03152366,3,4,0,0
Zone_DH568,11482496889,90.4121497,23.7098463,0.00616546,4,3,0,0
Zone_DH568,2513190784,90.4014636,23.7210146,0.01456976,4,3,0,0
Zone_DH568,401620870,90.4158157,23.7197543,0.00473487,4,3,0,0
Zone_DH568,401620879,90.4158407,23.7214355,0.0154181,4,3,0,0
Zone_DH568,2518613903,90.4050961,23.7114147,0.01304176,4,3,0,1
Zone_DH568,13569654675,90.397565,23.7273272,7.515e-05,4,3,0,0
Zone_DH568,2518613919,90.4049361,23.7115055,0.0,4,1,0,0
Zone_DH568,10264780713,90.4100552,23.7303349,0.00505884,4,3,0,0
Zone_DH568,401620906,90.4155195,23.7190046,0.00201619,4,3,0,0
Zone_DH568,2506055616,90.4019989,23.7216195,0.02773566,3,3,0,0
Zone_DH568,2538250180,90.4045989,23.7154884,0.00384033,4,3,0,1
Zone_DH568,2506055621,90.4016468,23.721689,0.0,4,1,0,0
Zone_DH568,2506055623,90.4017031,23.7216753,0.01342696,4,3,0,1
Zone_DH568,401719240,90.4098067,23.7214254,0.00855627,4,3,0,0
Zone_DH568,2508996562,90.4048401,23.715503,0.01089977,4,3,0,0
Zone_DH568,401719257,90.4089932,23.7216546,0.00901439,4,3,0,0
Zone_DH568,2508996570,90.404204,23.7159506,0.04193302,3,3,0,0
Zone_DH568,2506055641,90.4012934,23.7225378,0.00293577,4,3,0,1
Zone_DH568,2506055644,90.4012406,23.7225696,0.0,4,1,0,0
Zone_DH568,2506055646,90.401371,23.722588,0.01230253,4,3,0,0
Zone_DH568,2506686431,90.402201,23.7173743,0.05255781,3,3,0,0
Zone_DH568,401719264,90.4085982,23.7217011,0.0094497,4,3,0,0
Zone_DH568,401719268,90.4084836,23.7216881,0.0155439,4,3,0,0
Zone_DH568,2492202982,90.3989203,23.7166883,0.00562439,4,3,0,0
Zone_DH568,401719291,90.4074045,23.7215957,0.01302395,4,3,0,0
